index,retailer,lab,shape,polish,symmetry,fluorescence,discount_%,retail_price,price_carat,wire_price,fair_price_diif,hidden_price,qualityScore,qualityMaxScore,cut,color,clarity,carat,report,price
2,Temperley,2,Round,1,1,0,13.35,431.0,862.0,425.0,-23.0,399.5579,16.0,18.0,Very Good,I,VS2,0.5,IGI,530.0
6,Temperley,2,Round,1,1,0,17.11,1964.13,869.08,1935.0,-59.0,3428.0366,18.0,18.0,Ideal,H,VS2,2.26,IGI,5910.0
9,Artemis Stones,2,Round,1,1,0,20.68,1550.03,895.97,1527.0,-54.0,2417.4661,18.0,18.0,Ideal,G,VS1,1.73,IGI,4860.0
9,Cirrus Gems,2,Round,1,1,0,19.78,1540.38,890.39,1517.0,-55.0,2444.2524,18.0,18.0,Ideal,G,VS1,1.73,IGI,4860.0
9,Ember Star,2,Round,1,1,0,20.9,1519.15,878.12,1496.0,-56.0,2475.3242,18.0,18.0,Ideal,G,VS1,1.73,IGI,4860.0
9,Eternity Fine Jewelers,2,Round,1,1,0,15.51,1603.94,927.13,1580.0,-53.0,2446.4441,18.0,18.0,Ideal,G,VS1,1.73,IGI,4860.0
9,Jane Brear,2,Round,2,1,0,14.47,1601.95,925.98,1578.0,-54.0,2470.8948,18.0,18.0,Ideal,G,VS1,1.73,IGI,4860.0
9,Taiga Gems,2,Round,1,1,0,12.86,1546.0,893.64,1523.0,-56.0,2491.0461,18.0,18.0,Ideal,G,VS1,1.73,IGI,4860.0
9,Westport Jewelry,2,Round,1,1,0,14.47,1531.0,884.97,1508.0,-55.0,2453.4492,18.0,18.0,Ideal,G,VS1,1.73,IGI,4860.0
9,White Lily,2,Round,1,1,0,16.71,1598.96,924.25,1575.0,-53.0,2424.5891,18.0,18.0,Ideal,G,VS1,1.73,IGI,4860.0
11,White Lily,2,Round,1,1,0,13.46,327.0,389.29,322.0,-61.0,602.8475,14.0,18.0,Very Good,F,VS1,0.84,IGI,1620.0
13,Michelle Kennedy,2,Round,1,1,0,12.99,1464.0,903.7,1442.0,-57.0,2433.1758,18.0,18.0,Super Ideal,F,VS1,1.62,IGI,4850.0
13,Silva Diamonds,2,Round,1,1,0,13.78,1442.0,890.12,1420.0,-57.0,2414.978,18.0,18.0,Super Ideal,F,VS1,1.62,IGI,4850.0
13,Temperley,2,Round,1,1,0,12.97,1469.0,906.79,1447.0,-56.0,2376.0044,18.0,18.0,Super Ideal,F,VS1,1.62,IGI,4850.0
13,Verve Jewels,2,Round,1,1,0,93.79,1422.0,877.78,1401.0,-57.0,2382.5134,18.0,18.0,Super Ideal,F,VS1,1.62,IGI,4850.0
13,White Lily,2,Round,1,1,0,17.0,1490.0,919.75,1468.0,-56.0,2444.0532,18.0,18.0,Super Ideal,F,VS1,1.62,IGI,4850.0
14,White Lily,2,Round,1,1,0,14.13,811.0,638.58,799.0,-48.0,1123.8617,18.0,18.0,Super Ideal,J,VS1,1.27,IGI,1710.0
20,Jane Brear,2,Round,1,1,0,10.42,1185.0,774.51,1167.0,-57.0,1989.8043,18.0,18.0,Super Ideal,F,SI1,1.53,IGI,3810.0
20,Marlowe & Co,2,Round,1,1,0,20.0,1175.0,767.97,1157.0,-57.0,1977.5693,18.0,18.0,Super Ideal,F,SI1,1.53,IGI,3810.0
20,Periwinkle Stones,2,Round,1,1,0,20.37,1176.0,768.63,1158.0,-58.0,2006.7258,18.0,18.0,Super Ideal,F,SI1,1.53,IGI,3810.0
20,Serene Peaks Diamonds,2,Round,1,1,0,11.72,1174.0,767.32,1156.0,-58.0,2008.5804,18.0,18.0,Super Ideal,F,SI1,1.53,IGI,3810.0
20,Silva Diamonds,2,Round,1,1,0,10.75,1158.0,756.86,1141.0,-58.0,1995.1312,18.0,18.0,Super Ideal,F,SI1,1.53,IGI,3810.0
20,White Lily,2,Round,1,1,0,19.69,1180.38,771.49,1163.0,-57.0,1950.038,18.0,18.0,Super Ideal,F,SI1,1.53,IGI,3810.0
21,Temperley,2,Round,1,2,0,14.39,1311.0,1311.0,1291.0,-15.0,1109.8489,18.0,18.0,Super Ideal,J,VVS2,1.0,IGI,1690.0
22,Jane Brear,2,Round,1,1,0,16.16,1287.0,814.56,1268.0,-60.0,2278.8242,18.0,18.0,Ideal,F,VS2,1.58,IGI,4286.67
22,Mei & Co,2,Round,1,1,0,13.87,1263.0,799.37,1244.0,-60.0,2244.9097,18.0,18.0,Ideal,F,VS2,1.58,IGI,4286.67
22,Michelle Kennedy,2,Round,1,1,0,10.74,1292.0,817.72,1273.0,-58.0,2218.3606,18.0,18.0,Ideal,F,VS2,1.58,IGI,4286.67
22,Periwinkle Stones,2,Round,1,1,0,13.46,1294.0,818.99,1275.0,-58.0,2215.957,18.0,18.0,Ideal,F,VS2,1.58,IGI,4286.67
22,Serene Peaks Diamonds,2,Round,1,1,0,13.09,1288.0,815.19,1269.0,-59.0,2274.7683,18.0,18.0,Ideal,F,VS2,1.58,IGI,4286.67
22,Taiga Gems,2,Round,1,1,0,13.29,1306.0,826.58,1286.0,-57.0,2190.9451,18.0,18.0,Ideal,F,VS2,1.58,IGI,4286.67
22,Temperley,2,Round,1,1,0,13.83,1374.0,869.62,1353.0,-56.0,2234.3469,18.0,18.0,Ideal,F,VS2,1.58,IGI,4286.67
22,Tierra Mia Diamonds,2,Round,1,1,0,13.96,1240.0,784.81,1221.0,-61.0,2274.2532,18.0,18.0,Ideal,F,VS2,1.58,IGI,4286.67
30,Cirrus Gems,2,Round,1,1,0,18.97,735.0,639.13,724.0,-58.0,1263.1445,18.0,18.0,Super Ideal,F,VS2,1.15,IGI,2426.67
30,Michelle Kennedy,2,Round,1,1,0,18.63,784.0,681.74,772.0,-53.0,1200.3378,18.0,18.0,Super Ideal,F,VS2,1.15,IGI,2426.67
30,Rosella,2,Round,1,1,0,10.74,740.0,643.48,729.0,-59.0,1289.7725,18.0,18.0,Super Ideal,F,VS2,1.15,IGI,2426.67
30,White Lily,2,Round,1,1,0,17.3,772.12,671.41,761.0,-56.0,1253.577,18.0,18.0,Super Ideal,F,VS2,1.15,IGI,2426.67
38,Promenade Jewelry,2,Pear,1,1,0,15.68,381.23,614.89,376.0,-37.0,390.3585,15.0,15.0,Very Good,H,VVS2,0.62,IGI,680.0
46,White Lily,2,Princess,1,2,0,23.18,690.08,676.55,680.0,-62.0,1151.6606,15.0,15.0,Super Ideal,H,VS2,1.02,IGI,1940.0
48,Jane Brear,2,Round,2,2,0,12.85,721.38,721.38,711.0,-66.0,1502.4182,15.0,18.0,Good,D,VS2,1.0,IGI,2530.0
48,Michelle Kennedy,2,Round,1,1,0,13.55,699.0,699.0,689.0,-67.0,1531.8124,15.0,18.0,Good,D,VS2,1.0,IGI,2530.0
52,Avignon Diamonds,2,Round,1,1,0,70.48,684.0,677.23,674.0,-61.0,1254.5287,18.0,18.0,Ideal,F,VS2,1.01,IGI,2040.0
52,Clermont Diamonds,2,Round,1,1,0,10.17,662.0,655.45,652.0,-61.0,1226.4543,18.0,18.0,Ideal,F,VS2,1.01,IGI,2040.0
52,Jane Brear,2,Round,1,1,0,13.47,694.0,687.13,684.0,-60.0,1236.9918,18.0,18.0,Ideal,F,VS2,1.01,IGI,2040.0
52,Marlowe & Co,2,Round,1,1,0,12.55,676.0,669.31,666.0,-62.0,1262.588,18.0,18.0,Ideal,F,VS2,1.01,IGI,2040.0
52,Meridian Crafts,2,Round,1,1,0,14.03,664.0,657.43,654.0,-61.0,1216.2479,18.0,18.0,Ideal,F,VS2,1.01,IGI,2040.0
52,Michelle Kennedy,2,Round,1,1,0,13.47,688.0,681.19,678.0,-60.0,1244.5819,18.0,18.0,Ideal,F,VS2,1.01,IGI,2040.0
52,Nova Stars,2,Round,1,1,0,11.78,655.0,648.51,645.0,-63.0,1265.4463,18.0,18.0,Ideal,F,VS2,1.01,IGI,2040.0
52,Serenade Diamonds,2,Round,1,1,0,14.79,656.0,649.5,646.0,-64.0,1291.5431,18.0,18.0,Ideal,F,VS2,1.01,IGI,2040.0
52,Taiga Gems,2,Round,1,1,0,12.29,676.0,669.31,666.0,-61.0,1228.1871,18.0,18.0,Ideal,F,VS2,1.01,IGI,2040.0
52,Temperley,2,Round,1,1,0,13.64,688.0,681.19,678.0,-60.0,1228.3213,18.0,18.0,Ideal,F,VS2,1.01,IGI,2040.0
52,Tilia Diamonds,2,Round,1,1,0,13.61,668.64,662.02,659.0,-62.0,1270.0393,18.0,18.0,Ideal,F,VS2,1.01,IGI,2040.0
52,White Lily,2,Round,1,1,0,12.3,683.0,676.24,673.0,-63.0,1308.4445,17.0,18.0,Ideal,F,VS2,1.01,IGI,2040.0
60,Taiga Gems,2,Round,1,1,0,14.34,1874.0,879.81,1846.0,-44.0,2377.7646,18.0,18.0,Super Ideal,H,VS2,2.13,IGI,5543.33
64,Jane Brear,2,Round,1,1,0,18.77,1119.0,695.03,1102.0,-59.0,1944.761,18.0,18.0,Ideal,I,VS1,1.61,IGI,3168.57
64,Lotus Creation,2,Round,1,2,0,18.8,1077.0,668.94,1061.0,-59.0,1880.9158,18.0,18.0,Ideal,I,VS1,1.61,IGI,3168.57
64,Sunset Gems,2,Round,1,1,0,20.35,1053.94,654.62,1038.0,-60.0,1871.4858,18.0,18.0,Ideal,I,VS1,1.61,IGI,3168.57
67,Cirrus Gems,2,Round,1,1,0,15.92,2508.42,1003.37,2471.0,-66.0,5317.7593,18.0,18.0,Ideal,H,VS1,2.5,IGI,8506.67
67,Fuji Diamonds,2,Round,1,1,0,13.42,2525.0,1010.0,2487.0,-66.0,5242.4551,18.0,18.0,Ideal,H,VS1,2.5,IGI,8506.67
67,Jane Brear,2,Round,1,1,0,16.33,2632.0,1052.8,2593.0,-65.0,5330.0312,18.0,18.0,Ideal,H,VS1,2.5,IGI,8506.67
67,Michelle Kennedy,2,Round,1,1,0,15.59,2641.72,1056.69,2602.0,-65.0,5378.8081,18.0,18.0,Ideal,H,VS1,2.5,IGI,8506.67
67,Temperley,2,Round,1,1,0,11.63,2632.0,1052.8,2593.0,-65.0,5308.832,18.0,18.0,Ideal,H,VS1,2.5,IGI,8506.67
67,Vespera Gems,2,Round,1,1,0,14.34,2506.0,1002.4,2468.0,-66.0,5286.4546,18.0,18.0,Ideal,H,VS1,2.5,IGI,8506.67
67,White Lily,2,Round,1,1,0,15.11,2563.12,1025.25,2525.0,-65.0,5225.8789,18.0,18.0,Ideal,H,VS1,2.5,IGI,8506.67
68,Jane Brear,2,Round,1,1,0,7.68,2409.0,963.6,2373.0,-42.0,2954.5217,18.0,18.0,Super Ideal,J,SI1,2.5,IGI,4905.0
69,Temperley,2,Round,1,1,0,10.73,1277.58,932.54,1258.0,-31.0,1334.2754,18.0,18.0,Ideal,I,VS2,1.37,IGI,2275.0
71,Avignon Diamonds,2,Round,1,1,0,11.94,1375.0,892.86,1354.0,-59.0,2402.9915,18.0,18.0,Ideal,F,VS1,1.54,IGI,4595.0
71,Camden Gems,2,Round,1,1,0,12.34,1355.0,879.87,1335.0,-60.0,2406.7227,18.0,18.0,Ideal,F,VS1,1.54,IGI,4595.0
71,Clermont Diamonds,2,Round,1,1,0,11.6,1371.0,890.26,1350.0,-59.0,2405.7954,18.0,18.0,Ideal,F,VS1,1.54,IGI,4595.0
71,Emilia Sterling,2,Round,1,1,0,12.56,1337.0,868.18,1317.0,-60.0,2397.1973,18.0,18.0,Ideal,F,VS1,1.54,IGI,4595.0
71,Fabiola,2,Round,1,1,0,12.06,1364.0,885.71,1344.0,-60.0,2421.4133,18.0,18.0,Ideal,F,VS1,1.54,IGI,4595.0
71,Fuji Diamonds,2,Round,1,1,0,23.23,1364.0,885.71,1344.0,-59.0,2400.012,18.0,18.0,Ideal,F,VS1,1.54,IGI,4595.0
71,Hazel Diamonds,2,Round,1,1,0,13.01,1342.0,871.43,1322.0,-61.0,2468.7812,18.0,18.0,Ideal,F,VS1,1.54,IGI,4595.0
71,Jane Brear,2,Round,1,1,0,13.88,1405.94,912.95,1385.0,-58.0,2418.8633,18.0,18.0,Ideal,F,VS1,1.54,IGI,4595.0
71,Meridian Crafts,2,Round,1,1,0,10.38,1368.0,888.31,1347.0,-60.0,2427.9785,18.0,18.0,Ideal,F,VS1,1.54,IGI,4595.0
71,Michelle Kennedy,2,Round,1,1,0,11.04,1411.0,916.23,1390.0,-59.0,2466.3215,18.0,18.0,Ideal,F,VS1,1.54,IGI,4595.0
71,Periwinkle Stones,2,Round,1,1,0,11.68,1390.0,902.6,1369.0,-59.0,2428.4888,18.0,18.0,Ideal,F,VS1,1.54,IGI,4595.0
71,Roma Diamonds,2,Round,1,1,0,14.68,2278.0,1479.22,2244.0,-33.0,2444.8438,18.0,18.0,Ideal,F,VS1,1.54,IGI,4595.0
71,Rosella,2,Round,1,1,0,10.12,1351.0,877.27,1331.0,-60.0,2427.3518,18.0,18.0,Ideal,F,VS1,1.54,IGI,4595.0
71,Serene Peaks Diamonds,2,Round,1,1,0,12.76,1378.0,894.81,1357.0,-58.0,2345.6357,18.0,18.0,Ideal,F,VS1,1.54,IGI,4595.0
71,Temperley,2,Round,1,1,0,10.23,1411.0,916.23,1390.0,-58.0,2431.5979,18.0,18.0,Ideal,F,VS1,1.54,IGI,4595.0
71,Vespera Gems,2,Round,1,1,0,14.87,1356.0,880.52,1336.0,-60.0,2429.3623,18.0,18.0,Ideal,F,VS1,1.54,IGI,4595.0
71,Westport Jewelry,2,Round,1,1,0,17.43,1344.0,872.73,1324.0,-60.0,2419.0718,18.0,18.0,Ideal,F,VS1,1.54,IGI,4595.0
71,White Lily,2,Round,1,1,0,12.69,1412.0,916.88,1391.0,-58.0,2404.4756,18.0,18.0,Ideal,F,VS1,1.54,IGI,4595.0
74,Jane Brear,2,Princess,1,1,0,14.6,766.15,751.13,755.0,-63.0,1310.9354,15.0,15.0,Super Ideal,G,VS2,1.02,IGI,1920.0
74,Roma Diamonds,2,Princess,1,1,0,52.61,744.0,729.41,733.0,-65.0,1357.3508,15.0,15.0,Super Ideal,G,VS2,1.02,IGI,1920.0
75,Hoseki,2,Emerald,1,1,0,16.44,2710.38,1341.77,2670.0,-62.0,4574.7734,15.0,15.0,Super Ideal,F,VVS2,2.02,IGI,8480.0
75,Jane Brear,2,Emerald,1,1,0,18.26,2660.0,1316.83,2620.0,-63.0,4623.0684,15.0,15.0,Super Ideal,F,VVS2,2.02,IGI,8480.0
75,Mei & Co,2,Emerald,1,1,0,14.24,2691.48,1332.42,2651.0,-63.0,4676.6919,15.0,15.0,Super Ideal,F,VVS2,2.02,IGI,8480.0
75,Michelle Kennedy,2,Emerald,1,1,0,17.61,2660.0,1316.83,2620.0,-63.0,4655.4019,15.0,15.0,Super Ideal,F,VVS2,2.02,IGI,8480.0
75,N. B. Diamonds,2,Emerald,1,1,0,19.1,2631.96,1302.95,2592.0,-63.0,4583.627,15.0,15.0,Super Ideal,F,VVS2,2.02,IGI,8480.0
75,Periwinkle Stones,2,Emerald,1,1,0,13.29,2683.0,1328.22,2643.0,-62.0,4563.2397,15.0,15.0,Super Ideal,F,VVS2,2.02,IGI,8480.0
75,Rosella,2,Emerald,1,1,0,11.0,2596.0,1285.15,2557.0,-64.0,4658.2539,15.0,15.0,Super Ideal,F,VVS2,2.02,IGI,8480.0
75,Taiga Gems,2,Emerald,1,1,0,15.21,2685.5,1329.46,2645.0,-63.0,4609.6846,15.0,15.0,Super Ideal,F,VVS2,2.02,IGI,8480.0
75,Tamara,2,Emerald,1,1,0,15.18,2713.36,1343.25,2673.0,-62.0,4606.5396,15.0,15.0,Super Ideal,F,VVS2,2.02,IGI,8480.0
75,Temperley,2,Emerald,1,1,0,14.43,2660.0,1316.83,2620.0,-63.0,4583.3115,15.0,15.0,Super Ideal,F,VVS2,2.02,IGI,8480.0
75,Westport Jewelry,2,Emerald,1,1,0,15.29,2620.0,1297.03,2581.0,-63.0,4595.5952,15.0,15.0,Super Ideal,F,VVS2,2.02,IGI,8480.0
75,White Lily,2,Emerald,1,1,0,13.0,2664.0,1318.81,2624.0,-63.0,4648.48,15.0,15.0,Super Ideal,F,VVS2,2.02,IGI,8480.0
80,Bonsai Gems,2,Round,1,1,0,14.65,3066.0,1502.94,3020.0,-62.0,5819.7588,18.0,18.0,Ideal,D,VVS2,2.04,IGI,11570.0
80,CV Diamonds,2,Round,1,1,0,11.69,3066.59,1503.23,3021.0,-60.0,5557.0503,18.0,18.0,Ideal,D,VVS2,2.04,IGI,11570.0
80,Ember Star,2,Round,1,1,0,15.89,3066.59,1503.23,3021.0,-61.0,5614.2075,18.0,18.0,Ideal,D,VVS2,2.04,IGI,11570.0
80,Gemstone Harmony,2,Round,1,1,0,13.94,3068.0,1503.92,3022.0,-61.0,5654.1431,18.0,18.0,Ideal,D,VVS2,2.04,IGI,11570.0
80,Infinity Diamonds,2,Round,1,1,0,17.72,3035.0,1487.75,2989.0,-63.0,5810.4961,18.0,18.0,Ideal,D,VVS2,2.04,IGI,11570.0
80,Jane Brear,2,Round,1,1,0,14.11,2985.0,1463.24,2940.0,-62.0,5609.8701,18.0,18.0,Ideal,D,VVS2,2.04,IGI,11570.0
80,Marlowe & Co,2,Round,1,1,0,14.4,3037.0,1488.73,2991.0,-60.0,5486.6338,18.0,18.0,Ideal,D,VVS2,2.04,IGI,11570.0
80,Michelle Kennedy,2,Round,1,1,0,11.07,3056.0,1498.04,3010.0,-60.0,5536.23,18.0,18.0,Ideal,D,VVS2,2.04,IGI,11570.0
80,Periwinkle Stones,2,Round,1,1,0,15.63,3038.0,1489.22,2992.0,-62.0,5702.7021,18.0,18.0,Ideal,D,VVS2,2.04,IGI,11570.0
80,Promenade Jewelry,2,Round,1,1,0,17.59,2987.87,1464.64,2943.0,-62.0,5568.1045,18.0,18.0,Ideal,D,VVS2,2.04,IGI,11570.0
80,Riviera Jewels,2,Round,1,1,0,17.35,3035.0,1487.75,2989.0,-61.0,5516.2515,18.0,18.0,Ideal,D,VVS2,2.04,IGI,11570.0
80,Sara's Diamonds,2,Round,1,1,0,18.75,3054.0,1497.06,3008.0,-61.0,5631.8784,18.0,18.0,Ideal,D,VVS2,2.04,IGI,11570.0
80,Serenade Diamonds,2,Round,1,1,0,18.79,2946.0,1444.12,2902.0,-61.0,5463.9473,18.0,18.0,Ideal,D,VVS2,2.04,IGI,11570.0
80,Stellar Radiance,2,Round,1,1,0,13.89,3068.0,1503.92,3022.0,-62.0,5723.2871,18.0,18.0,Ideal,D,VVS2,2.04,IGI,11570.0
80,Taiga Gems,2,Round,1,1,0,17.91,2963.0,1452.45,2919.0,-63.0,5674.1333,18.0,18.0,Ideal,D,VVS2,2.04,IGI,11570.0
80,Temperley,2,Round,1,1,0,11.07,2963.0,1452.45,2919.0,-62.0,5611.9834,18.0,18.0,Ideal,D,VVS2,2.04,IGI,11570.0
80,Thalassa Gems,2,Round,1,1,0,10.58,3068.0,1503.92,3022.0,-61.0,5644.5518,18.0,18.0,Ideal,D,VVS2,2.04,IGI,11570.0
80,Tierra Mia Diamonds,2,Round,1,1,0,16.39,2949.66,1445.91,2905.0,-62.0,5555.3066,18.0,18.0,Ideal,D,VVS2,2.04,IGI,11570.0
80,Vespera Gems,2,Round,1,1,0,14.03,2905.0,1424.02,2861.0,-64.0,5755.1763,18.0,18.0,Ideal,D,VVS2,2.04,IGI,11570.0
80,White Lily,2,Round,1,1,0,14.04,2985.0,1463.24,2940.0,-63.0,5709.6021,18.0,18.0,Ideal,D,VVS2,2.04,IGI,11570.0
80,Zimmerman Diamonds,2,Round,1,1,0,12.32,3052.66,1496.4,3007.0,-61.0,5535.3184,18.0,18.0,Ideal,D,VVS2,2.04,IGI,11570.0
91,Cirrus Gems,2,Emerald,1,1,0,14.31,807.0,783.5,795.0,-65.0,1465.4657,15.0,15.0,Very Good,E,VS1,1.03,IGI,2350.0
91,Clermont Diamonds,2,Emerald,1,1,0,16.5,818.0,794.17,806.0,-64.0,1448.4387,14.0,15.0,Very Good,E,VS1,1.03,IGI,2350.0
91,Cornerstone,2,Emerald,1,1,0,17.46,843.0,818.45,830.0,-64.0,1486.6166,14.0,15.0,Very Good,E,VS1,1.03,IGI,2350.0
91,Fuji Diamonds,2,Emerald,2,2,0,14.78,814.0,790.29,802.0,-64.0,1441.6235,15.0,15.0,Very Good,E,VS1,1.03,IGI,2350.0
91,Jane Brear,2,Emerald,1,1,0,14.89,836.0,811.65,823.0,-63.0,1458.111,14.0,15.0,Very Good,E,VS1,1.03,IGI,2350.0
91,Marlowe & Co,2,Emerald,1,1,0,13.08,832.0,807.77,820.0,-64.0,1500.2493,14.0,15.0,Very Good,E,VS1,1.03,IGI,2350.0
91,Michelle Kennedy,2,Emerald,1,1,0,12.99,836.0,811.65,823.0,-61.0,1375.7119,13.0,15.0,Very Good,E,VS1,1.03,IGI,2350.0
91,Temperley,2,Emerald,1,1,0,13.15,838.0,813.59,825.0,-64.0,1500.2493,14.0,15.0,Very Good,E,VS1,1.03,IGI,2350.0
91,Westport Jewelry,2,Emerald,1,1,0,14.73,794.0,770.87,782.0,-65.0,1468.9037,14.0,15.0,Very Good,E,VS1,1.03,IGI,2350.0
92,Cirrus Gems,2,Round,1,1,0,24.79,885.04,650.76,872.0,-53.0,1355.8563,18.0,18.0,Ideal,H,VS2,1.36,IGI,2720.0
92,Michelle Kennedy,2,Round,1,1,0,10.81,987.04,725.76,972.0,-48.0,1371.2178,18.0,18.0,Ideal,H,VS2,1.36,IGI,2720.0
92,Taiga Gems,2,Round,1,1,0,22.49,878.58,646.01,865.0,-53.0,1346.6842,18.0,18.0,Ideal,H,VS2,1.36,IGI,2720.0
92,White Lily,2,Round,1,1,0,16.15,900.48,662.12,887.0,-53.0,1368.4552,17.0,18.0,Ideal,H,VS2,1.36,IGI,2720.0
93,Michelle Kennedy,2,Round,1,1,0,14.56,1715.0,1143.33,1689.0,-19.0,1507.0605,18.0,18.0,Super Ideal,I,SI1,1.5,IGI,2706.43
93,Temperley,2,Round,1,1,0,10.66,1715.0,1143.33,1689.0,-21.0,1552.8628,18.0,18.0,Super Ideal,I,SI1,1.5,IGI,2706.43
93,White Lily,2,Round,1,1,0,14.89,1715.0,1143.33,1689.0,-23.0,1603.1614,18.0,18.0,Super Ideal,I,SI1,1.5,IGI,2706.43
98,Jane Brear,2,Round,1,1,0,11.74,306.0,566.67,301.0,-60.0,548.3517,18.0,18.0,Super Ideal,F,VVS2,0.54,IGI,730.0
98,Michelle Kennedy,2,Round,1,1,0,17.38,300.0,555.56,296.0,-62.0,569.126,18.0,18.0,Super Ideal,F,VVS2,0.54,IGI,730.0
98,Temperley,2,Round,1,1,0,85.85,314.0,581.48,309.0,-60.0,561.2422,18.0,18.0,Super Ideal,F,VVS2,0.54,IGI,730.0
98,White Lily,2,Round,1,1,0,17.79,303.48,562.0,299.0,-59.0,530.4086,18.0,18.0,Super Ideal,F,VVS2,0.54,IGI,730.0
100,Avignon Diamonds,2,Round,1,1,0,70.56,725.0,671.3,714.0,-58.0,1239.3229,18.0,18.0,Ideal,G,VS1,1.08,IGI,2240.0
100,Jane Brear,2,Round,1,1,0,10.78,730.0,675.93,719.0,-57.0,1224.2122,18.0,18.0,Ideal,G,VS1,1.08,IGI,2240.0
100,Michelle Kennedy,2,Round,1,1,0,16.39,738.29,683.6,727.0,-59.0,1291.3539,18.0,18.0,Ideal,G,VS1,1.08,IGI,2240.0
100,Nova Stars,2,Round,1,1,0,10.75,699.0,647.22,689.0,-59.0,1223.1019,18.0,18.0,Ideal,G,VS1,1.08,IGI,2240.0
100,Roma Diamonds,2,Round,1,1,0,12.25,1351.0,1250.93,1331.0,-23.0,1259.9045,18.0,18.0,Ideal,G,VS1,1.08,IGI,2240.0
100,Taiga Gems,2,Round,1,1,0,10.09,720.0,666.67,709.0,-57.0,1211.4163,18.0,18.0,Ideal,G,VS1,1.08,IGI,2240.0
100,Temperley,2,Round,1,1,0,13.86,726.35,672.55,715.0,-57.0,1208.6586,18.0,18.0,Ideal,G,VS1,1.08,IGI,2240.0
100,Vespera Gems,2,Round,1,1,0,10.67,702.0,650.0,691.0,-59.0,1223.9406,18.0,18.0,Ideal,G,VS1,1.08,IGI,2240.0
100,White Lily,2,Round,1,1,0,11.02,723.0,669.44,712.0,-58.0,1227.1893,18.0,18.0,Ideal,G,VS1,1.08,IGI,2240.0
101,Cornerstone,2,Round,1,1,0,14.85,332.0,572.41,327.0,-49.0,467.5178,18.0,18.0,Super Ideal,E,VS2,0.58,IGI,715.0
101,Jane Brear,2,Round,1,1,0,10.71,346.0,596.55,341.0,-45.0,451.4149,18.0,18.0,Super Ideal,E,VS2,0.58,IGI,715.0
101,Silva Diamonds,2,Round,1,1,0,11.68,326.0,562.07,321.0,-51.0,476.6139,18.0,18.0,Super Ideal,E,VS2,0.58,IGI,715.0
101,Sonata Gems,2,Round,1,1,0,11.36,335.32,578.14,330.0,-40.0,402.032,18.0,18.0,Super Ideal,E,VS2,0.58,IGI,715.0
101,Temperley,2,Round,1,1,0,12.26,335.32,578.14,330.0,-46.0,447.7196,18.0,18.0,Super Ideal,E,VS2,0.58,IGI,715.0
101,White Lily,2,Round,1,1,0,15.9,335.32,578.14,330.0,-48.0,458.9987,18.0,18.0,Super Ideal,E,VS2,0.58,IGI,715.0
104,Cirrus Gems,2,Emerald,1,1,0,20.08,3922.0,1302.99,3863.0,-65.0,7191.3257,14.0,15.0,Very Good,H,VVS2,3.01,IGI,15640.0
106,Irene Jewelry,2,Round,1,1,0,11.32,3084.0,1233.6,3038.0,-61.0,5636.3384,18.0,18.0,Ideal,F,VS2,2.5,IGI,10120.0
106,Jane Brear,2,Round,1,1,0,10.19,3125.0,1250.0,3078.0,-61.0,5722.894,18.0,18.0,Ideal,F,VS2,2.5,IGI,10120.0
106,Lyra Stones,2,Round,1,1,0,17.4,3094.0,1237.6,3048.0,-61.0,5630.0786,18.0,18.0,Ideal,F,VS2,2.5,IGI,10120.0
106,Michelle Kennedy,2,Round,1,1,0,24.0,4945.07,1978.03,4871.0,-38.0,5700.4326,18.0,18.0,Ideal,F,VS2,2.5,IGI,10120.0
106,Periwinkle Stones,2,Round,1,1,0,14.09,3141.0,1256.4,3094.0,-61.0,5808.4106,18.0,18.0,Ideal,F,VS2,2.5,IGI,10120.0
106,Sonata Gems,2,Round,1,1,0,20.7,3098.0,1239.2,3052.0,-61.0,5744.0015,18.0,18.0,Ideal,F,VS2,2.5,IGI,10120.0
106,Stellar Radiance,2,Round,1,1,0,93.02,3107.0,1242.8,3060.0,-61.0,5723.7979,18.0,18.0,Ideal,F,VS2,2.5,IGI,10120.0
106,Temperley,2,Round,1,1,0,17.48,3110.0,1244.0,3063.0,-60.0,5582.8267,18.0,18.0,Ideal,F,VS2,2.5,IGI,10120.0
106,White Lily,2,Round,1,1,0,11.85,3175.0,1270.0,3127.0,-61.0,5857.4438,18.0,18.0,Ideal,F,VS2,2.5,IGI,10120.0
113,Cirrus Gems,2,Princess,1,1,0,23.76,1332.0,864.94,1312.0,-62.0,2247.002,15.0,15.0,Super Ideal,G,VS2,1.54,IGI,3680.0
113,Michelle Kennedy,2,Princess,1,1,0,22.38,1345.0,873.38,1325.0,-62.0,2275.3506,15.0,15.0,Super Ideal,G,VS2,1.54,IGI,3680.0
115,Emilia Sterling,2,Pear,1,1,0,24.2,1232.0,794.84,1214.0,-61.0,2027.7122,15.0,15.0,Super Ideal,H,VS2,1.55,IGI,3340.0
115,Taiga Gems,2,Pear,1,1,0,12.44,1219.0,786.45,1201.0,-62.0,2074.5078,15.0,15.0,Super Ideal,H,VS2,1.55,IGI,3340.0
126,Avignon Diamonds,2,Round,1,1,0,13.98,2170.0,1043.27,2137.0,-60.0,3853.0466,18.0,18.0,Super Ideal,E,VS2,2.08,IGI,8270.0
126,Hill & Holland,2,Round,1,1,0,15.41,2255.0,1084.13,2221.0,-59.0,3890.436,18.0,18.0,Super Ideal,E,VS2,2.08,IGI,8270.0
126,Jane Brear,2,Round,1,1,0,11.37,2192.0,1053.85,2159.0,-59.0,3835.4966,18.0,18.0,Super Ideal,E,VS2,2.08,IGI,8270.0
126,La Marquise,2,Round,1,1,0,16.7,2328.0,1119.23,2293.0,-58.0,3937.7,18.0,18.0,Super Ideal,E,VS2,2.08,IGI,8270.0
126,Lunar Diamonds,2,Round,1,1,0,94.65,2160.0,1038.46,2128.0,-60.0,3839.0723,18.0,18.0,Super Ideal,E,VS2,2.08,IGI,8270.0
126,Mei & Co,2,Round,1,1,0,13.58,2157.0,1037.02,2125.0,-60.0,3891.2271,18.0,18.0,Super Ideal,E,VS2,2.08,IGI,8270.0
126,Michelle Kennedy,2,Round,1,1,0,14.11,2204.0,1059.62,2171.0,-59.0,3862.5151,18.0,18.0,Super Ideal,E,VS2,2.08,IGI,8270.0
126,Periwinkle Stones,2,Round,1,1,0,12.93,2223.0,1068.75,2190.0,-59.0,3894.3733,18.0,18.0,Super Ideal,E,VS2,2.08,IGI,8270.0
126,Starlit Stones,2,Round,1,1,0,66.36,2268.0,1090.38,2234.0,-58.0,3834.866,18.0,18.0,Super Ideal,E,VS2,2.08,IGI,8270.0
126,Taiga Gems,2,Round,1,1,0,14.2,2168.0,1042.31,2135.0,-61.0,3986.9419,18.0,18.0,Super Ideal,E,VS2,2.08,IGI,8270.0
126,Temperley,2,Round,1,1,0,14.33,2219.0,1066.83,2186.0,-59.0,3875.5964,18.0,18.0,Super Ideal,E,VS2,2.08,IGI,8270.0
126,Thalassa Gems,2,Round,1,1,0,12.45,2173.0,1044.71,2140.0,-60.0,3933.1047,18.0,18.0,Super Ideal,E,VS2,2.08,IGI,8270.0
126,Tierra Mia Diamonds,2,Round,1,1,0,12.15,2142.0,1029.81,2110.0,-61.0,3907.2583,18.0,18.0,Super Ideal,E,VS2,2.08,IGI,8270.0
126,White Lily,2,Round,1,1,0,14.36,2223.0,1068.75,2190.0,-59.0,3882.5303,18.0,18.0,Super Ideal,E,VS2,2.08,IGI,8270.0
128,Cirrus Gems,2,Round,1,1,0,21.43,856.0,744.35,843.0,-54.0,1333.9908,18.0,18.0,Ideal,G,VVS2,1.15,IGI,2755.0
128,Fabiola,2,Round,1,1,0,12.64,875.0,760.87,862.0,-51.0,1291.55,18.0,18.0,Ideal,G,VVS2,1.15,IGI,2755.0
128,Jane Brear,2,Round,1,1,0,16.12,896.0,779.13,883.0,-52.0,1326.2659,18.0,18.0,Ideal,G,VVS2,1.15,IGI,2755.0
128,Meridian Gems,2,Round,1,1,0,19.62,852.0,740.87,839.0,-52.0,1281.9011,18.0,18.0,Ideal,G,VVS2,1.15,IGI,2755.0
128,Sunset Gems,2,Round,1,1,0,21.29,868.0,754.78,855.0,-52.0,1306.5425,18.0,18.0,Ideal,G,VVS2,1.15,IGI,2755.0
128,Taiga Gems,2,Round,1,1,0,19.28,860.0,747.83,847.0,-53.0,1311.2775,18.0,18.0,Ideal,G,VVS2,1.15,IGI,2755.0
128,Temperley,2,Round,1,1,0,19.54,911.0,792.17,897.0,-49.0,1272.5469,18.0,18.0,Ideal,G,VVS2,1.15,IGI,2755.0
129,Albert's Creations,2,Oval,1,1,0,12.45,1548.0,992.31,1525.0,-60.0,2576.2871,15.0,15.0,Super Ideal,F,VS1,1.56,IGI,4610.0
129,Avignon Diamonds,2,Oval,1,1,0,18.43,1544.24,989.9,1521.0,-61.0,2647.3958,15.0,15.0,Super Ideal,F,VS1,1.56,IGI,4610.0
129,Elmwood Diamonds,2,Oval,1,1,0,16.03,1980.0,1269.23,1950.0,-49.0,2608.28,15.0,15.0,Super Ideal,F,VS1,1.56,IGI,4610.0
129,Ember Star,2,Oval,1,1,0,11.36,1542.0,988.46,1519.0,-61.0,2653.0999,15.0,15.0,Super Ideal,F,VS1,1.56,IGI,4610.0
129,Jane Brear,2,Oval,1,1,0,14.97,1561.0,1000.64,1538.0,-60.0,2622.6379,15.0,15.0,Super Ideal,F,VS1,1.56,IGI,4610.0
129,Michelle Kennedy,2,Oval,1,1,0,18.2,1585.0,1016.03,1561.0,-59.0,2601.584,15.0,15.0,Super Ideal,F,VS1,1.56,IGI,4610.0
129,Periwinkle Stones,2,Oval,1,1,0,13.99,1557.0,998.08,1534.0,-60.0,2601.584,15.0,15.0,Super Ideal,F,VS1,1.56,IGI,4610.0
129,Taiga Gems,2,Oval,1,1,0,10.72,1533.0,982.69,1510.0,-60.0,2599.6428,15.0,15.0,Super Ideal,F,VS1,1.56,IGI,4610.0
129,Tamara,2,Oval,1,1,0,11.65,1543.0,989.1,1520.0,-60.0,2596.3965,15.0,15.0,Super Ideal,F,VS1,1.56,IGI,4610.0
129,Temperley,2,Oval,1,1,0,14.88,1546.0,991.03,1523.0,-60.0,2634.2261,15.0,15.0,Super Ideal,F,VS1,1.56,IGI,4610.0
129,Tierra Mia Diamonds,2,Oval,1,1,0,13.22,1515.0,971.15,1492.0,-61.0,2584.2756,15.0,15.0,Super Ideal,F,VS1,1.56,IGI,4610.0
129,United Diam,2,Oval,1,1,0,19.14,1510.46,968.24,1488.0,-61.0,2633.1389,15.0,15.0,Super Ideal,F,VS1,1.56,IGI,4610.0
129,Vega Diamonds,2,Oval,1,1,0,14.4,1510.46,968.24,1488.0,-61.0,2593.5955,15.0,15.0,Super Ideal,F,VS1,1.56,IGI,4610.0
129,White Lily,2,Oval,1,1,0,15.17,1562.0,1001.28,1539.0,-59.0,2591.1443,15.0,15.0,Super Ideal,F,VS1,1.56,IGI,4610.0
130,Cornerstone,2,Oval,1,1,0,13.31,794.0,735.19,782.0,-65.0,1530.2074,15.0,15.0,Very Good,E,VS1,1.08,IGI,2570.0
130,Elmwood Diamonds,2,Oval,1,1,0,17.52,1021.0,945.37,1006.0,-55.0,1527.907,14.0,15.0,Very Good,E,VS1,1.08,IGI,2570.0
130,Eternity Fine Jewelers,2,Oval,1,1,0,12.71,781.0,723.15,769.0,-65.0,1491.2522,15.0,15.0,Very Good,E,VS1,1.08,IGI,2570.0
130,Jane Brear,2,Oval,1,1,0,12.42,818.0,757.41,806.0,-63.0,1499.8973,15.0,15.0,Very Good,E,VS1,1.08,IGI,2570.0
130,Marble Arch,2,Oval,1,1,0,12.4,768.0,711.11,756.0,-65.0,1490.3226,15.0,15.0,Very Good,E,VS1,1.08,IGI,2570.0
130,Marlowe & Co,2,Oval,1,1,0,11.94,806.94,747.17,795.0,-64.0,1509.9388,14.0,15.0,Very Good,E,VS1,1.08,IGI,2570.0
130,Mei & Co,2,Oval,1,1,0,10.65,761.18,704.8,750.0,-66.0,1510.9918,15.0,15.0,Very Good,E,VS1,1.08,IGI,2570.0
130,Michelle Kennedy,2,Oval,1,1,0,17.63,811.0,750.93,799.0,-63.0,1493.5967,15.0,15.0,Very Good,E,VS1,1.08,IGI,2570.0
130,Rosella,2,Oval,1,1,0,17.99,746.0,690.74,735.0,-67.0,1527.6913,15.0,15.0,Very Good,E,VS1,1.08,IGI,2570.0
130,Taiga Gems,2,Oval,1,1,0,12.09,781.08,723.22,769.0,-64.0,1481.04,15.0,15.0,Very Good,E,VS1,1.08,IGI,2570.0
130,Tamara,2,Oval,1,1,0,13.39,780.0,722.22,768.0,-65.0,1480.9495,15.0,15.0,Very Good,E,VS1,1.08,IGI,2570.0
130,Temperley,2,Oval,1,1,0,15.33,795.0,736.11,783.0,-64.0,1475.5361,15.0,15.0,Very Good,E,VS1,1.08,IGI,2570.0
130,Vega Diamonds,2,Oval,1,1,0,15.61,747.0,691.67,736.0,-67.0,1527.6913,15.0,15.0,Very Good,E,VS1,1.08,IGI,2570.0
130,White Lily,2,Oval,1,1,0,10.06,776.0,718.52,764.0,-66.0,1520.949,15.0,15.0,Very Good,E,VS1,1.08,IGI,2570.0
132,Fuji Diamonds,2,Oval,1,1,0,18.13,1529.0,1005.92,1506.0,-56.0,2334.9912,15.0,15.0,Super Ideal,E,VS2,1.52,IGI,5360.0
132,Hoseki,2,Oval,1,1,0,18.49,1545.0,1016.45,1522.0,-57.0,2402.7827,15.0,15.0,Super Ideal,E,VS2,1.52,IGI,5360.0
132,Jane Brear,2,Oval,1,1,0,15.89,1570.0,1032.89,1546.0,-56.0,2395.7002,15.0,15.0,Super Ideal,E,VS2,1.52,IGI,5360.0
132,Michelle Kennedy,2,Oval,1,1,0,11.97,1570.0,1032.89,1546.0,-56.0,2391.0239,15.0,15.0,Super Ideal,E,VS2,1.52,IGI,5360.0
132,Rosella,2,Oval,1,1,0,13.31,1492.0,981.58,1470.0,-58.0,2371.4907,15.0,15.0,Super Ideal,E,VS2,1.52,IGI,5360.0
132,Serene Peaks Diamonds,2,Oval,1,1,0,12.11,1542.0,1014.47,1519.0,-57.0,2395.5144,15.0,15.0,Super Ideal,E,VS2,1.52,IGI,5360.0
132,Taiga Gems,2,Oval,1,1,0,11.31,1533.0,1008.55,1510.0,-56.0,2371.0664,15.0,15.0,Super Ideal,E,VS2,1.52,IGI,5360.0
132,Temperley,2,Oval,1,1,0,18.19,1587.0,1044.08,1563.0,-54.0,2337.8057,15.0,15.0,Super Ideal,E,VS2,1.52,IGI,5360.0
132,Vega Diamonds,2,Oval,1,1,0,16.49,1505.0,990.13,1482.0,-58.0,2389.0139,15.0,15.0,Super Ideal,E,VS2,1.52,IGI,5360.0
132,White Lily,2,Oval,1,1,0,11.83,1559.0,1025.66,1536.0,-56.0,2407.4939,15.0,15.0,Super Ideal,E,VS2,1.52,IGI,5360.0
137,Jane Brear,2,Cushion,1,1,0,13.52,2032.0,1174.57,2002.0,-52.0,2644.7173,14.0,15.0,Very Good,F,VS1,1.73,IGI,5290.0
137,Michelle Kennedy,2,Cushion,1,1,0,18.87,2496.0,1442.77,2459.0,-40.0,2631.606,14.0,15.0,Very Good,F,VS1,1.73,IGI,5290.0
142,Adalyn Jewelry,2,Oval,1,1,0,14.47,365.16,521.66,360.0,-48.0,474.0996,15.0,15.0,Super Ideal,D,VS1,0.7,IGI,1292.5
142,Hoseki,2,Oval,1,1,0,13.97,346.0,494.29,341.0,-56.0,527.3821,15.0,15.0,Super Ideal,D,VS1,0.7,IGI,1292.5
142,Jane Brear,2,Oval,2,2,0,11.07,370.0,528.57,364.0,-48.0,482.3651,15.0,15.0,Super Ideal,D,VS1,0.7,IGI,1292.5
142,Michelle Kennedy,2,Oval,2,2,0,18.64,380.0,542.86,374.0,-56.0,586.255,15.0,15.0,Super Ideal,D,VS1,0.7,IGI,1292.5
142,Promenade Jewelry,2,Oval,1,2,0,14.15,326.0,465.71,321.0,-52.0,455.7069,15.0,15.0,Super Ideal,D,VS1,0.7,IGI,1292.5
142,Starlight Crafts,2,Oval,1,1,0,10.2,324.0,462.86,319.0,-56.0,501.4753,15.0,15.0,Super Ideal,D,VS1,0.7,IGI,1292.5
142,Temperley,2,Oval,1,2,0,12.03,380.0,542.86,374.0,-48.0,489.989,15.0,15.0,Super Ideal,D,VS1,0.7,IGI,1292.5
142,White Lily,2,Oval,1,2,0,14.08,381.0,544.29,375.0,-51.0,527.2511,15.0,15.0,Super Ideal,D,VS1,0.7,IGI,1292.5
148,Gemstone Harmony,2,Round,1,1,0,12.78,3114.0,1504.35,3067.0,-61.0,5650.3999,18.0,18.0,Super Ideal,D,VVS2,2.07,IGI,11740.0
148,Hill & Holland,2,Round,1,1,0,11.26,3082.0,1488.89,3036.0,-62.0,5735.5107,18.0,18.0,Super Ideal,D,VVS2,2.07,IGI,11740.0
148,Jane Brear,2,Round,1,1,0,13.96,3030.0,1463.77,2985.0,-60.0,5423.5078,18.0,18.0,Super Ideal,D,VVS2,2.07,IGI,11740.0
148,Marlowe & Co,2,Round,1,1,0,13.23,3040.0,1468.6,2994.0,-62.0,5752.6123,18.0,18.0,Super Ideal,D,VVS2,2.07,IGI,11740.0
148,Michelle Kennedy,2,Round,1,1,0,15.47,3019.39,1458.64,2974.0,-61.0,5537.7256,18.0,18.0,Super Ideal,D,VVS2,2.07,IGI,11740.0
148,Nebula Stones,2,Round,1,1,0,15.24,3078.0,1486.96,3032.0,-60.0,5530.1597,18.0,18.0,Super Ideal,D,VVS2,2.07,IGI,11740.0
148,Periwinkle Stones,2,Round,1,1,0,12.93,3043.0,1470.05,2997.0,-61.0,5600.0337,18.0,18.0,Super Ideal,D,VVS2,2.07,IGI,11740.0
148,Rosella,2,Round,1,1,0,11.22,2991.0,1444.93,2946.0,-61.0,5433.9468,18.0,18.0,Super Ideal,D,VVS2,2.07,IGI,11740.0
148,Stellar Radiance,2,Round,1,1,0,11.64,3114.0,1504.35,3067.0,-59.0,5478.4702,18.0,18.0,Super Ideal,D,VVS2,2.07,IGI,11740.0
148,Taiga Gems,2,Round,1,1,0,16.72,2972.0,1435.75,2927.0,-61.0,5428.1172,18.0,18.0,Super Ideal,D,VVS2,2.07,IGI,11740.0
148,Temperley,2,Round,1,1,0,11.32,3024.0,1460.87,2979.0,-60.0,5448.3887,18.0,18.0,Super Ideal,D,VVS2,2.07,IGI,11740.0
148,Thalassa Gems,2,Round,1,1,0,12.81,3114.0,1504.35,3067.0,-61.0,5700.6318,18.0,18.0,Super Ideal,D,VVS2,2.07,IGI,11740.0
148,Tierra Mia Diamonds,2,Round,1,1,0,17.75,2955.0,1427.54,2911.0,-62.0,5495.417,18.0,18.0,Super Ideal,D,VVS2,2.07,IGI,11740.0
148,White Lily,2,Round,1,1,0,11.21,3025.0,1461.35,2980.0,-62.0,5639.5684,18.0,18.0,Super Ideal,D,VVS2,2.07,IGI,11740.0
148,Zimmerman Diamonds,2,Round,1,1,0,14.95,3051.66,1474.23,3006.0,-60.0,5516.4229,18.0,18.0,Super Ideal,D,VVS2,2.07,IGI,11740.0
156,Fabiola,2,Oval,1,1,0,14.6,724.0,683.02,713.0,-65.0,1381.297,15.0,15.0,Super Ideal,E,VS2,1.06,IGI,2275.0
156,Jane Brear,2,Oval,1,1,0,13.61,755.0,712.26,744.0,-65.0,1445.5149,15.0,15.0,Super Ideal,E,VS2,1.06,IGI,2275.0
156,Kara,2,Oval,1,1,0,14.19,748.0,705.66,737.0,-64.0,1389.5189,15.0,15.0,Super Ideal,E,VS2,1.06,IGI,2275.0
156,Lunar Diamonds,2,Oval,1,1,0,90.48,722.0,681.13,711.0,-67.0,1463.5397,15.0,15.0,Super Ideal,E,VS2,1.06,IGI,2275.0
156,Marlowe & Co,2,Oval,1,1,0,15.14,746.0,703.77,735.0,-66.0,1459.9908,15.0,15.0,Super Ideal,E,VS2,1.06,IGI,2275.0
156,Mei & Co,2,Oval,1,1,0,12.68,725.36,684.3,714.0,-64.0,1374.8575,15.0,15.0,Super Ideal,E,VS2,1.06,IGI,2275.0
156,Michelle Kennedy,2,Oval,1,1,0,13.81,745.0,702.83,734.0,-64.0,1377.0923,15.0,15.0,Super Ideal,E,VS2,1.06,IGI,2275.0
156,Periwinkle Stones,2,Oval,1,1,0,10.47,762.17,719.03,751.0,-63.0,1390.5504,15.0,15.0,Super Ideal,E,VS2,1.06,IGI,2275.0
156,Rosella,2,Oval,1,1,0,10.4,706.0,666.04,695.0,-67.0,1456.0835,15.0,15.0,Super Ideal,E,VS2,1.06,IGI,2275.0
156,Serene Peaks Diamonds,2,Oval,1,2,0,13.05,734.31,692.75,723.0,-65.0,1429.5288,15.0,15.0,Super Ideal,E,VS2,1.06,IGI,2275.0
156,Taiga Gems,2,Oval,1,1,0,11.6,731.0,689.62,720.0,-66.0,1468.9592,15.0,15.0,Super Ideal,E,VS2,1.06,IGI,2275.0
156,Tamara,2,Oval,1,1,0,14.25,746.0,703.77,735.0,-64.0,1408.4751,15.0,15.0,Super Ideal,E,VS2,1.06,IGI,2275.0
156,Temperley,2,Oval,1,1,0,14.03,755.0,712.26,744.0,-64.0,1422.3961,15.0,15.0,Super Ideal,E,VS2,1.06,IGI,2275.0
156,Vega Diamonds,2,Oval,1,1,0,16.35,712.28,671.96,702.0,-67.0,1438.5824,15.0,15.0,Super Ideal,E,VS2,1.06,IGI,2275.0
156,White Lily,2,Oval,1,1,0,12.32,755.0,712.26,744.0,-63.0,1383.1785,15.0,15.0,Super Ideal,E,VS2,1.06,IGI,2275.0
165,White Lily,2,Round,1,1,0,14.45,1916.0,1161.21,1887.0,-21.0,1736.2321,18.0,18.0,Ideal,J,VS1,1.65,IGI,2713.33
168,Albert's Creations,2,Round,1,1,0,10.32,808.0,684.75,796.0,-66.0,1680.7308,18.0,18.0,Ideal,D,VS1,1.18,IGI,3035.0
168,Alicia & Juno,2,Round,1,1,0,11.06,810.0,686.44,798.0,-65.0,1650.058,18.0,18.0,Ideal,D,VS1,1.18,IGI,3035.0
168,Atkinson Crafts,2,Round,1,1,0,13.97,822.0,696.61,810.0,-65.0,1687.0348,18.0,18.0,Ideal,D,VS1,1.18,IGI,3035.0
168,Emilia Sterling,2,Round,1,1,0,10.05,784.0,664.41,772.0,-65.0,1611.0248,18.0,18.0,Ideal,D,VS1,1.18,IGI,3035.0
168,Eternity Fine Jewelers,2,Round,1,1,0,14.36,814.9,690.59,803.0,-64.0,1635.3843,18.0,18.0,Ideal,D,VS1,1.18,IGI,3035.0
168,Iris Diamonds,2,Round,1,1,0,11.81,802.96,680.47,791.0,-65.0,1652.6174,18.0,18.0,Ideal,D,VS1,1.18,IGI,3035.0
168,Jane Brear,2,Round,1,1,0,11.03,831.82,704.93,819.0,-64.0,1677.0276,18.0,18.0,Ideal,D,VS1,1.18,IGI,3035.0
168,Knox Diamonds,2,Round,1,1,0,11.32,803.96,681.32,792.0,-65.0,1659.9889,17.0,18.0,Ideal,D,VS1,1.18,IGI,3035.0
168,Marlowe & Co,2,Round,1,1,0,10.92,825.0,699.15,813.0,-65.0,1674.0278,18.0,18.0,Ideal,D,VS1,1.18,IGI,3035.0
168,Mei & Co,2,Round,1,1,0,14.68,799.98,677.95,788.0,-65.0,1659.236,18.0,18.0,Ideal,D,VS1,1.18,IGI,3035.0
168,Michelle Kennedy,2,Round,1,1,0,13.79,831.82,704.93,819.0,-64.0,1640.6302,18.0,18.0,Ideal,D,VS1,1.18,IGI,3035.0
168,Oasis Diamonds,2,Round,1,1,0,14.55,852.0,722.03,839.0,-63.0,1646.1562,18.0,18.0,Ideal,D,VS1,1.18,IGI,3035.0
168,Periwinkle Stones,2,Round,1,1,0,18.09,830.0,703.39,818.0,-64.0,1634.207,18.0,18.0,Ideal,D,VS1,1.18,IGI,3035.0
168,Promenade Jewelry,2,Round,1,1,0,12.94,813.0,688.98,801.0,-65.0,1668.6985,18.0,18.0,Ideal,D,VS1,1.18,IGI,3035.0
168,Roma Diamonds,2,Round,1,1,0,14.43,1503.0,1273.73,1480.0,-36.0,1679.9341,18.0,18.0,Ideal,D,VS1,1.18,IGI,3035.0
168,Sigma Diamonds,2,Round,1,1,0,12.04,794.0,672.88,782.0,-65.0,1617.851,18.0,18.0,Ideal,D,VS1,1.18,IGI,3035.0
168,Silva Diamonds,2,Round,1,1,0,13.28,795.0,673.73,783.0,-65.0,1619.9967,18.0,18.0,Ideal,D,VS1,1.18,IGI,3035.0
168,Simetría,2,Round,1,1,0,10.81,808.94,685.54,797.0,-65.0,1635.1577,18.0,18.0,Ideal,D,VS1,1.18,IGI,3035.0
168,Starlight Crafts,2,Round,1,1,0,12.15,807.0,683.9,795.0,-65.0,1654.5332,18.0,18.0,Ideal,D,VS1,1.18,IGI,3035.0
168,Tamara,2,Round,1,1,0,14.76,816.0,691.53,804.0,-64.0,1638.2522,18.0,18.0,Ideal,D,VS1,1.18,IGI,3035.0
168,Temperley,2,Round,1,1,0,12.79,826.0,700.0,814.0,-64.0,1657.2659,18.0,18.0,Ideal,D,VS1,1.18,IGI,3035.0
168,Vega Diamonds,2,Round,1,1,0,14.79,783.0,663.56,771.0,-67.0,1675.7521,18.0,18.0,Ideal,D,VS1,1.18,IGI,3035.0
168,White Lily,2,Round,1,1,0,11.78,859.68,728.54,847.0,-61.0,1596.3577,18.0,18.0,Ideal,D,VS1,1.18,IGI,3035.0
169,White Lily,2,Princess,1,1,0,16.86,1109.0,840.15,1092.0,-58.0,1675.5613,15.0,15.0,Super Ideal,G,VS2,1.32,IGI,2920.0
174,Taiga Gems,2,Round,1,1,0,18.47,1252.0,723.7,1233.0,-47.0,1698.3125,18.0,18.0,Ideal,H,VS2,1.73,IGI,3880.0
178,Michelle Kennedy,2,Round,1,1,0,20.32,392.0,560.0,386.0,-43.0,495.2697,18.0,18.0,Super Ideal,E,SI1,0.7,IGI,1014.29
178,White Lily,2,Round,1,1,0,19.83,337.0,481.43,332.0,-48.0,462.3835,18.0,18.0,Super Ideal,E,SI1,0.7,IGI,1014.29
179,Michelle Kennedy,2,Round,1,1,0,12.83,1151.22,859.12,1134.0,-49.0,1620.2568,18.0,18.0,Ideal,H,VVS2,1.34,IGI,2885.0
179,Sunset Gems,2,Round,1,1,0,10.29,948.0,707.46,934.0,-57.0,1579.0497,18.0,18.0,Ideal,H,VVS2,1.34,IGI,2885.0
179,Taiga Gems,2,Round,1,1,0,23.27,963.0,718.66,949.0,-56.0,1574.2706,18.0,18.0,Ideal,H,VVS2,1.34,IGI,2885.0
179,White Lily,2,Round,1,1,0,14.85,985.0,735.07,970.0,-54.0,1532.4663,18.0,18.0,Ideal,H,VVS2,1.34,IGI,2885.0
181,Marlowe & Co,5,Round,1,1,1,16.71,775.1,698.29,763.0,-67.0,1698.1482,16.0,17.0,Ideal,F,VS2,1.11,GCAL,2510.0
186,Oasis Diamonds,2,Round,1,1,0,12.86,1568.0,750.24,1544.0,-56.0,2568.7905,18.0,18.0,Ideal,I,VS2,2.09,IGI,5700.0
186,White Lily,2,Round,1,1,0,13.19,1546.0,739.71,1523.0,-55.0,2459.0735,18.0,18.0,Ideal,I,VS2,2.09,IGI,5700.0
187,Bayside Gems,2,Round,1,1,0,22.76,1043.0,956.88,1027.0,-64.0,2061.0903,18.0,18.0,Ideal,E,VVS1,1.09,IGI,3760.0
187,Camden Gems,2,Round,1,1,0,14.33,1034.0,948.62,1018.0,-62.0,1972.5533,18.0,18.0,Ideal,E,VVS1,1.09,IGI,3760.0
187,Eternity Fine Jewelers,2,Round,1,1,0,23.89,1042.0,955.96,1026.0,-63.0,2042.8333,18.0,18.0,Ideal,E,VVS1,1.09,IGI,3760.0
187,Marlowe & Co,2,Round,1,1,0,13.54,1051.0,964.22,1035.0,-63.0,2035.2891,18.0,18.0,Ideal,E,VVS1,1.09,IGI,3760.0
187,Michelle Kennedy,2,Round,1,1,0,21.54,1034.0,948.62,1018.0,-63.0,2024.6918,18.0,18.0,Ideal,E,VVS1,1.09,IGI,3760.0
187,N. B. Diamonds,2,Round,1,1,0,13.46,1047.0,960.55,1031.0,-64.0,2085.7322,18.0,18.0,Ideal,E,VVS1,1.09,IGI,3760.0
187,Riviera Jewels,2,Round,1,1,0,23.07,1043.0,956.88,1027.0,-64.0,2061.9893,18.0,18.0,Ideal,E,VVS1,1.09,IGI,3760.0
187,Seraphina Gems,2,Round,1,1,0,13.94,1037.0,951.38,1021.0,-63.0,1986.0845,18.0,18.0,Ideal,E,VVS1,1.09,IGI,3760.0
187,Sigma Diamonds,2,Round,1,1,0,14.01,1033.0,947.71,1018.0,-63.0,1978.1583,18.0,18.0,Ideal,E,VVS1,1.09,IGI,3760.0
187,Silva Diamonds,2,Round,1,1,0,11.06,1037.0,951.38,1021.0,-64.0,2043.119,18.0,18.0,Ideal,E,VVS1,1.09,IGI,3760.0
187,Simetría,2,Round,1,1,0,93.13,1043.0,956.88,1027.0,-63.0,1997.5603,18.0,18.0,Ideal,E,VVS1,1.09,IGI,3760.0
187,Starlight Crafts,2,Round,1,1,0,10.67,1034.0,948.62,1018.0,-63.0,2017.5459,18.0,18.0,Ideal,E,VVS1,1.09,IGI,3760.0
187,Summit Gems,2,Round,1,1,0,24.38,1038.0,952.29,1022.0,-63.0,1982.922,18.0,18.0,Ideal,E,VVS1,1.09,IGI,3760.0
187,Taiga Gems,2,Round,1,1,0,16.35,1042.0,955.96,1026.0,-64.0,2045.943,18.0,18.0,Ideal,E,VVS1,1.09,IGI,3760.0
187,Tamara,2,Round,1,1,0,15.11,1056.0,968.81,1040.0,-63.0,2047.561,18.0,18.0,Ideal,E,VVS1,1.09,IGI,3760.0
187,Temperley,2,Round,1,1,0,23.07,1034.0,948.62,1018.0,-63.0,2027.8347,18.0,18.0,Ideal,E,VVS1,1.09,IGI,3760.0
187,Tilia Diamonds,2,Round,1,1,0,20.1,1053.0,966.06,1037.0,-63.0,2026.8062,18.0,18.0,Ideal,E,VVS1,1.09,IGI,3760.0
196,Avignon Diamonds,2,Oval,1,1,0,16.79,2623.0,1304.98,2584.0,-61.0,4575.2178,15.0,15.0,Super Ideal,F,VVS2,2.01,IGI,9280.0
196,CV Diamonds,2,Oval,1,1,0,92.7,2630.0,1308.46,2591.0,-63.0,4729.9375,15.0,15.0,Super Ideal,F,VVS2,2.01,IGI,9280.0
196,Clermont Diamonds,2,Oval,1,1,0,11.81,2638.0,1312.44,2598.0,-62.0,4735.7622,15.0,15.0,Super Ideal,F,VVS2,2.01,IGI,9280.0
196,Cornerstone,2,Oval,1,1,0,15.13,2661.0,1323.88,2621.0,-62.0,4707.7197,15.0,15.0,Super Ideal,F,VVS2,2.01,IGI,9280.0
196,Dahlia Diamonds,2,Oval,1,1,0,13.59,2637.74,1312.31,2598.0,-62.0,4660.4141,15.0,15.0,Super Ideal,F,VVS2,2.01,IGI,9280.0
196,Hoseki,2,Oval,1,1,0,12.66,2676.0,1331.34,2636.0,-62.0,4693.4702,15.0,15.0,Super Ideal,F,VVS2,2.01,IGI,9280.0
196,Jane Brear,2,Oval,1,1,0,10.65,2669.0,1327.86,2629.0,-61.0,4594.7217,15.0,15.0,Super Ideal,F,VVS2,2.01,IGI,9280.0
196,La Marquise,2,Oval,1,1,0,11.57,2872.0,1428.86,2829.0,-58.0,4661.3569,15.0,15.0,Super Ideal,F,VVS2,2.01,IGI,9280.0
196,Marlowe & Co,2,Oval,1,1,0,14.95,2874.56,1430.13,2831.0,-59.0,4683.1069,15.0,15.0,Super Ideal,F,VVS2,2.01,IGI,9280.0
196,Michelle Kennedy,2,Oval,1,1,0,13.32,2690.48,1338.55,2650.0,-61.0,4685.8364,15.0,15.0,Super Ideal,F,VVS2,2.01,IGI,9280.0
196,Taiga Gems,2,Oval,1,1,0,14.13,2634.0,1310.45,2594.0,-61.0,4599.1025,15.0,15.0,Super Ideal,F,VVS2,2.01,IGI,9280.0
196,Temperley,2,Oval,1,1,0,11.62,2668.0,1327.36,2628.0,-61.0,4652.1558,15.0,15.0,Super Ideal,F,VVS2,2.01,IGI,9280.0
196,Vespera Gems,2,Oval,1,1,0,15.82,2613.0,1300.0,2574.0,-62.0,4633.0625,15.0,15.0,Super Ideal,F,VVS2,2.01,IGI,9280.0
196,White Lily,2,Oval,1,1,0,15.12,2602.04,1294.55,2563.0,-62.0,4633.1812,15.0,15.0,Super Ideal,F,VVS2,2.01,IGI,9280.0
198,Michelle Kennedy,2,Cushion,2,2,0,22.25,874.43,874.43,861.0,-51.0,1118.4961,14.0,15.0,Super Ideal,E,SI2,1.0,IGI,1450.0
202,Jane Brear,2,Round,1,1,0,18.77,1119.0,695.03,1102.0,-59.0,1944.761,18.0,18.0,Super Ideal,I,VS1,1.61,IGI,3360.0
202,Lotus Creation,2,Round,1,2,0,18.8,1077.0,668.94,1061.0,-59.0,1880.9158,18.0,18.0,Super Ideal,I,VS1,1.61,IGI,3360.0
202,Sunset Gems,2,Round,1,1,0,20.35,1053.94,654.62,1038.0,-60.0,1871.4858,18.0,18.0,Super Ideal,I,VS1,1.61,IGI,3360.0
207,Michelle Kennedy,2,Emerald,2,2,0,11.69,1322.36,1283.84,1303.0,-14.0,986.1826,15.0,15.0,Super Ideal,J,VS1,1.03,IGI,1310.0
211,Jane Brear,2,Round,1,1,0,14.04,622.87,648.82,614.0,-50.0,888.8553,18.0,18.0,Ideal,E,SI1,0.96,IGI,1660.0
211,Michelle Kennedy,2,Round,1,1,0,13.56,626.85,652.97,617.0,-49.0,883.6674,18.0,18.0,Ideal,E,SI1,0.96,IGI,1660.0
211,Taiga Gems,2,Round,1,1,0,12.48,612.92,638.46,604.0,-52.0,917.0916,18.0,18.0,Ideal,E,SI1,0.96,IGI,1660.0
211,Temperley,2,Round,1,1,0,12.7,626.85,652.97,617.0,-51.0,919.9191,18.0,18.0,Ideal,E,SI1,0.96,IGI,1660.0
211,White Lily,2,Round,1,1,0,16.24,628.31,654.49,619.0,-52.0,936.2885,18.0,18.0,Ideal,E,SI1,0.96,IGI,1660.0
213,Ember Star,2,Princess,1,1,0,14.73,1796.97,1116.13,1770.0,-62.0,3010.5312,15.0,15.0,Very Good,F,VVS2,1.61,IGI,5060.0
213,Fiona Clément,2,Princess,1,1,0,15.11,1790.0,1111.8,1763.0,-63.0,3058.2944,15.0,15.0,Very Good,F,VVS2,1.61,IGI,5060.0
213,White Lily,2,Princess,1,1,0,13.49,1819.31,1130.01,1792.0,-64.0,3215.9927,15.0,15.0,Very Good,F,VVS2,1.61,IGI,5060.0
214,Equinox Jewels,2,Round,1,1,0,15.66,308.0,481.25,303.0,-55.0,491.9205,18.0,18.0,Ideal,D,VS2,0.64,IGI,940.0
214,Promenade Jewelry,2,Round,1,1,0,28.34,301.0,470.31,296.0,-53.0,461.321,18.0,18.0,Ideal,D,VS2,0.64,IGI,940.0
214,Silva Diamonds,2,Round,1,1,0,12.64,311.0,485.94,306.0,-56.0,509.7286,18.0,18.0,Ideal,D,VS2,0.64,IGI,940.0
214,Sonata Gems,2,Round,1,1,0,16.05,311.0,485.94,306.0,-51.0,450.871,18.0,18.0,Ideal,D,VS2,0.64,IGI,940.0
214,Temperley,2,Round,1,1,0,18.17,464.66,726.03,458.0,-33.0,496.3222,18.0,18.0,Ideal,D,VS2,0.64,IGI,940.0
221,Bayside Gems,2,Oval,1,1,0,21.07,4371.0,1452.16,4305.0,-61.0,7481.9976,15.0,15.0,Very Good,D,SI1,3.01,IGI,16710.0
221,Vega Diamonds,2,Oval,1,1,0,19.07,4257.0,1414.29,4193.0,-62.0,7495.5522,15.0,15.0,Very Good,D,SI1,3.01,IGI,16710.0
229,Diamonds by Zoya,2,Oval,2,2,0,12.17,340.29,567.15,335.0,-53.0,489.7468,15.0,15.0,Very Good,E,VVS2,0.6,IGI,800.0
229,Marlowe & Co,2,Oval,2,2,0,15.36,354.22,590.37,349.0,-51.0,485.1532,15.0,15.0,Very Good,E,VVS2,0.6,IGI,800.0
230,Jane Brear,2,Oval,1,1,0,9.49,2498.0,1172.77,2461.0,-34.0,2564.866,15.0,15.0,Super Ideal,I,SI1,2.13,IGI,4822.5
231,Albert's Creations,2,Oval,1,2,0,18.96,324.0,514.29,319.0,-48.0,421.243,15.0,15.0,Super Ideal,D,VS1,0.63,IGI,930.0
231,Meridian Crafts,2,Oval,1,2,0,13.34,336.0,533.33,331.0,-48.0,436.0478,15.0,15.0,Super Ideal,D,VS1,0.63,IGI,930.0
231,Promenade Jewelry,2,Oval,1,2,0,20.98,321.39,510.14,317.0,-48.0,414.569,15.0,15.0,Super Ideal,D,VS1,0.63,IGI,930.0
231,Vega Diamonds,2,Oval,2,1,0,21.42,314.0,498.41,309.0,-46.0,390.0273,15.0,15.0,Super Ideal,D,VS1,0.63,IGI,930.0
232,Equinox Jewels,2,Round,1,1,0,14.44,325.0,439.19,320.0,-55.0,519.6846,18.0,18.0,Ideal,D,SI1,0.74,IGI,1160.0
232,Michelle Kennedy,2,Round,1,1,0,17.96,348.0,470.27,343.0,-46.0,458.2882,18.0,18.0,Ideal,D,SI1,0.74,IGI,1160.0
232,Roma Diamonds,2,Round,1,1,0,10.34,325.0,439.19,320.0,-49.0,455.7404,18.0,18.0,Ideal,D,SI1,0.74,IGI,1160.0
234,Cirrus Gems,2,Round,1,1,0,18.5,2648.37,1050.94,2609.0,-64.0,5285.3242,18.0,18.0,Super Ideal,G,VS2,2.52,IGI,8770.0
234,Jane Brear,2,Round,1,1,0,17.08,2682.0,1064.29,2642.0,-63.0,5243.9478,18.0,18.0,Super Ideal,G,VS2,2.52,IGI,8770.0
234,Michelle Kennedy,2,Round,1,1,0,14.63,2683.0,1064.68,2643.0,-63.0,5191.1558,18.0,18.0,Super Ideal,G,VS2,2.52,IGI,8770.0
234,Temperley,2,Round,1,1,0,16.0,2704.0,1073.02,2663.0,-64.0,5308.6816,18.0,18.0,Super Ideal,G,VS2,2.52,IGI,8770.0
234,White Lily,2,Round,1,1,0,13.38,2699.0,1071.03,2659.0,-63.0,5248.0684,18.0,18.0,Super Ideal,G,VS2,2.52,IGI,8770.0
235,Jane Brear,2,Round,1,1,0,19.87,1349.0,725.27,1329.0,-58.0,2320.5747,18.0,18.0,Super Ideal,J,VS1,1.86,IGI,3260.0
240,Michelle Kennedy,2,Round,1,1,0,15.37,320.0,432.43,315.0,-59.0,556.6454,18.0,18.0,Super Ideal,F,VS1,0.74,IGI,1168.0
241,Promenade Jewelry,2,Cushion,1,1,0,13.96,332.0,638.46,327.0,-62.0,549.7978,15.0,15.0,Super Ideal,E,VS2,0.52,IGI,620.0
252,Temperley,2,Oval,1,2,0,16.09,302.0,888.24,297.0,-56.0,463.4539,15.0,15.0,Super Ideal,F,VVS2,0.34,IGI,350.0
254,Hoseki,2,Round,1,1,0,14.48,915.4,668.18,902.0,-51.0,1336.9285,18.0,18.0,Ideal,F,SI1,1.37,IGI,2615.0
254,Jane Brear,2,Round,1,1,0,12.48,906.0,661.31,892.0,-54.0,1395.3129,18.0,18.0,Ideal,F,SI1,1.37,IGI,2615.0
254,Taiga Gems,2,Round,1,1,0,13.32,890.0,649.64,877.0,-56.0,1445.1239,18.0,18.0,Ideal,F,SI1,1.37,IGI,2615.0
258,Diamonds by Zoya,2,Oval,2,2,0,20.37,316.41,555.11,312.0,-57.0,490.9648,14.0,15.0,Very Good,E,VS1,0.57,IGI,743.33
258,Magnolia,2,Oval,2,2,0,10.79,349.0,612.28,344.0,-39.0,387.4925,15.0,15.0,Very Good,E,VS1,0.57,IGI,743.33
258,Promenade Jewelry,2,Oval,2,1,0,20.09,307.88,540.14,303.0,-49.0,403.2082,15.0,15.0,Very Good,E,VS1,0.57,IGI,743.33
258,Rosella,2,Oval,2,2,0,17.52,302.09,529.98,298.0,-56.0,461.3914,15.0,15.0,Very Good,E,VS1,0.57,IGI,743.33
258,Vega Diamonds,2,Oval,1,2,0,21.94,307.88,540.14,303.0,-47.0,389.3954,14.0,15.0,Very Good,E,VS1,0.57,IGI,743.33
262,CV Diamonds,2,Princess,1,1,0,14.97,1637.0,957.31,1612.0,-56.0,2345.2683,15.0,15.0,Super Ideal,G,VS2,1.71,IGI,4270.0
262,Fabiola,2,Princess,1,1,0,18.45,1563.0,914.04,1540.0,-57.0,2311.7754,15.0,15.0,Super Ideal,G,VS2,1.71,IGI,4270.0
262,Serene Peaks Diamonds,2,Princess,1,1,0,16.64,1641.0,959.65,1616.0,-54.0,2274.5183,15.0,15.0,Super Ideal,G,VS2,1.71,IGI,4270.0
262,Starlight Crafts,2,Princess,1,1,0,14.48,1563.0,914.04,1540.0,-57.0,2293.6375,15.0,15.0,Super Ideal,G,VS2,1.71,IGI,4270.0
262,White Lily,2,Princess,1,1,0,20.2,1647.0,963.16,1622.0,-55.0,2319.3679,15.0,15.0,Super Ideal,G,VS2,1.71,IGI,4270.0
272,N. B. Diamonds,2,Round,1,1,0,19.08,1967.94,837.42,1938.0,-50.0,2803.4514,18.0,18.0,Super Ideal,J,VS1,2.35,IGI,4900.0
272,Temperley,2,Round,1,1,0,17.27,1987.0,845.53,1957.0,-48.0,2748.8186,18.0,18.0,Super Ideal,J,VS1,2.35,IGI,4900.0
276,Jane Brear,2,Round,1,1,0,12.52,800.0,689.66,788.0,-53.0,1212.7715,18.0,18.0,Ideal,H,VS1,1.16,IGI,2338.0
276,Lotus Creation,2,Round,1,1,0,19.18,780.0,672.41,768.0,-52.0,1172.0204,18.0,18.0,Ideal,H,VS1,1.16,IGI,2338.0
276,Temperley,2,Round,1,1,0,12.82,802.0,691.38,790.0,-52.0,1186.4375,18.0,18.0,Ideal,H,VS1,1.16,IGI,2338.0
276,White Lily,2,Round,1,1,0,19.86,802.0,691.38,790.0,-50.0,1154.1005,18.0,18.0,Ideal,H,VS1,1.16,IGI,2338.0
281,Jane Brear,2,Round,1,1,0,24.1,3130.27,1476.54,3083.0,-18.0,2742.6455,18.0,18.0,Ideal,J,VVS2,2.12,IGI,4460.0
288,Cirrus Gems,2,Round,1,1,0,24.39,886.01,646.72,873.0,-54.0,1381.39,18.0,18.0,Super Ideal,H,VS2,1.37,IGI,2610.0
288,Starlit Stones,2,Round,1,1,0,64.65,900.0,656.93,886.0,-53.0,1365.3088,18.0,18.0,Super Ideal,H,VS2,1.37,IGI,2610.0
288,Taiga Gems,2,Round,1,1,0,22.47,884.56,645.66,871.0,-54.0,1374.7576,18.0,18.0,Super Ideal,H,VS2,1.37,IGI,2610.0
288,White Lily,2,Round,1,1,0,24.28,992.17,724.21,977.0,-48.0,1369.5994,18.0,18.0,Super Ideal,H,VS2,1.37,IGI,2610.0
290,Albert's Creations,2,Round,1,1,0,12.0,3346.0,1327.78,3296.0,-63.0,6431.3569,18.0,18.0,Super Ideal,D,VS2,2.52,IGI,11820.0
290,Hill & Holland,2,Round,1,1,0,10.76,3442.0,1365.87,3390.0,-62.0,6478.8589,18.0,18.0,Super Ideal,D,VS2,2.52,IGI,11820.0
290,Michelle Kennedy,2,Round,1,1,0,16.03,3233.35,1283.08,3185.0,-64.0,6429.3613,18.0,18.0,Super Ideal,D,VS2,2.52,IGI,11820.0
290,Oasis Diamonds,2,Round,1,1,0,18.38,3405.0,1351.19,3354.0,-61.0,6273.6973,18.0,18.0,Super Ideal,D,VS2,2.52,IGI,11820.0
290,Pegasus Diamonds,2,Round,1,1,0,11.16,3583.0,1421.83,3529.0,-61.0,6541.6074,18.0,18.0,Super Ideal,D,VS2,2.52,IGI,11820.0
290,Periwinkle Stones,2,Round,1,1,0,18.66,3346.0,1327.78,3296.0,-62.0,6364.6108,18.0,18.0,Super Ideal,D,VS2,2.52,IGI,11820.0
290,Sigma Diamonds,2,Round,1,1,0,20.06,3322.0,1318.25,3272.0,-63.0,6462.6997,18.0,18.0,Super Ideal,D,VS2,2.52,IGI,11820.0
290,Temperley,2,Round,1,1,0,10.24,3304.0,1311.11,3254.0,-63.0,6345.2705,18.0,18.0,Super Ideal,D,VS2,2.52,IGI,11820.0
291,Diamonds by Zoya,2,Radiant,1,1,0,89.24,880.0,800.0,867.0,-66.0,1663.2719,14.0,15.0,Very Good,G,VVS2,1.1,IGI,2340.0
291,Fabiola,2,Radiant,1,1,0,23.37,882.0,801.82,869.0,-65.0,1659.553,14.0,15.0,Very Good,G,VVS2,1.1,IGI,2340.0
291,Marlowe & Co,2,Radiant,1,1,0,22.78,907.0,824.55,893.0,-65.0,1663.2719,15.0,15.0,Very Good,G,VVS2,1.1,IGI,2340.0
291,White Lily,2,Radiant,1,1,0,20.85,908.0,825.45,894.0,-65.0,1697.5487,15.0,15.0,Very Good,G,VVS2,1.1,IGI,2340.0
293,Meridian Crafts,2,Round,1,3,0,14.98,342.0,534.38,337.0,-56.0,552.527,16.0,18.0,Very Good,D,VS1,0.64,IGI,1000.0
293,Michelle Kennedy,2,Round,3,2,0,23.96,352.23,550.36,347.0,-55.0,555.3558,14.0,18.0,Very Good,D,VS1,0.64,IGI,1000.0
293,Temperley,2,Round,2,2,0,16.04,358.0,559.38,353.0,-56.0,579.6005,15.0,18.0,Very Good,D,VS1,0.64,IGI,1000.0
298,Cirrus Gems,2,Princess,1,1,0,22.79,1331.0,869.93,1311.0,-63.0,2262.3086,15.0,15.0,Super Ideal,G,VS2,1.53,IGI,3850.0
298,Michelle Kennedy,2,Princess,1,1,0,10.48,1343.0,877.78,1323.0,-64.0,2353.5457,15.0,15.0,Super Ideal,G,VS2,1.53,IGI,3850.0
301,Atkinson Crafts,2,Pear,1,2,0,16.96,370.62,607.57,365.0,-44.0,429.4057,15.0,15.0,Super Ideal,F,VVS2,0.61,IGI,760.0
301,Cornerstone,2,Pear,2,2,0,16.8,339.73,556.93,335.0,-46.0,407.2174,15.0,15.0,Super Ideal,F,VVS2,0.61,IGI,760.0
301,Diamonds by Zoya,2,Pear,1,2,0,18.47,340.29,557.85,335.0,-56.0,504.8457,15.0,15.0,Super Ideal,F,VVS2,0.61,IGI,760.0
305,Sunset Gems,2,Round,2,1,0,16.86,1070.0,652.44,1054.0,-54.0,1654.5651,18.0,18.0,Super Ideal,J,VS1,1.64,IGI,2820.0
306,Jane Brear,2,Round,1,1,0,10.83,663.0,663.0,653.0,-62.0,1256.6566,18.0,18.0,Super Ideal,F,VS2,1.0,IGI,2085.0
306,Meridian Crafts,2,Round,1,1,0,10.18,660.0,660.0,650.0,-60.0,1171.9863,18.0,18.0,Super Ideal,F,VS2,1.0,IGI,2085.0
306,Michelle Kennedy,2,Round,1,1,0,13.07,687.0,687.0,677.0,-59.0,1193.2449,18.0,18.0,Super Ideal,F,VS2,1.0,IGI,2085.0
306,Nova Stars,2,Round,1,1,0,10.03,655.0,655.0,645.0,-60.0,1186.9065,18.0,18.0,Super Ideal,F,VS2,1.0,IGI,2085.0
306,Taiga Gems,2,Round,1,1,0,11.6,670.0,670.0,660.0,-59.0,1180.0663,18.0,18.0,Super Ideal,F,VS2,1.0,IGI,2085.0
306,Temperley,2,Round,1,1,0,14.23,683.0,683.0,673.0,-58.0,1176.6166,18.0,18.0,Super Ideal,F,VS2,1.0,IGI,2085.0
306,White Lily,2,Round,1,1,0,14.92,687.0,687.0,677.0,-59.0,1200.8578,18.0,18.0,Super Ideal,F,VS2,1.0,IGI,2085.0
307,Jane Brear,2,Round,1,1,0,22.39,735.0,674.31,724.0,-53.0,1119.845,18.0,18.0,Ideal,I,VVS2,1.09,IGI,1819.09
307,Meridian Crafts,2,Round,1,1,0,12.36,720.0,660.55,709.0,-56.0,1162.3546,18.0,18.0,Ideal,I,VVS2,1.09,IGI,1819.09
308,Michelle Kennedy,2,Oval,1,1,0,14.77,1257.68,806.21,1239.0,-50.0,1696.6085,15.0,15.0,Super Ideal,I,SI1,1.56,IGI,2935.0
311,BonDiam,2,Round,1,1,0,10.6,333.0,925.0,328.0,-6.0,252.5697,18.0,18.0,Super Ideal,D,VS2,0.36,IGI,420.0
311,Jane Brear,2,Round,1,1,0,12.54,356.21,989.47,351.0,1.0,251.8567,18.0,18.0,Super Ideal,D,VS2,0.36,IGI,420.0
311,Marlowe & Co,2,Round,1,1,0,12.24,333.32,925.89,328.0,16.0,206.149,18.0,18.0,Super Ideal,D,VS2,0.36,IGI,420.0
311,Promenade Jewelry,2,Round,1,1,0,15.69,323.0,897.22,318.0,-4.0,241.6993,18.0,18.0,Super Ideal,D,VS2,0.36,IGI,420.0
311,Temperley,2,Round,1,1,0,12.93,346.0,961.11,341.0,3.0,241.5204,18.0,18.0,Super Ideal,D,VS2,0.36,IGI,420.0
311,Vega Diamonds,2,Round,1,1,0,16.05,319.46,887.39,315.0,-2.0,234.4982,18.0,18.0,Super Ideal,D,VS2,0.36,IGI,420.0
313,Atkinson Crafts,2,Round,1,1,0,17.96,993.14,820.78,978.0,-60.0,1784.7025,18.0,18.0,Super Ideal,E,VVS2,1.21,IGI,3427.5
313,Avignon Diamonds,2,Round,1,1,0,12.92,967.0,799.17,952.0,-62.0,1817.183,18.0,18.0,Super Ideal,E,VVS2,1.21,IGI,3427.5
313,Bayside Gems,2,Round,1,1,0,20.81,942.0,778.51,928.0,-63.0,1810.199,18.0,18.0,Super Ideal,E,VVS2,1.21,IGI,3427.5
313,Emilia Sterling,2,Round,1,1,0,15.31,948.0,783.47,934.0,-62.0,1781.6946,18.0,18.0,Super Ideal,E,VVS2,1.21,IGI,3427.5
313,Eternity Fine Jewelers,2,Round,1,1,0,18.32,979.0,809.09,964.0,-62.0,1833.3774,18.0,18.0,Super Ideal,E,VVS2,1.21,IGI,3427.5
313,Fabiola,2,Round,1,1,0,10.39,966.0,798.35,952.0,-62.0,1826.1714,18.0,18.0,Super Ideal,E,VVS2,1.21,IGI,3427.5
313,Jane Brear,2,Round,1,1,0,92.91,991.0,819.01,976.0,-60.0,1784.577,18.0,18.0,Super Ideal,E,VVS2,1.21,IGI,3427.5
313,Joan Cooper,2,Round,1,1,0,18.98,973.0,804.13,958.0,-62.0,1816.1622,18.0,18.0,Super Ideal,E,VVS2,1.21,IGI,3427.5
313,Magnolia,2,Round,1,1,0,14.42,973.0,804.13,958.0,-61.0,1781.6946,18.0,18.0,Super Ideal,E,VVS2,1.21,IGI,3427.5
313,Marlowe & Co,2,Round,1,1,0,10.8,986.04,814.91,971.0,-60.0,1768.7458,18.0,18.0,Super Ideal,E,VVS2,1.21,IGI,3427.5
313,Michelle Kennedy,2,Round,1,1,0,19.22,1014.9,838.76,1000.0,-60.0,1813.8607,18.0,18.0,Super Ideal,E,VVS2,1.21,IGI,3427.5
313,Nebula Stones,2,Round,1,1,0,17.05,995.0,822.31,980.0,-60.0,1789.271,18.0,18.0,Super Ideal,E,VVS2,1.21,IGI,3427.5
313,Periwinkle Stones,2,Round,1,1,0,9.28,1011.0,835.54,996.0,-59.0,1773.8148,18.0,18.0,Super Ideal,E,VVS2,1.21,IGI,3427.5
313,Roma Diamonds,2,Round,1,1,0,12.82,970.0,801.65,955.0,-62.0,1810.613,18.0,18.0,Super Ideal,E,VVS2,1.21,IGI,3427.5
313,Rosella,2,Round,1,1,0,16.74,967.0,799.17,952.0,-62.0,1806.4113,18.0,18.0,Super Ideal,E,VVS2,1.21,IGI,3427.5
313,Serene Peaks Diamonds,2,Round,1,1,0,17.25,981.0,810.74,966.0,-60.0,1766.4642,18.0,18.0,Super Ideal,E,VVS2,1.21,IGI,3427.5
313,Sigma Diamonds,2,Round,1,1,0,14.2,973.0,804.13,958.0,-62.0,1815.9022,18.0,18.0,Super Ideal,E,VVS2,1.21,IGI,3427.5
313,Silva Diamonds,2,Round,1,1,0,13.81,973.0,804.13,958.0,-61.0,1795.6523,18.0,18.0,Super Ideal,E,VVS2,1.21,IGI,3427.5
313,Simetría,2,Round,1,1,0,93.01,966.0,798.35,952.0,-62.0,1809.9042,18.0,18.0,Super Ideal,E,VVS2,1.21,IGI,3427.5
313,Starlight Crafts,2,Round,1,1,0,11.57,976.0,806.61,961.0,-60.0,1759.399,18.0,18.0,Super Ideal,E,VVS2,1.21,IGI,3427.5
313,Taiga Gems,2,Round,1,1,0,11.97,954.0,788.43,940.0,-60.0,1718.5645,18.0,18.0,Super Ideal,E,VVS2,1.21,IGI,3427.5
313,Tamara,2,Round,1,1,0,16.46,1002.96,828.89,988.0,-59.0,1771.196,18.0,18.0,Super Ideal,E,VVS2,1.21,IGI,3427.5
313,Temperley,2,Round,1,1,0,20.31,1007.62,832.74,993.0,-60.0,1803.3225,18.0,18.0,Super Ideal,E,VVS2,1.21,IGI,3427.5
313,Tilia Diamonds,2,Round,1,1,0,17.79,974.1,805.04,959.0,-61.0,1801.261,18.0,18.0,Super Ideal,E,VVS2,1.21,IGI,3427.5
313,Vespera Gems,2,Round,1,1,0,17.65,958.0,791.74,944.0,-62.0,1802.2875,18.0,18.0,Super Ideal,E,VVS2,1.21,IGI,3427.5
313,White Lily,2,Round,1,1,0,15.66,1005.0,830.58,990.0,-61.0,1829.9736,18.0,18.0,Super Ideal,E,VVS2,1.21,IGI,3427.5
314,Michelle Kennedy,2,Marquise,2,2,0,14.81,319.24,602.34,314.0,-12.0,230.464,15.0,15.0,Very Good,I,VS1,0.53,IGI,530.0
317,The Diamond Source,2,Round,1,1,0,19.47,738.0,793.55,727.0,-52.0,1101.2125,18.0,18.0,Super Ideal,H,VVS1,0.93,IGI,1900.0
318,Century Stones,2,Round,1,1,0,17.18,1538.0,967.3,1515.0,-53.0,2350.8323,18.0,18.0,Ideal,G,VS1,1.59,IGI,4120.0
318,Diamonds by Zoya,2,Round,1,1,0,93.19,1316.0,827.67,1296.0,-60.0,2383.5957,18.0,18.0,Ideal,G,VS1,1.59,IGI,4120.0
318,Jane Brear,2,Round,1,1,0,18.55,1380.0,867.92,1359.0,-58.0,2367.5242,18.0,18.0,Ideal,G,VS1,1.59,IGI,4120.0
318,Magnolia,2,Round,1,1,0,16.42,1310.0,823.9,1290.0,-60.0,2318.2197,18.0,18.0,Ideal,G,VS1,1.59,IGI,4120.0
318,Marlowe & Co,2,Round,1,1,0,20.63,1322.0,831.45,1302.0,-60.0,2369.4211,18.0,18.0,Ideal,G,VS1,1.59,IGI,4120.0
318,Nova Stars,2,Round,1,1,0,10.71,1298.0,816.35,1279.0,-62.0,2438.4941,18.0,18.0,Ideal,G,VS1,1.59,IGI,4120.0
318,Stellar Radiance,2,Round,1,1,0,1.05,18761.0,11799.37,18480.0,469.0,2362.3899,18.0,18.0,Ideal,G,VS1,1.59,IGI,4120.0
318,Temperley,2,Round,1,1,0,17.87,1333.0,838.36,1313.0,-60.0,2397.6504,18.0,18.0,Ideal,G,VS1,1.59,IGI,4120.0
318,Vespera Gems,2,Round,1,1,0,10.6,1302.0,818.87,1282.0,-62.0,2445.7712,18.0,18.0,Ideal,G,VS1,1.59,IGI,4120.0
318,White Lily,2,Round,1,1,0,16.32,1312.0,825.16,1292.0,-61.0,2438.4771,18.0,18.0,Ideal,G,VS1,1.59,IGI,4120.0
319,Genesis Stones,2,Oval,1,1,0,16.31,3803.61,1188.63,3747.0,-63.0,6994.4053,15.0,15.0,Super Ideal,H,VS1,3.2,IGI,15390.0
319,Hoseki,2,Oval,1,1,0,14.81,3768.0,1177.5,3711.0,-62.0,6738.3618,15.0,15.0,Super Ideal,H,VS1,3.2,IGI,15390.0
319,Taiga Gems,2,Oval,1,1,0,14.96,3690.46,1153.27,3635.0,-64.0,6828.3564,15.0,15.0,Super Ideal,H,VS1,3.2,IGI,15390.0
321,Diamonds by Zoya,2,Oval,2,2,0,21.6,341.28,533.25,336.0,-53.0,487.5549,14.0,15.0,Very Good,F,VVS2,0.64,IGI,810.0
321,Marlowe & Co,2,Oval,1,1,0,16.93,362.0,565.62,357.0,-30.0,345.8931,15.0,15.0,Very Good,F,VVS2,0.64,IGI,810.0
324,Hill & Holland,2,Round,1,1,0,14.96,342.28,510.87,337.0,-49.0,480.7849,17.0,18.0,Ideal,E,VS2,0.67,IGI,886.67
324,Michelle Kennedy,2,Round,1,1,0,15.11,342.28,510.87,337.0,-48.0,471.4171,18.0,18.0,Ideal,E,VS2,0.67,IGI,886.67
324,Nova Stars,2,Round,1,1,0,13.16,323.38,482.66,319.0,-53.0,487.627,18.0,18.0,Ideal,E,VS2,0.67,IGI,886.67
324,Temperley,2,Round,1,1,0,14.72,351.31,524.34,346.0,-41.0,429.64,18.0,18.0,Ideal,E,VS2,0.67,IGI,886.67
324,Vega Diamonds,2,Round,1,1,0,16.84,312.71,466.73,308.0,-53.0,472.1929,18.0,18.0,Ideal,E,VS2,0.67,IGI,886.67
324,White Lily,2,Round,1,1,0,16.11,351.31,524.34,346.0,-45.0,459.4324,18.0,18.0,Ideal,E,VS2,0.67,IGI,886.67
334,Artemis Stones,2,Round,1,1,0,15.99,2264.0,1033.79,2230.0,-63.0,4362.6021,18.0,18.0,Super Ideal,G,VVS2,2.19,IGI,8755.0
334,Cirrus Gems,2,Round,1,1,0,20.44,2239.0,1022.37,2205.0,-63.0,4389.0625,18.0,18.0,Super Ideal,G,VVS2,2.19,IGI,8755.0
334,Elmwood Diamonds,2,Round,1,1,0,12.89,3459.62,1579.74,3408.0,-44.0,4420.4634,18.0,18.0,Super Ideal,G,VVS2,2.19,IGI,8755.0
334,Jane Brear,2,Round,1,1,0,12.16,2319.0,1058.9,2284.0,-61.0,4294.7603,18.0,18.0,Super Ideal,G,VVS2,2.19,IGI,8755.0
334,Meridian Crafts,2,Round,1,1,0,14.77,2292.0,1046.58,2258.0,-62.0,4360.3213,18.0,18.0,Super Ideal,G,VVS2,2.19,IGI,8755.0
334,N. B. Diamonds,2,Round,1,1,0,16.43,2291.27,1046.24,2257.0,-63.0,4392.9077,18.0,18.0,Super Ideal,G,VVS2,2.19,IGI,8755.0
335,Eternal Flame,2,Oval,2,2,0,10.98,365.0,715.69,360.0,-45.0,447.7046,15.0,15.0,Super Ideal,E,VS1,0.51,IGI,658.33
335,Meridian Crafts,2,Oval,1,1,0,13.97,339.0,664.71,334.0,-43.0,399.0556,15.0,15.0,Super Ideal,E,VS1,0.51,IGI,658.33
335,Michelle Kennedy,2,Oval,1,1,0,14.91,362.0,709.8,357.0,-31.0,352.4753,15.0,15.0,Super Ideal,E,VS1,0.51,IGI,658.33
335,Rosella,2,Oval,2,2,0,19.65,303.0,594.12,298.0,-57.0,475.6182,15.0,15.0,Super Ideal,E,VS1,0.51,IGI,658.33
338,Avignon Diamonds,2,Oval,1,1,0,19.19,1738.24,1107.16,1712.0,-61.0,2990.1265,15.0,15.0,Very Good,F,VVS2,1.57,IGI,4970.0
338,Diamonds by Zoya,2,Oval,1,1,0,91.43,1808.0,1151.59,1781.0,-60.0,3035.8484,15.0,15.0,Very Good,F,VVS2,1.57,IGI,4970.0
338,Jane Brear,2,Oval,1,1,0,20.2,1717.97,1094.25,1692.0,-61.0,2967.769,15.0,15.0,Very Good,F,VVS2,1.57,IGI,4970.0
338,Michelle Kennedy,2,Oval,1,1,0,22.58,1735.0,1105.1,1709.0,-62.0,3036.2991,15.0,15.0,Very Good,F,VVS2,1.57,IGI,4970.0
338,Rosella,2,Oval,1,1,0,11.39,1754.0,1117.2,1728.0,-60.0,2953.957,14.0,15.0,Very Good,F,VVS2,1.57,IGI,4970.0
338,Temperley,2,Oval,1,1,0,12.2,1760.0,1121.02,1734.0,-60.0,2973.8384,15.0,15.0,Very Good,F,VVS2,1.57,IGI,4970.0
342,Nova Stars,2,Round,1,1,0,10.78,314.42,483.72,310.0,-52.0,468.7498,18.0,18.0,Super Ideal,G,VS1,0.65,IGI,860.0
347,Albert's Creations,2,Oval,1,1,0,12.2,2625.0,1262.02,2586.0,-61.0,4485.8037,15.0,15.0,Super Ideal,E,VS1,2.08,IGI,8410.0
347,Avignon Diamonds,2,Oval,1,1,0,18.01,2605.0,1252.4,2566.0,-62.0,4604.9966,15.0,15.0,Super Ideal,E,VS1,2.08,IGI,8410.0
347,Dahlia Diamonds,2,Oval,1,1,0,11.43,2616.85,1258.1,2578.0,-62.0,4618.918,15.0,15.0,Super Ideal,E,VS1,2.08,IGI,8410.0
347,Eterna Luxe,2,Oval,1,1,0,13.58,2625.0,1262.02,2586.0,-62.0,4657.603,15.0,15.0,Super Ideal,E,VS1,2.08,IGI,8410.0
347,Eternity Fine Jewelers,2,Oval,1,1,0,13.79,2627.0,1262.98,2588.0,-60.0,4433.7319,15.0,15.0,Super Ideal,E,VS1,2.08,IGI,8410.0
347,Hazel Diamonds,2,Oval,1,1,0,14.07,2573.0,1237.02,2534.0,-62.0,4541.4443,15.0,15.0,Super Ideal,E,VS1,2.08,IGI,8410.0
347,Jane Brear,2,Oval,1,1,0,15.94,2592.39,1246.34,2554.0,-61.0,4486.7837,15.0,15.0,Super Ideal,E,VS1,2.08,IGI,8410.0
347,Marlowe & Co,2,Oval,1,1,0,14.0,2622.0,1260.58,2583.0,-62.0,4604.9966,15.0,15.0,Super Ideal,E,VS1,2.08,IGI,8410.0
347,Michelle Kennedy,2,Oval,1,1,0,16.93,2571.0,1236.06,2532.0,-63.0,4665.29,15.0,15.0,Super Ideal,E,VS1,2.08,IGI,8410.0
347,Riley Stones,2,Oval,1,1,0,26.98,2605.0,1252.4,2566.0,-62.0,4566.7412,15.0,15.0,Super Ideal,E,VS1,2.08,IGI,8410.0
347,Rosella,2,Oval,1,1,0,11.38,2548.0,1225.0,2510.0,-62.0,4488.8115,15.0,15.0,Super Ideal,E,VS1,2.08,IGI,8410.0
347,Taiga Gems,2,Oval,1,1,0,12.38,2614.0,1256.73,2575.0,-62.0,4643.7856,15.0,15.0,Super Ideal,E,VS1,2.08,IGI,8410.0
347,Temperley,2,Oval,1,1,0,12.8,2624.0,1261.54,2585.0,-62.0,4643.7856,15.0,15.0,Super Ideal,E,VS1,2.08,IGI,8410.0
347,Vega Diamonds,2,Oval,1,1,0,14.96,2546.0,1224.04,2508.0,-62.0,4556.3662,15.0,15.0,Super Ideal,E,VS1,2.08,IGI,8410.0
347,White Lily,2,Oval,1,1,0,14.03,2592.39,1246.34,2554.0,-61.0,4473.5215,15.0,15.0,Super Ideal,E,VS1,2.08,IGI,8410.0
348,Roma Diamonds,2,Round,1,1,0,12.75,432.0,1270.59,426.0,-25.0,414.5324,18.0,18.0,Super Ideal,E,VVS1,0.34,IGI,430.0
348,White Lily,2,Round,1,1,0,10.52,302.48,889.65,298.0,-46.0,402.6603,18.0,18.0,Super Ideal,E,VVS1,0.34,IGI,430.0
351,Rosella,2,Round,2,2,0,14.27,325.0,550.85,320.0,-45.0,420.3181,15.0,18.0,Very Good,E,SI1,0.59,IGI,750.0
351,Temperley,2,Round,2,3,0,21.07,342.0,579.66,337.0,-50.0,489.9655,16.0,18.0,Very Good,E,SI1,0.59,IGI,750.0
351,Rosella,2,Round,2,2,0,14.27,325.0,550.85,320.0,-45.0,420.3181,15.0,18.0,Very Good,E,SI1,0.59,IGI,750.0
351,Temperley,2,Round,2,3,0,21.07,342.0,579.66,337.0,-50.0,489.9655,16.0,18.0,Very Good,E,SI1,0.59,IGI,750.0
358,Diamonds by Zoya,2,Oval,2,2,0,14.33,325.36,793.56,320.0,-28.0,305.436,14.0,15.0,Very Good,E,VS2,0.41,IGI,420.0
360,Fabiola,2,Round,1,1,0,13.7,1456.0,898.77,1434.0,-56.0,2345.7988,18.0,18.0,Ideal,F,VS1,1.62,IGI,4870.0
360,Michelle Kennedy,2,Round,1,1,0,12.99,1464.0,903.7,1442.0,-57.0,2433.1758,18.0,18.0,Ideal,F,VS1,1.62,IGI,4870.0
360,Silva Diamonds,2,Round,1,1,0,13.78,1442.0,890.12,1420.0,-57.0,2414.978,18.0,18.0,Ideal,F,VS1,1.62,IGI,4870.0
360,Temperley,2,Round,1,1,0,12.97,1469.0,906.79,1447.0,-56.0,2376.0044,18.0,18.0,Ideal,F,VS1,1.62,IGI,4870.0
360,Verve Jewels,2,Round,1,1,0,93.79,1422.0,877.78,1401.0,-57.0,2382.5134,18.0,18.0,Ideal,F,VS1,1.62,IGI,4870.0
360,White Lily,2,Round,1,1,0,17.0,1490.0,919.75,1468.0,-56.0,2444.0532,18.0,18.0,Ideal,F,VS1,1.62,IGI,4870.0
364,Albert's Creations,2,Round,1,1,0,22.92,588.04,632.3,579.0,-49.0,829.4587,18.0,18.0,Ideal,F,SI2,0.93,IGI,1460.0
367,Michelle Kennedy,2,Round,1,1,0,16.85,316.0,564.29,311.0,-58.0,541.0836,18.0,18.0,Ideal,F,VVS2,0.56,IGI,878.0
367,White Lily,2,Round,1,1,0,19.77,315.0,562.5,310.0,-58.0,536.7927,18.0,18.0,Ideal,F,VVS2,0.56,IGI,878.0
370,Jane Brear,2,Round,1,1,0,20.87,2097.0,953.18,2066.0,-63.0,4082.3247,18.0,18.0,Ideal,H,VVS2,2.2,IGI,7650.0
370,Michelle Kennedy,2,Round,1,1,0,23.02,2097.0,953.18,2066.0,-63.0,4054.9019,18.0,18.0,Ideal,H,VVS2,2.2,IGI,7650.0
370,Oasis Diamonds,2,Round,1,1,0,20.43,2189.0,995.0,2156.0,-62.0,4073.7593,18.0,18.0,Ideal,H,VVS2,2.2,IGI,7650.0
370,Sunset Gems,2,Round,1,1,0,22.3,2096.0,952.73,2065.0,-63.0,4027.3447,18.0,18.0,Ideal,H,VVS2,2.2,IGI,7650.0
370,Taiga Gems,2,Round,1,1,0,18.16,2138.0,971.82,2106.0,-63.0,4083.9578,18.0,18.0,Ideal,H,VVS2,2.2,IGI,7650.0
374,Marlowe & Co,2,Round,1,1,0,17.58,363.0,511.27,358.0,-48.0,501.8041,18.0,18.0,Ideal,F,VS1,0.71,IGI,1090.0
374,Michelle Kennedy,2,Round,1,1,0,13.39,326.0,459.15,321.0,-57.0,544.2728,18.0,18.0,Ideal,F,VS1,0.71,IGI,1090.0
374,Nova Stars,2,Round,1,1,0,11.95,304.0,428.17,299.0,-60.0,541.8818,18.0,18.0,Ideal,F,VS1,0.71,IGI,1090.0
374,Temperley,2,Round,1,1,0,13.64,334.0,470.42,329.0,-54.0,518.3036,18.0,18.0,Ideal,F,VS1,0.71,IGI,1090.0
374,White Lily,2,Round,1,1,0,16.54,335.32,472.28,330.0,-54.0,522.7587,18.0,18.0,Ideal,F,VS1,0.71,IGI,1090.0
376,Cirrus Gems,2,Round,1,1,0,19.74,750.0,625.0,739.0,-60.0,1339.6611,18.0,18.0,Super Ideal,E,SI1,1.2,IGI,2110.0
376,Hoseki,2,Round,1,1,0,19.41,791.02,659.18,779.0,-60.0,1400.5547,18.0,18.0,Super Ideal,E,SI1,1.2,IGI,2110.0
376,Jane Brear,2,Round,1,1,0,18.46,796.25,663.54,784.0,-59.0,1385.8447,18.0,18.0,Super Ideal,E,SI1,1.2,IGI,2110.0
376,Michelle Kennedy,2,Round,1,1,0,22.6,796.25,663.54,784.0,-58.0,1368.2845,18.0,18.0,Super Ideal,E,SI1,1.2,IGI,2110.0
376,Oasis Diamonds,2,Round,1,1,0,16.86,787.0,655.83,775.0,-60.0,1395.9103,18.0,18.0,Super Ideal,E,SI1,1.2,IGI,2110.0
376,Serene Peaks Diamonds,2,Round,1,1,0,20.39,773.0,644.17,761.0,-60.0,1376.0262,18.0,18.0,Super Ideal,E,SI1,1.2,IGI,2110.0
376,Taiga Gems,2,Round,1,1,0,13.25,782.07,651.73,770.0,-59.0,1371.3695,18.0,18.0,Super Ideal,E,SI1,1.2,IGI,2110.0
376,Temperley,2,Round,1,1,0,21.26,796.25,663.54,784.0,-57.0,1317.1521,18.0,18.0,Super Ideal,E,SI1,1.2,IGI,2110.0
376,Vega Diamonds,2,Round,1,1,0,19.78,760.54,633.78,749.0,-61.0,1380.0303,18.0,18.0,Super Ideal,E,SI1,1.2,IGI,2110.0
376,White Lily,2,Round,1,1,0,21.74,796.25,663.54,784.0,-58.0,1343.6604,18.0,18.0,Super Ideal,E,SI1,1.2,IGI,2110.0
382,Hoseki,2,Pear,2,2,0,10.62,326.36,615.77,321.0,-44.0,377.8579,15.0,15.0,Super Ideal,G,VS1,0.53,IGI,590.0
387,Bayside Gems,2,Round,1,1,0,21.94,1262.42,799.0,1243.0,-59.0,2181.23,18.0,18.0,Ideal,D,SI1,1.58,IGI,4270.0
387,Hoseki,2,Round,1,1,0,16.08,1335.29,845.12,1315.0,-56.0,2177.0923,18.0,18.0,Ideal,D,SI1,1.58,IGI,4270.0
387,Jane Brear,2,Round,1,1,0,16.67,1345.24,851.42,1325.0,-56.0,2183.7983,18.0,18.0,Ideal,D,SI1,1.58,IGI,4270.0
387,Marlowe & Co,2,Round,1,1,0,15.93,1367.13,865.27,1347.0,-57.0,2270.3433,18.0,18.0,Ideal,D,SI1,1.58,IGI,4270.0
387,Michelle Kennedy,2,Round,1,1,0,12.95,1346.0,851.9,1326.0,-57.0,2251.8044,18.0,18.0,Ideal,D,SI1,1.58,IGI,4270.0
387,Taiga Gems,2,Round,1,1,0,16.56,1290.41,816.72,1271.0,-59.0,2257.0571,18.0,18.0,Ideal,D,SI1,1.58,IGI,4270.0
387,Temperley,2,Round,2,1,0,17.83,1697.0,1074.05,1672.0,-46.0,2229.4402,17.0,18.0,Ideal,D,SI1,1.58,IGI,4270.0
387,Thalassa Gems,2,Round,1,1,0,12.25,1299.0,822.15,1280.0,-59.0,2246.1946,18.0,18.0,Ideal,D,SI1,1.58,IGI,4270.0
387,Vega Diamonds,2,Round,1,1,0,21.15,1282.68,811.82,1263.0,-59.0,2240.0007,18.0,18.0,Ideal,D,SI1,1.58,IGI,4270.0
388,Michelle Kennedy,2,Round,1,1,0,12.74,335.0,507.58,330.0,-45.0,433.6098,18.0,18.0,Super Ideal,F,SI1,0.66,IGI,720.0
389,Fabiola,2,Round,1,1,0,10.09,1299.0,827.39,1280.0,-59.0,2284.52,18.0,18.0,Super Ideal,E,VS2,1.57,IGI,4575.0
389,Hazel Diamonds,2,Round,1,1,0,11.18,1266.0,806.37,1247.0,-58.0,2179.5508,18.0,18.0,Super Ideal,E,VS2,1.57,IGI,4575.0
389,Hill & Holland,2,Round,1,1,0,14.91,1328.0,845.86,1308.0,-58.0,2267.644,18.0,18.0,Super Ideal,E,VS2,1.57,IGI,4575.0
389,Jane Brear,2,Round,1,1,0,11.34,1340.0,853.5,1320.0,-58.0,2308.3904,18.0,18.0,Super Ideal,E,VS2,1.57,IGI,4575.0
389,La Marquise,2,Round,1,1,0,16.75,1438.0,915.92,1416.0,-55.0,2283.8979,18.0,18.0,Super Ideal,E,VS2,1.57,IGI,4575.0
389,Marlowe & Co,2,Round,1,1,0,10.64,1327.33,845.43,1307.0,-58.0,2266.9189,18.0,18.0,Super Ideal,E,VS2,1.57,IGI,4575.0
389,Mei & Co,2,Round,1,1,0,13.25,1289.0,821.02,1270.0,-60.0,2282.3943,18.0,18.0,Super Ideal,E,VS2,1.57,IGI,4575.0
389,Michelle Kennedy,2,Round,1,1,0,12.19,1286.0,819.11,1267.0,-60.0,2277.9592,18.0,18.0,Super Ideal,E,VS2,1.57,IGI,4575.0
389,Periwinkle Stones,2,Round,1,1,0,13.37,1327.0,845.22,1307.0,-58.0,2266.3484,18.0,18.0,Super Ideal,E,VS2,1.57,IGI,4575.0
389,Rosella,2,Round,1,1,0,10.12,1289.0,821.02,1270.0,-59.0,2256.4622,18.0,18.0,Super Ideal,E,VS2,1.57,IGI,4575.0
389,Silva Diamonds,2,Round,1,1,0,12.28,1290.0,821.66,1271.0,-59.0,2256.8889,18.0,18.0,Super Ideal,E,VS2,1.57,IGI,4575.0
389,Taiga Gems,2,Round,1,1,0,12.47,1294.0,824.2,1275.0,-58.0,2221.1262,18.0,18.0,Super Ideal,E,VS2,1.57,IGI,4575.0
389,Tamara,2,Round,1,1,0,10.84,1330.32,847.34,1310.0,-58.0,2260.2681,18.0,18.0,Super Ideal,E,VS2,1.57,IGI,4575.0
389,Temperley,2,Round,1,1,0,13.4,1332.0,848.41,1312.0,-58.0,2276.5625,18.0,18.0,Super Ideal,E,VS2,1.57,IGI,4575.0
389,Thalassa Gems,2,Round,1,1,0,12.02,1294.0,824.2,1275.0,-59.0,2253.7656,18.0,18.0,Super Ideal,E,VS2,1.57,IGI,4575.0
389,Vega Diamonds,2,Round,1,1,0,16.0,1273.03,810.85,1254.0,-60.0,2276.2295,18.0,18.0,Super Ideal,E,VS2,1.57,IGI,4575.0
389,White Lily,2,Round,1,1,0,16.63,1648.0,1049.68,1623.0,-48.0,2259.4106,18.0,18.0,Super Ideal,E,VS2,1.57,IGI,4575.0
392,Jane Brear,2,Round,1,1,0,17.45,3518.32,1667.45,3466.0,-13.0,2896.1094,17.0,18.0,Ideal,I,VS1,2.11,IGI,5085.0
392,White Lily,2,Round,1,1,0,20.94,1581.0,749.29,1557.0,-61.0,2895.0999,18.0,18.0,Ideal,I,VS1,2.11,IGI,5085.0
395,Cirrus Gems,2,Round,1,1,0,18.95,2904.76,1161.9,2861.0,-65.0,5920.6704,18.0,18.0,Ideal,G,VS1,2.5,IGI,9780.0
395,Jane Brear,2,Round,1,1,0,12.65,3028.0,1211.2,2983.0,-62.0,5676.7896,18.0,18.0,Ideal,G,VS1,2.5,IGI,9780.0
395,Lyra Stones,2,Round,1,1,0,15.52,2990.0,1196.0,2945.0,-62.0,5673.0547,18.0,18.0,Ideal,G,VS1,2.5,IGI,9780.0
395,Meridian Crafts,2,Round,1,1,0,12.17,3001.0,1200.4,2956.0,-63.0,5828.1011,18.0,18.0,Ideal,G,VS1,2.5,IGI,9780.0
395,Michelle Kennedy,2,Round,1,1,0,14.37,3050.67,1220.27,3005.0,-62.0,5796.9453,18.0,18.0,Ideal,G,VS1,2.5,IGI,9780.0
395,Oasis Diamonds,2,Round,1,1,0,18.04,3079.52,1231.81,3033.0,-61.0,5683.1538,17.0,18.0,Ideal,G,VS1,2.5,IGI,9780.0
395,Sonata Gems,2,Round,1,1,0,14.9,3010.87,1204.35,2966.0,-62.0,5722.4248,18.0,18.0,Ideal,G,VS1,2.5,IGI,9780.0
395,Temperley,2,Round,1,1,0,17.25,3021.0,1208.4,2976.0,-64.0,5927.1206,18.0,18.0,Ideal,G,VS1,2.5,IGI,9780.0
395,Vespera Gems,2,Round,1,1,0,11.19,2933.0,1173.2,2889.0,-64.0,5814.5059,18.0,18.0,Ideal,G,VS1,2.5,IGI,9780.0
397,Avignon Diamonds,2,Cushion,1,1,0,21.52,733.51,705.3,723.0,-62.0,1228.9188,15.0,15.0,Super Ideal,G,VS2,1.04,IGI,2050.0
397,Jane Brear,2,Cushion,1,1,0,20.53,756.68,727.58,745.0,-62.0,1251.8904,15.0,15.0,Super Ideal,G,VS2,1.04,IGI,2050.0
397,Michelle Kennedy,2,Cushion,1,1,0,21.06,756.68,727.58,745.0,-59.0,1160.1843,15.0,15.0,Super Ideal,G,VS2,1.04,IGI,2050.0
397,Periwinkle Stones,2,Cushion,1,1,0,17.46,760.18,730.94,749.0,-65.0,1378.9523,15.0,15.0,Super Ideal,G,VS2,1.04,IGI,2050.0
397,Temperley,2,Cushion,1,1,0,19.56,756.68,727.58,745.0,-62.0,1239.4857,15.0,15.0,Super Ideal,G,VS2,1.04,IGI,2050.0
400,55 E Diamonds,2,Princess,1,1,0,21.1,2197.0,1082.27,2164.0,-64.0,3868.7622,15.0,15.0,Super Ideal,G,VS1,2.03,IGI,6350.0
400,Jane Brear,2,Princess,1,1,0,14.19,2136.26,1052.34,2104.0,-65.0,3894.9258,15.0,15.0,Super Ideal,G,VS1,2.03,IGI,6350.0
400,La Marquise,2,Princess,1,1,0,17.32,2317.33,1141.54,2283.0,-63.0,3946.2932,15.0,15.0,Super Ideal,G,VS1,2.03,IGI,6350.0
400,Mei & Co,2,Princess,2,2,0,15.12,2115.0,1041.87,2083.0,-67.0,4063.2646,15.0,15.0,Super Ideal,G,VS1,2.03,IGI,6350.0
400,Michelle Kennedy,2,Princess,1,1,0,18.62,2121.0,1044.83,2089.0,-66.0,3922.0886,15.0,15.0,Super Ideal,G,VS1,2.03,IGI,6350.0
400,Periwinkle Stones,2,Princess,1,1,0,19.34,2140.0,1054.19,2108.0,-65.0,3876.0835,15.0,15.0,Super Ideal,G,VS1,2.03,IGI,6350.0
400,Serene Peaks Diamonds,2,Princess,1,1,0,16.88,2171.0,1069.46,2138.0,-65.0,3943.1646,15.0,15.0,Super Ideal,G,VS1,2.03,IGI,6350.0
400,Taiga Gems,2,Princess,1,1,0,17.96,2064.46,1016.98,2033.0,-66.0,3894.1716,15.0,15.0,Super Ideal,G,VS1,2.03,IGI,6350.0
400,Temperley,2,Princess,1,1,0,22.15,2108.0,1038.42,2076.0,-66.0,3929.8945,15.0,15.0,Super Ideal,G,VS1,2.03,IGI,6350.0
400,White Lily,2,Princess,1,1,0,15.26,2121.0,1044.83,2089.0,-66.0,3973.6045,15.0,15.0,Super Ideal,G,VS1,2.03,IGI,6350.0
401,Bonsai Gems,2,Oval,1,1,0,14.71,415.01,703.41,409.0,-52.0,585.0571,15.0,15.0,Super Ideal,D,VVS2,0.59,IGI,950.0
401,Cornerstone,2,Oval,2,2,0,18.03,373.0,632.2,367.0,-59.0,611.8268,15.0,15.0,Super Ideal,D,VVS2,0.59,IGI,950.0
401,Eternal Flame,2,Oval,2,2,0,15.52,381.0,645.76,375.0,-56.0,585.5282,15.0,15.0,Super Ideal,D,VVS2,0.59,IGI,950.0
401,Magnolia,2,Oval,2,2,0,10.94,358.0,606.78,353.0,-61.0,621.636,15.0,15.0,Super Ideal,D,VVS2,0.59,IGI,950.0
401,Meridian Crafts,2,Oval,1,2,0,11.95,362.0,613.56,357.0,-61.0,632.2634,15.0,15.0,Super Ideal,D,VVS2,0.59,IGI,950.0
401,Promenade Jewelry,2,Oval,1,2,0,18.3,355.18,602.0,350.0,-62.0,629.1653,15.0,15.0,Super Ideal,D,VVS2,0.59,IGI,950.0
401,Rosella,2,Oval,2,2,0,14.78,386.0,654.24,380.0,-55.0,582.3593,15.0,15.0,Super Ideal,D,VVS2,0.59,IGI,950.0
401,Temperley,2,Oval,1,2,0,19.1,372.55,631.44,367.0,-58.0,597.6269,15.0,15.0,Super Ideal,D,VVS2,0.59,IGI,950.0
401,Westminster Diamonds,2,Oval,1,1,0,11.35,366.16,620.61,361.0,-61.0,635.9719,15.0,15.0,Super Ideal,D,VVS2,0.59,IGI,950.0
401,White Lily,2,Oval,1,2,0,15.97,372.55,631.44,367.0,-57.0,578.458,15.0,15.0,Super Ideal,D,VVS2,0.59,IGI,950.0
402,Jane Brear,2,Round,1,1,0,29.79,729.0,602.48,718.0,-60.0,1310.2363,18.0,18.0,Super Ideal,H,SI1,1.21,IGI,1870.0
405,Jane Brear,2,Round,1,1,0,16.78,1302.95,1302.95,1283.0,-19.0,1157.4711,18.0,18.0,Super Ideal,G,VS1,1.0,IGI,2380.0
405,Michelle Kennedy,2,Round,1,1,0,11.63,1154.0,1154.0,1137.0,-28.0,1149.5811,18.0,18.0,Super Ideal,G,VS1,1.0,IGI,2380.0
405,Nebula Stones,2,Round,1,1,0,18.96,706.45,706.45,696.0,-58.0,1204.5054,18.0,18.0,Super Ideal,G,VS1,1.0,IGI,2380.0
405,Nova Stars,2,Round,1,1,0,13.87,696.0,696.0,686.0,-60.0,1245.0112,18.0,18.0,Super Ideal,G,VS1,1.0,IGI,2380.0
405,Roma Diamonds,2,Round,1,1,0,38.7,893.0,893.0,880.0,-48.0,1223.9998,18.0,18.0,Super Ideal,G,VS1,1.0,IGI,2380.0
405,Taiga Gems,2,Round,1,1,0,12.42,712.0,712.0,701.0,-56.0,1150.1848,18.0,18.0,Super Ideal,G,VS1,1.0,IGI,2380.0
406,Albert's Creations,2,Oval,1,1,0,15.96,6032.0,2010.67,5942.0,-62.0,10824.0889,14.0,15.0,Very Good,E,VVS2,3.0,IGI,18790.0
406,Avignon Diamonds,2,Oval,1,1,0,46.19,6021.0,2007.0,5931.0,-63.0,10818.085,15.0,15.0,Very Good,E,VVS2,3.0,IGI,18790.0
406,Eternal Flame,2,Oval,1,1,0,16.3,6021.0,2007.0,5931.0,-63.0,10910.4658,15.0,15.0,Very Good,E,VVS2,3.0,IGI,18790.0
406,Jane Brear,2,Oval,1,1,0,16.33,5986.0,1995.33,5896.0,-63.0,10799.4453,14.0,15.0,Very Good,E,VVS2,3.0,IGI,18790.0
406,Taiga Gems,2,Oval,1,1,0,19.17,6070.0,2023.33,5979.0,-63.0,10956.9609,15.0,15.0,Very Good,E,VVS2,3.0,IGI,18790.0
406,Temperley,2,Oval,1,1,0,22.21,6417.54,2139.18,6321.0,-60.0,10910.0684,15.0,15.0,Very Good,E,VVS2,3.0,IGI,18790.0
407,Temperley,2,Round,1,1,0,13.29,3656.62,1536.39,3602.0,-8.0,2860.4353,18.0,18.0,Ideal,J,VS1,2.38,IGI,4960.0
409,Serene Peaks Diamonds,2,Oval,1,1,0,12.15,1329.0,857.42,1309.0,-56.0,2033.7485,15.0,15.0,Super Ideal,H,VS2,1.55,IGI,3490.0
409,Taiga Gems,2,Oval,1,1,0,18.21,1308.0,843.87,1288.0,-57.0,2038.9299,15.0,15.0,Super Ideal,H,VS2,1.55,IGI,3490.0
409,White Lily,2,Oval,1,1,0,17.93,1460.0,941.94,1438.0,-49.0,1938.6433,15.0,15.0,Super Ideal,H,VS2,1.55,IGI,3490.0
412,Avignon Diamonds,2,Round,1,1,0,21.62,968.0,793.44,953.0,-64.0,1899.4148,18.0,18.0,Ideal,E,VVS2,1.22,IGI,3430.0
412,Bayside Gems,2,Round,1,1,0,20.5,958.39,785.57,944.0,-64.0,1907.0936,18.0,18.0,Ideal,E,VVS2,1.22,IGI,3430.0
412,Cirrus Gems,2,Round,1,1,0,17.52,962.25,788.73,948.0,-63.0,1874.2058,18.0,18.0,Ideal,E,VVS2,1.22,IGI,3430.0
412,Clermont Diamonds,2,Round,1,1,0,14.73,978.0,801.64,963.0,-63.0,1873.1448,18.0,18.0,Ideal,E,VVS2,1.22,IGI,3430.0
412,Diamonds by Zoya,2,Round,1,1,0,18.1,986.0,808.2,971.0,-62.0,1852.4957,18.0,18.0,Ideal,E,VVS2,1.22,IGI,3430.0
412,Emilia Sterling,2,Round,1,1,0,11.48,950.0,778.69,936.0,-65.0,1928.6527,18.0,18.0,Ideal,E,VVS2,1.22,IGI,3430.0
412,Eternity Fine Jewelers,2,Round,1,1,0,18.18,980.0,803.28,965.0,-64.0,1923.8666,18.0,18.0,Ideal,E,VVS2,1.22,IGI,3430.0
412,Fabiola,2,Round,1,1,0,10.61,981.0,804.1,966.0,-63.0,1879.9104,18.0,18.0,Ideal,E,VVS2,1.22,IGI,3430.0
412,Jane Brear,2,Round,1,1,0,22.28,955.5,783.2,941.0,-64.0,1877.5813,18.0,18.0,Ideal,E,VVS2,1.22,IGI,3430.0
412,Knox Diamonds,2,Round,1,1,0,20.01,981.0,804.1,966.0,-63.0,1880.1708,18.0,18.0,Ideal,E,VVS2,1.22,IGI,3430.0
412,Lotus Creation,2,Round,1,1,0,21.61,979.63,802.98,965.0,-63.0,1875.7192,18.0,18.0,Ideal,E,VVS2,1.22,IGI,3430.0
412,Magnolia,2,Round,1,1,0,16.84,981.0,804.1,966.0,-63.0,1902.7316,18.0,18.0,Ideal,E,VVS2,1.22,IGI,3430.0
412,Marlowe & Co,2,Round,1,1,0,12.08,983.0,805.74,968.0,-63.0,1915.3667,18.0,18.0,Ideal,E,VVS2,1.22,IGI,3430.0
412,Michelle Kennedy,2,Round,1,1,0,16.3,985.0,807.38,970.0,-63.0,1914.2416,18.0,18.0,Ideal,E,VVS2,1.22,IGI,3430.0
412,Roma Diamonds,2,Round,1,1,0,50.65,981.0,804.1,966.0,-63.0,1874.2756,18.0,18.0,Ideal,E,VVS2,1.22,IGI,3430.0
412,Rosella,2,Round,1,1,0,16.59,968.0,793.44,953.0,-63.0,1853.9158,18.0,18.0,Ideal,E,VVS2,1.22,IGI,3430.0
412,Seraphina Gems,2,Round,1,1,0,18.85,969.0,794.26,954.0,-63.0,1863.4871,18.0,18.0,Ideal,E,VVS2,1.22,IGI,3430.0
412,Sigma Diamonds,2,Round,1,1,0,11.06,981.0,804.1,966.0,-63.0,1912.46,18.0,18.0,Ideal,E,VVS2,1.22,IGI,3430.0
412,Silva Diamonds,2,Round,1,1,0,11.58,981.0,804.1,966.0,-66.0,2092.1694,18.0,18.0,Ideal,E,VVS2,1.22,IGI,3430.0
412,Simetría,2,Round,1,1,0,19.64,979.08,802.52,964.0,-63.0,1911.1401,18.0,18.0,Ideal,E,VVS2,1.22,IGI,3430.0
412,Starlight Crafts,2,Round,1,1,0,13.43,981.0,804.1,966.0,-63.0,1913.3313,18.0,18.0,Ideal,E,VVS2,1.22,IGI,3430.0
412,Taiga Gems,2,Round,1,1,0,10.71,957.0,784.43,943.0,-64.0,1896.4236,18.0,18.0,Ideal,E,VVS2,1.22,IGI,3430.0
412,Thalassa Gems,2,Round,1,1,0,9.2,981.0,804.1,966.0,-63.0,1889.6753,18.0,18.0,Ideal,E,VVS2,1.22,IGI,3430.0
412,Tilia Diamonds,2,Round,1,1,0,18.99,976.0,800.0,961.0,-62.0,1830.8781,18.0,18.0,Ideal,E,VVS2,1.22,IGI,3430.0
412,White Lily,2,Round,1,1,0,19.57,985.0,807.38,970.0,-62.0,1869.7198,18.0,18.0,Ideal,E,VVS2,1.22,IGI,3430.0
414,Bayside Gems,2,Oval,1,1,0,14.14,803.96,780.54,792.0,-67.0,1617.9281,15.0,15.0,Super Ideal,G,VVS2,1.03,IGI,2200.0
414,Emilia Sterling,2,Oval,1,1,0,12.93,792.39,769.31,781.0,-57.0,1231.9608,15.0,15.0,Super Ideal,G,VVS2,1.03,IGI,2200.0
414,Fabiola,2,Oval,1,1,0,16.0,798.0,774.76,786.0,-67.0,1617.9281,15.0,15.0,Super Ideal,G,VVS2,1.03,IGI,2200.0
414,Jane Brear,2,Oval,1,2,0,14.34,909.0,882.52,895.0,-64.0,1714.8521,15.0,15.0,Super Ideal,G,VVS2,1.03,IGI,2200.0
414,Marble Arch,2,Oval,1,1,0,14.99,800.0,776.7,788.0,-67.0,1623.0724,15.0,15.0,Super Ideal,G,VVS2,1.03,IGI,2200.0
414,Mei & Co,2,Oval,1,1,0,11.87,797.0,773.79,785.0,-67.0,1618.4518,15.0,15.0,Super Ideal,G,VVS2,1.03,IGI,2200.0
414,Michelle Kennedy,2,Oval,1,1,0,14.56,835.82,811.48,823.0,-65.0,1598.535,15.0,15.0,Super Ideal,G,VVS2,1.03,IGI,2200.0
414,Nova Stars,2,Oval,1,1,0,9.59,818.0,794.17,806.0,-68.0,1717.4226,15.0,15.0,Super Ideal,G,VVS2,1.03,IGI,2200.0
414,Periwinkle Stones,2,Oval,1,1,0,15.27,829.83,805.66,817.0,-66.0,1654.9591,15.0,15.0,Super Ideal,G,VVS2,1.03,IGI,2200.0
414,Rosella,2,Oval,1,1,0,12.87,784.67,761.82,773.0,-69.0,1691.8472,15.0,15.0,Super Ideal,G,VVS2,1.03,IGI,2200.0
414,Sonata Gems,2,Oval,1,1,0,13.95,808.94,785.38,797.0,-68.0,1677.9146,15.0,15.0,Super Ideal,G,VVS2,1.03,IGI,2200.0
414,Taiga Gems,2,Oval,1,1,0,10.85,806.94,783.44,795.0,-68.0,1690.9139,15.0,15.0,Super Ideal,G,VVS2,1.03,IGI,2200.0
414,Temperley,2,Oval,1,1,0,14.43,817.0,793.2,805.0,-68.0,1718.0393,15.0,15.0,Super Ideal,G,VVS2,1.03,IGI,2200.0
414,White Lily,2,Oval,1,1,0,13.17,864.66,839.48,852.0,-66.0,1712.1641,15.0,15.0,Super Ideal,G,VVS2,1.03,IGI,2200.0
416,Cirrus Gems,2,Cushion,1,1,0,16.5,907.24,907.24,894.0,-63.0,1528.0869,14.0,15.0,Very Good,D,VS1,1.0,IGI,2470.0
416,Eternal Flame,2,Cushion,1,1,0,12.37,876.0,876.0,863.0,-64.0,1543.1636,14.0,15.0,Very Good,D,VS1,1.0,IGI,2470.0
416,Jane Brear,2,Cushion,1,1,0,14.38,909.43,909.43,896.0,-64.0,1601.2156,14.0,15.0,Very Good,D,VS1,1.0,IGI,2470.0
416,Joan Cooper,2,Cushion,1,1,0,10.95,875.0,875.0,862.0,-62.0,1467.88,14.0,15.0,Very Good,D,VS1,1.0,IGI,2470.0
416,Marlowe & Co,2,Cushion,1,1,0,14.94,888.0,888.0,875.0,-61.0,1423.7126,14.0,15.0,Very Good,D,VS1,1.0,IGI,2470.0
416,Mei & Co,2,Cushion,1,1,0,10.58,862.0,862.0,849.0,-65.0,1532.1444,15.0,15.0,Very Good,D,VS1,1.0,IGI,2470.0
416,Michelle Kennedy,2,Cushion,1,1,0,89.79,891.0,891.0,878.0,-61.0,1459.0016,15.0,15.0,Very Good,D,VS1,1.0,IGI,2470.0
416,Periwinkle Stones,2,Cushion,1,1,0,15.9,889.0,889.0,876.0,-63.0,1505.1848,14.0,15.0,Very Good,D,VS1,1.0,IGI,2470.0
416,Promenade Jewelry,2,Cushion,1,2,0,13.67,848.0,848.0,835.0,-65.0,1526.7745,14.0,15.0,Very Good,D,VS1,1.0,IGI,2470.0
416,Simetría,2,Cushion,1,1,0,10.68,875.6,875.6,862.0,-62.0,1435.0559,14.0,15.0,Very Good,D,VS1,1.0,IGI,2470.0
416,Starlight Crafts,2,Cushion,1,2,0,13.18,862.0,862.0,849.0,-66.0,1618.6893,14.0,15.0,Very Good,D,VS1,1.0,IGI,2470.0
416,Temperley,2,Cushion,1,1,0,10.45,910.42,910.42,897.0,-63.0,1536.5752,14.0,15.0,Very Good,D,VS1,1.0,IGI,2470.0
416,The Diamond Source,2,Cushion,1,2,0,14.91,862.0,862.0,849.0,-65.0,1562.7643,14.0,15.0,Very Good,D,VS1,1.0,IGI,2470.0
416,Vega Diamonds,2,Cushion,1,1,0,15.17,843.0,843.0,830.0,-65.0,1524.6334,14.0,15.0,Very Good,D,VS1,1.0,IGI,2470.0
417,Michelle Kennedy,2,Oval,1,1,0,13.85,2382.03,1031.18,2346.0,-61.0,4080.6763,15.0,15.0,Super Ideal,G,VS2,2.31,IGI,7500.0
417,Nebula Stones,2,Oval,1,1,0,16.56,2328.0,1007.79,2293.0,-63.0,4218.5161,15.0,15.0,Super Ideal,G,VS2,2.31,IGI,7500.0
417,Temperley,2,Oval,1,1,0,18.97,2275.0,984.85,2241.0,-62.0,4033.708,15.0,15.0,Super Ideal,G,VS2,2.31,IGI,7500.0
417,White Lily,2,Oval,1,1,0,14.74,2271.0,983.12,2237.0,-63.0,4098.98,15.0,15.0,Super Ideal,G,VS2,2.31,IGI,7500.0
419,Jane Brear,2,Pear,1,1,0,15.4,319.0,678.72,314.0,-43.0,364.1093,15.0,15.0,Super Ideal,E,VVS2,0.47,IGI,510.0
419,Temperley,2,Pear,1,1,0,13.24,303.0,644.68,298.0,-42.0,338.3429,15.0,15.0,Super Ideal,E,VVS2,0.47,IGI,510.0
421,Jane Brear,2,Round,1,1,0,10.82,2650.68,1035.42,2611.0,-63.0,5140.6782,18.0,18.0,Ideal,G,VS2,2.56,IGI,9080.0
421,Michelle Kennedy,2,Round,1,1,0,18.14,2703.42,1056.02,2663.0,-63.0,5182.5562,18.0,18.0,Ideal,G,VS2,2.56,IGI,9080.0
421,Thalassa Gems,2,Round,1,1,0,19.24,2657.64,1038.14,2618.0,-64.0,5251.418,18.0,18.0,Ideal,G,VS2,2.56,IGI,9080.0
421,White Lily,2,Round,1,1,0,16.79,2700.0,1054.69,2660.0,-63.0,5247.8926,18.0,18.0,Ideal,G,VS2,2.56,IGI,9080.0
422,Camden Gems,2,Round,1,1,0,11.22,1359.0,860.13,1339.0,-60.0,2413.6016,18.0,18.0,Ideal,F,VS1,1.58,IGI,4723.33
422,Ember Star,2,Round,1,1,0,13.55,1373.0,868.99,1352.0,-59.0,2425.6362,18.0,18.0,Ideal,F,VS1,1.58,IGI,4723.33
422,Fabiola,2,Round,1,1,0,12.31,1368.0,865.82,1347.0,-59.0,2408.1846,18.0,18.0,Ideal,F,VS1,1.58,IGI,4723.33
422,Jane Brear,2,Round,1,1,0,13.65,1411.9,893.61,1391.0,-57.0,2362.8223,18.0,18.0,Ideal,F,VS1,1.58,IGI,4723.33
422,Marlowe & Co,2,Round,1,1,0,12.55,1384.0,875.95,1363.0,-59.0,2389.3669,18.0,18.0,Ideal,F,VS1,1.58,IGI,4723.33
422,Mei & Co,2,Round,1,1,0,15.31,1362.0,862.03,1342.0,-60.0,2433.9766,18.0,18.0,Ideal,F,VS1,1.58,IGI,4723.33
422,Michelle Kennedy,2,Round,1,1,0,12.98,1470.61,930.77,1449.0,-57.0,2444.1394,18.0,18.0,Ideal,F,VS1,1.58,IGI,4723.33
422,Nebula Stones,2,Round,1,1,0,13.19,1401.96,887.32,1381.0,-59.0,2451.3582,18.0,18.0,Ideal,F,VS1,1.58,IGI,4723.33
422,Periwinkle Stones,2,Round,1,1,0,10.51,1395.0,882.91,1374.0,-59.0,2435.8672,18.0,18.0,Ideal,F,VS1,1.58,IGI,4723.33
422,Rosella,2,Round,1,1,0,11.57,1356.0,858.23,1336.0,-60.0,2420.1587,18.0,18.0,Ideal,F,VS1,1.58,IGI,4723.33
422,Seraphina Gems,2,Round,1,1,0,14.19,1365.0,863.92,1345.0,-59.0,2399.3499,18.0,18.0,Ideal,F,VS1,1.58,IGI,4723.33
422,Serene Peaks Diamonds,2,Round,1,1,0,14.33,1382.06,874.72,1361.0,-58.0,2350.6223,17.0,18.0,Ideal,F,VS1,1.58,IGI,4723.33
422,Starlight Crafts,2,Round,1,1,0,13.91,1359.0,860.13,1339.0,-59.0,2346.1541,18.0,18.0,Ideal,F,VS1,1.58,IGI,4723.33
422,Taiga Gems,2,Round,1,1,0,12.72,1404.0,888.61,1383.0,-58.0,2402.3125,17.0,18.0,Ideal,F,VS1,1.58,IGI,4723.33
422,Temperley,2,Round,1,1,0,13.98,1419.86,898.65,1399.0,-57.0,2389.3975,18.0,18.0,Ideal,F,VS1,1.58,IGI,4723.33
422,Thalassa Gems,2,Round,1,1,0,14.95,1368.0,865.82,1347.0,-58.0,2347.3674,18.0,18.0,Ideal,F,VS1,1.58,IGI,4723.33
422,Tierra Mia Diamonds,2,Round,1,1,0,13.83,1347.0,852.53,1327.0,-60.0,2399.6902,18.0,18.0,Ideal,F,VS1,1.58,IGI,4723.33
422,Vespera Gems,2,Round,1,1,0,14.38,1361.0,861.39,1341.0,-60.0,2425.6565,18.0,18.0,Ideal,F,VS1,1.58,IGI,4723.33
422,White Lily,2,Round,1,1,0,16.78,1417.88,897.39,1397.0,-58.0,2426.2505,18.0,18.0,Ideal,F,VS1,1.58,IGI,4723.33
424,Hoseki,2,Princess,1,1,0,14.73,1625.83,1069.62,1601.0,-62.0,2712.1167,15.0,15.0,Super Ideal,D,VS2,1.52,IGI,4940.0
424,Jane Brear,2,Princess,1,1,0,14.58,1569.0,1032.24,1545.0,-62.0,2653.2739,15.0,15.0,Super Ideal,D,VS2,1.52,IGI,4940.0
424,Mei & Co,2,Princess,1,1,0,12.51,1597.0,1050.66,1573.0,-62.0,2693.9175,15.0,15.0,Super Ideal,D,VS2,1.52,IGI,4940.0
424,Periwinkle Stones,2,Princess,1,1,0,11.41,1644.74,1082.07,1620.0,-60.0,2633.9504,15.0,15.0,Super Ideal,D,VS2,1.52,IGI,4940.0
424,Taiga Gems,2,Princess,1,1,0,18.18,1532.0,1007.89,1509.0,-64.0,2686.873,15.0,15.0,Super Ideal,D,VS2,1.52,IGI,4940.0
424,Temperley,2,Princess,1,1,0,12.9,1614.0,1061.84,1590.0,-63.0,2749.2087,15.0,15.0,Super Ideal,D,VS2,1.52,IGI,4940.0
424,Vega Diamonds,2,Princess,1,1,0,13.85,1543.27,1015.31,1520.0,-64.0,2748.488,15.0,15.0,Super Ideal,D,VS2,1.52,IGI,4940.0
425,Avignon Diamonds,2,Oval,1,1,0,12.09,932.0,922.77,918.0,-59.0,1517.9366,15.0,15.0,Very Good,D,VS1,1.01,IGI,2490.0
425,Bayside Gems,2,Oval,1,1,0,14.36,953.21,943.77,939.0,-57.0,1499.4391,15.0,15.0,Very Good,D,VS1,1.01,IGI,2490.0
425,Cornerstone,2,Oval,1,2,0,13.22,976.0,966.34,961.0,-57.0,1521.4115,14.0,15.0,Very Good,D,VS1,1.01,IGI,2490.0
425,Eternity Fine Jewelers,2,Oval,1,1,0,12.89,965.15,955.59,951.0,-58.0,1542.6553,14.0,15.0,Very Good,D,VS1,1.01,IGI,2490.0
425,Hoseki,2,Oval,1,1,0,15.59,959.0,949.5,945.0,-58.0,1535.4222,15.0,15.0,Very Good,D,VS1,1.01,IGI,2490.0
425,Infinity Diamonds,2,Oval,1,1,0,14.94,977.7,968.02,963.0,-57.0,1525.7108,15.0,15.0,Very Good,D,VS1,1.01,IGI,2490.0
425,Iris Diamonds,2,Oval,1,1,0,88.51,945.0,935.64,931.0,-59.0,1544.4778,14.0,15.0,Very Good,D,VS1,1.01,IGI,2490.0
425,Jane Brear,2,Oval,1,2,0,14.46,971.0,961.39,956.0,-57.0,1522.4146,15.0,15.0,Very Good,D,VS1,1.01,IGI,2490.0
425,Knox Diamonds,2,Oval,2,1,0,14.43,944.0,934.65,930.0,-58.0,1517.9366,15.0,15.0,Very Good,D,VS1,1.01,IGI,2490.0
425,Marlene Crafts,2,Oval,1,1,0,13.27,936.0,926.73,922.0,-58.0,1501.8964,15.0,15.0,Very Good,D,VS1,1.01,IGI,2490.0
425,Marlowe & Co,2,Oval,2,2,0,14.7,949.0,939.6,935.0,-59.0,1563.6952,15.0,15.0,Very Good,D,VS1,1.01,IGI,2490.0
425,Michelle Kennedy,2,Oval,1,1,0,14.5,970.12,960.51,956.0,-58.0,1554.4021,14.0,15.0,Very Good,D,VS1,1.01,IGI,2490.0
425,Periwinkle Stones,2,Oval,1,1,0,12.5,965.0,955.45,951.0,-57.0,1517.7429,15.0,15.0,Very Good,D,VS1,1.01,IGI,2490.0
425,Riviera Jewels,2,Oval,1,1,0,14.36,951.0,941.58,937.0,-58.0,1510.8601,15.0,15.0,Very Good,D,VS1,1.01,IGI,2490.0
425,Roma Diamonds,2,Oval,1,1,0,35.09,1147.0,1135.64,1130.0,-48.0,1499.0137,15.0,15.0,Very Good,D,VS1,1.01,IGI,2490.0
425,Rosella,2,Oval,1,1,0,11.45,916.0,906.93,902.0,-60.0,1545.3663,15.0,15.0,Very Good,D,VS1,1.01,IGI,2490.0
425,Taiga Gems,2,Oval,1,1,0,15.19,958.18,948.69,944.0,-59.0,1580.8474,15.0,15.0,Very Good,D,VS1,1.01,IGI,2490.0
425,Temperley,2,Oval,1,1,0,14.76,969.01,959.42,954.0,-59.0,1587.3945,14.0,15.0,Very Good,D,VS1,1.01,IGI,2490.0
425,Verve Jewels,2,Oval,1,1,0,16.64,941.02,931.7,927.0,-58.0,1525.7108,15.0,15.0,Very Good,D,VS1,1.01,IGI,2490.0
425,White Lily,2,Oval,1,1,0,15.49,969.01,959.42,954.0,-59.0,1587.3945,14.0,15.0,Very Good,D,VS1,1.01,IGI,2490.0
425,Zimmerman Diamonds,2,Oval,1,1,0,12.06,953.21,943.77,939.0,-59.0,1554.4601,14.0,15.0,Very Good,D,VS1,1.01,IGI,2490.0
428,Cirrus Gems,2,Princess,1,2,0,18.24,890.0,712.0,877.0,-60.0,1426.2264,15.0,15.0,Super Ideal,H,VS1,1.25,IGI,2180.0
430,Avignon Diamonds,2,Round,1,1,0,69.0,732.0,677.78,721.0,-59.0,1272.8445,18.0,18.0,Super Ideal,F,VS1,1.08,IGI,2370.0
430,Clermont Diamonds,2,Round,1,1,0,11.54,704.0,651.85,693.0,-59.0,1238.193,18.0,18.0,Super Ideal,F,VS1,1.08,IGI,2370.0
430,Fabiola,2,Round,1,1,0,10.06,706.0,653.7,695.0,-60.0,1266.035,18.0,18.0,Super Ideal,F,VS1,1.08,IGI,2370.0
430,Jane Brear,2,Round,1,1,0,14.95,724.0,670.37,713.0,-59.0,1277.7848,18.0,18.0,Super Ideal,F,VS1,1.08,IGI,2370.0
430,Lotus Creation,2,Round,1,1,0,16.13,715.0,662.04,704.0,-59.0,1234.4972,18.0,18.0,Super Ideal,F,VS1,1.08,IGI,2370.0
430,Michelle Kennedy,2,Round,1,1,0,14.95,744.0,688.89,733.0,-57.0,1245.2693,18.0,18.0,Super Ideal,F,VS1,1.08,IGI,2370.0
430,Nova Stars,2,Round,1,1,0,10.77,701.0,649.07,690.0,-61.0,1289.4906,18.0,18.0,Super Ideal,F,VS1,1.08,IGI,2370.0
430,Roma Diamonds,2,Round,1,1,0,40.68,917.0,849.07,903.0,-49.0,1287.7587,18.0,18.0,Super Ideal,F,VS1,1.08,IGI,2370.0
430,Rosella,2,Round,1,1,0,14.98,703.0,650.93,692.0,-60.0,1243.6246,18.0,18.0,Super Ideal,F,VS1,1.08,IGI,2370.0
430,Serene Peaks Diamonds,2,Round,1,1,0,13.35,718.39,665.18,708.0,-58.0,1225.2338,18.0,18.0,Super Ideal,F,VS1,1.08,IGI,2370.0
430,Temperley,2,Round,1,1,0,12.17,733.0,678.7,722.0,-61.0,1332.9613,18.0,18.0,Super Ideal,F,VS1,1.08,IGI,2370.0
430,Thalassa Gems,2,Round,1,1,0,14.43,705.0,652.78,694.0,-60.0,1275.6593,18.0,18.0,Super Ideal,F,VS1,1.08,IGI,2370.0
430,Tierra Mia Diamonds,2,Round,1,1,0,92.81,706.49,654.16,696.0,-60.0,1279.2581,18.0,18.0,Super Ideal,F,VS1,1.08,IGI,2370.0
430,Westport Jewelry,2,Round,1,1,0,14.62,699.0,647.22,689.0,-61.0,1290.2672,18.0,18.0,Super Ideal,F,VS1,1.08,IGI,2370.0
430,White Lily,2,Round,1,1,0,13.81,732.0,677.78,721.0,-60.0,1298.6489,18.0,18.0,Super Ideal,F,VS1,1.08,IGI,2370.0
432,Artemis Stones,2,Round,1,1,0,19.55,1899.42,908.81,1871.0,-63.0,3683.1111,18.0,18.0,Ideal,G,VS1,2.09,IGI,7760.0
432,Avignon Diamonds,2,Round,1,1,0,61.34,1926.0,921.53,1897.0,-63.0,3678.1545,18.0,18.0,Ideal,G,VS1,2.09,IGI,7760.0
432,Camden Gems,2,Round,1,1,0,10.3,1938.0,927.27,1909.0,-63.0,3707.6416,18.0,18.0,Ideal,G,VS1,2.09,IGI,7760.0
432,Cirrus Gems,2,Round,1,1,0,20.47,1905.21,911.58,1877.0,-63.0,3660.8635,18.0,18.0,Ideal,G,VS1,2.09,IGI,7760.0
432,Clermont Diamonds,2,Round,1,1,0,16.67,1938.26,927.4,1909.0,-62.0,3674.8943,18.0,18.0,Ideal,G,VS1,2.09,IGI,7760.0
432,Diamonds by Zoya,2,Round,1,1,0,94.85,1926.0,921.53,1897.0,-64.0,3816.1892,18.0,18.0,Ideal,G,VS1,2.09,IGI,7760.0
432,Ember Star,2,Round,1,1,0,13.92,1929.0,922.97,1900.0,-62.0,3648.582,18.0,18.0,Ideal,G,VS1,2.09,IGI,7760.0
432,Jane Brear,2,Round,1,1,0,11.29,1958.0,936.84,1929.0,-63.0,3806.0266,18.0,18.0,Ideal,G,VS1,2.09,IGI,7760.0
432,Michelle Kennedy,2,Round,1,1,0,17.53,1989.0,951.67,1959.0,-61.0,3624.2175,18.0,18.0,Ideal,G,VS1,2.09,IGI,7760.0
432,Roma Diamonds,2,Round,1,1,0,11.17,1941.0,928.71,1912.0,-62.0,3648.5217,18.0,18.0,Ideal,G,VS1,2.09,IGI,7760.0
432,Sonata Gems,2,Round,1,1,0,11.03,1952.19,934.06,1923.0,-62.0,3708.4077,18.0,18.0,Ideal,G,VS1,2.09,IGI,7760.0
432,Taiga Gems,2,Round,1,1,0,13.95,1919.68,918.51,1891.0,-63.0,3758.3809,18.0,18.0,Ideal,G,VS1,2.09,IGI,7760.0
432,Tamara,2,Round,1,1,0,13.3,1960.0,937.8,1931.0,-62.0,3709.0454,18.0,18.0,Ideal,G,VS1,2.09,IGI,7760.0
432,Temperley,2,Round,1,1,0,12.8,1947.0,931.58,1918.0,-62.0,3639.5286,18.0,18.0,Ideal,G,VS1,2.09,IGI,7760.0
432,Westport Jewelry,2,Round,1,1,0,12.23,1900.0,909.09,1872.0,-64.0,3739.7581,18.0,18.0,Ideal,G,VS1,2.09,IGI,7760.0
432,White Lily,2,Round,1,1,0,12.29,1958.0,936.84,1929.0,-61.0,3589.1018,18.0,18.0,Ideal,G,VS1,2.09,IGI,7760.0
435,Jane Brear,2,Pear,2,2,0,16.62,318.0,578.18,313.0,-46.0,383.0452,14.0,15.0,Very Good,I,VVS2,0.55,IGI,560.0
439,Ithaca Diamonds,2,Emerald,1,1,0,14.06,595.0,661.11,586.0,-60.0,947.4357,14.0,15.0,Very Good,F,SI1,0.9,IGI,1410.0
439,Marlowe & Co,2,Emerald,1,1,0,16.54,616.0,684.44,607.0,-49.0,776.8523,14.0,15.0,Very Good,F,SI1,0.9,IGI,1410.0
439,Michelle Kennedy,2,Emerald,1,1,0,16.36,609.97,677.74,601.0,-50.0,786.1432,14.0,15.0,Very Good,F,SI1,0.9,IGI,1410.0
439,N. B. Diamonds,2,Emerald,2,2,0,19.18,627.0,696.67,618.0,-45.0,734.8984,14.0,15.0,Very Good,F,SI1,0.9,IGI,1410.0
443,Avignon Diamonds,2,Oval,1,1,0,49.67,2803.0,1380.79,2761.0,-62.0,5008.8008,15.0,15.0,Super Ideal,E,VVS2,2.03,IGI,10220.0
443,Bonsai Gems,2,Oval,1,1,0,14.95,2832.0,1395.07,2790.0,-61.0,4919.6797,15.0,15.0,Super Ideal,E,VVS2,2.03,IGI,10220.0
443,Dahlia Diamonds,2,Oval,1,1,0,15.91,2779.0,1368.97,2737.0,-63.0,5012.9419,15.0,15.0,Super Ideal,E,VVS2,2.03,IGI,10220.0
443,Ember Star,2,Oval,1,1,0,10.7,2804.0,1381.28,2762.0,-63.0,5117.9409,15.0,15.0,Super Ideal,E,VVS2,2.03,IGI,10220.0
443,Eternity Fine Jewelers,2,Oval,1,1,0,17.14,2812.0,1385.22,2770.0,-62.0,5043.2085,15.0,15.0,Super Ideal,E,VVS2,2.03,IGI,10220.0
443,Hazel Diamonds,2,Oval,1,1,0,11.56,2760.0,1359.61,2719.0,-63.0,4999.8369,15.0,15.0,Super Ideal,E,VVS2,2.03,IGI,10220.0
443,Jane Brear,2,Oval,1,1,0,15.16,2913.36,1435.15,2870.0,-61.0,5065.2432,15.0,15.0,Super Ideal,E,VVS2,2.03,IGI,10220.0
443,La Marquise,2,Oval,1,1,0,15.63,2984.0,1469.95,2939.0,-61.0,5111.4873,15.0,15.0,Super Ideal,E,VVS2,2.03,IGI,10220.0
443,Lotus Creation,2,Oval,1,1,0,14.47,2773.84,1366.42,2732.0,-63.0,5073.2319,15.0,15.0,Super Ideal,E,VVS2,2.03,IGI,10220.0
443,Meadow & Co,2,Oval,1,1,0,12.55,2878.0,1417.73,2835.0,-61.0,5027.646,15.0,15.0,Super Ideal,E,VVS2,2.03,IGI,10220.0
443,Michelle Kennedy,2,Oval,1,1,0,12.35,2861.62,1409.67,2819.0,-61.0,4989.6968,15.0,15.0,Super Ideal,E,VVS2,2.03,IGI,10220.0
443,Nebula Stones,2,Oval,1,1,0,15.79,2839.0,1398.52,2796.0,-62.0,5065.2432,15.0,15.0,Super Ideal,E,VVS2,2.03,IGI,10220.0
443,Periwinkle Stones,2,Oval,1,1,0,13.04,2846.0,1401.97,2803.0,-62.0,5036.6597,15.0,15.0,Super Ideal,E,VVS2,2.03,IGI,10220.0
443,Rosella,2,Oval,1,1,0,14.14,2728.0,1343.84,2687.0,-64.0,5044.6904,15.0,15.0,Super Ideal,E,VVS2,2.03,IGI,10220.0
443,Taiga Gems,2,Oval,1,1,0,10.75,2829.78,1393.98,2787.0,-62.0,4996.583,15.0,15.0,Super Ideal,E,VVS2,2.03,IGI,10220.0
443,Temperley,2,Oval,1,1,0,12.88,2810.0,1384.24,2768.0,-62.0,5043.2085,15.0,15.0,Super Ideal,E,VVS2,2.03,IGI,10220.0
443,Vespera Gems,2,Oval,1,1,0,17.42,2760.33,1359.77,2719.0,-63.0,4978.2324,15.0,15.0,Super Ideal,E,VVS2,2.03,IGI,10220.0
443,White Lily,2,Oval,1,1,0,12.71,2810.0,1384.24,2768.0,-63.0,5058.2744,15.0,15.0,Super Ideal,E,VVS2,2.03,IGI,10220.0
445,Promenade Jewelry,2,Oval,1,1,0,18.25,317.0,487.69,312.0,-34.0,325.8638,15.0,15.0,Super Ideal,E,SI1,0.65,IGI,670.0
450,Bayside Gems,2,Round,1,1,0,16.05,998.93,818.8,984.0,-67.0,2166.3464,18.0,18.0,Ideal,D,VVS2,1.22,IGI,3780.0
450,Ember Star,2,Round,1,1,0,16.75,1005.0,823.77,990.0,-67.0,2147.9138,18.0,18.0,Ideal,D,VVS2,1.22,IGI,3780.0
450,Emilia Sterling,2,Round,1,1,0,93.71,986.0,808.2,971.0,-68.0,2175.9194,18.0,18.0,Ideal,D,VVS2,1.22,IGI,3780.0
450,Jane Brear,2,Round,1,1,0,19.31,1018.23,834.61,1003.0,-66.0,2149.8914,18.0,18.0,Ideal,D,VVS2,1.22,IGI,3780.0
450,Marlowe & Co,2,Round,1,1,0,11.01,1019.0,835.25,1004.0,-66.0,2158.0066,18.0,18.0,Ideal,D,VVS2,1.22,IGI,3780.0
450,Meridian Gems,2,Round,1,1,0,17.66,1014.0,831.15,999.0,-66.0,2162.6506,18.0,18.0,Ideal,D,VVS2,1.22,IGI,3780.0
450,Michelle Kennedy,2,Round,1,1,0,12.63,1002.0,821.31,987.0,-67.0,2156.4495,18.0,18.0,Ideal,D,VVS2,1.22,IGI,3780.0
450,Riviera Jewels,2,Round,1,1,0,13.81,1008.0,826.23,993.0,-67.0,2170.7234,18.0,18.0,Ideal,D,VVS2,1.22,IGI,3780.0
450,Roma Diamonds,2,Round,1,1,0,48.81,1020.0,836.07,1005.0,-66.0,2145.7302,18.0,18.0,Ideal,D,VVS2,1.22,IGI,3780.0
450,Rosella,2,Round,1,1,0,14.38,1009.0,827.05,994.0,-66.0,2154.9519,18.0,18.0,Ideal,D,VVS2,1.22,IGI,3780.0
450,Serenade Diamonds,2,Round,1,1,0,13.72,1013.0,830.33,998.0,-66.0,2159.9768,18.0,18.0,Ideal,D,VVS2,1.22,IGI,3780.0
450,Silva Diamonds,2,Round,1,1,0,11.7,1020.0,836.07,1005.0,-66.0,2129.7002,18.0,18.0,Ideal,D,VVS2,1.22,IGI,3780.0
450,Simetría,2,Round,1,1,0,93.45,1006.0,824.59,991.0,-67.0,2171.7285,18.0,18.0,Ideal,D,VVS2,1.22,IGI,3780.0
450,Starlight Crafts,2,Round,1,1,0,14.92,1018.0,834.43,1003.0,-67.0,2182.0405,18.0,18.0,Ideal,D,VVS2,1.22,IGI,3780.0
450,Taiga Gems,2,Round,1,1,0,11.27,1003.0,822.13,988.0,-67.0,2154.1304,18.0,18.0,Ideal,D,VVS2,1.22,IGI,3780.0
450,Temperley,2,Round,1,1,0,18.61,1018.23,834.61,1003.0,-66.0,2151.7349,18.0,18.0,Ideal,D,VVS2,1.22,IGI,3780.0
450,Tilia Diamonds,2,Round,1,1,0,15.52,1015.9,832.7,1001.0,-66.0,2154.1719,18.0,18.0,Ideal,D,VVS2,1.22,IGI,3780.0
451,White Lily,2,Round,1,1,0,14.97,1185.0,774.51,1167.0,-44.0,1512.3833,18.0,18.0,Super Ideal,H,SI1,1.53,IGI,2910.0
456,Jane Brear,2,Round,1,1,0,10.61,1055.0,844.0,1039.0,-61.0,1931.7649,18.0,18.0,Ideal,G,VVS1,1.25,IGI,3320.0
456,Roma Diamonds,2,Round,1,1,0,37.6,1248.0,998.4,1229.0,-54.0,1946.2128,18.0,18.0,Ideal,G,VVS1,1.25,IGI,3320.0
458,Clermont Diamonds,2,Round,1,1,0,10.05,1273.0,821.29,1254.0,-60.0,2273.4399,18.0,18.0,Super Ideal,F,VS2,1.55,IGI,4234.0
458,Genesis Stones,2,Round,1,1,0,15.42,1391.0,897.42,1370.0,-56.0,2271.1418,18.0,18.0,Super Ideal,F,VS2,1.55,IGI,4234.0
458,Jane Brear,2,Round,1,1,0,13.95,1267.0,817.42,1248.0,-60.0,2271.5957,18.0,18.0,Super Ideal,F,VS2,1.55,IGI,4234.0
458,Michelle Kennedy,2,Round,1,1,0,22.53,1244.0,802.58,1225.0,-60.0,2247.8279,18.0,18.0,Super Ideal,F,VS2,1.55,IGI,4234.0
458,Periwinkle Stones,2,Round,1,1,0,12.12,1290.0,832.26,1271.0,-59.0,2260.156,18.0,18.0,Super Ideal,F,VS2,1.55,IGI,4234.0
458,Taiga Gems,2,Round,1,1,0,14.6,1302.0,840.0,1282.0,-58.0,2224.6731,18.0,18.0,Super Ideal,F,VS2,1.55,IGI,4234.0
458,Temperley,2,Round,1,1,0,13.14,1274.0,821.94,1255.0,-60.0,2254.6978,18.0,18.0,Super Ideal,F,VS2,1.55,IGI,4234.0
458,Vega Diamonds,2,Round,1,1,0,13.91,1238.0,798.71,1219.0,-61.0,2283.4805,18.0,18.0,Super Ideal,F,VS2,1.55,IGI,4234.0
458,White Lily,2,Round,1,1,0,93.62,1291.0,832.9,1272.0,-59.0,2255.6365,18.0,18.0,Super Ideal,F,VS2,1.55,IGI,4234.0
459,Jane Brear,2,Oval,1,1,0,15.25,1496.0,880.0,1474.0,-34.0,1538.3927,15.0,15.0,Super Ideal,J,VS2,1.7,IGI,2848.0
459,Michelle Kennedy,2,Oval,1,1,0,14.55,1496.0,880.0,1474.0,-37.0,1605.9098,15.0,15.0,Super Ideal,J,VS2,1.7,IGI,2848.0
459,Temperley,2,Oval,1,2,0,15.7,1496.0,880.0,1474.0,-36.0,1572.3292,15.0,15.0,Super Ideal,J,VS2,1.7,IGI,2848.0
459,White Lily,2,Oval,1,1,0,15.56,1496.0,880.0,1474.0,-37.0,1596.0001,15.0,15.0,Super Ideal,J,VS2,1.7,IGI,2848.0
460,Cirrus Gems,2,Round,1,1,0,21.16,880.0,715.45,867.0,-59.0,1535.3508,18.0,18.0,Ideal,H,VVS2,1.23,IGI,2450.0
460,Lotus Creation,2,Round,1,1,0,18.95,919.0,747.15,905.0,-57.0,1534.3798,18.0,18.0,Ideal,H,VVS2,1.23,IGI,2450.0
460,Sunset Gems,2,Round,1,1,0,19.17,886.97,721.11,874.0,-57.0,1462.4254,17.0,18.0,Ideal,H,VVS2,1.23,IGI,2450.0
460,Taiga Gems,2,Round,1,1,0,16.16,915.0,743.9,901.0,-58.0,1549.6538,18.0,18.0,Ideal,H,VVS2,1.23,IGI,2450.0
460,Temperley,2,Round,1,1,0,19.6,917.0,745.53,903.0,-57.0,1520.7655,18.0,18.0,Ideal,H,VVS2,1.23,IGI,2450.0
461,Bella Gems,2,Oval,1,1,0,16.06,5060.0,1681.06,4984.0,-64.0,9426.1611,15.0,15.0,Very Good,F,VVS2,3.01,IGI,19900.0
461,Diamonds by Zoya,2,Oval,1,1,0,94.88,5060.0,1681.06,4984.0,-64.0,9530.6309,15.0,15.0,Very Good,F,VVS2,3.01,IGI,19900.0
461,Jane Brear,2,Oval,1,1,0,16.52,5077.0,1686.71,5001.0,-64.0,9515.5654,15.0,15.0,Very Good,F,VVS2,3.01,IGI,19900.0
461,Michelle Kennedy,2,Oval,1,1,0,18.34,5060.0,1681.06,4984.0,-64.0,9359.7471,15.0,15.0,Very Good,F,VVS2,3.01,IGI,19900.0
461,Rosella,2,Oval,1,1,0,11.7,4925.0,1636.21,4851.0,-65.0,9361.3135,14.0,15.0,Very Good,F,VVS2,3.01,IGI,19900.0
461,Taiga Gems,2,Oval,1,1,0,17.69,5076.0,1686.38,5000.0,-63.0,9318.6562,15.0,15.0,Very Good,F,VVS2,3.01,IGI,19900.0
461,Temperley,2,Oval,1,1,0,16.14,5060.0,1681.06,4984.0,-64.0,9365.7852,14.0,15.0,Very Good,F,VVS2,3.01,IGI,19900.0
461,White Lily,2,Oval,1,1,0,11.04,4950.0,1644.52,4876.0,-65.0,9515.5654,15.0,15.0,Very Good,F,VVS2,3.01,IGI,19900.0
462,White Lily,2,Round,1,2,0,14.43,433.82,850.63,427.0,-15.0,363.813,18.0,18.0,Super Ideal,I,VS2,0.51,IGI,550.0
466,Albert's Creations,2,Round,1,1,0,13.28,3181.0,1056.81,3133.0,-66.0,6765.7778,18.0,18.0,Super Ideal,F,SI1,3.01,IGI,11620.0
466,Bayside Gems,2,Round,1,1,0,17.51,3190.0,1059.8,3142.0,-66.0,6756.1694,18.0,18.0,Super Ideal,F,SI1,3.01,IGI,11620.0
466,Jane Brear,2,Round,1,1,0,18.69,3214.0,1067.77,3166.0,-67.0,6878.8555,18.0,18.0,Super Ideal,F,SI1,3.01,IGI,11620.0
466,Kasai,2,Round,1,1,0,10.36,3147.0,1045.51,3100.0,-67.0,6812.5703,18.0,18.0,Super Ideal,F,SI1,3.01,IGI,11620.0
466,Mei & Co,2,Round,1,1,0,13.21,3147.0,1045.51,3100.0,-67.0,6883.8721,18.0,18.0,Super Ideal,F,SI1,3.01,IGI,11620.0
466,Michelle Kennedy,2,Round,1,1,0,15.45,3199.92,1063.1,3152.0,-66.0,6812.5884,18.0,18.0,Super Ideal,F,SI1,3.01,IGI,11620.0
466,Roma Diamonds,2,Round,1,1,0,12.64,3157.0,1048.84,3110.0,-67.0,6788.2764,18.0,18.0,Super Ideal,F,SI1,3.01,IGI,11620.0
466,Summit Gems,2,Round,1,1,0,17.74,3147.0,1045.51,3100.0,-67.0,6801.0928,18.0,18.0,Super Ideal,F,SI1,3.01,IGI,11620.0
466,Taiga Gems,2,Round,1,1,0,13.93,3192.0,1060.47,3144.0,-64.0,6404.8413,18.0,18.0,Super Ideal,F,SI1,3.01,IGI,11620.0
466,Temperley,2,Round,1,1,0,16.95,3211.86,1067.06,3164.0,-65.0,6632.7866,18.0,18.0,Super Ideal,F,SI1,3.01,IGI,11620.0
466,Thalassa Gems,2,Round,1,1,0,15.06,3147.0,1045.51,3100.0,-66.0,6657.1465,18.0,18.0,Super Ideal,F,SI1,3.01,IGI,11620.0
466,White Lily,2,Round,1,1,0,14.77,3202.9,1064.09,3155.0,-66.0,6785.4478,18.0,18.0,Super Ideal,F,SI1,3.01,IGI,11620.0
467,Avignon Diamonds,2,Round,1,1,0,64.14,1375.0,898.69,1354.0,-59.0,2393.363,18.0,18.0,Ideal,F,VS1,1.53,IGI,4576.67
467,Camden Gems,2,Round,1,1,0,10.4,1354.0,884.97,1334.0,-59.0,2390.5459,18.0,18.0,Ideal,F,VS1,1.53,IGI,4576.67
467,Fabiola,2,Round,1,1,0,10.38,1363.0,890.85,1343.0,-60.0,2409.978,18.0,18.0,Ideal,F,VS1,1.53,IGI,4576.67
467,Fuji Diamonds,2,Round,1,1,0,17.63,1363.0,890.85,1343.0,-60.0,2457.991,18.0,18.0,Ideal,F,VS1,1.53,IGI,4576.67
467,Hazel Diamonds,2,Round,1,1,0,12.45,1341.0,876.47,1321.0,-59.0,2338.8499,18.0,18.0,Ideal,F,VS1,1.53,IGI,4576.67
467,Jane Brear,2,Round,1,1,0,16.47,1470.61,961.18,1449.0,-56.0,2369.116,18.0,18.0,Ideal,F,VS1,1.53,IGI,4576.67
467,Marlowe & Co,2,Round,1,1,0,11.72,1383.0,903.92,1362.0,-60.0,2459.8269,18.0,18.0,Ideal,F,VS1,1.53,IGI,4576.67
467,Mei & Co,2,Round,1,1,0,14.99,1357.0,886.93,1337.0,-60.0,2435.239,18.0,18.0,Ideal,F,VS1,1.53,IGI,4576.67
467,Michelle Kennedy,2,Round,1,1,0,12.49,1394.0,911.11,1373.0,-59.0,2444.1394,18.0,18.0,Ideal,F,VS1,1.53,IGI,4576.67
467,Periwinkle Stones,2,Round,1,1,0,14.83,1389.0,907.84,1368.0,-59.0,2413.6931,18.0,18.0,Ideal,F,VS1,1.53,IGI,4576.67
467,Rosella,2,Round,1,1,0,12.64,1349.0,881.7,1329.0,-60.0,2432.1816,18.0,18.0,Ideal,F,VS1,1.53,IGI,4576.67
467,Temperley,2,Round,1,1,0,14.6,1390.0,908.5,1369.0,-59.0,2401.5071,18.0,18.0,Ideal,F,VS1,1.53,IGI,4576.67
467,White Lily,2,Round,1,1,0,14.41,1390.0,908.5,1369.0,-59.0,2408.9351,18.0,18.0,Ideal,F,VS1,1.53,IGI,4576.67
469,Mei & Co,2,Pear,2,3,0,17.57,349.0,684.31,344.0,-51.0,461.5126,14.0,15.0,Very Good,D,VS2,0.51,IGI,720.0
469,Michelle Kennedy,2,Pear,2,2,0,16.57,357.0,700.0,352.0,-47.0,439.112,15.0,15.0,Very Good,D,VS2,0.51,IGI,720.0
471,Hill & Holland,2,Round,1,1,0,13.11,345.26,500.38,340.0,-48.0,473.6982,18.0,18.0,Ideal,E,VS2,0.69,IGI,960.0
471,Mei & Co,2,Round,1,1,0,14.29,329.34,477.3,324.0,-52.0,487.2894,18.0,18.0,Ideal,E,VS2,0.69,IGI,960.0
471,Temperley,2,Round,1,1,0,13.81,357.0,517.39,352.0,-47.0,478.3099,18.0,18.0,Ideal,E,VS2,0.69,IGI,960.0
471,Vega Diamonds,2,Round,1,1,0,18.56,314.64,456.0,310.0,-52.0,470.5555,18.0,18.0,Ideal,E,VS2,0.69,IGI,960.0
472,White Lily,2,Oval,1,1,0,19.92,2920.0,1269.57,2876.0,-60.0,4867.5879,15.0,15.0,Super Ideal,G,VVS2,2.3,IGI,8090.0
477,Adalyn Jewelry,2,Oval,1,1,0,15.39,386.0,501.3,380.0,-37.0,413.0661,15.0,15.0,Super Ideal,D,VS2,0.77,IGI,1350.0
477,Albert's Creations,2,Oval,1,1,0,20.02,358.0,464.94,353.0,-41.0,409.549,15.0,15.0,Super Ideal,D,VS2,0.77,IGI,1350.0
477,Promenade Jewelry,2,Oval,1,1,0,14.34,370.14,480.7,365.0,-38.0,402.3505,15.0,15.0,Super Ideal,D,VS2,0.77,IGI,1350.0
477,Rosella,2,Oval,2,2,0,19.15,340.0,441.56,335.0,-57.0,536.3608,15.0,15.0,Super Ideal,D,VS2,0.77,IGI,1350.0
477,Vega Diamonds,2,Oval,1,1,0,23.05,347.0,450.65,342.0,-43.0,410.5242,15.0,15.0,Super Ideal,D,VS2,0.77,IGI,1350.0
479,Artemis Stones,2,Round,1,1,0,17.42,1853.0,869.95,1825.0,-60.0,3345.0149,18.0,18.0,Super Ideal,G,VS2,2.13,IGI,7160.0
479,White Lily,2,Round,1,1,0,14.95,1934.0,907.98,1905.0,-57.0,3228.9392,18.0,18.0,Super Ideal,G,VS2,2.13,IGI,7160.0
483,Temperley,2,Round,1,1,0,13.76,335.0,1116.67,330.0,-33.0,356.8847,18.0,18.0,Super Ideal,F,VVS2,0.3,IGI,350.0
491,Artemis Stones,2,Round,1,1,0,19.0,1892.66,932.34,1864.0,-62.0,3612.7896,18.0,18.0,Super Ideal,G,VS1,2.03,IGI,7270.0
491,Clermont Diamonds,2,Round,1,1,0,12.07,1929.0,950.25,1900.0,-64.0,3811.0981,18.0,18.0,Super Ideal,G,VS1,2.03,IGI,7270.0
491,Ember Star,2,Round,1,1,0,13.86,1929.0,950.25,1900.0,-63.0,3717.3474,18.0,18.0,Super Ideal,G,VS1,2.03,IGI,7270.0
491,Hazel Diamonds,2,Round,1,1,0,14.85,1865.0,918.72,1837.0,-64.0,3675.167,18.0,18.0,Super Ideal,G,VS1,2.03,IGI,7270.0
491,Jane Brear,2,Round,1,1,0,15.33,1959.16,965.1,1930.0,-62.0,3686.6619,18.0,18.0,Super Ideal,G,VS1,2.03,IGI,7270.0
491,Kara,2,Round,1,1,0,10.79,1982.0,976.35,1952.0,-61.0,3645.1008,18.0,18.0,Super Ideal,G,VS1,2.03,IGI,7270.0
491,Michelle Kennedy,2,Round,1,1,0,13.71,1947.0,959.11,1918.0,-62.0,3670.5757,18.0,18.0,Super Ideal,G,VS1,2.03,IGI,7270.0
491,Raelynn Jewels,2,Round,1,1,0,15.06,1945.22,958.24,1916.0,-62.0,3620.314,18.0,18.0,Super Ideal,G,VS1,2.03,IGI,7270.0
491,Roma Diamonds,2,Round,1,1,0,14.56,1934.0,952.71,1905.0,-62.0,3663.4895,18.0,18.0,Super Ideal,G,VS1,2.03,IGI,7270.0
491,Serene Peaks Diamonds,2,Round,1,1,0,12.09,1950.0,960.59,1921.0,-62.0,3643.8469,18.0,18.0,Super Ideal,G,VS1,2.03,IGI,7270.0
491,Sonata Gems,2,Round,1,1,0,14.83,1945.22,958.24,1916.0,-62.0,3698.3506,18.0,18.0,Super Ideal,G,VS1,2.03,IGI,7270.0
491,Temperley,2,Round,1,1,0,11.98,1949.0,960.1,1920.0,-62.0,3630.7886,18.0,18.0,Super Ideal,G,VS1,2.03,IGI,7270.0
491,Vespera Gems,2,Round,1,1,0,14.99,1941.88,956.59,1913.0,-63.0,3740.5542,18.0,18.0,Super Ideal,G,VS1,2.03,IGI,7270.0
491,Westport Jewelry,2,Round,1,1,0,15.17,1901.0,936.45,1872.0,-63.0,3645.5715,18.0,18.0,Super Ideal,G,VS1,2.03,IGI,7270.0
491,White Lily,2,Round,1,1,0,11.7,1958.0,964.53,1929.0,-61.0,3595.4106,18.0,18.0,Super Ideal,G,VS1,2.03,IGI,7270.0
492,Avignon Diamonds,2,Round,1,1,0,11.51,810.0,786.41,798.0,-56.0,1330.5903,18.0,18.0,Ideal,E,VVS2,1.03,IGI,2955.71
492,Eterna Luxe,2,Round,1,1,0,13.92,818.0,794.17,806.0,-55.0,1300.6179,18.0,18.0,Ideal,E,VVS2,1.03,IGI,2955.71
492,Eternity Fine Jewelers,2,Round,1,1,0,23.04,816.9,793.11,805.0,-55.0,1307.1736,18.0,18.0,Ideal,E,VVS2,1.03,IGI,2955.71
492,Fuji Diamonds,2,Round,1,1,0,22.38,812.66,788.99,800.0,-55.0,1290.9397,18.0,18.0,Ideal,E,VVS2,1.03,IGI,2955.71
492,Gemstone Harmony,2,Round,1,1,0,12.71,806.0,782.52,794.0,-56.0,1309.9569,18.0,18.0,Ideal,E,VVS2,1.03,IGI,2955.71
492,Hazel Diamonds,2,Round,1,1,0,11.48,798.0,774.76,786.0,-57.0,1316.2194,18.0,18.0,Ideal,E,VVS2,1.03,IGI,2955.71
492,Hoseki,2,Round,1,1,0,23.64,817.0,793.2,805.0,-55.0,1313.1974,18.0,18.0,Ideal,E,VVS2,1.03,IGI,2955.71
492,Jane Brear,2,Round,1,1,0,14.7,814.0,790.29,802.0,-56.0,1331.6208,18.0,18.0,Ideal,E,VVS2,1.03,IGI,2955.71
492,Marlowe & Co,2,Round,1,1,0,15.03,816.0,792.23,804.0,-55.0,1298.9994,18.0,18.0,Ideal,E,VVS2,1.03,IGI,2955.71
492,Michelle Kennedy,2,Round,1,1,0,14.18,823.0,799.03,811.0,-55.0,1299.3461,18.0,18.0,Ideal,E,VVS2,1.03,IGI,2955.71
492,N. B. Diamonds,2,Round,1,1,0,12.75,808.0,784.47,796.0,-56.0,1329.3077,18.0,18.0,Ideal,E,VVS2,1.03,IGI,2955.71
492,Promenade Jewelry,2,Round,1,1,0,13.58,811.0,787.38,799.0,-56.0,1330.2313,18.0,18.0,Ideal,E,VVS2,1.03,IGI,2955.71
492,Riviera Jewels,2,Round,1,1,0,12.74,803.0,779.61,791.0,-57.0,1328.873,18.0,18.0,Ideal,E,VVS2,1.03,IGI,2955.71
492,Serenade Diamonds,2,Round,1,1,0,10.96,792.0,768.93,780.0,-57.0,1325.5958,18.0,18.0,Ideal,E,VVS2,1.03,IGI,2955.71
492,Simetría,2,Round,1,1,0,93.0,806.0,782.52,794.0,-56.0,1325.3491,18.0,18.0,Ideal,E,VVS2,1.03,IGI,2955.71
492,Starlight Crafts,2,Round,1,1,0,13.41,809.0,785.44,797.0,-56.0,1302.1475,18.0,18.0,Ideal,E,VVS2,1.03,IGI,2955.71
492,Starlit Stones,2,Round,1,1,0,10.15,808.0,784.47,796.0,-54.0,1245.2896,18.0,18.0,Ideal,E,VVS2,1.03,IGI,2955.71
492,Stellar Radiance,2,Round,1,1,0,12.02,808.0,784.47,796.0,-55.0,1277.7262,18.0,18.0,Ideal,E,VVS2,1.03,IGI,2955.71
492,Temperley,2,Round,1,1,0,10.98,824.0,800.0,812.0,-55.0,1316.5466,18.0,18.0,Ideal,E,VVS2,1.03,IGI,2955.71
492,Thalassa Gems,2,Round,1,1,0,11.22,804.0,780.58,792.0,-57.0,1342.2773,18.0,18.0,Ideal,E,VVS2,1.03,IGI,2955.71
492,White Lily,2,Round,1,1,0,14.28,823.0,799.03,811.0,-55.0,1322.3505,18.0,18.0,Ideal,E,VVS2,1.03,IGI,2955.71
495,Avignon Diamonds,2,Round,1,1,0,14.31,1378.0,883.33,1357.0,-59.0,2404.9666,18.0,18.0,Ideal,F,VS1,1.56,IGI,4650.0
495,Camden Gems,2,Round,1,1,0,15.1,1355.0,868.59,1335.0,-60.0,2404.3855,18.0,18.0,Ideal,F,VS1,1.56,IGI,4650.0
495,Clermont Diamonds,2,Round,1,1,0,10.33,1361.0,872.44,1341.0,-60.0,2411.8718,18.0,18.0,Ideal,F,VS1,1.56,IGI,4650.0
495,Diamonds by Zoya,2,Round,1,1,0,93.64,1366.0,875.64,1346.0,-59.0,2373.4348,18.0,18.0,Ideal,F,VS1,1.56,IGI,4650.0
495,Ember Star,2,Round,1,1,0,12.86,1371.0,878.85,1350.0,-59.0,2408.3472,18.0,18.0,Ideal,F,VS1,1.56,IGI,4650.0
495,Emilia Sterling,2,Round,1,1,0,93.71,1340.0,858.97,1320.0,-61.0,2440.5688,18.0,18.0,Ideal,F,VS1,1.56,IGI,4650.0
495,Fabiola,2,Round,1,1,0,13.85,1366.0,875.64,1346.0,-59.0,2391.291,18.0,18.0,Ideal,F,VS1,1.56,IGI,4650.0
495,Hazel Diamonds,2,Round,1,1,0,10.65,1345.0,862.18,1325.0,-60.0,2422.7039,18.0,18.0,Ideal,F,VS1,1.56,IGI,4650.0
495,Jane Brear,2,Round,1,1,0,14.21,1401.0,898.08,1380.0,-59.0,2420.1919,18.0,18.0,Ideal,F,VS1,1.56,IGI,4650.0
495,Michelle Kennedy,2,Round,1,1,0,15.68,1475.58,945.88,1453.0,-57.0,2433.7322,18.0,18.0,Ideal,F,VS1,1.56,IGI,4650.0
495,Rosella,2,Round,1,1,0,12.46,1353.0,867.31,1333.0,-59.0,2391.291,18.0,18.0,Ideal,F,VS1,1.56,IGI,4650.0
495,Serene Peaks Diamonds,2,Round,1,1,0,14.5,1380.0,884.62,1359.0,-59.0,2391.8159,17.0,18.0,Ideal,F,VS1,1.56,IGI,4650.0
495,Starlight Crafts,2,Round,1,1,0,14.81,1357.0,869.87,1337.0,-60.0,2435.2505,18.0,18.0,Ideal,F,VS1,1.56,IGI,4650.0
495,Taiga Gems,2,Round,1,1,0,13.57,1359.0,871.15,1339.0,-59.0,2351.6248,18.0,18.0,Ideal,F,VS1,1.56,IGI,4650.0
495,Temperley,2,Round,1,1,0,13.45,1393.0,892.95,1372.0,-59.0,2403.2061,18.0,18.0,Ideal,F,VS1,1.56,IGI,4650.0
495,Thalassa Gems,2,Round,1,1,0,10.72,1365.0,875.0,1345.0,-59.0,2410.2263,18.0,18.0,Ideal,F,VS1,1.56,IGI,4650.0
495,Vespera Gems,2,Round,1,1,0,14.39,1365.69,875.44,1345.0,-60.0,2426.4609,18.0,18.0,Ideal,F,VS1,1.56,IGI,4650.0
495,White Lily,2,Round,1,1,0,14.93,1427.82,915.27,1406.0,-58.0,2441.2844,18.0,18.0,Ideal,F,VS1,1.56,IGI,4650.0
501,Jane Brear,2,Cushion,1,1,0,17.02,1797.0,1050.88,1770.0,-51.0,2313.6035,14.0,15.0,Very Good,G,VS2,1.71,IGI,5055.0
501,Sunset Gems,2,Cushion,1,1,0,17.02,1742.1,1018.77,1716.0,-51.0,2257.9985,14.0,15.0,Very Good,G,VS2,1.71,IGI,5055.0
502,Jane Brear,2,Oval,1,1,0,11.6,1075.0,711.92,1059.0,-53.0,1555.7406,14.0,15.0,Super Ideal,I,SI2,1.51,IGI,2610.0
502,Temperley,2,Oval,1,1,0,13.17,1075.0,711.92,1059.0,-49.0,1414.8975,14.0,15.0,Super Ideal,I,SI2,1.51,IGI,2610.0
502,White Lily,2,Oval,1,2,0,13.65,1075.0,711.92,1059.0,-48.0,1405.2626,14.0,15.0,Super Ideal,I,SI2,1.51,IGI,2610.0
505,Clermont Diamonds,2,Princess,1,1,0,17.03,5158.0,1702.31,5081.0,-64.0,9139.4316,15.0,15.0,Super Ideal,F,VVS2,3.03,IGI,16720.0
505,Ember Star,2,Princess,1,1,0,22.01,5001.25,1650.58,4926.0,-65.0,9048.958,15.0,15.0,Super Ideal,F,VVS2,3.03,IGI,16720.0
505,Genesis Stones,2,Princess,1,1,0,20.95,5354.0,1767.0,5274.0,-63.0,9090.8027,15.0,15.0,Super Ideal,F,VVS2,3.03,IGI,16720.0
505,Jane Brear,2,Princess,1,1,0,23.66,4966.0,1638.94,4892.0,-66.0,9244.9463,15.0,15.0,Super Ideal,F,VVS2,3.03,IGI,16720.0
505,Michelle Kennedy,2,Princess,1,1,0,23.68,5102.24,1683.91,5026.0,-64.0,9097.5332,15.0,15.0,Super Ideal,F,VVS2,3.03,IGI,16720.0
505,Rosella,2,Princess,1,1,0,10.44,4977.0,1642.57,4902.0,-65.0,9059.4443,15.0,15.0,Super Ideal,F,VVS2,3.03,IGI,16720.0
505,Serenade Diamonds,2,Princess,1,1,0,19.8,4982.19,1644.29,4907.0,-66.0,9188.8027,15.0,15.0,Super Ideal,F,VVS2,3.03,IGI,16720.0
505,White Lily,2,Princess,1,1,0,23.55,5062.0,1670.63,4986.0,-65.0,9257.8242,15.0,15.0,Super Ideal,F,VVS2,3.03,IGI,16720.0
509,Jane Brear,2,Princess,1,2,0,14.73,1986.0,988.06,1956.0,-47.0,2368.479,15.0,15.0,Super Ideal,J,VS2,2.01,IGI,3360.0
510,Camden Gems,2,Round,1,1,0,12.27,709.0,695.1,698.0,-59.0,1251.5309,18.0,18.0,Ideal,G,VS1,1.02,IGI,2075.71
510,Meridian Crafts,2,Round,1,1,0,11.28,706.0,692.16,695.0,-58.0,1207.4668,18.0,18.0,Ideal,G,VS1,1.02,IGI,2075.71
510,Michelle Kennedy,2,Round,1,1,0,11.01,720.0,705.88,709.0,-58.0,1231.9663,18.0,18.0,Ideal,G,VS1,1.02,IGI,2075.71
510,Nova Stars,2,Round,1,1,0,12.76,696.0,682.35,686.0,-60.0,1260.1637,18.0,18.0,Ideal,G,VS1,1.02,IGI,2075.71
510,Roma Diamonds,2,Round,1,1,0,54.09,698.0,684.31,688.0,-59.0,1227.7708,18.0,18.0,Ideal,G,VS1,1.02,IGI,2075.71
510,Taiga Gems,2,Round,1,1,0,11.58,714.0,700.0,703.0,-57.0,1187.7028,18.0,18.0,Ideal,G,VS1,1.02,IGI,2075.71
510,Temperley,2,Round,1,1,0,12.02,723.0,708.82,712.0,-57.0,1200.7512,18.0,18.0,Ideal,G,VS1,1.02,IGI,2075.71
510,White Lily,2,Round,1,1,0,14.64,723.0,708.82,712.0,-58.0,1226.603,18.0,18.0,Ideal,G,VS1,1.02,IGI,2075.71
515,Meridian Crafts,2,Round,1,1,0,14.35,323.0,897.22,318.0,-36.0,359.783,18.0,18.0,Super Ideal,F,VVS2,0.36,IGI,420.0
520,55 E Diamonds,2,Round,1,1,0,13.39,978.0,795.12,963.0,-63.0,1872.9539,18.0,18.0,Super Ideal,F,VVS2,1.23,IGI,3215.0
520,Jane Brear,2,Round,1,1,0,19.58,992.02,806.52,977.0,-61.0,1825.0387,18.0,18.0,Super Ideal,F,VVS2,1.23,IGI,3215.0
520,Lyra Stones,2,Round,1,1,0,20.61,973.11,791.15,959.0,-62.0,1833.3265,18.0,18.0,Super Ideal,F,VVS2,1.23,IGI,3215.0
520,Marlowe & Co,2,Round,1,1,0,10.99,987.0,802.44,972.0,-61.0,1834.1642,18.0,18.0,Super Ideal,F,VVS2,1.23,IGI,3215.0
520,Mei & Co,2,Round,1,1,0,18.74,953.21,774.97,939.0,-63.0,1855.277,18.0,18.0,Super Ideal,F,VVS2,1.23,IGI,3215.0
520,Michelle Kennedy,2,Round,1,1,0,17.49,994.0,808.13,979.0,-62.0,1865.5795,18.0,18.0,Super Ideal,F,VVS2,1.23,IGI,3215.0
520,Oasis Diamonds,2,Round,1,1,0,18.56,996.0,809.76,981.0,-62.0,1877.9742,18.0,18.0,Super Ideal,F,VVS2,1.23,IGI,3215.0
520,Periwinkle Stones,2,Round,1,1,0,7.61,1006.0,817.89,991.0,-61.0,1854.38,18.0,18.0,Super Ideal,F,VVS2,1.23,IGI,3215.0
520,Roma Diamonds,2,Round,1,1,0,38.37,1208.0,982.11,1190.0,-53.0,1853.355,18.0,18.0,Super Ideal,F,VVS2,1.23,IGI,3215.0
520,Rosella,2,Round,1,1,0,9.64,964.0,783.74,950.0,-63.0,1856.0306,18.0,18.0,Super Ideal,F,VVS2,1.23,IGI,3215.0
520,Starlight Crafts,2,Round,1,1,0,11.25,963.0,782.93,949.0,-63.0,1877.3436,18.0,18.0,Super Ideal,F,VVS2,1.23,IGI,3215.0
520,Tilia Diamonds,2,Round,1,1,0,20.72,966.14,785.48,952.0,-61.0,1793.6915,18.0,18.0,Super Ideal,F,VVS2,1.23,IGI,3215.0
520,White Lily,2,Round,1,1,0,14.42,988.0,803.25,973.0,-62.0,1857.1829,18.0,18.0,Super Ideal,F,VVS2,1.23,IGI,3215.0
522,White Lily,2,Princess,1,1,0,23.88,1310.0,873.33,1290.0,-59.0,2013.7594,15.0,15.0,Super Ideal,G,SI1,1.5,IGI,3360.0
525,Sunset Gems,2,Round,1,1,0,19.76,1159.0,673.84,1142.0,-47.0,1551.6497,18.0,18.0,Ideal,G,SI2,1.72,IGI,3235.0
534,Avignon Diamonds,2,Round,1,1,0,24.16,345.52,585.63,340.0,-55.0,548.6592,18.0,18.0,Ideal,D,VS1,0.59,IGI,925.0
534,Cornerstone,2,Round,2,2,0,12.75,344.0,583.05,339.0,-56.0,561.7137,18.0,18.0,Ideal,D,VS1,0.59,IGI,925.0
534,Eternity Fine Jewelers,2,Round,1,1,0,23.73,332.33,563.27,327.0,-56.0,545.3262,18.0,18.0,Ideal,D,VS1,0.59,IGI,925.0
534,Hill & Holland,2,Round,1,1,0,24.22,343.28,581.83,338.0,-55.0,545.2156,18.0,18.0,Ideal,D,VS1,0.59,IGI,925.0
534,Infinity Diamonds,2,Round,1,1,0,12.84,340.0,576.27,335.0,-58.0,583.5671,18.0,18.0,Ideal,D,VS1,0.59,IGI,925.0
534,Iris Diamonds,2,Round,1,1,0,53.84,335.0,567.8,330.0,-57.0,564.3064,18.0,18.0,Ideal,D,VS1,0.59,IGI,925.0
534,Lotus Creation,2,Round,1,1,0,25.04,332.98,564.37,328.0,-56.0,542.4457,18.0,18.0,Ideal,D,VS1,0.59,IGI,925.0
534,Mei & Co,2,Round,1,1,0,22.4,330.34,559.9,325.0,-59.0,572.6227,18.0,18.0,Ideal,D,VS1,0.59,IGI,925.0
534,Michelle Kennedy,2,Round,1,1,0,26.76,349.38,592.17,344.0,-57.0,577.5338,18.0,18.0,Ideal,D,VS1,0.59,IGI,925.0
534,Promenade Jewelry,2,Round,1,1,0,20.4,335.0,567.8,330.0,-56.0,539.7628,18.0,18.0,Ideal,D,VS1,0.59,IGI,925.0
534,Riviera Jewels,2,Round,1,1,0,23.09,326.36,553.15,321.0,-59.0,563.2464,18.0,18.0,Ideal,D,VS1,0.59,IGI,925.0
534,Rosella,2,Round,2,1,0,11.15,323.0,547.46,318.0,-61.0,586.3948,18.0,18.0,Ideal,D,VS1,0.59,IGI,925.0
534,Temperley,2,Round,1,1,0,10.61,343.0,581.36,338.0,-58.0,578.1829,18.0,18.0,Ideal,D,VS1,0.59,IGI,925.0
534,White Lily,2,Round,1,1,0,25.41,351.24,595.32,346.0,-54.0,546.0352,18.0,18.0,Ideal,D,VS1,0.59,IGI,925.0
539,Jane Brear,2,Round,1,1,0,12.59,322.38,767.57,318.0,-37.0,364.8764,18.0,18.0,Super Ideal,D,VVS2,0.42,IGI,540.0
539,Michelle Kennedy,2,Round,1,1,0,11.89,319.0,759.52,314.0,-41.0,384.0421,18.0,18.0,Super Ideal,D,VVS2,0.42,IGI,540.0
539,Temperley,2,Round,1,1,0,12.82,305.46,727.29,301.0,-49.0,427.775,18.0,18.0,Super Ideal,D,VVS2,0.42,IGI,540.0
539,White Lily,2,Round,1,1,0,13.17,322.38,767.57,318.0,-44.0,408.816,18.0,18.0,Super Ideal,D,VVS2,0.42,IGI,540.0
540,Cirrus Gems,2,Emerald,1,2,0,17.51,804.94,796.97,793.0,-64.0,1457.2092,14.0,15.0,Very Good,E,VS1,1.01,IGI,2285.71
540,Clermont Diamonds,2,Emerald,1,2,0,11.67,826.84,818.65,814.0,-64.0,1487.0105,14.0,15.0,Very Good,E,VS1,1.01,IGI,2285.71
540,Jane Brear,2,Emerald,1,1,0,13.04,841.0,832.67,828.0,-60.0,1358.5811,14.0,15.0,Very Good,E,VS1,1.01,IGI,2285.71
540,Michelle Kennedy,2,Emerald,1,1,0,18.93,827.0,818.81,815.0,-63.0,1439.7585,14.0,15.0,Very Good,E,VS1,1.01,IGI,2285.71
540,Phoenix Crafts,2,Emerald,1,1,0,16.27,823.0,814.85,811.0,-62.0,1405.3562,14.0,15.0,Very Good,E,VS1,1.01,IGI,2285.71
540,Rosella,2,Emerald,1,1,0,11.15,793.0,785.15,781.0,-66.0,1485.1292,14.0,15.0,Very Good,E,VS1,1.01,IGI,2285.71
540,Serene Peaks Diamonds,2,Emerald,1,1,0,11.75,814.0,805.94,802.0,-64.0,1438.9679,14.0,15.0,Very Good,E,VS1,1.01,IGI,2285.71
540,Taiga Gems,2,Emerald,1,1,0,12.89,818.0,809.9,806.0,-63.0,1419.8229,14.0,15.0,Very Good,E,VS1,1.01,IGI,2285.71
540,Temperley,2,Emerald,2,2,0,89.96,831.0,822.77,819.0,-62.0,1398.8499,14.0,15.0,Very Good,E,VS1,1.01,IGI,2285.71
540,Thalassa Gems,2,Emerald,1,1,0,13.21,809.0,800.99,797.0,-65.0,1489.2817,14.0,15.0,Very Good,E,VS1,1.01,IGI,2285.71
540,Westport Jewelry,2,Emerald,1,1,0,14.77,797.0,789.11,785.0,-64.0,1421.1747,14.0,15.0,Very Good,E,VS1,1.01,IGI,2285.71
540,White Lily,2,Emerald,1,1,0,12.08,872.62,863.98,860.0,-62.0,1470.9827,13.0,15.0,Very Good,E,VS1,1.01,IGI,2285.71
542,Clermont Diamonds,2,Round,1,1,0,13.73,1399.0,874.38,1378.0,-59.0,2419.3101,18.0,18.0,Ideal,G,VS1,1.6,IGI,4150.0
542,Lyra Stones,2,Round,1,1,0,18.03,1416.0,885.0,1395.0,-56.0,2322.6223,18.0,18.0,Ideal,G,VS1,1.6,IGI,4150.0
542,Nova Stars,2,Round,1,1,0,10.3,1386.0,866.25,1365.0,-58.0,2341.6465,18.0,18.0,Ideal,G,VS1,1.6,IGI,4150.0
542,Rosella,2,Round,1,1,0,12.13,1372.0,857.5,1351.0,-60.0,2470.5857,18.0,18.0,Ideal,G,VS1,1.6,IGI,4150.0
542,Tamara,2,Round,1,1,0,18.33,1430.0,893.75,1409.0,-57.0,2401.4717,18.0,18.0,Ideal,G,VS1,1.6,IGI,4150.0
542,Thalassa Gems,2,Round,1,1,0,15.77,1410.0,881.25,1389.0,-57.0,2372.5098,18.0,18.0,Ideal,G,VS1,1.6,IGI,4150.0
542,Westport Jewelry,2,Round,1,1,0,14.98,1382.0,863.75,1361.0,-59.0,2431.6545,18.0,18.0,Ideal,G,VS1,1.6,IGI,4150.0
542,White Lily,2,Round,1,1,0,17.75,1443.0,901.88,1421.0,-57.0,2394.0435,18.0,18.0,Ideal,G,VS1,1.6,IGI,4150.0
550,Diamonds by Zoya,2,Round,1,1,0,68.32,304.0,950.0,299.0,-31.0,316.2871,17.0,18.0,Very Good,E,VS1,0.32,IGI,370.0
555,Diamonds by Zoya,2,Pear,2,2,0,18.24,330.34,611.74,325.0,-59.0,519.6855,15.0,15.0,Super Ideal,E,VVS2,0.54,IGI,720.0
555,Michelle Kennedy,2,Pear,2,2,0,20.63,338.77,627.35,334.0,-58.0,527.6918,15.0,15.0,Super Ideal,E,VVS2,0.54,IGI,720.0
555,Rosella,2,Pear,2,2,0,11.6,331.0,612.96,326.0,-56.0,482.5934,15.0,15.0,Super Ideal,E,VVS2,0.54,IGI,720.0
555,Seraphina Gems,2,Pear,2,1,0,15.79,332.33,615.43,327.0,-53.0,459.9379,15.0,15.0,Super Ideal,E,VVS2,0.54,IGI,720.0
555,Starlight Crafts,2,Pear,1,2,0,14.09,357.0,661.11,352.0,-50.0,459.9977,15.0,15.0,Super Ideal,E,VVS2,0.54,IGI,720.0
555,Temperley,2,Pear,2,2,0,11.34,369.0,683.33,363.0,-46.0,439.2387,15.0,15.0,Super Ideal,E,VVS2,0.54,IGI,720.0
555,White Lily,2,Pear,2,1,0,17.71,333.94,618.41,329.0,-47.0,409.9643,15.0,15.0,Super Ideal,E,VVS2,0.54,IGI,720.0
556,Michelle Kennedy,2,Radiant,1,1,0,13.7,352.28,607.38,347.0,-65.0,648.9564,15.0,15.0,Super Ideal,G,VVS2,0.58,IGI,680.0
558,Magnolia,2,Round,3,3,0,14.0,315.0,617.65,310.0,-58.0,540.2528,15.0,18.0,Very Good,D,VS1,0.51,IGI,1085.0
558,Marlowe & Co,2,Round,2,2,0,14.97,341.28,669.18,336.0,-57.0,568.9654,16.0,18.0,Very Good,D,VS1,0.51,IGI,1085.0
558,Mei & Co,2,Round,2,3,0,22.04,320.39,628.22,316.0,-58.0,541.2971,14.0,18.0,Very Good,D,VS1,0.51,IGI,1085.0
558,Rosella,2,Round,2,2,0,20.06,305.0,598.04,300.0,-61.0,563.0667,16.0,18.0,Very Good,D,VS1,0.51,IGI,1085.0
558,Temperley,2,Round,1,2,0,24.48,336.31,659.43,331.0,-60.0,602.9755,16.0,18.0,Very Good,D,VS1,0.51,IGI,1085.0
558,Thalassa Gems,2,Round,1,1,0,10.86,328.0,643.14,323.0,-61.0,595.296,16.0,18.0,Very Good,D,VS1,0.51,IGI,1085.0
558,White Lily,2,Round,1,1,0,52.33,347.0,680.39,342.0,-54.0,540.1383,17.0,18.0,Very Good,D,VS1,0.51,IGI,1085.0
559,Albert's Creations,2,Oval,1,1,0,12.65,4730.0,1571.43,4659.0,-64.0,8815.6709,15.0,15.0,Very Good,E,VS2,3.01,IGI,15883.33
559,Jane Brear,2,Oval,1,1,0,12.12,4678.0,1554.15,4608.0,-65.0,8986.4443,15.0,15.0,Very Good,E,VS2,3.01,IGI,15883.33
559,Michelle Kennedy,2,Oval,1,1,0,14.71,4745.0,1576.41,4674.0,-64.0,8867.1025,15.0,15.0,Very Good,E,VS2,3.01,IGI,15883.33
559,Periwinkle Stones,2,Oval,1,1,0,11.38,4762.0,1582.06,4691.0,-65.0,9171.0869,15.0,15.0,Very Good,E,VS2,3.01,IGI,15883.33
559,Taiga Gems,2,Oval,1,1,0,11.24,4742.0,1575.42,4671.0,-65.0,9052.3311,15.0,15.0,Very Good,E,VS2,3.01,IGI,15883.33
559,Temperley,2,Oval,1,1,0,12.33,4678.0,1554.15,4608.0,-65.0,9059.917,14.0,15.0,Very Good,E,VS2,3.01,IGI,15883.33
559,Vega Diamonds,2,Oval,1,1,0,12.31,4541.0,1508.64,4473.0,-66.0,8943.293,14.0,15.0,Very Good,E,VS2,3.01,IGI,15883.33
559,White Lily,2,Oval,1,1,0,13.64,4695.0,1559.8,4625.0,-64.0,8882.2852,15.0,15.0,Very Good,E,VS2,3.01,IGI,15883.33
564,Taiga Gems,2,Oval,1,1,0,15.54,2084.0,997.13,2053.0,-63.0,3784.0732,15.0,15.0,Very Good,F,VS2,2.09,IGI,7520.0
575,Temperley,2,Emerald,1,1,0,17.5,828.0,788.57,816.0,-63.0,1420.5015,14.0,15.0,Very Good,E,VS2,1.05,IGI,2226.0
579,Bayside Gems,2,Round,1,1,0,17.44,892.76,769.62,879.0,-55.0,1417.8021,18.0,18.0,Ideal,E,VVS2,1.16,IGI,3330.0
579,Cascade Diamonds,2,Round,1,1,0,15.51,916.4,790.0,903.0,-53.0,1401.299,18.0,18.0,Ideal,E,VVS2,1.16,IGI,3330.0
579,Cirrus Gems,2,Round,1,1,0,93.13,896.62,772.95,883.0,-52.0,1324.1097,18.0,18.0,Ideal,E,VVS2,1.16,IGI,3330.0
579,Emilia Sterling,2,Round,1,1,0,15.05,879.0,757.76,866.0,-54.0,1382.2018,18.0,18.0,Ideal,E,VVS2,1.16,IGI,3330.0
579,Eterna Luxe,2,Round,1,1,0,14.21,919.0,792.24,905.0,-51.0,1345.251,18.0,18.0,Ideal,E,VVS2,1.16,IGI,3330.0
579,Eternity Fine Jewelers,2,Round,1,1,0,13.23,918.38,791.71,905.0,-52.0,1382.4093,18.0,18.0,Ideal,E,VVS2,1.16,IGI,3330.0
579,Fabiola,2,Round,1,1,0,10.27,901.0,776.72,887.0,-55.0,1418.6885,18.0,18.0,Ideal,E,VVS2,1.16,IGI,3330.0
579,Jane Brear,2,Round,1,1,0,12.71,928.34,800.29,914.0,-51.0,1367.463,18.0,18.0,Ideal,E,VVS2,1.16,IGI,3330.0
579,Magnolia,2,Round,1,1,0,12.6,901.0,776.72,887.0,-54.0,1396.327,18.0,18.0,Ideal,E,VVS2,1.16,IGI,3330.0
579,Marlowe & Co,2,Round,1,1,0,13.07,921.0,793.97,907.0,-53.0,1413.2269,18.0,18.0,Ideal,E,VVS2,1.16,IGI,3330.0
579,Meridian Gems,2,Round,1,1,0,12.47,914.4,788.28,901.0,-53.0,1381.3749,18.0,18.0,Ideal,E,VVS2,1.16,IGI,3330.0
579,Michelle Kennedy,2,Round,1,1,0,16.15,918.0,791.38,904.0,-53.0,1389.3848,18.0,18.0,Ideal,E,VVS2,1.16,IGI,3330.0
579,Nova Stars,2,Round,1,1,0,54.89,896.0,772.41,883.0,-54.0,1386.4318,18.0,18.0,Ideal,E,VVS2,1.16,IGI,3330.0
579,Silva Diamonds,2,Round,1,1,0,13.89,896.0,772.41,883.0,-55.0,1423.4456,18.0,18.0,Ideal,E,VVS2,1.16,IGI,3330.0
579,Simetría,2,Round,1,1,0,93.13,900.0,775.86,886.0,-53.0,1367.761,18.0,18.0,Ideal,E,VVS2,1.16,IGI,3330.0
579,Starlight Crafts,2,Round,1,1,0,11.75,910.0,784.48,896.0,-53.0,1395.7389,18.0,18.0,Ideal,E,VVS2,1.16,IGI,3330.0
579,Summit Gems,2,Round,1,1,0,12.33,906.44,781.41,893.0,-54.0,1396.3536,18.0,18.0,Ideal,E,VVS2,1.16,IGI,3330.0
579,Sunset Gems,2,Round,1,1,0,17.21,899.0,775.0,886.0,-54.0,1399.8665,18.0,18.0,Ideal,E,VVS2,1.16,IGI,3330.0
579,Temperley,2,Round,1,1,0,11.02,919.0,792.24,905.0,-53.0,1408.7428,18.0,18.0,Ideal,E,VVS2,1.16,IGI,3330.0
579,Vespera Gems,2,Round,1,1,0,18.34,893.73,770.46,880.0,-54.0,1395.632,18.0,18.0,Ideal,E,VVS2,1.16,IGI,3330.0
579,White Lily,2,Round,1,1,0,14.84,928.0,800.0,914.0,-53.0,1421.6699,18.0,18.0,Ideal,E,VVS2,1.16,IGI,3330.0
588,Lotus Creation,2,Princess,1,1,0,19.66,2143.6,1015.92,2111.0,-60.0,3444.2332,15.0,15.0,Super Ideal,G,SI1,2.11,IGI,6370.0
588,White Lily,2,Princess,1,2,0,17.54,2239.74,1061.49,2206.0,-57.0,3347.5017,15.0,15.0,Super Ideal,G,SI1,2.11,IGI,6370.0
590,Cirrus Gems,2,Round,1,1,0,19.61,2202.0,860.16,2169.0,-62.0,4146.3169,18.0,18.0,Ideal,I,VS1,2.56,IGI,6950.0
593,Tierra Mia Diamonds,2,Princess,1,1,0,11.88,948.0,752.38,934.0,-68.0,1892.5164,15.0,15.0,Super Ideal,G,VVS2,1.26,IGI,2690.0
596,Hoseki,2,Round,2,1,0,13.58,323.38,703.0,319.0,-33.0,345.1885,18.0,18.0,Super Ideal,E,VS1,0.46,IGI,540.0
596,Jane Brear,2,Round,1,1,0,15.27,344.27,748.41,339.0,-28.0,342.0093,18.0,18.0,Super Ideal,E,VS1,0.46,IGI,540.0
596,Michelle Kennedy,2,Round,1,1,0,13.14,344.27,748.41,339.0,-30.0,352.7702,18.0,18.0,Super Ideal,E,VS1,0.46,IGI,540.0
596,Promenade Jewelry,2,Round,1,1,0,16.57,312.0,678.26,307.0,-35.0,345.4489,18.0,18.0,Super Ideal,E,VS1,0.46,IGI,540.0
596,Rosella,2,Round,2,2,0,11.94,306.0,665.22,301.0,-39.0,359.7998,18.0,18.0,Super Ideal,E,VS1,0.46,IGI,540.0
596,Serenade Diamonds,2,Round,1,1,0,12.85,324.0,704.35,319.0,-34.0,349.9546,18.0,18.0,Super Ideal,E,VS1,0.46,IGI,540.0
596,Temperley,2,Round,1,1,0,13.52,344.0,747.83,339.0,-29.0,346.1657,18.0,18.0,Super Ideal,E,VS1,0.46,IGI,540.0
596,White Lily,2,Round,1,1,0,12.81,360.0,782.61,355.0,-28.0,355.7383,18.0,18.0,Super Ideal,E,VS1,0.46,IGI,540.0
611,Cirrus Gems,2,Round,1,1,0,17.03,1575.12,921.12,1551.0,-49.0,2196.5027,18.0,18.0,Ideal,F,VS2,1.71,IGI,4915.0
611,Clermont Diamonds,2,Round,1,1,0,14.98,1609.91,941.47,1586.0,-49.0,2260.3416,18.0,18.0,Ideal,F,VS2,1.71,IGI,4915.0
611,Jane Brear,2,Round,1,1,0,14.97,1646.72,962.99,1622.0,-48.0,2258.1785,18.0,18.0,Ideal,F,VS2,1.71,IGI,4915.0
611,Lotus Creation,2,Round,1,1,0,16.08,1597.32,934.11,1573.0,-49.0,2235.3162,18.0,18.0,Ideal,F,VS2,1.71,IGI,4915.0
611,Periwinkle Stones,2,Round,1,1,0,15.9,1676.58,980.46,1651.0,-47.0,2257.6545,18.0,18.0,Ideal,F,VS2,1.71,IGI,4915.0
611,Roma Diamonds,2,Round,1,1,0,36.02,1992.0,1164.91,1962.0,-36.0,2213.5962,18.0,18.0,Ideal,F,VS2,1.71,IGI,4915.0
611,Temperley,2,Round,1,1,0,14.06,1619.52,947.09,1595.0,-48.0,2241.9675,18.0,18.0,Ideal,F,VS2,1.71,IGI,4915.0
611,White Lily,2,Round,1,1,0,15.77,1653.69,967.07,1629.0,-47.0,2252.0889,18.0,18.0,Ideal,F,VS2,1.71,IGI,4915.0
613,Jane Brear,2,Round,1,1,0,10.48,347.0,889.74,342.0,-35.0,382.8254,18.0,18.0,Super Ideal,F,VVS2,0.39,IGI,450.0
613,Meridian Crafts,2,Round,1,1,0,13.0,327.0,838.46,322.0,-37.0,373.9994,18.0,18.0,Super Ideal,F,VVS2,0.39,IGI,450.0
619,55 E Diamonds,2,Round,1,2,0,13.32,1046.0,1005.77,1030.0,-52.0,1546.3868,18.0,18.0,Super Ideal,F,VVS1,1.04,IGI,3163.33
619,Camden Gems,2,Round,1,1,0,11.81,1033.0,993.27,1018.0,-51.0,1520.9524,18.0,18.0,Super Ideal,F,VVS1,1.04,IGI,3163.33
619,Clermont Diamonds,2,Round,1,1,0,11.32,1046.0,1005.77,1030.0,-52.0,1574.2296,18.0,18.0,Super Ideal,F,VVS1,1.04,IGI,3163.33
619,Joan Cooper,2,Round,1,1,0,17.37,1033.0,993.27,1018.0,-53.0,1563.3651,18.0,18.0,Super Ideal,F,VVS1,1.04,IGI,3163.33
619,Marlowe & Co,2,Round,1,1,0,13.5,1050.0,1009.62,1034.0,-53.0,1588.7129,18.0,18.0,Super Ideal,F,VVS1,1.04,IGI,3163.33
619,Meadow & Co,2,Round,1,1,0,10.01,1050.0,1009.62,1034.0,-51.0,1535.6591,18.0,18.0,Super Ideal,F,VVS1,1.04,IGI,3163.33
619,Michelle Kennedy,2,Round,1,1,0,17.75,1063.0,1022.12,1047.0,-51.0,1553.2856,18.0,18.0,Super Ideal,F,VVS1,1.04,IGI,3163.33
619,Roma Diamonds,2,Round,1,1,0,14.12,1038.0,998.08,1022.0,-54.0,1629.9655,18.0,18.0,Super Ideal,F,VVS1,1.04,IGI,3163.33
619,Rosella,2,Round,1,1,0,14.37,1031.0,991.35,1016.0,-51.0,1519.6659,18.0,18.0,Super Ideal,F,VVS1,1.04,IGI,3163.33
619,Serenade Diamonds,2,Round,1,1,0,15.29,1033.0,993.27,1018.0,-51.0,1501.3783,18.0,18.0,Super Ideal,F,VVS1,1.04,IGI,3163.33
619,Temperley,2,Round,2,1,0,18.05,1070.0,1028.85,1054.0,-52.0,1590.2056,18.0,18.0,Super Ideal,F,VVS1,1.04,IGI,3163.33
619,White Lily,2,Round,1,1,0,19.87,1063.0,1022.12,1047.0,-51.0,1562.5024,18.0,18.0,Super Ideal,F,VVS1,1.04,IGI,3163.33
621,Temperley,2,Oval,1,1,0,13.49,1787.46,1045.3,1761.0,-47.0,2265.0886,15.0,15.0,Very Good,G,VS2,1.71,IGI,4530.0
623,Albert's Creations,2,Round,1,1,0,13.2,4082.0,1478.99,4021.0,-61.0,7441.5801,18.0,18.0,Super Ideal,E,VS1,2.76,IGI,18220.0
623,Avignon Diamonds,2,Round,1,1,0,17.62,7105.21,2574.35,6999.0,-33.0,7548.1689,18.0,18.0,Super Ideal,E,VS1,2.76,IGI,18220.0
623,Bayside Gems,2,Round,1,1,0,16.34,4134.11,1497.87,4072.0,-62.0,7688.3315,18.0,18.0,Super Ideal,E,VS1,2.76,IGI,18220.0
623,CV Diamonds,2,Round,1,1,0,14.4,4050.0,1467.39,3989.0,-61.0,7375.4863,18.0,18.0,Super Ideal,E,VS1,2.76,IGI,18220.0
623,Emilia Sterling,2,Round,1,1,0,11.56,3937.0,1426.45,3878.0,-62.0,7357.1841,18.0,18.0,Super Ideal,E,VS1,2.76,IGI,18220.0
623,Michelle Kennedy,2,Round,1,1,0,12.91,4378.0,1586.23,4312.0,-59.0,7590.3481,18.0,18.0,Super Ideal,E,VS1,2.76,IGI,18220.0
623,Periwinkle Stones,2,Round,1,1,0,13.89,4112.0,1489.86,4050.0,-60.0,7431.1768,18.0,18.0,Super Ideal,E,VS1,2.76,IGI,18220.0
623,Vega Diamonds,2,Round,1,1,0,14.53,3919.0,1419.93,3860.0,-63.0,7634.0552,18.0,18.0,Super Ideal,E,VS1,2.76,IGI,18220.0
624,Jane Brear,2,Pear,1,1,0,12.45,1507.42,998.29,1485.0,-61.0,2526.4888,15.0,15.0,Very Good,F,VS1,1.51,IGI,4455.0
624,Marlowe & Co,2,Pear,1,1,0,11.09,1467.0,971.52,1445.0,-64.0,2617.4556,14.0,15.0,Very Good,F,VS1,1.51,IGI,4455.0
624,Michelle Kennedy,2,Pear,1,1,0,92.49,1471.0,974.17,1449.0,-62.0,2533.9773,15.0,15.0,Very Good,F,VS1,1.51,IGI,4455.0
624,Phoenix Crafts,2,Pear,1,1,0,14.74,1467.0,971.52,1445.0,-62.0,2526.4888,15.0,15.0,Very Good,F,VS1,1.51,IGI,4455.0
624,Taiga Gems,2,Pear,1,1,0,10.51,1497.0,991.39,1475.0,-62.0,2578.3267,14.0,15.0,Very Good,F,VS1,1.51,IGI,4455.0
624,Temperley,2,Pear,1,1,0,13.45,1509.0,999.34,1486.0,-62.0,2596.0825,14.0,15.0,Very Good,F,VS1,1.51,IGI,4455.0
624,Thalassa Gems,2,Pear,1,1,0,12.23,1467.0,971.52,1445.0,-62.0,2498.1619,15.0,15.0,Very Good,F,VS1,1.51,IGI,4455.0
624,White Lily,2,Pear,1,2,0,10.71,1487.0,984.77,1465.0,-62.0,2546.7031,15.0,15.0,Very Good,F,VS1,1.51,IGI,4455.0
630,Diamonds by Zoya,2,Pear,2,2,0,89.21,353.0,470.67,348.0,-58.0,548.6406,14.0,15.0,Very Good,E,VS1,0.75,IGI,1270.0
630,Fuji Diamonds,2,Pear,1,1,0,19.4,357.11,476.15,352.0,-54.0,504.2815,14.0,15.0,Very Good,E,VS1,0.75,IGI,1270.0
630,Jane Brear,2,Pear,1,2,0,11.97,396.0,528.0,390.0,-48.0,491.8381,15.0,15.0,Very Good,E,VS1,0.75,IGI,1270.0
630,Michelle Kennedy,2,Pear,2,2,0,16.91,381.08,508.11,375.0,-58.0,588.1912,14.0,15.0,Very Good,E,VS1,0.75,IGI,1270.0
630,Temperley,2,Pear,1,2,0,10.09,362.0,482.67,357.0,-50.0,465.8149,15.0,15.0,Very Good,E,VS1,0.75,IGI,1270.0
631,Albert's Creations,2,Round,1,1,0,10.66,3730.0,1457.03,3674.0,-64.0,7390.6885,18.0,18.0,Super Ideal,E,VS1,2.56,IGI,13520.0
631,Avignon Diamonds,2,Round,1,1,0,55.26,3628.0,1417.19,3574.0,-64.0,7211.6475,18.0,18.0,Super Ideal,E,VS1,2.56,IGI,13520.0
631,Century Stones,2,Round,1,1,0,18.35,3633.0,1419.14,3579.0,-64.0,7307.6904,18.0,18.0,Super Ideal,E,VS1,2.56,IGI,13520.0
631,Clermont Diamonds,2,Round,1,1,0,13.8,3727.0,1455.86,3671.0,-63.0,7287.3638,18.0,18.0,Super Ideal,E,VS1,2.56,IGI,13520.0
631,Jane Brear,2,Round,1,1,0,21.22,3756.0,1467.19,3700.0,-62.0,7169.7578,18.0,18.0,Super Ideal,E,VS1,2.56,IGI,13520.0
631,La Marquise,2,Round,1,1,0,17.76,3842.0,1500.78,3784.0,-63.0,7340.7148,18.0,18.0,Super Ideal,E,VS1,2.56,IGI,13520.0
631,Leann’s Diamonds,2,Round,1,1,0,14.27,4301.38,1680.23,4237.0,-60.0,7629.0532,18.0,18.0,Super Ideal,E,VS1,2.56,IGI,13520.0
631,Marlowe & Co,2,Round,1,1,0,13.54,3764.0,1470.31,3708.0,-63.0,7381.4326,18.0,18.0,Super Ideal,E,VS1,2.56,IGI,13520.0
631,Michelle Kennedy,2,Round,1,1,0,10.6,3806.0,1486.72,3749.0,-62.0,7092.7056,18.0,18.0,Super Ideal,E,VS1,2.56,IGI,13520.0
631,Periwinkle Stones,2,Round,1,1,0,12.68,3831.74,1496.77,3774.0,-62.0,7245.9014,18.0,18.0,Super Ideal,E,VS1,2.56,IGI,13520.0
631,Seraphina Gems,2,Round,1,1,0,14.85,4507.0,1760.55,4439.0,-56.0,7295.6768,18.0,18.0,Super Ideal,E,VS1,2.56,IGI,13520.0
631,Temperley,2,Round,1,1,0,20.51,3756.0,1467.19,3700.0,-62.0,7143.23,18.0,18.0,Super Ideal,E,VS1,2.56,IGI,13520.0
631,Tierra Mia Diamonds,2,Round,1,1,0,16.51,3633.0,1419.14,3579.0,-64.0,7138.0063,18.0,18.0,Super Ideal,E,VS1,2.56,IGI,13520.0
631,Vega Diamonds,2,Round,1,1,0,11.64,3581.0,1398.83,3527.0,-65.0,7396.7588,18.0,18.0,Super Ideal,E,VS1,2.56,IGI,13520.0
631,White Lily,2,Round,1,1,0,10.49,3893.0,1520.7,3835.0,-62.0,7390.2261,18.0,18.0,Super Ideal,E,VS1,2.56,IGI,13520.0
634,Jane Brear,2,Round,1,1,0,18.85,807.94,690.55,796.0,-52.0,1214.7792,18.0,18.0,Super Ideal,H,VS1,1.17,IGI,2327.5
634,Lotus Creation,2,Round,1,1,0,21.2,782.0,668.38,770.0,-51.0,1141.8044,18.0,18.0,Super Ideal,H,VS1,1.17,IGI,2327.5
634,Roma Diamonds,2,Round,1,1,0,13.12,775.0,662.39,763.0,-52.0,1160.0204,18.0,18.0,Super Ideal,H,VS1,1.17,IGI,2327.5
634,Temperley,2,Round,1,1,0,11.85,803.0,686.32,791.0,-47.0,1085.6781,18.0,18.0,Super Ideal,H,VS1,1.17,IGI,2327.5
634,White Lily,2,Round,1,1,0,21.74,802.0,685.47,790.0,-52.0,1205.4146,18.0,18.0,Super Ideal,H,VS1,1.17,IGI,2327.5
635,Bayside Gems,2,Round,1,1,0,17.27,963.22,764.46,949.0,-63.0,1865.1155,18.0,18.0,Super Ideal,E,VVS2,1.26,IGI,3620.0
635,Clermont Diamonds,2,Round,1,1,0,12.75,984.0,780.95,969.0,-63.0,1928.6493,18.0,18.0,Super Ideal,E,VVS2,1.26,IGI,3620.0
635,Emilia Sterling,2,Round,1,1,0,11.57,948.0,752.38,934.0,-64.0,1880.8552,18.0,18.0,Super Ideal,E,VVS2,1.26,IGI,3620.0
635,Eternity Fine Jewelers,2,Round,1,1,0,14.89,985.0,781.75,970.0,-61.0,1823.7467,18.0,18.0,Super Ideal,E,VVS2,1.26,IGI,3620.0
635,Fabiola,2,Round,1,1,0,12.84,966.0,766.67,952.0,-63.0,1876.7096,18.0,18.0,Super Ideal,E,VVS2,1.26,IGI,3620.0
635,Gemstone Harmony,2,Round,1,1,0,13.66,975.0,773.81,960.0,-63.0,1899.7029,18.0,18.0,Super Ideal,E,VVS2,1.26,IGI,3620.0
635,Jane Brear,2,Round,1,1,0,12.45,991.0,786.51,976.0,-63.0,1906.5692,18.0,18.0,Super Ideal,E,VVS2,1.26,IGI,3620.0
635,Magnolia,2,Round,1,1,0,14.38,966.0,766.67,952.0,-64.0,1915.194,18.0,18.0,Super Ideal,E,VVS2,1.26,IGI,3620.0
635,Marlowe & Co,2,Round,1,1,0,14.12,986.0,782.54,971.0,-62.0,1878.3633,18.0,18.0,Super Ideal,E,VVS2,1.26,IGI,3620.0
635,Michelle Kennedy,2,Round,1,1,0,20.0,988.0,784.13,973.0,-63.0,1912.366,18.0,18.0,Super Ideal,E,VVS2,1.26,IGI,3620.0
635,N. B. Diamonds,2,Round,1,1,0,12.25,980.0,777.78,965.0,-63.0,1911.1401,18.0,18.0,Super Ideal,E,VVS2,1.26,IGI,3620.0
635,Riviera Jewels,2,Round,1,1,0,14.25,972.0,771.43,957.0,-63.0,1902.762,18.0,18.0,Super Ideal,E,VVS2,1.26,IGI,3620.0
635,Roma Diamonds,2,Round,1,1,0,52.16,965.0,765.87,951.0,-64.0,1900.2898,18.0,18.0,Super Ideal,E,VVS2,1.26,IGI,3620.0
635,Rosella,2,Round,1,1,0,12.28,973.0,772.22,958.0,-63.0,1889.665,18.0,18.0,Super Ideal,E,VVS2,1.26,IGI,3620.0
635,Silva Diamonds,2,Round,1,1,0,11.12,967.0,767.46,952.0,-67.0,2093.3672,18.0,18.0,Super Ideal,E,VVS2,1.26,IGI,3620.0
635,Simetría,2,Round,1,1,0,93.41,971.0,770.63,956.0,-63.0,1861.5524,18.0,18.0,Super Ideal,E,VVS2,1.26,IGI,3620.0
635,Starlight Crafts,2,Round,1,1,0,10.36,967.0,767.46,952.0,-63.0,1867.1178,18.0,18.0,Super Ideal,E,VVS2,1.26,IGI,3620.0
635,Taiga Gems,2,Round,1,1,0,12.77,960.0,761.9,946.0,-63.0,1852.5221,18.0,18.0,Super Ideal,E,VVS2,1.26,IGI,3620.0
635,Tamara,2,Round,1,1,0,13.76,993.0,788.1,978.0,-63.0,1906.9501,18.0,18.0,Super Ideal,E,VVS2,1.26,IGI,3620.0
635,Tilia Diamonds,2,Round,1,1,0,15.21,980.08,777.84,965.0,-63.0,1908.9928,18.0,18.0,Super Ideal,E,VVS2,1.26,IGI,3620.0
635,United Diam,2,Round,1,1,0,17.37,969.98,769.83,955.0,-63.0,1891.9495,18.0,18.0,Super Ideal,E,VVS2,1.26,IGI,3620.0
635,White Lily,2,Round,1,1,0,17.57,997.0,791.27,982.0,-62.0,1856.0371,18.0,18.0,Super Ideal,E,VVS2,1.26,IGI,3620.0
642,Albert's Creations,2,Round,1,1,0,14.37,322.38,786.29,318.0,-34.0,351.4372,18.0,18.0,Super Ideal,E,VS1,0.41,IGI,480.0
642,Hoseki,2,Round,1,1,0,10.77,321.0,782.93,316.0,-36.0,359.2633,18.0,18.0,Super Ideal,E,VS1,0.41,IGI,480.0
642,Iris Diamonds,2,Round,1,1,0,28.57,315.0,768.29,310.0,-38.0,364.3192,18.0,18.0,Super Ideal,E,VS1,0.41,IGI,480.0
642,Jane Brear,2,Round,1,1,0,10.7,352.0,858.54,347.0,-17.0,302.404,18.0,18.0,Super Ideal,E,VS1,0.41,IGI,480.0
642,Marlowe & Co,2,Round,1,1,0,15.11,325.0,792.68,320.0,-36.0,364.4057,18.0,18.0,Super Ideal,E,VS1,0.41,IGI,480.0
642,Meridian Crafts,2,Round,1,1,0,13.49,318.0,775.61,313.0,-37.0,359.078,18.0,18.0,Super Ideal,E,VS1,0.41,IGI,480.0
642,Temperley,2,Round,1,1,0,13.88,340.0,829.27,335.0,-31.0,354.8655,18.0,18.0,Super Ideal,E,VS1,0.41,IGI,480.0
642,Vega Diamonds,2,Round,1,1,0,15.66,312.71,762.71,308.0,-39.0,365.0771,18.0,18.0,Super Ideal,E,VS1,0.41,IGI,480.0
642,Woodhouse Diamonds,2,Round,1,1,0,11.59,311.0,758.54,306.0,-35.0,341.1648,18.0,18.0,Super Ideal,E,VS1,0.41,IGI,480.0
644,Century Stones,2,Round,1,1,0,17.39,1530.0,980.77,1507.0,-53.0,2351.772,18.0,18.0,Super Ideal,G,VS1,1.56,IGI,4187.5
644,Clermont Diamonds,2,Round,1,1,0,16.3,1313.0,841.67,1293.0,-61.0,2414.998,18.0,18.0,Super Ideal,G,VS1,1.56,IGI,4187.5
644,Jane Brear,2,Round,1,1,0,13.38,1354.0,867.95,1334.0,-59.0,2391.7117,18.0,18.0,Super Ideal,G,VS1,1.56,IGI,4187.5
644,Serenade Diamonds,2,Round,1,1,0,12.62,1316.0,843.59,1296.0,-60.0,2352.3091,18.0,18.0,Super Ideal,G,VS1,1.56,IGI,4187.5
644,Serene Peaks Diamonds,2,Round,1,1,0,10.07,1334.0,855.13,1314.0,-59.0,2348.3972,18.0,18.0,Super Ideal,G,VS1,1.56,IGI,4187.5
644,Temperley,2,Round,1,1,0,16.17,1346.0,862.82,1326.0,-61.0,2486.439,18.0,18.0,Super Ideal,G,VS1,1.56,IGI,4187.5
644,Vespera Gems,2,Round,1,1,0,10.06,1299.0,832.69,1280.0,-61.0,2368.2708,18.0,18.0,Super Ideal,G,VS1,1.56,IGI,4187.5
645,Jane Brear,2,Round,1,1,0,11.7,334.0,470.42,329.0,-60.0,599.5514,18.0,18.0,Super Ideal,F,VVS2,0.71,IGI,1220.0
645,Nova Stars,2,Round,1,1,0,17.29,301.48,424.62,297.0,-65.0,611.8265,18.0,18.0,Super Ideal,F,VVS2,0.71,IGI,1220.0
645,Temperley,2,Round,1,1,0,16.28,326.0,459.15,321.0,-61.0,595.0532,18.0,18.0,Super Ideal,F,VVS2,0.71,IGI,1220.0
646,Diamonds by Zoya,2,Round,1,1,0,10.62,773.12,690.29,762.0,-66.0,1606.0558,18.0,18.0,Ideal,D,VS2,1.12,IGI,2660.0
646,Eternity Fine Jewelers,2,Round,1,1,0,15.45,771.0,688.39,759.0,-66.0,1634.0239,18.0,18.0,Ideal,D,VS2,1.12,IGI,2660.0
646,Jane Brear,2,Round,1,1,0,17.6,764.0,682.14,753.0,-66.0,1592.5227,18.0,18.0,Ideal,D,VS2,1.12,IGI,2660.0
646,Magnolia,2,Round,1,1,0,12.03,761.0,679.46,750.0,-66.0,1604.1667,18.0,18.0,Ideal,D,VS2,1.12,IGI,2660.0
646,Mei & Co,2,Round,1,1,0,14.97,766.15,684.06,755.0,-66.0,1605.5671,18.0,18.0,Ideal,D,VS2,1.12,IGI,2660.0
646,Michelle Kennedy,2,Round,1,1,0,16.27,934.27,834.17,920.0,-58.0,1584.2927,18.0,18.0,Ideal,D,VS2,1.12,IGI,2660.0
646,Roma Diamonds,2,Round,1,1,0,41.16,987.0,881.25,972.0,-55.0,1584.0002,18.0,18.0,Ideal,D,VS2,1.12,IGI,2660.0
646,Silva Diamonds,2,Round,1,1,0,13.59,758.0,676.79,747.0,-66.0,1598.9827,17.0,18.0,Ideal,D,VS2,1.12,IGI,2660.0
646,Tilia Diamonds,2,Round,1,1,0,14.06,767.0,684.82,755.0,-66.0,1618.5155,18.0,18.0,Ideal,D,VS2,1.12,IGI,2660.0
646,White Lily,2,Round,1,1,0,19.05,773.0,690.18,761.0,-66.0,1613.1962,18.0,18.0,Ideal,D,VS2,1.12,IGI,2660.0
648,Michelle Kennedy,2,Round,2,3,0,14.98,403.43,806.86,397.0,-39.0,472.0558,14.0,18.0,Very Good,G,VS1,0.5,IGI,710.0
649,CV Diamonds,2,Round,1,1,0,18.19,2854.0,1268.44,2811.0,-63.0,5588.7334,18.0,18.0,Super Ideal,F,VVS2,2.25,IGI,11150.0
649,Camden Gems,2,Round,1,1,0,16.4,2843.0,1263.56,2800.0,-64.0,5662.3369,18.0,18.0,Super Ideal,F,VVS2,2.25,IGI,11150.0
649,Cirrus Gems,2,Round,2,1,0,18.78,2774.81,1233.25,2733.0,-64.0,5534.5249,18.0,18.0,Super Ideal,F,VVS2,2.25,IGI,11150.0
649,Jane Brear,2,Round,1,1,0,14.45,2873.0,1276.89,2830.0,-63.0,5560.8779,18.0,18.0,Super Ideal,F,VVS2,2.25,IGI,11150.0
649,Lyra Stones,2,Round,1,1,0,17.51,2872.0,1276.44,2829.0,-63.0,5613.5508,18.0,18.0,Super Ideal,F,VVS2,2.25,IGI,11150.0
649,Michelle Kennedy,2,Round,1,1,0,17.15,2910.0,1293.33,2866.0,-63.0,5699.0498,18.0,18.0,Super Ideal,F,VVS2,2.25,IGI,11150.0
649,Seraphina Gems,2,Round,1,1,0,15.07,3647.0,1620.89,3592.0,-54.0,5666.5259,18.0,18.0,Super Ideal,F,VVS2,2.25,IGI,11150.0
651,Cirrus Gems,2,Round,1,1,0,22.18,1008.0,654.55,993.0,-62.0,1911.7664,18.0,18.0,Ideal,I,VS1,1.54,IGI,3092.0
654,Meridian Crafts,2,Round,1,1,0,14.09,327.0,681.25,322.0,-31.0,340.9948,18.0,18.0,Ideal,E,VS1,0.48,IGI,570.0
654,Michelle Kennedy,2,Round,1,1,0,12.01,349.24,727.58,344.0,-28.0,345.719,18.0,18.0,Ideal,E,VS1,0.48,IGI,570.0
654,Tilia Diamonds,2,Round,1,1,0,11.33,327.0,681.25,322.0,-35.0,360.597,18.0,18.0,Ideal,E,VS1,0.48,IGI,570.0
657,Emilia Sterling,2,Round,1,1,0,15.64,1083.0,826.72,1067.0,-57.0,1803.5696,18.0,18.0,Super Ideal,D,VS2,1.31,IGI,3550.0
657,Jane Brear,2,Round,1,1,0,15.05,1143.26,872.72,1126.0,-55.0,1835.0067,18.0,18.0,Super Ideal,D,VS2,1.31,IGI,3550.0
657,Magnolia,2,Round,1,1,0,14.44,1079.0,823.66,1063.0,-56.0,1769.3926,18.0,18.0,Super Ideal,D,VS2,1.31,IGI,3550.0
657,Marlowe & Co,2,Round,1,1,0,19.2,1123.0,857.25,1106.0,-56.0,1834.7675,18.0,18.0,Super Ideal,D,VS2,1.31,IGI,3550.0
657,Michelle Kennedy,2,Round,1,1,0,14.44,1109.0,846.56,1092.0,-56.0,1815.5475,18.0,18.0,Super Ideal,D,VS2,1.31,IGI,3550.0
657,Riviera Jewels,2,Round,1,1,0,15.16,1096.0,836.64,1080.0,-57.0,1812.9086,18.0,18.0,Super Ideal,D,VS2,1.31,IGI,3550.0
657,Roma Diamonds,2,Round,1,1,0,36.04,1353.0,1032.82,1333.0,-47.0,1825.1946,18.0,18.0,Super Ideal,D,VS2,1.31,IGI,3550.0
657,Taiga Gems,2,Round,1,1,0,19.1,1108.0,845.8,1091.0,-57.0,1847.3174,18.0,18.0,Super Ideal,D,VS2,1.31,IGI,3550.0
657,Temperley,2,Round,1,1,0,15.27,1117.0,852.67,1100.0,-56.0,1818.0474,18.0,18.0,Super Ideal,D,VS2,1.31,IGI,3550.0
657,Vega Diamonds,2,Round,1,1,0,10.79,1066.0,813.74,1050.0,-59.0,1841.0382,18.0,18.0,Super Ideal,D,VS2,1.31,IGI,3550.0
657,White Lily,2,Round,1,1,0,18.63,1138.0,868.7,1121.0,-55.0,1828.2778,18.0,18.0,Super Ideal,D,VS2,1.31,IGI,3550.0
657,Zimmerman Diamonds,2,Round,1,1,0,19.51,1107.44,845.37,1091.0,-57.0,1849.9423,18.0,18.0,Super Ideal,D,VS2,1.31,IGI,3550.0
665,Michelle Kennedy,2,Cushion,1,1,0,15.53,722.0,700.97,711.0,-65.0,1294.1207,14.0,15.0,Very Good,E,SI1,1.03,IGI,1821.67
668,Emilia Sterling,2,Oval,1,1,0,19.37,1369.55,850.65,1349.0,-56.0,2114.1321,15.0,15.0,Super Ideal,F,SI1,1.61,IGI,4010.0
668,Magnolia,2,Oval,1,1,0,13.94,1379.07,856.57,1358.0,-55.0,2083.3835,15.0,15.0,Super Ideal,F,SI1,1.61,IGI,4010.0
668,Michelle Kennedy,2,Oval,1,1,0,16.47,1433.25,890.22,1412.0,-53.0,2068.0417,15.0,15.0,Super Ideal,F,SI1,1.61,IGI,4010.0
670,Cirrus Gems,2,Round,1,1,0,20.44,888.9,722.68,876.0,-65.0,1830.4385,18.0,18.0,Ideal,G,VVS2,1.23,IGI,3035.0
670,Marlowe & Co,2,Round,1,1,0,11.26,901.0,732.52,887.0,-65.0,1826.703,18.0,18.0,Ideal,G,VVS2,1.23,IGI,3035.0
670,Sunset Gems,2,Round,1,1,0,17.62,890.0,723.58,877.0,-66.0,1859.6241,18.0,18.0,Ideal,G,VVS2,1.23,IGI,3035.0
670,Taiga Gems,2,Round,1,1,0,15.72,902.0,733.33,888.0,-64.0,1808.554,18.0,18.0,Ideal,G,VVS2,1.23,IGI,3035.0
670,Temperley,2,Round,1,1,0,17.48,918.82,747.01,905.0,-63.0,1778.109,18.0,18.0,Ideal,G,VVS2,1.23,IGI,3035.0
673,Cirrus Gems,2,Round,1,1,0,16.84,742.2,634.36,731.0,-58.0,1279.7965,18.0,18.0,Super Ideal,F,VS2,1.17,IGI,2270.0
673,Ember Star,2,Round,1,1,0,13.85,730.0,623.93,719.0,-59.0,1275.1243,18.0,18.0,Super Ideal,F,VS2,1.17,IGI,2270.0
673,Iris Diamonds,2,Round,1,1,0,18.64,747.0,638.46,736.0,-57.0,1257.3967,18.0,18.0,Super Ideal,F,VS2,1.17,IGI,2270.0
673,Michelle Kennedy,2,Round,1,1,0,15.1,840.0,717.95,827.0,-54.0,1309.5427,18.0,18.0,Super Ideal,F,VS2,1.17,IGI,2270.0
673,Serene Peaks Diamonds,2,Round,1,1,0,17.84,754.0,644.44,743.0,-57.0,1265.9333,18.0,18.0,Super Ideal,F,VS2,1.17,IGI,2270.0
673,Temperley,2,Round,1,1,0,56.53,939.09,802.64,925.0,-46.0,1253.3151,18.0,18.0,Super Ideal,F,VS2,1.17,IGI,2270.0
673,White Lily,2,Round,1,1,0,17.55,778.0,664.96,766.0,-56.0,1264.796,18.0,18.0,Super Ideal,F,VS2,1.17,IGI,2270.0
676,Jane Brear,2,Round,1,1,0,15.87,1276.0,720.9,1257.0,-53.0,1959.5331,18.0,18.0,Super Ideal,I,VS1,1.77,IGI,3635.0
676,Michelle Kennedy,2,Round,1,1,0,12.75,2335.26,1319.36,2300.0,-13.0,1924.5355,18.0,18.0,Super Ideal,I,VS1,1.77,IGI,3635.0
676,Oasis Diamonds,2,Round,1,1,0,14.47,1312.0,741.24,1292.0,-53.0,2016.5,18.0,18.0,Super Ideal,I,VS1,1.77,IGI,3635.0
676,Sunset Gems,2,Round,1,1,0,20.2,1240.0,700.56,1221.0,-54.0,1927.9102,18.0,18.0,Super Ideal,I,VS1,1.77,IGI,3635.0
676,White Lily,2,Round,1,1,0,16.43,1408.0,795.48,1387.0,-49.0,1960.0642,18.0,18.0,Super Ideal,I,VS1,1.77,IGI,3635.0
685,Jane Brear,2,Emerald,1,1,0,30.52,365.0,474.03,360.0,-58.0,558.5181,15.0,15.0,Super Ideal,F,VVS2,0.77,IGI,1270.0
685,Mei & Co,2,Emerald,1,1,0,34.07,345.0,448.05,340.0,-60.0,548.0088,15.0,15.0,Super Ideal,F,VVS2,0.77,IGI,1270.0
685,Temperley,2,Emerald,1,1,0,31.85,365.0,474.03,360.0,-59.0,570.3217,15.0,15.0,Super Ideal,F,VVS2,0.77,IGI,1270.0
686,Adalyn Jewelry,2,Oval,1,1,0,11.2,727.34,720.14,716.0,-66.0,1459.9908,15.0,15.0,Super Ideal,E,VS2,1.01,IGI,2150.0
686,CV Diamonds,2,Oval,1,1,0,13.52,745.26,737.88,734.0,-65.0,1446.6527,15.0,15.0,Super Ideal,E,VS2,1.01,IGI,2150.0
686,Cirrus Gems,2,Oval,1,2,0,16.03,718.07,710.96,707.0,-65.0,1373.4786,15.0,15.0,Super Ideal,E,VS2,1.01,IGI,2150.0
686,Clermont Diamonds,2,Oval,1,1,0,13.0,728.0,720.79,717.0,-65.0,1392.035,15.0,15.0,Super Ideal,E,VS2,1.01,IGI,2150.0
686,Diamonds by Zoya,2,Oval,1,1,0,89.46,719.0,711.88,708.0,-65.0,1389.2856,15.0,15.0,Super Ideal,E,VS2,1.01,IGI,2150.0
686,Fabiola,2,Oval,1,1,0,14.27,720.0,712.87,709.0,-66.0,1436.9008,15.0,15.0,Super Ideal,E,VS2,1.01,IGI,2150.0
686,Fuji Diamonds,2,Oval,1,1,0,15.06,737.0,729.7,726.0,-65.0,1423.8783,15.0,15.0,Super Ideal,E,VS2,1.01,IGI,2150.0
686,Grace Brooks,2,Oval,1,1,0,16.98,741.24,733.9,730.0,-65.0,1409.6392,15.0,15.0,Super Ideal,E,VS2,1.01,IGI,2150.0
686,Infinity Diamonds,2,Oval,1,1,0,14.28,742.2,734.85,731.0,-66.0,1450.8218,15.0,15.0,Super Ideal,E,VS2,1.01,IGI,2150.0
686,Jane Brear,2,Oval,1,1,0,10.26,739.0,731.68,728.0,-65.0,1409.3381,15.0,15.0,Super Ideal,E,VS2,1.01,IGI,2150.0
686,Mei & Co,2,Oval,1,2,0,13.48,720.38,713.25,710.0,-65.0,1392.1511,15.0,15.0,Super Ideal,E,VS2,1.01,IGI,2150.0
686,Michelle Kennedy,2,Oval,1,2,0,13.76,749.24,741.82,738.0,-64.0,1391.257,15.0,15.0,Super Ideal,E,VS2,1.01,IGI,2150.0
686,Oasis Diamonds,2,Oval,1,1,0,12.55,770.0,762.38,758.0,-61.0,1346.8955,15.0,15.0,Super Ideal,E,VS2,1.01,IGI,2150.0
686,Periwinkle Stones,2,Oval,1,1,0,16.57,737.0,729.7,726.0,-64.0,1392.9181,15.0,15.0,Super Ideal,E,VS2,1.01,IGI,2150.0
686,Rosella,2,Oval,1,1,0,11.79,701.0,694.06,690.0,-68.0,1485.2257,15.0,15.0,Super Ideal,E,VS2,1.01,IGI,2150.0
686,Serene Peaks Diamonds,2,Oval,1,1,0,10.46,729.34,722.12,718.0,-68.0,1523.8134,15.0,15.0,Super Ideal,E,VS2,1.01,IGI,2150.0
686,Sonata Gems,2,Oval,1,1,0,13.87,731.0,723.76,720.0,-65.0,1410.5835,15.0,15.0,Super Ideal,E,VS2,1.01,IGI,2150.0
686,Taiga Gems,2,Oval,1,1,0,10.49,726.0,718.81,715.0,-66.0,1433.4346,15.0,15.0,Super Ideal,E,VS2,1.01,IGI,2150.0
686,Tamara,2,Oval,1,1,0,13.38,740.0,732.67,729.0,-65.0,1444.5876,15.0,15.0,Super Ideal,E,VS2,1.01,IGI,2150.0
686,Temperley,2,Oval,1,2,0,15.96,742.0,734.65,731.0,-65.0,1409.803,15.0,15.0,Super Ideal,E,VS2,1.01,IGI,2150.0
686,Verve Jewels,2,Oval,1,1,0,90.3,704.0,697.03,693.0,-66.0,1374.724,15.0,15.0,Super Ideal,E,VS2,1.01,IGI,2150.0
686,White Lily,2,Oval,1,1,0,14.3,752.82,745.37,742.0,-64.0,1401.3495,15.0,15.0,Super Ideal,E,VS2,1.01,IGI,2150.0
687,Artemis Stones,2,Round,1,1,0,11.73,3974.0,1320.27,3914.0,-68.0,8893.876,18.0,18.0,Super Ideal,G,VS1,3.01,IGI,16640.0
687,Bayside Gems,2,Round,1,1,0,18.39,4268.55,1418.12,4205.0,-66.0,9044.8799,18.0,18.0,Super Ideal,G,VS1,3.01,IGI,16640.0
687,Eterna Luxe,2,Round,1,1,0,14.15,4126.0,1370.76,4064.0,-67.0,8950.5107,18.0,18.0,Super Ideal,G,VS1,3.01,IGI,16640.0
687,Infinity Diamonds,2,Round,1,1,0,19.5,4050.0,1345.51,3989.0,-68.0,9051.8223,18.0,18.0,Super Ideal,G,VS1,3.01,IGI,16640.0
687,Jane Brear,2,Round,1,1,0,14.53,4139.0,1375.08,4077.0,-66.0,8714.29,18.0,18.0,Super Ideal,G,VS1,3.01,IGI,16640.0
687,Mei & Co,2,Round,1,1,0,15.49,4073.0,1353.16,4012.0,-68.0,9105.8496,18.0,18.0,Super Ideal,G,VS1,3.01,IGI,16640.0
687,Michelle Kennedy,2,Round,1,1,0,14.92,4434.72,1473.33,4368.0,-64.0,8932.3369,18.0,18.0,Super Ideal,G,VS1,3.01,IGI,16640.0
687,Pegasus Diamonds,2,Round,1,1,0,15.36,4096.42,1360.94,4035.0,-67.0,8878.0605,18.0,18.0,Super Ideal,G,VS1,3.01,IGI,16640.0
687,Roma Diamonds,2,Round,1,1,0,14.15,4072.0,1352.82,4011.0,-69.0,9292.9824,18.0,18.0,Super Ideal,G,VS1,3.01,IGI,16640.0
687,Serenade Diamonds,2,Round,1,1,0,11.18,4073.0,1353.16,4012.0,-66.0,8596.793,18.0,18.0,Super Ideal,G,VS1,3.01,IGI,16640.0
687,Temperley,2,Round,1,1,0,16.69,4131.24,1372.5,4069.0,-68.0,9111.4551,18.0,18.0,Super Ideal,G,VS1,3.01,IGI,16640.0
687,Vespera Gems,2,Round,1,1,0,14.51,3960.0,1315.61,3901.0,-67.0,8710.5312,18.0,18.0,Super Ideal,G,VS1,3.01,IGI,16640.0
687,Westport Jewelry,2,Round,1,1,0,16.13,3934.0,1306.98,3875.0,-68.0,8713.29,18.0,18.0,Super Ideal,G,VS1,3.01,IGI,16640.0
687,White Lily,2,Round,1,1,0,15.57,4107.0,1364.45,4045.0,-66.0,8672.6855,18.0,18.0,Super Ideal,G,VS1,3.01,IGI,16640.0
689,Bayside Gems,2,Oval,1,1,0,21.2,1315.0,848.39,1295.0,-57.0,2077.9788,15.0,15.0,Super Ideal,F,SI1,1.55,IGI,4070.0
689,White Lily,2,Oval,1,1,0,17.46,1302.0,840.0,1282.0,-58.0,2081.6355,15.0,15.0,Super Ideal,F,SI1,1.55,IGI,4070.0
692,Taiga Gems,2,Oval,1,1,0,14.39,995.0,815.57,980.0,-63.0,1804.4154,15.0,15.0,Very Good,E,VS2,1.22,IGI,2630.0
692,Vega Diamonds,2,Oval,1,1,0,19.51,965.15,791.11,951.0,-64.0,1799.3477,15.0,15.0,Very Good,E,VS2,1.22,IGI,2630.0
696,Jane Brear,2,Oval,1,1,0,16.32,1586.0,881.11,1562.0,-51.0,2179.2427,15.0,15.0,Super Ideal,I,SI1,1.8,IGI,3695.0
696,Michelle Kennedy,2,Oval,1,1,0,14.33,1586.0,881.11,1562.0,-51.0,2200.2698,15.0,15.0,Super Ideal,I,SI1,1.8,IGI,3695.0
696,Temperley,2,Oval,2,2,0,18.14,1586.0,881.11,1562.0,-51.0,2192.1458,15.0,15.0,Super Ideal,I,SI1,1.8,IGI,3695.0
696,White Lily,2,Oval,1,1,0,18.12,1586.0,881.11,1562.0,-51.0,2176.7268,15.0,15.0,Super Ideal,I,SI1,1.8,IGI,3695.0
697,Gemstone Harmony,2,Round,1,1,0,11.62,4429.0,1743.7,4363.0,-64.0,8800.9473,18.0,18.0,Ideal,D,VVS2,2.54,IGI,17070.0
697,Jane Brear,2,Round,1,1,0,14.63,4315.0,1698.82,4250.0,-64.0,8673.9785,18.0,18.0,Ideal,D,VVS2,2.54,IGI,17070.0
697,Marlowe & Co,2,Round,1,1,0,13.94,4429.0,1743.7,4363.0,-64.0,8761.873,18.0,18.0,Ideal,D,VVS2,2.54,IGI,17070.0
697,Michelle Kennedy,2,Round,1,1,0,10.13,4429.0,1743.7,4363.0,-71.0,10990.7119,18.0,18.0,Ideal,D,VVS2,2.54,IGI,17070.0
697,Serenade Diamonds,2,Round,1,1,0,15.23,4231.54,1665.96,4168.0,-65.0,8642.4014,18.0,18.0,Ideal,D,VVS2,2.54,IGI,17070.0
697,Temperley,2,Round,1,1,0,12.22,4379.0,1724.02,4313.0,-65.0,8867.6162,18.0,18.0,Ideal,D,VVS2,2.54,IGI,17070.0
697,White Lily,2,Round,1,1,0,15.33,4380.98,1724.8,4315.0,-64.0,8711.2695,18.0,18.0,Ideal,D,VVS2,2.54,IGI,17070.0
702,White Lily,2,Round,1,1,0,12.36,2038.76,1126.39,2008.0,-68.0,4618.9531,18.0,18.0,Ideal,I,VVS1,1.81,IGI,4280.0
712,Jane Brear,2,Oval,1,2,0,14.32,318.5,838.16,314.0,-53.0,451.8652,15.0,15.0,Super Ideal,E,VVS2,0.38,IGI,400.0
712,Michelle Kennedy,2,Oval,1,2,0,14.49,318.5,838.16,314.0,-47.0,407.6892,15.0,15.0,Super Ideal,E,VVS2,0.38,IGI,400.0
712,Temperley,2,Oval,1,2,0,16.65,318.5,838.16,314.0,-49.0,421.611,15.0,15.0,Super Ideal,E,VVS2,0.38,IGI,400.0
712,White Lily,2,Oval,1,1,0,13.97,318.5,838.16,314.0,-59.0,523.429,15.0,15.0,Super Ideal,E,VVS2,0.38,IGI,400.0
715,Michelle Kennedy,2,Oval,1,1,0,14.86,1224.0,816.0,1206.0,-50.0,1654.463,15.0,15.0,Very Good,I,SI1,1.5,IGI,2896.0
715,Temperley,2,Oval,2,1,0,14.31,1224.0,816.0,1206.0,-53.0,1752.7052,15.0,15.0,Very Good,I,SI1,1.5,IGI,2896.0
715,White Lily,2,Oval,1,1,0,14.62,1224.0,816.0,1206.0,-49.0,1621.2795,15.0,15.0,Very Good,I,SI1,1.5,IGI,2896.0
716,Hoseki,2,Round,1,1,0,15.65,1201.96,775.46,1184.0,-56.0,1935.771,18.0,18.0,Super Ideal,F,SI1,1.55,IGI,3693.33
716,Periwinkle Stones,2,Round,1,1,0,13.55,1178.0,760.0,1160.0,-59.0,2042.5955,18.0,18.0,Super Ideal,F,SI1,1.55,IGI,3693.33
716,Starlit Stones,2,Round,1,1,0,58.33,1194.0,770.32,1176.0,-56.0,1961.6779,18.0,18.0,Super Ideal,F,SI1,1.55,IGI,3693.33
716,Taiga Gems,2,Round,1,1,0,17.74,1152.0,743.23,1135.0,-57.0,1938.2646,18.0,18.0,Super Ideal,F,SI1,1.55,IGI,3693.33
716,Thalassa Gems,2,Round,1,1,0,19.5,1153.0,743.87,1136.0,-57.0,1940.5809,18.0,18.0,Super Ideal,F,SI1,1.55,IGI,3693.33
722,Jane Brear,2,Round,1,1,0,14.82,1789.0,1052.35,1762.0,-15.0,1513.2689,16.0,18.0,Very Good,J,SI1,1.7,IGI,2920.0
724,Eternity Fine Jewelers,2,Oval,1,1,0,17.31,3926.27,1629.16,3867.0,-54.0,5701.771,15.0,15.0,Super Ideal,D,VS1,2.41,IGI,11530.0
724,Jane Brear,2,Oval,1,1,0,12.6,3857.62,1600.67,3800.0,-55.0,5736.4873,15.0,15.0,Super Ideal,D,VS1,2.41,IGI,11530.0
724,Michelle Kennedy,2,Oval,1,1,0,21.76,3847.55,1596.49,3790.0,-56.0,5877.8276,15.0,15.0,Super Ideal,D,VS1,2.41,IGI,11530.0
724,Pegasus Diamonds,2,Oval,1,1,0,15.65,4148.16,1721.23,4086.0,-53.0,5884.6802,15.0,15.0,Super Ideal,D,VS1,2.41,IGI,11530.0
741,Albert's Creations,2,Emerald,1,1,0,19.86,712.42,691.67,702.0,-61.0,1188.0017,15.0,15.0,Super Ideal,E,SI1,1.03,IGI,1760.0
741,Michelle Kennedy,2,Emerald,1,1,0,15.73,737.3,715.83,726.0,-62.0,1238.0028,15.0,15.0,Super Ideal,E,SI1,1.03,IGI,1760.0
741,Taiga Gems,2,Emerald,1,1,0,15.15,715.4,694.56,705.0,-61.0,1181.2567,15.0,15.0,Super Ideal,E,SI1,1.03,IGI,1760.0
741,Temperley,2,Emerald,1,1,0,18.67,725.0,703.88,714.0,-60.0,1178.0872,15.0,15.0,Super Ideal,E,SI1,1.03,IGI,1760.0
741,White Lily,2,Emerald,1,1,0,10.6,713.0,692.23,702.0,-62.0,1193.0197,15.0,15.0,Super Ideal,E,SI1,1.03,IGI,1760.0
743,Jane Brear,2,Round,1,1,0,14.68,784.0,681.74,772.0,-54.0,1215.325,18.0,18.0,Ideal,D,SI2,1.15,IGI,2066.67
745,White Lily,2,Round,1,1,0,13.66,1927.32,922.16,1898.0,-38.0,2239.2781,18.0,18.0,Ideal,J,SI1,2.09,IGI,3610.0
746,55 E Diamonds,2,Round,1,1,0,20.3,1961.18,1153.64,1932.0,-53.0,3005.8655,18.0,18.0,Ideal,G,VVS2,1.7,IGI,5240.0
746,Camden Gems,2,Round,1,1,0,14.43,1834.0,1078.82,1806.0,-55.0,2913.8098,18.0,18.0,Ideal,G,VVS2,1.7,IGI,5240.0
746,Cirrus Gems,2,Round,1,1,0,16.58,1791.32,1053.72,1764.0,-57.0,2961.032,18.0,18.0,Ideal,G,VVS2,1.7,IGI,5240.0
746,Clermont Diamonds,2,Round,1,1,0,19.7,1801.0,1059.41,1774.0,-56.0,2942.9756,18.0,18.0,Ideal,G,VVS2,1.7,IGI,5240.0
746,Jane Brear,2,Round,1,1,0,9.95,1872.0,1101.18,1844.0,-54.0,2885.4626,18.0,18.0,Ideal,G,VVS2,1.7,IGI,5240.0
746,Magnolia,2,Round,1,1,0,12.87,1835.0,1079.41,1807.0,-56.0,2967.2861,18.0,18.0,Ideal,G,VVS2,1.7,IGI,5240.0
746,Mei & Co,2,Round,1,1,0,17.01,1823.84,1072.85,1796.0,-56.0,2961.0618,18.0,18.0,Ideal,G,VVS2,1.7,IGI,5240.0
746,Nebula Stones,2,Round,1,1,0,16.0,1899.46,1117.33,1871.0,-54.0,2933.238,18.0,18.0,Ideal,G,VVS2,1.7,IGI,5240.0
746,Periwinkle Stones,2,Round,1,1,0,15.9,1897.46,1116.15,1869.0,-53.0,2905.1111,18.0,18.0,Ideal,G,VVS2,1.7,IGI,5240.0
746,Temperley,2,Round,1,1,0,18.22,1789.0,1052.35,1762.0,-57.0,2973.1265,18.0,18.0,Ideal,G,VVS2,1.7,IGI,5240.0
746,White Lily,2,Round,1,1,0,42.63,1846.0,1085.88,1818.0,-55.0,2916.3953,18.0,18.0,Ideal,G,VVS2,1.7,IGI,5240.0
747,Jane Brear,2,Round,2,1,0,15.08,341.28,669.18,336.0,-46.0,456.6197,18.0,18.0,Ideal,E,VS1,0.51,IGI,686.0
747,Michelle Kennedy,2,Round,2,2,0,13.52,305.0,598.04,300.0,-54.0,472.3851,18.0,18.0,Ideal,E,VS1,0.51,IGI,686.0
747,Temperley,2,Round,1,1,0,12.36,311.0,609.8,306.0,-53.0,472.487,18.0,18.0,Ideal,E,VS1,0.51,IGI,686.0
748,Avignon Diamonds,2,Round,1,1,0,14.93,657.0,721.98,647.0,-53.0,992.2389,18.0,18.0,Super Ideal,E,VS1,0.91,IGI,1910.0
748,Cascade Diamonds,2,Round,1,1,0,13.09,634.0,696.7,624.0,-53.0,974.3137,18.0,18.0,Super Ideal,E,VS1,0.91,IGI,1910.0
748,Jane Brear,2,Round,1,1,0,14.91,644.0,707.69,634.0,-52.0,965.9562,18.0,18.0,Super Ideal,E,VS1,0.91,IGI,1910.0
748,Michelle Kennedy,2,Round,1,1,0,12.97,657.0,721.98,647.0,-53.0,1000.0748,18.0,18.0,Super Ideal,E,VS1,0.91,IGI,1910.0
748,Nova Stars,2,Round,1,1,0,43.75,625.86,687.76,616.0,-56.0,1011.2919,18.0,18.0,Super Ideal,E,VS1,0.91,IGI,1910.0
748,Promenade Jewelry,2,Round,1,1,0,16.64,633.0,695.6,624.0,-53.0,964.5363,18.0,18.0,Super Ideal,E,VS1,0.91,IGI,1910.0
748,Sigma Diamonds,2,Round,1,1,0,11.94,631.0,693.41,622.0,-55.0,1010.972,18.0,18.0,Super Ideal,E,VS1,0.91,IGI,1910.0
748,Tamara,2,Round,1,1,0,11.88,652.72,717.27,643.0,-52.0,967.0113,18.0,18.0,Super Ideal,E,VS1,0.91,IGI,1910.0
748,Temperley,2,Round,1,1,0,10.87,653.72,718.37,644.0,-53.0,997.2809,18.0,18.0,Super Ideal,E,VS1,0.91,IGI,1910.0
748,White Lily,2,Round,1,1,0,11.3,711.0,781.32,700.0,-48.0,979.2086,18.0,18.0,Super Ideal,E,VS1,0.91,IGI,1910.0
750,Jane Brear,2,Round,1,1,0,15.94,4024.26,1698.0,3964.0,-49.0,5638.5601,18.0,18.0,Super Ideal,D,VS1,2.37,IGI,13150.0
750,Periwinkle Stones,2,Round,1,1,0,16.38,3340.0,1409.28,3290.0,-59.0,5866.8521,18.0,18.0,Super Ideal,D,VS1,2.37,IGI,13150.0
750,Promenade Jewelry,2,Round,1,1,0,23.77,3138.0,1324.05,3091.0,-62.0,5872.418,18.0,18.0,Super Ideal,D,VS1,2.37,IGI,13150.0
750,Vega Diamonds,2,Round,1,1,0,13.53,3136.0,1323.21,3089.0,-61.0,5809.1011,18.0,18.0,Super Ideal,D,VS1,2.37,IGI,13150.0
751,Diamonds by Zoya,2,Pear,2,2,0,81.07,329.0,645.1,324.0,-50.0,427.5939,15.0,15.0,Super Ideal,E,VS1,0.51,IGI,660.0
751,Eternal Flame,2,Pear,2,2,0,11.34,341.0,668.63,336.0,-54.0,477.8138,15.0,15.0,Super Ideal,E,VS1,0.51,IGI,660.0
751,Michelle Kennedy,2,Pear,2,2,0,15.15,345.0,676.47,340.0,-43.0,393.1324,15.0,15.0,Super Ideal,E,VS1,0.51,IGI,660.0
751,Temperley,2,Pear,2,2,0,17.49,336.84,660.47,332.0,-45.0,397.8324,15.0,15.0,Super Ideal,E,VS1,0.51,IGI,660.0
751,White Lily,2,Pear,2,2,0,18.22,345.0,676.47,340.0,-48.0,430.8898,15.0,15.0,Super Ideal,E,VS1,0.51,IGI,660.0
755,Mei & Co,2,Round,1,1,0,15.66,310.44,535.24,306.0,-51.0,456.05,18.0,18.0,Ideal,D,SI1,0.58,IGI,760.0
755,Michelle Kennedy,2,Round,1,1,0,16.89,384.0,662.07,378.0,-40.0,457.4459,18.0,18.0,Ideal,D,SI1,0.58,IGI,760.0
755,Silva Diamonds,2,Round,1,1,0,11.85,306.0,527.59,301.0,-51.0,447.9552,18.0,18.0,Ideal,D,SI1,0.58,IGI,760.0
755,White Lily,2,Round,1,1,0,20.95,320.0,551.72,315.0,-51.0,471.7236,18.0,18.0,Ideal,D,SI1,0.58,IGI,760.0
757,Jane Brear,2,Oval,1,1,0,20.84,2117.0,1102.6,2085.0,-57.0,3330.6904,14.0,15.0,Very Good,G,VS1,1.92,IGI,5750.0
757,Taiga Gems,2,Oval,1,1,0,21.84,2019.0,1051.56,1989.0,-60.0,3368.4106,15.0,15.0,Very Good,G,VS1,1.92,IGI,5750.0
764,Michelle Kennedy,2,Oval,1,1,0,90.73,1633.0,902.21,1609.0,-60.0,2738.5747,15.0,15.0,Super Ideal,H,VS1,1.81,IGI,4480.0
764,Periwinkle Stones,2,Oval,1,1,0,19.8,1625.0,897.79,1601.0,-60.0,2729.1177,15.0,15.0,Super Ideal,H,VS1,1.81,IGI,4480.0
764,Taiga Gems,2,Oval,1,1,0,21.36,1595.0,881.22,1571.0,-59.0,2628.5681,15.0,15.0,Super Ideal,H,VS1,1.81,IGI,4480.0
764,Temperley,2,Oval,1,1,0,90.85,1633.0,902.21,1609.0,-58.0,2643.4731,15.0,15.0,Super Ideal,H,VS1,1.81,IGI,4480.0
765,Ember Star,2,Cushion,1,1,0,19.87,5196.57,1703.79,5119.0,-61.0,8458.335,15.0,15.0,Super Ideal,F,VVS2,3.05,IGI,16880.0
765,Hazel Diamonds,2,Cushion,1,1,0,16.17,5221.0,1711.8,5143.0,-58.0,7802.4004,15.0,15.0,Super Ideal,F,VVS2,3.05,IGI,16880.0
765,Jane Brear,2,Cushion,1,1,0,18.02,5276.0,1729.84,5197.0,-60.0,8364.3447,15.0,15.0,Super Ideal,F,VVS2,3.05,IGI,16880.0
765,Michelle Kennedy,2,Cushion,1,1,0,22.54,5200.0,1704.92,5122.0,-61.0,8340.626,15.0,15.0,Super Ideal,F,VVS2,3.05,IGI,16880.0
765,Temperley,2,Cushion,1,1,0,19.93,5402.0,1771.15,5321.0,-56.0,7826.8633,15.0,15.0,Super Ideal,F,VVS2,3.05,IGI,16880.0
765,Vega Diamonds,2,Cushion,1,1,0,16.89,5165.0,1693.44,5088.0,-58.0,7764.2949,15.0,15.0,Super Ideal,F,VVS2,3.05,IGI,16880.0
766,55 E Diamonds,2,Round,1,1,0,20.17,1587.67,928.46,1564.0,-54.0,2454.9121,18.0,18.0,Super Ideal,G,VS1,1.71,IGI,4970.0
766,Artemis Stones,2,Round,1,1,0,16.85,1547.14,904.76,1524.0,-54.0,2426.9097,18.0,18.0,Super Ideal,G,VS1,1.71,IGI,4970.0
766,Cirrus Gems,2,Round,1,1,0,21.06,1538.45,899.68,1515.0,-56.0,2482.9321,18.0,18.0,Super Ideal,G,VS1,1.71,IGI,4970.0
766,Clermont Diamonds,2,Round,1,1,0,17.06,1574.09,920.52,1550.0,-54.0,2464.7607,18.0,18.0,Super Ideal,G,VS1,1.71,IGI,4970.0
766,Ember Star,2,Round,1,1,0,19.6,1517.22,887.26,1494.0,-58.0,2558.1157,18.0,18.0,Super Ideal,G,VS1,1.71,IGI,4970.0
766,Jane Brear,2,Round,1,1,0,13.93,1581.06,924.6,1557.0,-53.0,2406.3489,18.0,18.0,Super Ideal,G,VS1,1.71,IGI,4970.0
766,Mei & Co,2,Round,1,1,0,16.78,1563.0,914.04,1540.0,-54.0,2428.114,18.0,18.0,Super Ideal,G,VS1,1.71,IGI,4970.0
766,Periwinkle Stones,2,Round,1,1,0,15.38,1634.78,956.01,1610.0,-54.0,2542.8169,18.0,18.0,Super Ideal,G,VS1,1.71,IGI,4970.0
766,Seraphina Gems,2,Round,1,1,0,16.43,1602.0,936.84,1578.0,-53.0,2454.0928,18.0,18.0,Super Ideal,G,VS1,1.71,IGI,4970.0
766,Sunset Gems,2,Round,1,1,0,18.45,1553.89,908.71,1531.0,-54.0,2398.8481,18.0,18.0,Super Ideal,G,VS1,1.71,IGI,4970.0
766,Taiga Gems,2,Round,1,1,0,14.47,1574.09,920.52,1550.0,-54.0,2438.1589,18.0,18.0,Super Ideal,G,VS1,1.71,IGI,4970.0
767,Roma Diamonds,2,Round,1,1,0,38.65,1118.0,923.97,1101.0,-50.0,1608.5466,18.0,18.0,Super Ideal,D,SI1,1.21,IGI,2320.0
772,Jane Brear,2,Round,1,1,0,14.7,960.18,750.14,946.0,-58.0,1624.9792,18.0,18.0,Super Ideal,F,VS1,1.28,IGI,3132.0
772,Michelle Kennedy,2,Round,1,1,0,16.3,960.18,750.14,946.0,-58.0,1626.1501,18.0,18.0,Super Ideal,F,VS1,1.28,IGI,3132.0
772,Periwinkle Stones,2,Round,1,1,0,12.95,861.0,672.66,848.0,-62.0,1609.5725,18.0,18.0,Super Ideal,F,VS1,1.28,IGI,3132.0
772,Simetría,2,Round,1,1,0,15.82,835.0,652.34,822.0,-64.0,1659.0494,18.0,18.0,Super Ideal,F,VS1,1.28,IGI,3132.0
772,Tamara,2,Round,1,1,0,14.14,848.0,662.5,835.0,-63.0,1620.1528,18.0,18.0,Super Ideal,F,VS1,1.28,IGI,3132.0
772,White Lily,2,Round,1,1,0,14.65,875.6,684.06,862.0,-62.0,1646.7743,18.0,18.0,Super Ideal,F,VS1,1.28,IGI,3132.0
775,Bayside Gems,2,Round,1,1,0,15.68,2506.4,1392.44,2469.0,-59.0,4372.9634,18.0,18.0,Ideal,D,VVS2,1.8,IGI,9530.0
775,Gemstone Harmony,2,Round,1,1,0,12.31,2336.0,1297.78,2301.0,-61.0,4332.0024,18.0,18.0,Ideal,D,VVS2,1.8,IGI,9530.0
775,Jane Brear,2,Round,1,1,0,11.61,2387.0,1326.11,2351.0,-61.0,4381.1001,18.0,18.0,Ideal,D,VVS2,1.8,IGI,9530.0
775,Joan Cooper,2,Round,1,1,0,14.66,2388.0,1326.67,2352.0,-60.0,4239.9287,18.0,18.0,Ideal,D,VVS2,1.8,IGI,9530.0
775,Michelle Kennedy,2,Round,1,1,0,14.06,2439.74,1355.41,2403.0,-59.0,4298.6196,18.0,18.0,Ideal,D,VVS2,1.8,IGI,9530.0
775,Promenade Jewelry,2,Round,1,1,0,19.65,2266.0,1258.89,2232.0,-63.0,4367.7593,18.0,18.0,Ideal,D,VVS2,1.8,IGI,9530.0
775,Roma Diamonds,2,Round,2,1,0,32.03,2674.0,1485.56,2634.0,-55.0,4228.7329,18.0,18.0,Ideal,D,VVS2,1.8,IGI,9530.0
775,Serenade Diamonds,2,Round,1,1,0,14.16,2336.0,1297.78,2301.0,-60.0,4223.2837,18.0,18.0,Ideal,D,VVS2,1.8,IGI,9530.0
775,Simetría,2,Round,1,1,0,12.77,2364.0,1313.33,2329.0,-60.0,4179.1841,18.0,18.0,Ideal,D,VVS2,1.8,IGI,9530.0
775,Starlight Crafts,2,Round,1,1,0,14.59,2336.0,1297.78,2301.0,-62.0,4386.0459,18.0,18.0,Ideal,D,VVS2,1.8,IGI,9530.0
775,Temperley,2,Round,1,1,0,17.57,2406.9,1337.17,2371.0,-59.0,4237.4824,18.0,18.0,Ideal,D,VVS2,1.8,IGI,9530.0
775,Tilia Diamonds,2,Round,1,1,0,14.1,2389.0,1327.22,2353.0,-61.0,4400.4819,18.0,18.0,Ideal,D,VVS2,1.8,IGI,9530.0
775,White Lily,2,Round,1,1,0,11.41,2376.0,1320.0,2340.0,-61.0,4319.314,18.0,18.0,Ideal,D,VVS2,1.8,IGI,9530.0
777,Michelle Kennedy,2,Round,1,1,0,19.96,423.87,565.16,418.0,-45.0,547.5221,18.0,18.0,Ideal,D,VS2,0.75,IGI,1400.0
777,Nova Stars,2,Round,1,1,0,15.33,324.0,432.0,319.0,-57.0,539.1502,18.0,18.0,Ideal,D,VS2,0.75,IGI,1400.0
779,Jane Brear,2,Round,1,1,0,14.75,1036.0,870.59,1020.0,-52.0,1558.781,18.0,18.0,Super Ideal,F,VVS1,1.19,IGI,3650.0
779,Oasis Diamonds,2,Round,1,1,0,13.46,1066.64,896.34,1051.0,-51.0,1545.4436,18.0,18.0,Super Ideal,F,VVS1,1.19,IGI,3650.0
779,Tilia Diamonds,2,Round,1,1,0,14.94,1013.0,851.26,998.0,-52.0,1500.5177,18.0,18.0,Super Ideal,F,VVS1,1.19,IGI,3650.0
779,White Lily,2,Round,1,1,0,12.09,1052.71,884.63,1037.0,-50.0,1500.2682,18.0,18.0,Super Ideal,F,VVS1,1.19,IGI,3650.0
780,Michelle Kennedy,2,Round,1,1,0,16.07,386.0,632.79,380.0,-37.0,438.3564,18.0,18.0,Ideal,D,SI1,0.61,IGI,780.0
781,Cornerstone,2,Round,1,1,0,13.88,311.0,545.61,306.0,-62.0,581.6895,18.0,18.0,Super Ideal,E,VVS2,0.57,IGI,896.67
781,Eternity Fine Jewelers,2,Round,1,1,0,23.94,300.0,526.32,296.0,-61.0,554.0177,18.0,18.0,Super Ideal,E,VVS2,0.57,IGI,896.67
781,Hoseki,2,Round,1,1,0,25.96,312.43,548.12,308.0,-58.0,536.8708,18.0,18.0,Super Ideal,E,VVS2,0.57,IGI,896.67
781,Jane Brear,2,Round,1,1,0,27.47,320.39,562.09,316.0,-60.0,568.2845,18.0,18.0,Super Ideal,E,VVS2,0.57,IGI,896.67
781,Marlowe & Co,2,Round,1,1,0,24.14,311.0,545.61,306.0,-62.0,582.2565,18.0,18.0,Super Ideal,E,VVS2,0.57,IGI,896.67
781,Michelle Kennedy,2,Round,1,1,0,23.99,320.39,562.09,316.0,-58.0,552.7207,18.0,18.0,Super Ideal,E,VVS2,0.57,IGI,896.67
781,Temperley,2,Round,1,1,0,25.51,320.39,562.09,316.0,-59.0,562.7174,18.0,18.0,Super Ideal,E,VVS2,0.57,IGI,896.67
781,Vespera Gems,2,Round,1,1,0,16.96,300.0,526.32,296.0,-62.0,567.2453,18.0,18.0,Super Ideal,E,VVS2,0.57,IGI,896.67
781,White Lily,2,Round,1,1,0,10.52,322.0,564.91,317.0,-58.0,543.3568,18.0,18.0,Super Ideal,E,VVS2,0.57,IGI,896.67
786,Camden Gems,2,Round,1,1,0,14.84,2013.0,1324.34,1983.0,-63.0,3854.4294,18.0,18.0,Ideal,E,VVS1,1.52,IGI,7020.0
786,Hoseki,2,Round,1,1,0,11.23,2006.0,1319.74,1976.0,-64.0,3966.8313,18.0,18.0,Ideal,E,VVS1,1.52,IGI,7020.0
786,Jane Brear,2,Round,1,1,0,12.52,2019.85,1328.85,1990.0,-63.0,3883.5764,18.0,18.0,Ideal,E,VVS1,1.52,IGI,7020.0
786,Joan Cooper,2,Round,1,1,0,14.98,1990.0,1309.21,1960.0,-63.0,3890.9656,18.0,18.0,Ideal,E,VVS1,1.52,IGI,7020.0
786,Komorebi Diamonds,2,Round,1,1,0,15.0,2001.0,1316.45,1971.0,-62.0,3774.864,18.0,18.0,Ideal,E,VVS1,1.52,IGI,7020.0
786,Marlowe & Co,2,Round,1,1,0,16.31,1993.0,1311.18,1963.0,-63.0,3889.2283,18.0,18.0,Ideal,E,VVS1,1.52,IGI,7020.0
786,Meadow & Co,2,Round,1,1,0,11.64,1997.0,1313.82,1967.0,-64.0,3922.585,18.0,18.0,Ideal,E,VVS1,1.52,IGI,7020.0
786,Michelle Kennedy,2,Round,1,1,0,13.68,2045.72,1345.87,2015.0,-63.0,3927.1128,18.0,18.0,Ideal,E,VVS1,1.52,IGI,7020.0
786,Periwinkle Stones,2,Round,1,1,0,13.47,2064.0,1357.89,2033.0,-61.0,3836.6545,18.0,18.0,Ideal,E,VVS1,1.52,IGI,7020.0
786,Riviera Jewels,2,Round,1,1,0,13.37,1988.0,1307.89,1958.0,-63.0,3889.2603,18.0,18.0,Ideal,E,VVS1,1.52,IGI,7020.0
786,Rosella,2,Round,1,1,0,12.24,2010.0,1322.37,1980.0,-63.0,3920.8813,18.0,18.0,Ideal,E,VVS1,1.52,IGI,7020.0
786,Sara's Diamonds,2,Round,1,1,0,63.53,1952.0,1284.21,1923.0,-65.0,3996.1619,18.0,18.0,Ideal,E,VVS1,1.52,IGI,7020.0
786,Serenade Diamonds,2,Round,1,1,0,15.13,2014.0,1325.0,1984.0,-63.0,3890.9331,18.0,18.0,Ideal,E,VVS1,1.52,IGI,7020.0
786,Temperley,2,Round,1,1,0,10.75,2018.0,1327.63,1988.0,-63.0,3948.0935,18.0,18.0,Ideal,E,VVS1,1.52,IGI,7020.0
786,White Lily,2,Round,1,1,0,12.36,2059.65,1355.03,2029.0,-65.0,4176.8105,18.0,18.0,Ideal,E,VVS1,1.52,IGI,7020.0
800,Adalyn Jewelry,2,Oval,1,1,0,19.1,1362.0,994.16,1342.0,-59.0,2213.1606,15.0,15.0,Super Ideal,E,VVS2,1.37,IGI,3920.0
800,Bayside Gems,2,Oval,1,1,0,19.33,1336.0,975.18,1316.0,-59.0,2220.6694,15.0,15.0,Super Ideal,E,VVS2,1.37,IGI,3920.0
800,Cornerstone,2,Oval,1,1,0,13.55,1385.0,1010.95,1364.0,-59.0,2249.3564,15.0,15.0,Super Ideal,E,VVS2,1.37,IGI,3920.0
800,Emilia Sterling,2,Oval,1,1,0,17.54,1338.0,976.64,1318.0,-60.0,2234.3464,15.0,15.0,Super Ideal,E,VVS2,1.37,IGI,3920.0
800,Marlowe & Co,2,Oval,1,1,0,17.71,1402.0,1023.36,1381.0,-57.0,2196.3323,15.0,15.0,Super Ideal,E,VVS2,1.37,IGI,3920.0
800,Michelle Kennedy,2,Oval,1,1,0,16.14,1423.0,1038.69,1402.0,-57.0,2240.0471,15.0,15.0,Super Ideal,E,VVS2,1.37,IGI,3920.0
800,Periwinkle Stones,2,Oval,1,1,0,15.95,1401.0,1022.63,1380.0,-58.0,2261.6523,15.0,15.0,Super Ideal,E,VVS2,1.37,IGI,3920.0
800,Sigma Diamonds,2,Oval,1,1,0,15.64,1358.0,991.24,1338.0,-59.0,2248.3076,15.0,15.0,Super Ideal,E,VVS2,1.37,IGI,3920.0
800,Temperley,2,Oval,1,1,0,13.1,1363.0,994.89,1343.0,-60.0,2303.3499,15.0,15.0,Super Ideal,E,VVS2,1.37,IGI,3920.0
800,White Lily,2,Oval,1,1,0,21.46,1364.72,996.15,1344.0,-60.0,2280.209,15.0,15.0,Super Ideal,E,VVS2,1.37,IGI,3920.0
802,Oasis Diamonds,2,Pear,1,1,0,11.61,1743.24,867.28,1717.0,-60.0,2844.9797,14.0,15.0,Very Good,H,SI1,2.01,IGI,5690.0
803,Fabiola,2,Round,1,1,0,12.88,3421.0,1419.5,3370.0,-58.0,5783.4849,18.0,18.0,Super Ideal,D,VS1,2.41,IGI,13560.0
803,Infinity Diamonds,2,Round,1,1,0,13.27,3403.0,1412.03,3352.0,-56.0,5593.0615,18.0,18.0,Super Ideal,D,VS1,2.41,IGI,13560.0
803,Temperley,2,Round,1,1,0,13.99,3318.0,1376.76,3268.0,-58.0,5632.0811,18.0,18.0,Super Ideal,D,VS1,2.41,IGI,13560.0
803,Vega Diamonds,2,Round,1,1,0,14.11,3284.0,1362.66,3235.0,-58.0,5628.937,18.0,18.0,Super Ideal,D,VS1,2.41,IGI,13560.0
803,White Lily,2,Round,1,1,0,17.92,3422.0,1419.92,3371.0,-57.0,5732.3755,18.0,18.0,Super Ideal,D,VS1,2.41,IGI,13560.0
805,Fuji Diamonds,2,Princess,1,1,0,14.07,777.0,769.31,765.0,-65.0,1422.8873,15.0,15.0,Super Ideal,H,VVS2,1.01,IGI,1980.0
805,Mei & Co,2,Princess,2,2,0,14.28,782.0,774.26,770.0,-64.0,1388.0281,15.0,15.0,Super Ideal,H,VVS2,1.01,IGI,1980.0
805,White Lily,2,Princess,1,1,0,23.09,835.8,827.52,823.0,-63.0,1430.4175,15.0,15.0,Super Ideal,H,VVS2,1.01,IGI,1980.0
807,Fabiola,2,Round,1,1,0,13.86,703.0,600.85,692.0,-57.0,1176.9224,18.0,18.0,Ideal,G,VS2,1.17,IGI,2650.0
807,Jane Brear,2,Round,1,1,0,22.11,731.58,625.28,721.0,-58.0,1236.7253,18.0,18.0,Ideal,G,VS2,1.17,IGI,2650.0
807,White Lily,2,Round,1,1,0,21.62,721.0,616.24,710.0,-59.0,1248.1166,18.0,18.0,Ideal,G,VS2,1.17,IGI,2650.0
810,CV Diamonds,2,Round,1,1,0,13.67,714.41,680.39,704.0,-59.0,1261.3589,18.0,18.0,Super Ideal,F,VS1,1.05,IGI,2407.27
810,Camden Gems,2,Round,1,1,0,14.7,699.0,665.71,689.0,-62.0,1305.0145,18.0,18.0,Super Ideal,F,VS1,1.05,IGI,2407.27
810,Hazel Diamonds,2,Round,1,1,0,14.65,696.0,662.86,686.0,-61.0,1282.6321,18.0,18.0,Super Ideal,F,VS1,1.05,IGI,2407.27
810,Jane Brear,2,Round,1,1,0,14.71,731.0,696.19,720.0,-57.0,1220.4386,18.0,18.0,Super Ideal,F,VS1,1.05,IGI,2407.27
810,Meridian Crafts,2,Round,1,1,0,14.05,706.0,672.38,695.0,-60.0,1272.2306,18.0,18.0,Super Ideal,F,VS1,1.05,IGI,2407.27
810,Michelle Kennedy,2,Round,1,1,0,12.69,732.0,697.14,721.0,-60.0,1305.1389,18.0,18.0,Super Ideal,F,VS1,1.05,IGI,2407.27
810,Nova Stars,2,Round,1,1,0,10.5,699.0,665.71,689.0,-61.0,1276.4351,18.0,18.0,Super Ideal,F,VS1,1.05,IGI,2407.27
810,Roma Diamonds,2,Round,1,1,0,38.78,908.0,864.76,894.0,-48.0,1262.1301,18.0,18.0,Super Ideal,F,VS1,1.05,IGI,2407.27
810,Serenade Diamonds,2,Round,1,1,0,11.97,682.0,649.52,672.0,-62.0,1285.9379,18.0,18.0,Super Ideal,F,VS1,1.05,IGI,2407.27
810,Taiga Gems,2,Round,1,1,0,14.63,699.0,665.71,689.0,-60.0,1266.1667,18.0,18.0,Super Ideal,F,VS1,1.05,IGI,2407.27
810,Temperley,2,Round,1,1,0,14.09,731.0,696.19,720.0,-59.0,1265.0776,18.0,18.0,Super Ideal,F,VS1,1.05,IGI,2407.27
810,White Lily,2,Round,1,1,0,11.76,727.0,692.38,716.0,-58.0,1251.3156,18.0,18.0,Super Ideal,F,VS1,1.05,IGI,2407.27
813,Jane Brear,2,Round,1,1,0,15.6,1134.3,679.22,1117.0,-58.0,1919.6686,18.0,18.0,Ideal,I,VS1,1.67,IGI,3210.0
813,Temperley,2,Round,1,1,0,16.3,1134.3,679.22,1117.0,-57.0,1909.6267,18.0,18.0,Ideal,I,VS1,1.67,IGI,3210.0
816,Michelle Kennedy,2,Oval,2,2,0,10.56,617.0,881.43,608.0,10.0,379.2958,15.0,15.0,Very Good,I,VS1,0.7,IGI,870.0
817,Michelle Kennedy,2,Round,2,2,0,19.75,319.4,591.48,315.0,-49.0,452.3495,16.0,18.0,Very Good,D,VS2,0.54,IGI,790.0
817,Temperley,2,Round,2,2,0,21.95,350.0,648.15,345.0,-46.0,467.0486,15.0,18.0,Very Good,D,VS2,0.54,IGI,790.0
818,Emilia Sterling,2,Emerald,1,1,0,17.38,838.72,762.47,826.0,-60.0,1358.0343,14.0,15.0,Very Good,E,VS2,1.1,IGI,2320.0
818,Jane Brear,2,Emerald,1,1,0,14.54,887.0,806.36,874.0,-60.0,1438.1514,14.0,15.0,Very Good,E,VS2,1.1,IGI,2320.0
818,Thalassa Gems,2,Emerald,2,2,0,11.35,847.0,770.0,834.0,-57.0,1260.2909,14.0,15.0,Very Good,E,VS2,1.1,IGI,2320.0
819,White Lily,2,Round,1,1,0,12.19,1681.0,1098.69,1656.0,-28.0,1663.4271,18.0,18.0,Super Ideal,J,VS1,1.53,IGI,2654.0
821,Temperley,2,Round,1,1,0,10.75,695.5,755.98,685.0,-45.0,897.4039,18.0,18.0,Super Ideal,I,VS2,0.92,IGI,1210.0
825,Avignon Diamonds,2,Round,1,1,0,12.06,2106.0,1037.44,2074.0,-64.0,4159.8589,18.0,18.0,Super Ideal,F,VS1,2.03,IGI,8358.33
825,Camden Gems,2,Round,1,1,0,14.25,2108.0,1038.42,2076.0,-63.0,4040.708,18.0,18.0,Super Ideal,F,VS1,2.03,IGI,8358.33
825,Clermont Diamonds,2,Round,1,1,0,12.71,2118.0,1043.35,2086.0,-64.0,4156.9756,18.0,18.0,Super Ideal,F,VS1,2.03,IGI,8358.33
825,Eccles Diamonds,2,Round,1,1,0,15.33,2114.0,1041.38,2082.0,-62.0,3994.416,18.0,18.0,Super Ideal,F,VS1,2.03,IGI,8358.33
825,Fuji Diamonds,2,Round,1,1,0,11.49,2108.0,1038.42,2076.0,-63.0,4107.2305,18.0,18.0,Super Ideal,F,VS1,2.03,IGI,8358.33
825,Gemstone Harmony,2,Round,1,1,0,11.12,2104.0,1036.45,2072.0,-64.0,4148.4199,18.0,18.0,Super Ideal,F,VS1,2.03,IGI,8358.33
825,Grace Brooks,2,Round,1,1,0,17.34,2148.42,1058.33,2116.0,-62.0,4066.2976,18.0,18.0,Super Ideal,F,VS1,2.03,IGI,8358.33
825,Hazel Diamonds,2,Round,1,1,0,14.33,2065.0,1017.24,2034.0,-65.0,4189.5347,18.0,18.0,Super Ideal,F,VS1,2.03,IGI,8358.33
825,Jane Brear,2,Round,1,1,0,16.06,2197.0,1082.27,2164.0,-61.0,4027.7195,18.0,18.0,Super Ideal,F,VS1,2.03,IGI,8358.33
825,Kenmare Diamonds,2,Round,1,1,0,16.55,2112.0,1040.39,2080.0,-63.0,4098.1133,18.0,18.0,Super Ideal,F,VS1,2.03,IGI,8358.33
825,Lunar Diamonds,2,Round,1,1,0,94.99,2102.0,1035.47,2070.0,-63.0,4029.3989,18.0,18.0,Super Ideal,F,VS1,2.03,IGI,8358.33
825,Marlowe & Co,2,Round,1,1,0,16.35,2144.0,1056.16,2112.0,-63.0,4177.2764,18.0,18.0,Super Ideal,F,VS1,2.03,IGI,8358.33
825,Mei & Co,2,Round,2,1,0,15.28,2101.0,1034.98,2069.0,-63.0,4071.2803,18.0,18.0,Super Ideal,F,VS1,2.03,IGI,8358.33
825,Michelle Kennedy,2,Round,1,1,0,12.83,2204.92,1086.17,2172.0,-62.0,4125.5122,18.0,18.0,Super Ideal,F,VS1,2.03,IGI,8358.33
825,N. B. Diamonds,2,Round,1,1,0,12.89,2099.0,1033.99,2068.0,-63.0,4097.8594,18.0,18.0,Super Ideal,F,VS1,2.03,IGI,8358.33
825,Nebula Stones,2,Round,1,1,0,13.59,2188.0,1077.83,2155.0,-62.0,4070.3875,18.0,18.0,Super Ideal,F,VS1,2.03,IGI,8358.33
825,Oasis Diamonds,2,Round,1,1,0,12.25,2192.98,1080.29,2160.0,-61.0,4047.7192,18.0,18.0,Super Ideal,F,VS1,2.03,IGI,8358.33
825,Roma Diamonds,2,Round,1,1,0,34.38,2498.0,1230.54,2461.0,-57.0,4188.2021,18.0,18.0,Super Ideal,F,VS1,2.03,IGI,8358.33
825,Stellar Radiance,2,Round,1,1,0,11.81,2132.28,1050.38,2100.0,-63.0,4173.7656,18.0,18.0,Super Ideal,F,VS1,2.03,IGI,8358.33
825,Temperley,2,Round,1,1,0,11.37,2174.0,1070.94,2141.0,-61.0,3997.7759,18.0,18.0,Super Ideal,F,VS1,2.03,IGI,8358.33
825,Thalassa Gems,2,Round,1,1,0,12.82,2102.0,1035.47,2070.0,-63.0,4017.1777,18.0,18.0,Super Ideal,F,VS1,2.03,IGI,8358.33
825,Vespera Gems,2,Round,1,1,0,11.15,2099.0,1033.99,2068.0,-64.0,4153.1636,18.0,18.0,Super Ideal,F,VS1,2.03,IGI,8358.33
825,Westport Jewelry,2,Round,1,1,0,13.91,2073.0,1021.18,2042.0,-64.0,4179.7397,18.0,18.0,Super Ideal,F,VS1,2.03,IGI,8358.33
825,White Lily,2,Round,1,1,0,13.14,2174.0,1070.94,2141.0,-62.0,4073.7185,18.0,18.0,Super Ideal,F,VS1,2.03,IGI,8358.33
831,Jane Brear,2,Round,1,1,0,11.51,1542.25,1021.36,1519.0,-22.0,1416.0461,18.0,18.0,Super Ideal,I,SI2,1.51,IGI,2266.67
831,White Lily,2,Round,1,1,0,12.3,1542.25,1021.36,1519.0,-20.0,1381.1281,18.0,18.0,Super Ideal,I,SI2,1.51,IGI,2266.67
832,Cornerstone,2,Emerald,3,3,0,19.65,759.57,834.69,748.0,-61.0,1259.307,12.0,15.0,Very Good,D,VS1,0.91,IGI,1730.0
832,Jane Brear,2,Emerald,3,3,0,17.65,816.52,897.27,804.0,-57.0,1228.1759,13.0,15.0,Very Good,D,VS1,0.91,IGI,1730.0
832,Marlowe & Co,2,Emerald,1,2,0,17.73,757.0,831.87,746.0,-59.0,1188.4935,13.0,15.0,Very Good,D,VS1,0.91,IGI,1730.0
832,Temperley,2,Emerald,1,1,0,16.92,852.0,936.26,839.0,-55.0,1227.7943,14.0,15.0,Very Good,D,VS1,0.91,IGI,1730.0
832,The Diamond Source,2,Emerald,2,2,0,20.0,743.26,816.77,732.0,-60.0,1209.08,14.0,15.0,Very Good,D,VS1,0.91,IGI,1730.0
832,White Lily,2,Emerald,1,1,0,13.1,807.94,887.85,796.0,-57.0,1217.7396,14.0,15.0,Very Good,D,VS1,0.91,IGI,1730.0
833,Taiga Gems,2,Emerald,1,1,0,17.63,1721.35,896.54,1696.0,-57.0,2556.198,15.0,15.0,Super Ideal,H,VS1,1.92,IGI,4600.0
833,Tamara,2,Emerald,1,1,0,17.52,1783.0,928.65,1756.0,-56.0,2592.707,15.0,15.0,Super Ideal,H,VS1,1.92,IGI,4600.0
833,Temperley,2,Emerald,1,1,0,19.2,1739.2,905.83,1713.0,-56.0,2564.7053,15.0,15.0,Super Ideal,H,VS1,1.92,IGI,4600.0
837,Cirrus Gems,2,Round,1,1,0,18.71,1027.0,744.2,1012.0,-61.0,1907.4708,18.0,18.0,Ideal,F,VVS2,1.38,IGI,3870.0
837,Ember Star,2,Round,1,1,0,13.78,1054.0,763.77,1038.0,-61.0,1923.7728,18.0,18.0,Ideal,F,VVS2,1.38,IGI,3870.0
837,Emilia Sterling,2,Round,1,1,0,12.21,1012.0,733.33,997.0,-62.0,1904.6836,18.0,18.0,Ideal,F,VVS2,1.38,IGI,3870.0
837,Eterna Luxe,2,Round,1,1,0,11.68,1068.0,773.91,1052.0,-61.0,1936.819,18.0,18.0,Ideal,F,VVS2,1.38,IGI,3870.0
837,Jane Brear,2,Round,1,1,0,11.93,1095.0,793.48,1079.0,-59.0,1910.8087,18.0,18.0,Ideal,F,VVS2,1.38,IGI,3870.0
837,Mei & Co,2,Round,1,1,0,14.62,1038.0,752.17,1022.0,-61.0,1901.4725,18.0,18.0,Ideal,F,VVS2,1.38,IGI,3870.0
837,Taiga Gems,2,Round,1,1,0,10.85,1063.66,770.77,1048.0,-61.0,1939.0618,18.0,18.0,Ideal,F,VVS2,1.38,IGI,3870.0
837,Tamara,2,Round,1,1,0,12.21,1062.0,769.57,1046.0,-60.0,1902.119,18.0,18.0,Ideal,F,VVS2,1.38,IGI,3870.0
837,Tilia Diamonds,2,Round,1,1,0,11.67,1060.67,768.6,1045.0,-61.0,1929.7361,18.0,18.0,Ideal,F,VVS2,1.38,IGI,3870.0
837,Vega Diamonds,2,Round,1,1,0,12.89,1021.0,739.86,1006.0,-62.0,1940.6825,18.0,18.0,Ideal,F,VVS2,1.38,IGI,3870.0
837,White Lily,2,Round,1,1,0,19.47,1200.65,870.04,1183.0,-56.0,1941.9742,18.0,18.0,Ideal,F,VVS2,1.38,IGI,3870.0
839,Cirrus Gems,2,Round,1,1,0,19.11,890.0,640.29,877.0,-56.0,1456.6106,18.0,18.0,Ideal,H,VS1,1.39,IGI,2840.0
839,Jane Brear,2,Round,1,1,0,11.96,946.0,680.58,932.0,-53.0,1451.7456,18.0,18.0,Ideal,H,VS1,1.39,IGI,2840.0
839,Michelle Kennedy,2,Round,1,1,0,89.66,952.0,684.89,938.0,-54.0,1489.4736,18.0,18.0,Ideal,H,VS1,1.39,IGI,2840.0
839,Taiga Gems,2,Round,1,1,0,14.88,910.0,654.68,896.0,-57.0,1500.7283,18.0,18.0,Ideal,H,VS1,1.39,IGI,2840.0
839,Temperley,2,Round,1,1,0,14.45,946.0,680.58,932.0,-53.0,1439.9395,18.0,18.0,Ideal,H,VS1,1.39,IGI,2840.0
842,CV Diamonds,2,Princess,1,1,0,16.3,787.0,735.51,775.0,-64.0,1372.4208,15.0,15.0,Super Ideal,G,VS1,1.07,IGI,2183.33
842,Ember Star,2,Princess,1,1,0,13.9,748.0,699.07,737.0,-66.0,1383.3201,15.0,15.0,Super Ideal,G,VS1,1.07,IGI,2183.33
842,Fuji Diamonds,2,Princess,1,1,0,18.56,764.0,714.02,753.0,-65.0,1389.5748,15.0,15.0,Super Ideal,G,VS1,1.07,IGI,2183.33
842,Kasai,2,Princess,1,1,0,16.33,803.0,750.47,791.0,-61.0,1320.1963,15.0,15.0,Super Ideal,G,VS1,1.07,IGI,2183.33
842,Marble Arch,2,Princess,1,1,0,10.48,778.0,727.1,766.0,-63.0,1333.9114,15.0,15.0,Super Ideal,G,VS1,1.07,IGI,2183.33
842,Michelle Kennedy,2,Princess,1,1,0,16.07,801.0,748.6,789.0,-63.0,1372.5153,15.0,15.0,Super Ideal,G,VS1,1.07,IGI,2183.33
842,White Lily,2,Princess,1,1,0,17.31,806.0,753.27,794.0,-62.0,1363.3759,15.0,15.0,Super Ideal,G,VS1,1.07,IGI,2183.33
847,Cirrus Gems,2,Round,1,1,0,21.22,976.0,834.19,961.0,-55.0,1556.1688,18.0,18.0,Super Ideal,G,VVS1,1.17,IGI,3090.0
847,Jane Brear,2,Round,1,1,0,18.71,1011.92,864.89,997.0,-52.0,1521.1028,18.0,18.0,Super Ideal,G,VVS1,1.17,IGI,3090.0
847,Sunset Gems,2,Round,1,1,0,20.62,979.0,836.75,964.0,-54.0,1514.9711,18.0,18.0,Super Ideal,G,VVS1,1.17,IGI,3090.0
851,Camden Gems,2,Round,1,1,0,17.45,3855.0,1285.0,3797.0,-69.0,8802.4639,18.0,18.0,Ideal,D,SI1,3.0,IGI,17460.0
851,Michelle Kennedy,2,Round,1,1,0,13.42,3849.0,1283.0,3791.0,-64.0,7614.2534,18.0,18.0,Ideal,D,SI1,3.0,IGI,17460.0
851,Periwinkle Stones,2,Round,1,1,0,16.26,3849.0,1283.0,3791.0,-68.0,8665.377,18.0,18.0,Ideal,D,SI1,3.0,IGI,17460.0
851,Temperley,2,Round,1,1,0,15.59,3850.0,1283.33,3792.0,-67.0,8367.2598,18.0,18.0,Ideal,D,SI1,3.0,IGI,17460.0
858,Diamonds by Zoya,2,Pear,2,2,0,22.98,385.0,663.79,379.0,-57.0,586.4127,15.0,15.0,Super Ideal,E,VVS1,0.58,IGI,890.0
858,Roma Diamonds,2,Pear,1,1,0,14.74,381.0,656.9,375.0,-52.0,515.3939,15.0,15.0,Super Ideal,E,VVS1,0.58,IGI,890.0
858,Vega Diamonds,2,Pear,1,2,0,26.16,370.62,639.0,365.0,-61.0,609.2535,15.0,15.0,Super Ideal,E,VVS1,0.58,IGI,890.0
861,Artemis Stones,2,Round,1,1,0,17.99,2146.0,1051.96,2114.0,-65.0,4361.1313,18.0,18.0,Ideal,G,VVS2,2.04,IGI,8185.0
861,Camden Gems,2,Round,1,1,0,13.46,2189.0,1073.04,2156.0,-64.0,4389.7075,18.0,18.0,Ideal,G,VVS2,2.04,IGI,8185.0
861,Cirrus Gems,2,Round,1,1,0,18.57,2125.0,1041.67,2093.0,-65.0,4392.1401,18.0,18.0,Ideal,G,VVS2,2.04,IGI,8185.0
861,Clermont Diamonds,2,Round,1,1,0,17.42,2181.0,1069.12,2148.0,-66.0,4543.6489,18.0,18.0,Ideal,G,VVS2,2.04,IGI,8185.0
861,Ember Star,2,Round,1,1,0,13.27,2173.0,1065.2,2140.0,-64.0,4369.502,18.0,18.0,Ideal,G,VVS2,2.04,IGI,8185.0
861,Gemstone Harmony,2,Round,1,1,0,13.05,2169.0,1063.24,2136.0,-65.0,4484.7051,18.0,18.0,Ideal,G,VVS2,2.04,IGI,8185.0
861,Hazel Diamonds,2,Round,1,1,0,10.73,2114.0,1036.27,2082.0,-66.0,4390.7378,18.0,18.0,Ideal,G,VVS2,2.04,IGI,8185.0
861,Jane Brear,2,Round,1,1,0,14.49,2151.0,1054.41,2119.0,-65.0,4382.855,18.0,18.0,Ideal,G,VVS2,2.04,IGI,8185.0
861,Marlowe & Co,2,Round,1,1,0,12.4,2222.0,1089.22,2189.0,-63.0,4334.0977,18.0,18.0,Ideal,G,VVS2,2.04,IGI,8185.0
861,Michelle Kennedy,2,Round,1,1,0,18.51,2177.0,1067.16,2144.0,-65.0,4405.5122,18.0,18.0,Ideal,G,VVS2,2.04,IGI,8185.0
861,Sonata Gems,2,Round,1,1,0,11.77,2159.0,1058.33,2127.0,-65.0,4358.4419,18.0,18.0,Ideal,G,VVS2,2.04,IGI,8185.0
861,Taiga Gems,2,Round,1,1,0,16.05,2146.0,1051.96,2114.0,-65.0,4396.5435,18.0,18.0,Ideal,G,VVS2,2.04,IGI,8185.0
861,Temperley,2,Round,1,1,0,12.49,2209.0,1082.84,2176.0,-64.0,4345.3555,18.0,18.0,Ideal,G,VVS2,2.04,IGI,8185.0
861,Verve Jewels,2,Round,1,1,0,17.89,2130.0,1044.12,2098.0,-67.0,4627.5864,18.0,18.0,Ideal,G,VVS2,2.04,IGI,8185.0
861,Westport Jewelry,2,Round,1,1,0,12.05,2130.0,1044.12,2098.0,-65.0,4419.9502,18.0,18.0,Ideal,G,VVS2,2.04,IGI,8185.0
861,White Lily,2,Round,1,1,0,10.82,2194.0,1075.49,2161.0,-65.0,4429.0566,18.0,18.0,Ideal,G,VVS2,2.04,IGI,8185.0
862,Michelle Kennedy,2,Round,1,1,0,14.56,1875.0,1157.41,1847.0,-15.0,1577.2483,18.0,18.0,Super Ideal,I,SI1,1.62,IGI,2680.0
862,Sunset Gems,2,Round,1,2,0,10.0,1026.92,633.9,1012.0,-51.0,1505.7122,18.0,18.0,Super Ideal,I,SI1,1.62,IGI,2680.0
863,Jane Brear,2,Pear,1,2,0,13.14,337.0,660.78,332.0,-42.0,375.0814,15.0,15.0,Very Good,I,SI1,0.51,IGI,490.0
863,Temperley,2,Pear,2,2,0,14.89,337.0,660.78,332.0,-27.0,300.8869,15.0,15.0,Very Good,I,SI1,0.51,IGI,490.0
868,Jane Brear,2,Oval,1,2,0,14.84,760.18,752.65,749.0,-54.0,1111.1536,15.0,15.0,Very Good,F,SI1,1.01,IGI,1970.0
868,Serene Peaks Diamonds,2,Oval,1,1,0,14.87,739.0,731.68,728.0,-54.0,1080.114,15.0,15.0,Very Good,F,SI1,1.01,IGI,1970.0
869,Diamonds by Zoya,2,Cushion,2,2,0,83.37,344.0,537.5,339.0,-9.0,237.9895,14.0,15.0,Very Good,E,VS1,0.64,IGI,830.0
873,Albert's Creations,2,Round,1,1,0,11.84,954.0,717.29,940.0,-59.0,1680.0032,18.0,18.0,Ideal,G,VS1,1.33,IGI,2890.0
873,Jane Brear,2,Round,1,1,0,18.19,970.12,729.41,956.0,-58.0,1635.594,18.0,18.0,Ideal,G,VS1,1.33,IGI,2890.0
873,Michelle Kennedy,2,Round,1,1,0,16.79,967.0,727.07,952.0,-58.0,1636.3145,18.0,18.0,Ideal,G,VS1,1.33,IGI,2890.0
873,Nova Stars,2,Round,1,1,0,12.35,950.0,714.29,936.0,-57.0,1582.2737,18.0,18.0,Ideal,G,VS1,1.33,IGI,2890.0
873,Periwinkle Stones,2,Round,1,1,0,17.82,941.0,707.52,927.0,-58.0,1601.8159,18.0,18.0,Ideal,G,VS1,1.33,IGI,2890.0
873,Sunset Gems,2,Round,1,1,0,21.88,939.0,706.02,925.0,-59.0,1624.3256,18.0,18.0,Ideal,G,VS1,1.33,IGI,2890.0
873,Taiga Gems,2,Round,1,1,0,11.22,950.0,714.29,936.0,-57.0,1596.8214,18.0,18.0,Ideal,G,VS1,1.33,IGI,2890.0
873,Temperley,2,Round,1,1,0,18.69,960.0,721.8,946.0,-58.0,1651.5833,18.0,18.0,Ideal,G,VS1,1.33,IGI,2890.0
873,White Lily,2,Round,1,1,0,15.82,995.0,748.12,980.0,-57.0,1641.3407,18.0,18.0,Ideal,G,VS1,1.33,IGI,2890.0
874,Bayside Gems,2,Emerald,1,1,0,12.4,847.74,847.74,835.0,-64.0,1497.9751,14.0,15.0,Very Good,D,VS2,1.0,IGI,2260.0
874,Cornerstone,2,Emerald,1,1,0,14.12,879.0,879.0,866.0,-63.0,1535.9233,14.0,15.0,Very Good,D,VS2,1.0,IGI,2260.0
874,Eternity Fine Jewelers,2,Emerald,1,1,0,13.36,854.0,854.0,841.0,-64.0,1530.5875,14.0,15.0,Very Good,D,VS2,1.0,IGI,2260.0
874,Grace Brooks,2,Emerald,2,2,0,15.8,858.02,858.02,845.0,-63.0,1499.2349,15.0,15.0,Very Good,D,VS2,1.0,IGI,2260.0
874,Jane Brear,2,Emerald,1,1,0,12.88,868.0,868.0,855.0,-62.0,1472.3817,13.0,15.0,Very Good,D,VS2,1.0,IGI,2260.0
874,Mei & Co,2,Emerald,1,1,0,12.89,835.0,835.0,822.0,-63.0,1457.5731,14.0,15.0,Very Good,D,VS2,1.0,IGI,2260.0
874,Serenade Diamonds,2,Emerald,1,1,0,16.9,820.38,820.38,808.0,-65.0,1500.5911,14.0,15.0,Very Good,D,VS2,1.0,IGI,2260.0
874,Simetría,2,Emerald,1,1,0,11.95,847.0,847.0,834.0,-64.0,1520.0012,14.0,15.0,Very Good,D,VS2,1.0,IGI,2260.0
874,Sonata Gems,2,Emerald,1,1,0,11.47,859.0,859.0,846.0,-63.0,1501.3002,14.0,15.0,Very Good,D,VS2,1.0,IGI,2260.0
874,Taiga Gems,2,Emerald,1,1,0,16.97,837.0,837.0,824.0,-65.0,1547.1385,14.0,15.0,Very Good,D,VS2,1.0,IGI,2260.0
874,Vega Diamonds,2,Emerald,1,1,0,17.83,817.0,817.0,805.0,-65.0,1502.2056,14.0,15.0,Very Good,D,VS2,1.0,IGI,2260.0
874,White Lily,2,Emerald,2,2,0,14.84,858.02,858.02,845.0,-66.0,1625.3689,14.0,15.0,Very Good,D,VS2,1.0,IGI,2260.0
877,Bayside Gems,2,Oval,1,1,0,14.56,768.14,745.77,757.0,-65.0,1498.4352,15.0,15.0,Super Ideal,E,VS1,1.03,IGI,2383.33
877,CV Diamonds,2,Oval,1,1,0,12.18,772.0,749.51,760.0,-65.0,1466.8873,15.0,15.0,Super Ideal,E,VS1,1.03,IGI,2383.33
877,Diamonds by Zoya,2,Oval,1,1,0,90.53,760.0,737.86,749.0,-65.0,1482.6633,15.0,15.0,Super Ideal,E,VS1,1.03,IGI,2383.33
877,Eternity Fine Jewelers,2,Oval,1,1,0,14.05,776.0,753.4,764.0,-65.0,1497.4319,15.0,15.0,Super Ideal,E,VS1,1.03,IGI,2383.33
877,Fuji Diamonds,2,Oval,1,1,0,17.02,778.0,755.34,766.0,-66.0,1521.7152,15.0,15.0,Super Ideal,E,VS1,1.03,IGI,2383.33
877,Grace Brooks,2,Oval,1,1,0,15.58,778.0,755.34,766.0,-65.0,1490.505,15.0,15.0,Super Ideal,E,VS1,1.03,IGI,2383.33
877,Hill & Holland,2,Oval,1,1,0,14.67,782.0,759.22,770.0,-64.0,1457.8738,15.0,15.0,Super Ideal,E,VS1,1.03,IGI,2383.33
877,Infinity Diamonds,2,Oval,1,1,0,17.68,748.0,726.21,737.0,-65.0,1455.3481,15.0,15.0,Super Ideal,E,VS1,1.03,IGI,2383.33
877,Jane Brear,2,Oval,1,1,0,13.99,793.02,769.92,781.0,-64.0,1477.1373,15.0,15.0,Super Ideal,E,VS1,1.03,IGI,2383.33
877,Kara,2,Oval,1,1,0,13.06,785.0,762.14,773.0,-64.0,1487.8754,15.0,15.0,Super Ideal,E,VS1,1.03,IGI,2383.33
877,Kaylin Crafts,2,Oval,1,1,0,10.95,758.0,735.92,747.0,-65.0,1469.9476,15.0,15.0,Super Ideal,E,VS1,1.03,IGI,2383.33
877,Magnolia,2,Oval,2,2,0,14.84,756.0,733.98,745.0,-66.0,1515.7151,15.0,15.0,Super Ideal,E,VS1,1.03,IGI,2383.33
877,Marlowe & Co,2,Oval,1,1,0,14.15,784.0,761.17,772.0,-66.0,1556.9175,15.0,15.0,Super Ideal,E,VS1,1.03,IGI,2383.33
877,Michelle Kennedy,2,Oval,1,1,0,11.47,791.0,767.96,779.0,-64.0,1474.8816,15.0,15.0,Super Ideal,E,VS1,1.03,IGI,2383.33
877,Nebula Stones,2,Oval,1,1,0,13.43,776.1,753.5,764.0,-64.0,1458.2822,15.0,15.0,Super Ideal,E,VS1,1.03,IGI,2383.33
877,Periwinkle Stones,2,Oval,1,1,0,13.7,797.99,774.75,786.0,-64.0,1473.6996,15.0,15.0,Super Ideal,E,VS1,1.03,IGI,2383.33
877,Rosella,2,Oval,1,1,0,13.19,741.0,719.42,730.0,-68.0,1536.865,15.0,15.0,Super Ideal,E,VS1,1.03,IGI,2383.33
877,Serene Peaks Diamonds,2,Oval,2,1,0,13.79,767.0,744.66,755.0,-65.0,1483.219,15.0,15.0,Super Ideal,E,VS1,1.03,IGI,2383.33
877,Taiga Gems,2,Oval,1,1,0,11.82,766.0,743.69,755.0,-65.0,1454.2601,15.0,15.0,Super Ideal,E,VS1,1.03,IGI,2383.33
877,Tamara,2,Oval,1,1,0,13.91,792.02,768.95,780.0,-65.0,1529.1191,15.0,15.0,Super Ideal,E,VS1,1.03,IGI,2383.33
877,Temperley,2,Oval,1,1,0,10.97,774.0,751.46,762.0,-65.0,1503.8419,15.0,15.0,Super Ideal,E,VS1,1.03,IGI,2383.33
877,Westport Jewelry,2,Oval,1,1,0,15.81,756.0,733.98,745.0,-67.0,1546.9241,15.0,15.0,Super Ideal,E,VS1,1.03,IGI,2383.33
877,White Lily,2,Oval,1,1,0,12.32,793.02,769.92,781.0,-65.0,1512.2935,15.0,15.0,Super Ideal,E,VS1,1.03,IGI,2383.33
879,Cirrus Gems,2,Round,1,1,0,18.88,563.65,593.32,555.0,-59.0,977.6536,18.0,18.0,Ideal,J,SI2,0.95,IGI,1920.0
885,Cirrus Gems,2,Pear,2,2,0,18.1,350.0,593.22,345.0,-45.0,416.3382,15.0,15.0,Super Ideal,H,VS2,0.59,IGI,590.0
890,Diamonds by Zoya,2,Pear,1,1,0,15.09,736.3,701.24,725.0,-65.0,1380.6676,15.0,15.0,Super Ideal,G,VS2,1.05,IGI,1940.0
890,Fabiola,2,Pear,1,1,0,15.01,733.32,698.4,722.0,-65.0,1351.2224,15.0,15.0,Super Ideal,G,VS2,1.05,IGI,1940.0
890,Marlowe & Co,2,Pear,1,1,0,16.38,763.16,726.82,752.0,-65.0,1408.7084,15.0,15.0,Super Ideal,G,VS2,1.05,IGI,1940.0
890,Serene Peaks Diamonds,2,Pear,1,2,0,14.98,745.26,709.77,734.0,-65.0,1366.8604,15.0,15.0,Super Ideal,G,VS2,1.05,IGI,1940.0
890,Tierra Mia Diamonds,2,Pear,1,1,0,14.94,722.0,687.62,711.0,-66.0,1379.666,15.0,15.0,Super Ideal,G,VS2,1.05,IGI,1940.0
891,Avignon Diamonds,2,Round,1,1,0,25.87,356.14,531.55,351.0,-58.0,602.2642,18.0,18.0,Ideal,D,VS1,0.67,IGI,1060.0
891,Eccles Diamonds,2,Round,1,1,0,22.41,340.29,507.9,335.0,-62.0,638.0432,17.0,18.0,Ideal,D,VS1,0.67,IGI,1060.0
891,Eternal Flame,2,Round,1,1,0,21.58,364.17,543.54,359.0,-58.0,625.1226,18.0,18.0,Ideal,D,VS1,0.67,IGI,1060.0
891,Felicity Diamonds,2,Round,1,1,0,12.62,343.0,511.94,338.0,-58.0,582.0838,18.0,18.0,Ideal,D,VS1,0.67,IGI,1060.0
891,Hill & Holland,2,Round,1,1,0,23.64,354.22,528.69,349.0,-57.0,584.053,18.0,18.0,Ideal,D,VS1,0.67,IGI,1060.0
891,Jane Brear,2,Round,1,1,0,21.58,360.19,537.6,355.0,-57.0,599.4033,18.0,18.0,Ideal,D,VS1,0.67,IGI,1060.0
891,Joan Cooper,2,Round,1,1,0,23.16,331.34,494.54,326.0,-60.0,599.9627,18.0,18.0,Ideal,D,VS1,0.67,IGI,1060.0
891,Lotus Creation,2,Round,1,1,0,24.03,343.59,512.82,338.0,-58.0,584.1268,18.0,18.0,Ideal,D,VS1,0.67,IGI,1060.0
891,Mei & Co,2,Round,1,1,0,24.26,339.3,506.42,334.0,-61.0,624.0211,18.0,18.0,Ideal,D,VS1,0.67,IGI,1060.0
891,Michelle Kennedy,2,Round,1,1,0,21.73,350.24,522.75,345.0,-50.0,505.3435,18.0,18.0,Ideal,D,VS1,0.67,IGI,1060.0
891,Promenade Jewelry,2,Round,1,1,0,25.5,345.52,515.7,340.0,-58.0,582.4102,18.0,18.0,Ideal,D,VS1,0.67,IGI,1060.0
891,Riviera Jewels,2,Round,1,1,0,21.78,335.32,500.48,330.0,-59.0,579.441,18.0,18.0,Ideal,D,VS1,0.67,IGI,1060.0
891,Serenade Diamonds,2,Round,1,1,0,11.7,347.0,517.91,342.0,-58.0,594.1075,18.0,18.0,Ideal,D,VS1,0.67,IGI,1060.0
891,Sonata Gems,2,Round,1,1,0,22.97,333.32,497.49,328.0,-58.0,574.9379,18.0,18.0,Ideal,D,VS1,0.67,IGI,1060.0
891,Temperley,2,Round,1,1,0,27.1,360.0,537.31,355.0,-56.0,591.8488,18.0,18.0,Ideal,D,VS1,0.67,IGI,1060.0
891,Vega Diamonds,2,Round,1,1,0,28.07,319.46,476.81,315.0,-62.0,600.6785,18.0,18.0,Ideal,D,VS1,0.67,IGI,1060.0
891,White Lily,2,Round,1,1,0,14.5,358.2,534.63,353.0,-54.0,555.6605,18.0,18.0,Ideal,D,VS1,0.67,IGI,1060.0
892,Clara Belle Gems,2,Round,1,1,0,14.32,3534.0,1419.28,3481.0,-60.0,6358.3252,18.0,18.0,Super Ideal,D,VS1,2.49,IGI,13870.0
892,Jane Brear,2,Round,1,1,0,16.86,3471.2,1394.06,3419.0,-61.0,6390.0161,18.0,18.0,Super Ideal,D,VS1,2.49,IGI,13870.0
892,Marlowe & Co,2,Round,1,1,0,17.62,3417.0,1372.29,3366.0,-61.0,6311.7139,18.0,18.0,Super Ideal,D,VS1,2.49,IGI,13870.0
892,Temperley,2,Round,1,1,0,12.78,3534.0,1419.28,3481.0,-60.0,6337.8926,18.0,18.0,Super Ideal,D,VS1,2.49,IGI,13870.0
900,Albert's Creations,2,Princess,1,1,0,12.72,1360.0,877.42,1340.0,-62.0,2280.6611,15.0,15.0,Super Ideal,H,VS1,1.55,IGI,3580.0
900,Cirrus Gems,2,Princess,1,1,0,22.26,1356.0,874.84,1336.0,-62.0,2266.2241,15.0,15.0,Super Ideal,H,VS1,1.55,IGI,3580.0
900,Jane Brear,2,Princess,1,1,0,18.25,1377.0,888.39,1356.0,-62.0,2307.2942,15.0,15.0,Super Ideal,H,VS1,1.55,IGI,3580.0
900,Michelle Kennedy,2,Princess,1,1,0,18.58,1358.18,876.25,1338.0,-63.0,2326.9292,15.0,15.0,Super Ideal,H,VS1,1.55,IGI,3580.0
900,Temperley,2,Princess,1,1,0,51.31,1349.0,870.32,1329.0,-63.0,2299.3149,15.0,15.0,Super Ideal,H,VS1,1.55,IGI,3580.0
901,Artemis Stones,2,Round,1,1,0,15.41,1935.0,908.45,1906.0,-62.0,3637.7104,18.0,18.0,Ideal,G,VS1,2.13,IGI,7360.0
901,CV Diamonds,2,Round,1,1,0,11.87,1984.03,931.47,1954.0,-61.0,3656.2896,18.0,18.0,Ideal,G,VS1,2.13,IGI,7360.0
901,Cirrus Gems,2,Round,1,1,0,18.12,1907.0,895.31,1878.0,-62.0,3640.4561,18.0,18.0,Ideal,G,VS1,2.13,IGI,7360.0
901,Fabiola,2,Round,1,1,0,11.1,1962.0,921.13,1933.0,-62.0,3653.8203,18.0,18.0,Ideal,G,VS1,2.13,IGI,7360.0
901,Jane Brear,2,Round,1,1,0,14.38,2024.82,950.62,1994.0,-59.0,3567.7258,18.0,18.0,Ideal,G,VS1,2.13,IGI,7360.0
901,Michelle Kennedy,2,Round,1,1,0,11.17,2024.82,950.62,1994.0,-61.0,3704.613,18.0,18.0,Ideal,G,VS1,2.13,IGI,7360.0
901,Seraphina Gems,2,Round,1,1,0,12.12,1964.0,922.07,1935.0,-61.0,3640.3525,18.0,18.0,Ideal,G,VS1,2.13,IGI,7360.0
901,Temperley,2,Round,1,1,0,13.06,1986.0,932.39,1956.0,-62.0,3709.9729,18.0,18.0,Ideal,G,VS1,2.13,IGI,7360.0
901,White Lily,2,Round,1,1,0,11.16,1997.0,937.56,1967.0,-61.0,3653.738,18.0,18.0,Ideal,G,VS1,2.13,IGI,7360.0
903,Albert's Creations,2,Round,1,1,0,14.17,2058.0,984.69,2027.0,-61.0,3730.6643,18.0,18.0,Ideal,F,VS2,2.09,IGI,7580.0
903,Bayside Gems,2,Round,1,1,0,12.4,2140.0,1023.92,2108.0,-58.0,3648.0623,18.0,18.0,Ideal,F,VS2,2.09,IGI,7580.0
903,Clermont Diamonds,2,Round,1,1,0,12.65,2037.0,974.64,2006.0,-60.0,3638.4707,18.0,18.0,Ideal,F,VS2,2.09,IGI,7580.0
903,Hoseki,2,Round,1,1,0,12.66,2113.38,1011.19,2082.0,-59.0,3657.9609,18.0,18.0,Ideal,F,VS2,2.09,IGI,7580.0
903,Jane Brear,2,Round,1,1,0,12.16,2066.0,988.52,2035.0,-61.0,3763.7556,18.0,18.0,Ideal,F,VS2,2.09,IGI,7580.0
903,Meridian Crafts,2,Round,1,1,0,13.39,2041.0,976.56,2010.0,-60.0,3629.5759,18.0,18.0,Ideal,F,VS2,2.09,IGI,7580.0
903,Michelle Kennedy,2,Round,1,1,0,13.64,2070.0,990.43,2039.0,-60.0,3663.7129,18.0,18.0,Ideal,F,VS2,2.09,IGI,7580.0
903,Taiga Gems,2,Round,1,1,0,17.28,2039.0,975.6,2008.0,-61.0,3744.396,18.0,18.0,Ideal,F,VS2,2.09,IGI,7580.0
903,Temperley,2,Round,1,1,0,14.19,2066.0,988.52,2035.0,-59.0,3620.2524,18.0,18.0,Ideal,F,VS2,2.09,IGI,7580.0
903,Thalassa Gems,2,Round,1,1,0,11.55,2026.82,969.77,1996.0,-61.0,3714.1067,18.0,18.0,Ideal,F,VS2,2.09,IGI,7580.0
903,Vega Diamonds,2,Round,1,1,0,14.55,1996.0,955.02,1966.0,-62.0,3801.3733,18.0,18.0,Ideal,F,VS2,2.09,IGI,7580.0
903,White Lily,2,Round,1,1,0,13.52,2075.57,993.1,2044.0,-59.0,3628.1326,18.0,18.0,Ideal,F,VS2,2.09,IGI,7580.0
905,Michelle Kennedy,2,Round,1,1,0,12.67,700.0,619.47,690.0,-54.0,1090.6725,18.0,18.0,Ideal,I,VS1,1.13,IGI,1828.92
905,White Lily,2,Round,1,1,0,17.78,743.26,657.75,732.0,-53.0,1120.733,18.0,18.0,Ideal,I,VS1,1.13,IGI,1828.92
909,Temperley,2,Round,1,1,0,14.47,1576.0,719.63,1552.0,-52.0,2334.5886,0.0,0.0,Ideal,I,VS2,2.19,IGI,4980.0
910,Jane Brear,2,Round,1,1,0,13.72,1715.0,1143.33,1689.0,-18.0,1502.7025,17.0,18.0,Ideal,I,SI1,1.5,IGI,2595.71
910,Michelle Kennedy,2,Round,1,1,0,14.56,1715.0,1143.33,1689.0,-19.0,1507.0605,18.0,18.0,Ideal,I,SI1,1.5,IGI,2595.71
910,Temperley,2,Round,1,1,0,10.66,1715.0,1143.33,1689.0,-21.0,1552.8628,18.0,18.0,Ideal,I,SI1,1.5,IGI,2595.71
910,White Lily,2,Round,1,1,0,14.89,1715.0,1143.33,1689.0,-23.0,1603.1614,18.0,18.0,Ideal,I,SI1,1.5,IGI,2595.71
917,Diamonds by Zoya,2,Oval,2,2,0,82.39,316.0,596.23,311.0,-44.0,378.038,15.0,15.0,Very Good,D,VS1,0.53,IGI,1040.0
917,Jane Brear,2,Oval,1,2,0,19.49,321.0,605.66,316.0,-47.0,409.4776,14.0,15.0,Very Good,D,VS1,0.53,IGI,1040.0
917,Magnolia,2,Oval,2,2,0,12.51,332.0,626.42,327.0,-44.0,399.4194,15.0,15.0,Very Good,D,VS1,0.53,IGI,1040.0
917,Michelle Kennedy,2,Oval,1,2,0,21.92,321.0,605.66,316.0,-45.0,393.7312,13.0,15.0,Very Good,D,VS1,0.53,IGI,1040.0
917,Rosella,2,Oval,2,2,0,15.1,321.39,606.4,317.0,-48.0,413.6724,15.0,15.0,Very Good,D,VS1,0.53,IGI,1040.0
917,White Lily,2,Oval,2,2,0,21.78,321.0,605.66,316.0,-51.0,442.4153,14.0,15.0,Very Good,D,VS1,0.53,IGI,1040.0
918,Camden Gems,2,Round,1,1,0,14.11,1307.0,848.7,1287.0,-61.0,2388.1047,18.0,18.0,Ideal,G,VS1,1.54,IGI,4057.5
918,Fabiola,2,Round,1,1,0,12.19,1310.0,850.65,1290.0,-60.0,2369.0659,18.0,18.0,Ideal,G,VS1,1.54,IGI,4057.5
918,Marlowe & Co,2,Round,1,1,0,10.29,1320.0,857.14,1300.0,-60.0,2380.3223,18.0,18.0,Ideal,G,VS1,1.54,IGI,4057.5
918,Michelle Kennedy,2,Round,1,1,0,12.92,1297.0,842.21,1278.0,-61.0,2368.3552,17.0,18.0,Ideal,G,VS1,1.54,IGI,4057.5
918,Roma Diamonds,2,Round,1,1,0,11.11,1311.0,851.3,1291.0,-61.0,2380.0447,18.0,18.0,Ideal,G,VS1,1.54,IGI,4057.5
918,Serene Peaks Diamonds,2,Round,1,1,0,13.15,1331.0,864.29,1311.0,-62.0,2480.0938,18.0,18.0,Ideal,G,VS1,1.54,IGI,4057.5
918,Tamara,2,Round,1,1,0,20.09,1332.0,864.94,1312.0,-60.0,2385.0291,18.0,18.0,Ideal,G,VS1,1.54,IGI,4057.5
918,Temperley,2,Round,1,1,0,92.78,1332.0,864.94,1312.0,-61.0,2432.5269,18.0,18.0,Ideal,G,VS1,1.54,IGI,4057.5
918,Vespera Gems,2,Round,1,1,0,17.6,1299.0,843.51,1280.0,-61.0,2391.9053,18.0,18.0,Ideal,G,VS1,1.54,IGI,4057.5
920,Cirrus Gems,2,Princess,1,1,0,17.05,2220.0,1099.01,2187.0,-68.0,4363.6489,15.0,15.0,Super Ideal,G,VVS2,2.02,IGI,6920.0
920,Jane Brear,2,Princess,1,1,0,14.92,2277.0,1127.23,2243.0,-67.0,4372.5752,15.0,15.0,Super Ideal,G,VVS2,2.02,IGI,6920.0
920,Michelle Kennedy,2,Princess,1,1,0,15.21,2285.0,1131.19,2251.0,-68.0,4486.167,15.0,15.0,Super Ideal,G,VVS2,2.02,IGI,6920.0
920,Periwinkle Stones,2,Princess,1,1,0,20.36,2293.0,1135.15,2259.0,-67.0,4398.7676,15.0,15.0,Super Ideal,G,VVS2,2.02,IGI,6920.0
920,Roma Diamonds,2,Princess,1,1,0,12.24,2274.0,1125.74,2240.0,-67.0,4401.0825,15.0,15.0,Super Ideal,G,VVS2,2.02,IGI,6920.0
920,Taiga Gems,2,Princess,1,1,0,14.24,2195.0,1086.63,2162.0,-68.0,4398.7676,15.0,15.0,Super Ideal,G,VVS2,2.02,IGI,6920.0
920,Tamara,2,Princess,1,1,0,18.67,2295.0,1136.14,2261.0,-67.0,4397.4902,15.0,15.0,Super Ideal,G,VVS2,2.02,IGI,6920.0
920,White Lily,2,Princess,1,1,0,13.03,2294.0,1135.64,2260.0,-66.0,4312.6401,15.0,15.0,Super Ideal,G,VVS2,2.02,IGI,6920.0
932,Cirrus Gems,2,Round,1,2,0,19.41,886.0,656.3,873.0,-54.0,1392.0995,18.0,18.0,Ideal,H,VS1,1.35,IGI,2620.0
932,Jane Brear,2,Round,1,1,0,14.91,954.2,706.81,940.0,-52.0,1422.8021,18.0,18.0,Ideal,H,VS1,1.35,IGI,2620.0
932,Sunset Gems,2,Round,2,1,0,10.25,893.0,661.48,880.0,-56.0,1439.6823,18.0,18.0,Ideal,H,VS1,1.35,IGI,2620.0
932,Taiga Gems,2,Round,1,1,0,17.93,908.0,672.59,894.0,-54.0,1423.0267,18.0,18.0,Ideal,H,VS1,1.35,IGI,2620.0
933,Michelle Kennedy,2,Oval,2,1,0,14.48,308.0,993.55,303.0,-39.0,342.9113,15.0,15.0,Super Ideal,D,VS2,0.31,IGI,320.0
937,Jane Brear,2,Round,1,1,0,11.84,1653.0,1343.9,1628.0,-8.0,1286.1477,18.0,18.0,Super Ideal,I,VS2,1.23,IGI,1900.0
940,Artemis Stones,2,Round,1,1,0,17.01,1937.06,900.96,1908.0,-61.0,3545.4583,18.0,18.0,Super Ideal,G,VS1,2.15,IGI,7530.0
940,Avignon Diamonds,2,Round,1,1,0,11.06,1960.0,911.63,1931.0,-62.0,3660.697,18.0,18.0,Super Ideal,G,VS1,2.15,IGI,7530.0
940,Camden Gems,2,Round,1,1,0,15.54,1981.0,921.4,1951.0,-61.0,3643.697,18.0,18.0,Super Ideal,G,VS1,2.15,IGI,7530.0
940,Cirrus Gems,2,Round,1,1,0,18.6,1909.0,887.91,1880.0,-63.0,3709.0112,18.0,18.0,Super Ideal,G,VS1,2.15,IGI,7530.0
940,Diamonds by Zoya,2,Round,1,1,0,94.89,1963.0,913.02,1934.0,-61.0,3600.6897,18.0,18.0,Super Ideal,G,VS1,2.15,IGI,7530.0
940,I & M Designs,2,Round,1,1,0,10.68,2017.86,938.54,1988.0,-61.0,3714.4312,18.0,18.0,Super Ideal,G,VS1,2.15,IGI,7530.0
940,Jane Brear,2,Round,1,1,0,14.69,1973.0,917.67,1943.0,-61.0,3641.3596,18.0,18.0,Super Ideal,G,VS1,2.15,IGI,7530.0
940,Michelle Kennedy,2,Round,1,1,0,12.2,2010.9,935.3,1981.0,-61.0,3651.5342,18.0,18.0,Super Ideal,G,VS1,2.15,IGI,7530.0
940,Temperley,2,Round,1,1,0,10.64,2010.9,935.3,1981.0,-62.0,3789.7605,18.0,18.0,Super Ideal,G,VS1,2.15,IGI,7530.0
940,White Lily,2,Round,1,1,0,11.25,1999.0,929.77,1969.0,-61.0,3649.5679,18.0,18.0,Super Ideal,G,VS1,2.15,IGI,7530.0
942,Jane Brear,2,Round,1,1,0,13.61,1572.1,1310.08,1549.0,-6.0,1198.4724,18.0,18.0,Ideal,I,SI1,1.2,IGI,2023.75
944,Cirrus Gems,2,Round,1,1,0,89.53,742.0,575.19,731.0,-60.0,1341.5822,18.0,18.0,Ideal,I,VS1,1.29,IGI,2122.5
947,Clermont Diamonds,2,Round,1,1,0,14.34,1160.0,773.33,1143.0,-53.0,1764.9286,18.0,18.0,Super Ideal,F,SI1,1.5,IGI,3670.77
947,Fabiola,2,Round,1,1,0,14.15,1167.14,778.09,1150.0,-53.0,1792.1439,18.0,18.0,Super Ideal,F,SI1,1.5,IGI,3670.77
947,Serene Peaks Diamonds,2,Round,1,1,0,15.49,1171.12,780.75,1154.0,-54.0,1806.5828,18.0,18.0,Super Ideal,F,SI1,1.5,IGI,3670.77
947,Temperley,2,Round,1,1,0,17.78,1196.0,797.33,1178.0,-54.0,1842.9792,18.0,18.0,Super Ideal,F,SI1,1.5,IGI,3670.77
947,Thalassa Gems,2,Round,1,1,0,12.37,1148.0,765.33,1131.0,-53.0,1735.9592,18.0,18.0,Super Ideal,F,SI1,1.5,IGI,3670.77
947,White Lily,2,Round,1,1,0,16.26,1203.0,802.0,1185.0,-51.0,1769.0322,18.0,18.0,Super Ideal,F,SI1,1.5,IGI,3670.77
955,Michelle Kennedy,2,Round,1,1,0,18.41,750.0,630.25,739.0,-50.0,1081.0482,18.0,18.0,Ideal,I,VS2,1.19,IGI,1898.4
957,Marlowe & Co,2,Round,1,1,0,18.38,2022.0,805.58,1992.0,-62.0,3826.6074,18.0,18.0,Ideal,H,SI2,2.51,IGI,5900.0
960,Avignon Diamonds,2,Round,1,1,0,64.67,1802.0,866.35,1775.0,-48.0,2478.5183,18.0,18.0,Super Ideal,H,VS2,2.08,IGI,6230.0
960,Clermont Diamonds,2,Round,1,1,0,11.72,1795.0,862.98,1768.0,-47.0,2438.8257,18.0,18.0,Super Ideal,H,VS2,2.08,IGI,6230.0
960,Periwinkle Stones,2,Round,1,1,0,20.98,1817.0,873.56,1790.0,-48.0,2514.4507,18.0,18.0,Super Ideal,H,VS2,2.08,IGI,6230.0
960,Temperley,2,Round,1,1,0,19.31,1841.0,885.1,1813.0,-46.0,2448.9268,18.0,18.0,Super Ideal,H,VS2,2.08,IGI,6230.0
960,White Lily,2,Round,1,1,0,15.24,1835.0,882.21,1807.0,-49.0,2571.1589,18.0,18.0,Super Ideal,H,VS2,2.08,IGI,6230.0
963,Albert's Creations,2,Oval,1,1,0,18.15,344.27,447.1,339.0,-54.0,502.1335,15.0,15.0,Super Ideal,D,VS1,0.77,IGI,1410.0
963,Cornerstone,2,Oval,2,2,0,12.45,340.0,441.56,335.0,-52.0,479.9554,15.0,15.0,Super Ideal,D,VS1,0.77,IGI,1410.0
963,Fuji Diamonds,2,Oval,1,1,0,19.82,348.42,452.49,343.0,-54.0,505.1519,15.0,15.0,Super Ideal,D,VS1,0.77,IGI,1410.0
963,Michelle Kennedy,2,Oval,1,1,0,13.8,380.0,493.51,374.0,-50.0,511.3199,15.0,15.0,Super Ideal,D,VS1,0.77,IGI,1410.0
963,Promenade Jewelry,2,Oval,1,1,0,20.77,345.52,448.73,340.0,-54.0,504.3184,15.0,15.0,Super Ideal,D,VS1,0.77,IGI,1410.0
963,Rosella,2,Oval,2,1,0,14.11,320.0,415.58,315.0,-61.0,546.339,15.0,15.0,Super Ideal,D,VS1,0.77,IGI,1410.0
963,Vega Diamonds,2,Oval,1,1,0,19.06,333.94,433.69,329.0,-56.0,506.4174,15.0,15.0,Super Ideal,D,VS1,0.77,IGI,1410.0
963,White Lily,2,Oval,1,2,0,15.16,372.0,483.12,366.0,-50.0,499.4897,15.0,15.0,Super Ideal,D,VS1,0.77,IGI,1410.0
967,Jane Brear,2,Oval,1,1,0,18.65,2432.0,1039.32,2396.0,-61.0,4253.7637,15.0,15.0,Super Ideal,G,VS1,2.34,IGI,8520.0
967,Mei & Co,2,Oval,1,1,0,17.93,2440.74,1043.05,2404.0,-62.0,4321.8667,15.0,15.0,Super Ideal,G,VS1,2.34,IGI,8520.0
967,Michelle Kennedy,2,Oval,1,1,0,15.86,2420.0,1034.19,2384.0,-63.0,4379.3066,15.0,15.0,Super Ideal,G,VS1,2.34,IGI,8520.0
967,Temperley,2,Oval,1,1,0,17.37,2432.0,1039.32,2396.0,-61.0,4254.5063,15.0,15.0,Super Ideal,G,VS1,2.34,IGI,8520.0
967,White Lily,2,Oval,1,1,0,13.86,2470.58,1055.8,2434.0,-61.0,4299.5913,15.0,15.0,Super Ideal,G,VS1,2.34,IGI,8520.0
970,Cirrus Gems,2,Round,1,1,0,19.96,910.14,746.02,896.0,-58.0,1547.2245,18.0,18.0,Ideal,H,VVS2,1.22,IGI,2430.0
970,Sunset Gems,2,Round,1,1,0,21.3,886.0,726.23,873.0,-58.0,1524.8998,18.0,18.0,Ideal,H,VVS2,1.22,IGI,2430.0
970,Taiga Gems,2,Round,1,1,0,17.7,913.0,748.36,899.0,-57.0,1517.47,18.0,18.0,Ideal,H,VVS2,1.22,IGI,2430.0
970,Temperley,2,Round,1,1,0,16.77,939.0,769.67,925.0,-55.0,1502.1196,18.0,18.0,Ideal,H,VVS2,1.22,IGI,2430.0
972,Ember Star,2,Oval,1,1,0,7.45,1426.0,932.03,1405.0,-60.0,2425.2151,15.0,15.0,Super Ideal,G,VS1,1.53,IGI,5110.0
972,Fabiola,2,Oval,1,1,0,14.04,1473.0,962.75,1451.0,-58.0,2390.2085,15.0,15.0,Super Ideal,G,VS1,1.53,IGI,5110.0
972,Jane Brear,2,Oval,1,1,0,14.11,1465.64,957.93,1444.0,-58.0,2362.2554,15.0,15.0,Super Ideal,G,VS1,1.53,IGI,5110.0
972,KIYO,2,Oval,1,1,0,15.1,1412.01,922.88,1391.0,-60.0,2376.6921,15.0,15.0,Super Ideal,G,VS1,1.53,IGI,5110.0
972,Kenmare Diamonds,2,Oval,1,1,0,13.99,1478.57,966.39,1456.0,-58.0,2375.5044,15.0,15.0,Super Ideal,G,VS1,1.53,IGI,5110.0
972,La Marquise,2,Oval,1,1,0,11.44,1612.0,1053.59,1588.0,-53.0,2317.4399,15.0,15.0,Super Ideal,G,VS1,1.53,IGI,5110.0
972,Michelle Kennedy,2,Oval,1,1,0,10.54,1471.0,961.44,1449.0,-57.0,2325.1272,15.0,15.0,Super Ideal,G,VS1,1.53,IGI,5110.0
972,Nebula Stones,2,Oval,1,2,0,12.06,1484.54,970.29,1462.0,-58.0,2386.4385,15.0,15.0,Super Ideal,G,VS1,1.53,IGI,5110.0
972,Nova Stars,2,Oval,1,1,0,16.32,1409.0,920.92,1388.0,-60.0,2378.45,15.0,15.0,Super Ideal,G,VS1,1.53,IGI,5110.0
972,Periwinkle Stones,2,Oval,1,1,0,10.52,1488.52,972.89,1466.0,-58.0,2387.6838,15.0,15.0,Super Ideal,G,VS1,1.53,IGI,5110.0
972,Roma Diamonds,2,Oval,1,1,0,14.93,1474.0,963.4,1452.0,-58.0,2350.8586,15.0,15.0,Super Ideal,G,VS1,1.53,IGI,5110.0
972,Serene Peaks Diamonds,2,Oval,1,1,0,10.33,1481.0,967.97,1459.0,-58.0,2366.8989,15.0,15.0,Super Ideal,G,VS1,1.53,IGI,5110.0
972,Taiga Gems,2,Oval,1,1,0,11.8,1473.0,962.75,1451.0,-58.0,2340.313,15.0,15.0,Super Ideal,G,VS1,1.53,IGI,5110.0
972,Temperley,2,Oval,1,1,0,10.79,1479.0,966.67,1457.0,-58.0,2368.1072,15.0,15.0,Super Ideal,G,VS1,1.53,IGI,5110.0
972,White Lily,2,Oval,1,1,0,17.46,1603.0,1047.71,1579.0,-54.0,2368.1072,15.0,15.0,Super Ideal,G,VS1,1.53,IGI,5110.0
983,Taiga Gems,2,Asscher,1,1,0,20.05,5253.3,1310.05,5175.0,-62.0,8557.6045,15.0,15.0,Very Good,H,VS2,4.01,IGI,13300.0
985,Albert's Creations,2,Round,1,1,0,14.19,624.0,670.97,615.0,-57.0,1046.3579,18.0,18.0,Super Ideal,F,VS1,0.93,IGI,1830.0
985,Jane Brear,2,Round,1,1,0,12.11,648.0,696.77,638.0,-55.0,1019.6921,18.0,18.0,Super Ideal,F,VS1,0.93,IGI,1830.0
985,Lotus Creation,2,Round,1,1,0,14.84,640.86,689.1,631.0,-56.0,1042.507,18.0,18.0,Super Ideal,F,VS1,0.93,IGI,1830.0
985,Marlowe & Co,2,Round,1,1,0,11.95,642.77,691.15,633.0,-55.0,1032.9417,18.0,18.0,Super Ideal,F,VS1,0.93,IGI,1830.0
985,Meridian Crafts,2,Round,1,1,0,11.78,633.0,680.65,624.0,-56.0,1030.5022,18.0,18.0,Super Ideal,F,VS1,0.93,IGI,1830.0
985,Nova Stars,2,Round,1,1,0,11.06,625.86,672.97,616.0,-59.0,1088.6465,18.0,18.0,Super Ideal,F,VS1,0.93,IGI,1830.0
985,Temperley,2,Round,1,1,0,11.36,648.0,696.77,638.0,-57.0,1088.1185,18.0,18.0,Super Ideal,F,VS1,0.93,IGI,1830.0
985,White Lily,2,Round,1,1,0,13.1,648.0,696.77,638.0,-55.0,1020.2234,18.0,18.0,Super Ideal,F,VS1,0.93,IGI,1830.0
989,Ember Star,2,Round,1,1,0,14.75,3427.0,1338.67,3376.0,-61.0,6271.4512,18.0,18.0,Super Ideal,F,VS1,2.56,IGI,11690.0
989,Emilia Sterling,2,Round,1,1,0,93.93,3278.0,1280.47,3229.0,-63.0,6276.5103,18.0,18.0,Super Ideal,F,VS1,2.56,IGI,11690.0
989,Jane Brear,2,Round,1,1,0,12.19,3452.65,1348.69,3401.0,-61.0,6338.8926,18.0,18.0,Super Ideal,F,VS1,2.56,IGI,11690.0
989,Lunar Diamonds,2,Round,1,1,0,93.7,3366.0,1314.84,3316.0,-62.0,6280.4956,18.0,18.0,Super Ideal,F,VS1,2.56,IGI,11690.0
989,Michelle Kennedy,2,Round,1,1,0,11.84,3376.0,1318.75,3325.0,-61.0,6233.0527,18.0,18.0,Super Ideal,F,VS1,2.56,IGI,11690.0
989,N. B. Diamonds,2,Round,1,1,0,20.19,3278.0,1280.47,3229.0,-64.0,6446.6787,18.0,18.0,Super Ideal,F,VS1,2.56,IGI,11690.0
989,Pegasus Diamonds,2,Round,1,1,0,14.75,3802.89,1485.5,3746.0,-56.0,6241.0288,18.0,18.0,Super Ideal,F,VS1,2.56,IGI,11690.0
989,Seraphina Gems,2,Round,1,1,0,13.36,4199.0,1640.23,4136.0,-53.0,6340.084,18.0,18.0,Super Ideal,F,VS1,2.56,IGI,11690.0
989,Simetría,2,Round,1,1,0,14.2,3376.0,1318.75,3325.0,-61.0,6214.019,18.0,18.0,Super Ideal,F,VS1,2.56,IGI,11690.0
989,Sonata Gems,2,Round,1,1,0,12.04,3374.0,1317.97,3323.0,-61.0,6272.9883,18.0,18.0,Super Ideal,F,VS1,2.56,IGI,11690.0
989,Temperley,2,Round,1,1,0,11.52,3402.0,1328.91,3351.0,-62.0,6344.9878,18.0,18.0,Super Ideal,F,VS1,2.56,IGI,11690.0
989,White Lily,2,Round,1,1,0,12.25,3376.0,1318.75,3325.0,-61.0,6128.5396,18.0,18.0,Super Ideal,F,VS1,2.56,IGI,11690.0
989,Zimmerman Diamonds,2,Round,1,1,0,13.42,3376.0,1318.75,3325.0,-62.0,6295.5049,18.0,18.0,Super Ideal,F,VS1,2.56,IGI,11690.0
991,Temperley,2,Round,1,1,0,12.92,1425.84,774.91,1404.0,-56.0,2326.1882,17.0,18.0,Ideal,J,VS1,1.84,IGI,3230.0
996,Temperley,2,Round,1,1,0,11.01,319.0,1063.33,314.0,-46.0,421.9826,18.0,18.0,Super Ideal,D,VVS1,0.3,IGI,440.0
999,Albert's Creations,2,Pear,1,1,0,12.85,744.26,808.98,733.0,-62.0,1265.9514,15.0,15.0,Super Ideal,D,VS1,0.92,IGI,1770.0
999,CV Diamonds,2,Pear,1,1,0,10.85,753.22,818.72,742.0,-63.0,1316.9722,15.0,15.0,Super Ideal,D,VS1,0.92,IGI,1770.0
999,Hoseki,2,Pear,1,1,0,10.57,765.16,831.7,754.0,-59.0,1215.5466,15.0,15.0,Super Ideal,D,VS1,0.92,IGI,1770.0
999,Infinity Diamonds,2,Pear,1,1,0,21.14,731.0,794.57,720.0,-62.0,1250.4331,15.0,15.0,Super Ideal,D,VS1,0.92,IGI,1770.0
999,Jane Brear,2,Pear,1,1,0,19.92,727.0,790.22,716.0,-61.0,1212.7854,15.0,15.0,Super Ideal,D,VS1,0.92,IGI,1770.0
999,Joan Cooper,2,Pear,1,1,0,14.38,752.22,817.63,741.0,-60.0,1217.9246,15.0,15.0,Super Ideal,D,VS1,0.92,IGI,1770.0
999,Lotus Creation,2,Pear,1,1,0,17.84,761.0,827.17,750.0,-59.0,1212.8491,15.0,15.0,Super Ideal,D,VS1,0.92,IGI,1770.0
999,Mei & Co,2,Pear,1,1,0,17.77,754.0,819.57,743.0,-61.0,1247.2144,15.0,15.0,Super Ideal,D,VS1,0.92,IGI,1770.0
999,Michelle Kennedy,2,Pear,1,1,0,13.89,750.0,815.22,739.0,-62.0,1267.0569,15.0,15.0,Super Ideal,D,VS1,0.92,IGI,1770.0
999,Periwinkle Stones,2,Pear,1,1,0,16.69,744.0,808.7,733.0,-62.0,1270.7238,15.0,15.0,Super Ideal,D,VS1,0.92,IGI,1770.0
999,Promenade Jewelry,2,Pear,1,1,0,14.17,778.09,845.75,766.0,-59.0,1221.3907,15.0,15.0,Super Ideal,D,VS1,0.92,IGI,1770.0
999,Sonata Gems,2,Pear,1,2,0,14.42,746.25,811.14,735.0,-62.0,1257.9216,15.0,15.0,Super Ideal,D,VS1,0.92,IGI,1770.0
999,Temperley,2,Pear,1,2,0,12.47,749.0,814.13,738.0,-62.0,1269.2963,15.0,15.0,Super Ideal,D,VS1,0.92,IGI,1770.0
999,Vega Diamonds,2,Pear,1,1,0,15.9,721.93,784.71,711.0,-63.0,1270.1071,15.0,15.0,Super Ideal,D,VS1,0.92,IGI,1770.0
999,White Lily,2,Pear,1,1,0,22.15,727.0,790.22,716.0,-62.0,1249.933,15.0,15.0,Super Ideal,D,VS1,0.92,IGI,1770.0
1004,Jane Brear,2,Emerald,1,1,0,16.34,381.0,536.62,375.0,-40.0,407.8344,15.0,15.0,Super Ideal,F,SI1,0.71,IGI,930.0
1004,Michelle Kennedy,2,Emerald,1,1,0,18.57,381.0,536.62,375.0,-33.0,363.7267,15.0,15.0,Super Ideal,F,SI1,0.71,IGI,930.0
1004,Sunset Gems,2,Emerald,1,1,0,17.72,353.0,497.18,348.0,-42.0,388.061,15.0,15.0,Super Ideal,F,SI1,0.71,IGI,930.0
1004,Temperley,2,Emerald,1,1,0,17.78,381.0,536.62,375.0,-36.0,381.6221,15.0,15.0,Super Ideal,F,SI1,0.71,IGI,930.0
1004,Vega Diamonds,2,Emerald,1,1,0,20.25,350.35,493.45,345.0,-32.0,330.9253,15.0,15.0,Super Ideal,F,SI1,0.71,IGI,930.0
1004,White Lily,2,Emerald,1,1,0,19.37,381.0,536.62,375.0,-38.0,395.2113,15.0,15.0,Super Ideal,F,SI1,0.71,IGI,930.0
1008,Diamonds by Zoya,2,Round,1,1,0,15.12,661.0,623.58,651.0,-64.0,1320.6345,18.0,18.0,Super Ideal,D,SI1,1.06,IGI,2040.0
1008,Jane Brear,2,Round,1,1,0,13.13,694.0,654.72,684.0,-63.0,1335.8408,18.0,18.0,Super Ideal,D,SI1,1.06,IGI,2040.0
1008,Marlowe & Co,2,Round,1,1,0,12.82,691.0,651.89,681.0,-63.0,1332.7634,18.0,18.0,Super Ideal,D,SI1,1.06,IGI,2040.0
1008,Michelle Kennedy,2,Round,1,1,0,12.17,707.0,666.98,696.0,-62.0,1335.1378,18.0,18.0,Super Ideal,D,SI1,1.06,IGI,2040.0
1008,Periwinkle Stones,2,Round,1,1,0,18.73,708.0,667.92,697.0,-62.0,1337.8423,18.0,18.0,Super Ideal,D,SI1,1.06,IGI,2040.0
1008,Roma Diamonds,2,Round,1,1,0,40.6,900.0,849.06,886.0,-50.0,1277.5604,18.0,18.0,Super Ideal,D,SI1,1.06,IGI,2040.0
1008,Taiga Gems,2,Round,1,1,0,16.44,677.0,638.68,667.0,-63.0,1319.5085,18.0,18.0,Super Ideal,D,SI1,1.06,IGI,2040.0
1008,Temperley,2,Round,1,1,0,13.76,716.0,675.47,705.0,-61.0,1320.1636,18.0,18.0,Super Ideal,D,SI1,1.06,IGI,2040.0
1011,Avignon Diamonds,2,Round,1,1,0,12.27,1402.0,934.67,1381.0,-55.0,2210.1221,18.0,18.0,Ideal,E,VS1,1.5,IGI,4960.0
1011,CV Diamonds,2,Round,1,1,0,93.43,1388.0,925.33,1367.0,-56.0,2283.5588,18.0,18.0,Ideal,E,VS1,1.5,IGI,4960.0
1011,Camden Gems,2,Round,1,1,0,13.58,1381.0,920.67,1360.0,-56.0,2268.9155,18.0,18.0,Ideal,E,VS1,1.5,IGI,4960.0
1011,Cascade Diamonds,2,Round,1,1,0,11.97,1400.96,933.97,1380.0,-57.0,2329.9563,18.0,18.0,Ideal,E,VS1,1.5,IGI,4960.0
1011,Diamonds by Zoya,2,Round,1,1,0,93.93,1391.0,927.33,1370.0,-56.0,2258.6267,18.0,18.0,Ideal,E,VS1,1.5,IGI,4960.0
1011,Ember Star,2,Round,1,1,0,11.29,1391.0,927.33,1370.0,-56.0,2276.7683,18.0,18.0,Ideal,E,VS1,1.5,IGI,4960.0
1011,Fiona Clément,2,Round,1,1,0,12.95,1383.0,922.0,1362.0,-56.0,2266.0945,18.0,18.0,Ideal,E,VS1,1.5,IGI,4960.0
1011,Gemstone Harmony,2,Round,1,1,0,12.8,1387.0,924.67,1366.0,-57.0,2290.0388,18.0,18.0,Ideal,E,VS1,1.5,IGI,4960.0
1011,Hazel Diamonds,2,Round,1,1,0,10.54,1365.0,910.0,1345.0,-58.0,2309.2632,18.0,18.0,Ideal,E,VS1,1.5,IGI,4960.0
1011,Iris Diamonds,2,Round,1,1,0,93.82,1381.0,920.67,1360.0,-56.0,2258.2104,18.0,18.0,Ideal,E,VS1,1.5,IGI,4960.0
1011,Jane Brear,2,Round,1,1,0,11.23,1373.0,915.33,1352.0,-55.0,2176.7432,18.0,18.0,Ideal,E,VS1,1.5,IGI,4960.0
1011,Magnolia,2,Round,1,1,0,14.93,1382.0,921.33,1361.0,-57.0,2283.8555,18.0,18.0,Ideal,E,VS1,1.5,IGI,4960.0
1011,Michelle Kennedy,2,Round,1,1,0,12.79,1396.0,930.67,1375.0,-55.0,2239.1045,18.0,18.0,Ideal,E,VS1,1.5,IGI,4960.0
1011,Serenade Diamonds,2,Round,1,1,0,13.1,1348.0,898.67,1328.0,-57.0,2265.5159,18.0,18.0,Ideal,E,VS1,1.5,IGI,4960.0
1011,Sigma Diamonds,2,Round,1,1,0,14.96,1381.0,920.67,1360.0,-57.0,2324.7458,18.0,18.0,Ideal,E,VS1,1.5,IGI,4960.0
1011,Silva Diamonds,2,Round,1,2,0,10.72,1381.0,920.67,1360.0,-56.0,2259.8826,18.0,18.0,Ideal,E,VS1,1.5,IGI,4960.0
1011,Starlight Crafts,2,Round,1,2,0,13.25,1381.0,920.67,1360.0,-56.0,2232.5098,18.0,18.0,Ideal,E,VS1,1.5,IGI,4960.0
1011,Starlit Stones,2,Round,1,1,0,11.21,1398.0,932.0,1377.0,-56.0,2269.355,18.0,18.0,Ideal,E,VS1,1.5,IGI,4960.0
1011,Stellar Radiance,2,Round,1,1,0,11.84,1384.0,922.67,1363.0,-56.0,2240.1729,18.0,18.0,Ideal,E,VS1,1.5,IGI,4960.0
1011,Temperley,2,Round,1,1,0,11.28,1376.0,917.33,1355.0,-57.0,2273.5652,18.0,18.0,Ideal,E,VS1,1.5,IGI,4960.0
1011,Thalassa Gems,2,Round,1,1,0,13.73,1385.0,923.33,1364.0,-57.0,2294.5872,18.0,18.0,Ideal,E,VS1,1.5,IGI,4960.0
1011,Vega Diamonds,2,Round,1,1,0,14.16,1345.0,896.67,1325.0,-59.0,2338.9126,18.0,18.0,Ideal,E,VS1,1.5,IGI,4960.0
1011,Vespera Gems,2,Round,1,1,0,13.46,1376.0,917.33,1355.0,-57.0,2269.9744,18.0,18.0,Ideal,E,VS1,1.5,IGI,4960.0
1011,Westport Jewelry,2,Round,1,1,0,18.0,1382.0,921.33,1361.0,-57.0,2296.1372,18.0,18.0,Ideal,E,VS1,1.5,IGI,4960.0
1011,White Lily,2,Round,1,1,0,10.62,1376.0,917.33,1355.0,-57.0,2309.0142,18.0,18.0,Ideal,E,VS1,1.5,IGI,4960.0
1012,Avignon Diamonds,2,Round,1,1,0,12.82,1377.0,810.0,1356.0,-54.0,2158.6001,18.0,18.0,Super Ideal,G,VS2,1.7,IGI,4483.33
1012,Clermont Diamonds,2,Round,1,1,0,14.55,1374.0,808.24,1353.0,-55.0,2179.8447,18.0,18.0,Super Ideal,G,VS2,1.7,IGI,4483.33
1012,Fabiola,2,Round,1,1,0,11.1,1381.0,812.35,1360.0,-55.0,2200.0203,18.0,18.0,Super Ideal,G,VS2,1.7,IGI,4483.33
1012,Periwinkle Stones,2,Round,1,1,0,20.52,1384.0,814.12,1363.0,-56.0,2270.2058,18.0,18.0,Super Ideal,G,VS2,1.7,IGI,4483.33
1013,Michelle Kennedy,2,Round,1,1,0,12.46,1857.66,1092.74,1830.0,1.0,1311.8927,18.0,18.0,Ideal,I,SI2,1.7,IGI,2680.0
1015,Camden Gems,2,Round,1,1,0,12.91,1361.0,901.32,1341.0,-59.0,2391.855,18.0,18.0,Ideal,F,VS1,1.51,IGI,4552.86
1015,Clermont Diamonds,2,Round,1,1,0,13.21,1368.0,905.96,1347.0,-60.0,2473.5,18.0,18.0,Ideal,F,VS1,1.51,IGI,4552.86
1015,Diamonds by Zoya,2,Round,1,1,0,93.33,1360.0,900.66,1340.0,-59.0,2375.4609,18.0,18.0,Ideal,F,VS1,1.51,IGI,4552.86
1015,Gemstone Harmony,2,Round,1,1,0,11.07,1358.0,899.34,1338.0,-60.0,2406.5828,18.0,18.0,Ideal,F,VS1,1.51,IGI,4552.86
1015,Hazel Diamonds,2,Round,1,1,0,12.9,1339.0,886.75,1319.0,-59.0,2366.2769,18.0,18.0,Ideal,F,VS1,1.51,IGI,4552.86
1015,Jane Brear,2,Round,1,1,0,11.38,1407.0,931.79,1386.0,-59.0,2436.095,18.0,18.0,Ideal,F,VS1,1.51,IGI,4552.86
1015,Marlowe & Co,2,Round,1,1,0,12.2,1381.0,914.57,1360.0,-61.0,2515.9727,18.0,18.0,Ideal,F,VS1,1.51,IGI,4552.86
1015,Mei & Co,2,Round,1,1,0,12.54,1355.0,897.35,1335.0,-59.0,2364.1018,18.0,18.0,Ideal,F,VS1,1.51,IGI,4552.86
1015,Meridian Crafts,2,Round,1,1,0,12.31,1363.0,902.65,1343.0,-59.0,2367.7373,18.0,18.0,Ideal,F,VS1,1.51,IGI,4552.86
1015,Michelle Kennedy,2,Round,1,1,0,14.14,1384.0,916.56,1363.0,-59.0,2424.5635,18.0,18.0,Ideal,F,VS1,1.51,IGI,4552.86
1015,Nebula Stones,2,Round,1,1,0,14.95,1392.0,921.85,1371.0,-58.0,2390.8984,18.0,18.0,Ideal,F,VS1,1.51,IGI,4552.86
1015,Nova Stars,2,Round,1,1,0,10.97,1356.0,898.01,1336.0,-61.0,2481.0989,18.0,18.0,Ideal,F,VS1,1.51,IGI,4552.86
1015,Periwinkle Stones,2,Round,1,1,0,12.05,1386.0,917.88,1365.0,-60.0,2469.8877,18.0,18.0,Ideal,F,VS1,1.51,IGI,4552.86
1015,Rosella,2,Round,1,1,0,11.19,1347.0,892.05,1327.0,-60.0,2399.1118,18.0,18.0,Ideal,F,VS1,1.51,IGI,4552.86
1015,Silva Diamonds,2,Round,1,1,0,11.08,1361.0,901.32,1341.0,-59.0,2387.7686,18.0,18.0,Ideal,F,VS1,1.51,IGI,4552.86
1015,Starlight Crafts,2,Round,1,1,0,14.29,1357.0,898.68,1337.0,-59.0,2391.7649,18.0,18.0,Ideal,F,VS1,1.51,IGI,4552.86
1015,Temperley,2,Round,1,1,0,15.04,1408.0,932.45,1387.0,-58.0,2409.0808,18.0,18.0,Ideal,F,VS1,1.51,IGI,4552.86
1015,Thalassa Gems,2,Round,1,1,0,13.4,1360.0,900.66,1340.0,-60.0,2422.6606,18.0,18.0,Ideal,F,VS1,1.51,IGI,4552.86
1015,White Lily,2,Round,1,1,0,14.14,1396.98,925.15,1376.0,-59.0,2410.2446,18.0,18.0,Ideal,F,VS1,1.51,IGI,4552.86
1016,Camden Gems,2,Round,1,1,0,10.53,996.0,905.45,981.0,-52.0,1480.6638,18.0,18.0,Ideal,F,VVS1,1.1,IGI,3360.0
1016,Clermont Diamonds,2,Round,1,1,0,14.86,1003.0,911.82,988.0,-53.0,1522.7034,18.0,18.0,Ideal,F,VVS1,1.1,IGI,3360.0
1016,Jane Brear,2,Round,1,1,0,15.17,1045.74,950.67,1030.0,-52.0,1569.1991,18.0,18.0,Ideal,F,VVS1,1.1,IGI,3360.0
1016,Kenmare Diamonds,2,Round,1,1,0,13.69,996.0,905.45,981.0,-55.0,1567.7607,18.0,18.0,Ideal,F,VVS1,1.1,IGI,3360.0
1016,Marlowe & Co,2,Round,1,1,0,16.9,1009.0,917.27,994.0,-53.0,1537.1207,18.0,18.0,Ideal,F,VVS1,1.1,IGI,3360.0
1016,Roma Diamonds,2,Round,1,1,0,10.2,998.0,907.27,983.0,-56.0,1611.6353,18.0,18.0,Ideal,F,VVS1,1.1,IGI,3360.0
1016,Rosella,2,Round,1,1,0,11.49,994.0,903.64,979.0,-54.0,1535.0443,18.0,18.0,Ideal,F,VVS1,1.1,IGI,3360.0
1016,Silva Diamonds,2,Round,1,1,0,14.09,996.0,905.45,981.0,-54.0,1548.4119,18.0,18.0,Ideal,F,VVS1,1.1,IGI,3360.0
1016,Summit Gems,2,Round,1,1,0,13.6,996.0,905.45,981.0,-54.0,1536.9244,18.0,18.0,Ideal,F,VVS1,1.1,IGI,3360.0
1016,Taiga Gems,2,Round,1,1,0,17.1,996.0,905.45,981.0,-54.0,1543.5568,18.0,18.0,Ideal,F,VVS1,1.1,IGI,3360.0
1016,Temperley,2,Round,1,1,0,13.35,1026.0,932.73,1011.0,-53.0,1569.8668,18.0,18.0,Ideal,F,VVS1,1.1,IGI,3360.0
1016,White Lily,2,Round,1,1,0,14.28,1037.78,943.44,1022.0,-52.0,1550.5024,18.0,18.0,Ideal,F,VVS1,1.1,IGI,3360.0
1020,Cornerstone,2,Princess,1,1,0,12.56,1793.0,1195.33,1766.0,-61.0,2942.0608,15.0,15.0,Super Ideal,F,VVS2,1.5,IGI,4700.0
1020,Ember Star,2,Princess,1,1,0,15.15,1773.09,1182.06,1746.0,-61.0,2906.0847,15.0,15.0,Super Ideal,F,VVS2,1.5,IGI,4700.0
1020,Fabiola,2,Princess,1,1,0,13.09,1751.0,1167.33,1725.0,-62.0,2924.7734,15.0,15.0,Super Ideal,F,VVS2,1.5,IGI,4700.0
1020,Fuji Diamonds,2,Princess,1,1,0,17.52,1750.0,1166.67,1724.0,-62.0,2893.7932,15.0,15.0,Super Ideal,F,VVS2,1.5,IGI,4700.0
1020,Jane Brear,2,Princess,1,1,0,17.26,1794.98,1196.65,1768.0,-61.0,2900.3967,15.0,15.0,Super Ideal,F,VVS2,1.5,IGI,4700.0
1020,Mei & Co,2,Princess,2,2,0,17.19,1763.14,1175.43,1737.0,-63.0,3001.5117,15.0,15.0,Super Ideal,F,VVS2,1.5,IGI,4700.0
1020,Michelle Kennedy,2,Princess,1,2,0,17.11,1817.86,1211.91,1791.0,-60.0,2907.6482,15.0,15.0,Super Ideal,F,VVS2,1.5,IGI,4700.0
1020,Raelynn Jewels,2,Princess,1,1,0,10.49,1752.0,1168.0,1726.0,-61.0,2874.2322,15.0,15.0,Super Ideal,F,VVS2,1.5,IGI,4700.0
1020,Roma Diamonds,2,Princess,1,1,0,14.12,1759.0,1172.67,1733.0,-62.0,2954.4626,15.0,15.0,Super Ideal,F,VVS2,1.5,IGI,4700.0
1020,Rosella,2,Princess,1,1,0,14.47,1666.0,1110.67,1641.0,-64.0,2928.4473,15.0,15.0,Super Ideal,F,VVS2,1.5,IGI,4700.0
1020,Starlight Crafts,2,Princess,1,1,0,14.52,1717.0,1144.67,1691.0,-63.0,2969.9739,15.0,15.0,Super Ideal,F,VVS2,1.5,IGI,4700.0
1020,Taiga Gems,2,Princess,1,1,0,13.63,1712.0,1141.33,1686.0,-63.0,2927.6931,15.0,15.0,Super Ideal,F,VVS2,1.5,IGI,4700.0
1020,Temperley,2,Princess,1,1,0,17.57,1794.98,1196.65,1768.0,-61.0,2900.3967,15.0,15.0,Super Ideal,F,VVS2,1.5,IGI,4700.0
1020,White Lily,2,Princess,1,1,0,18.03,1794.98,1196.65,1768.0,-61.0,2937.3513,15.0,15.0,Super Ideal,F,VVS2,1.5,IGI,4700.0
1022,Jane Brear,2,Round,1,1,0,12.76,1971.1,1152.69,1942.0,-9.0,1545.1027,18.0,18.0,Ideal,I,SI1,1.71,IGI,3050.0
1022,Temperley,2,Round,1,1,0,13.73,1971.1,1152.69,1942.0,-22.0,1820.4805,18.0,18.0,Ideal,I,SI1,1.71,IGI,3050.0
1023,Cornerstone,2,Pear,1,2,0,31.84,315.0,533.9,310.0,-51.0,414.0916,15.0,15.0,Super Ideal,H,VVS2,0.59,IGI,650.0
1027,Diamonds by Zoya,2,Pear,1,2,0,22.34,669.0,735.16,659.0,-57.0,1009.8923,15.0,15.0,Very Good,F,VS1,0.91,IGI,1590.0
1027,Sonata Gems,2,Pear,1,1,0,21.33,685.0,752.75,675.0,-54.0,962.913,14.0,15.0,Very Good,F,VS1,0.91,IGI,1590.0
1028,Taiga Gems,2,Oval,1,1,0,14.81,1755.18,843.84,1729.0,-61.0,3000.0269,15.0,15.0,Super Ideal,H,SI1,2.08,IGI,5310.0
1029,Jane Brear,2,Round,1,1,0,24.41,323.0,556.9,318.0,-60.0,572.7026,18.0,18.0,Ideal,E,VVS2,0.58,IGI,938.75
1029,Marlowe & Co,2,Round,1,1,0,22.8,302.48,521.52,298.0,-61.0,549.6679,18.0,18.0,Ideal,E,VVS2,0.58,IGI,938.75
1029,Mei & Co,2,Round,1,1,0,24.17,309.44,533.52,305.0,-61.0,574.8727,18.0,18.0,Ideal,E,VVS2,0.58,IGI,938.75
1029,Michelle Kennedy,2,Round,1,1,0,86.71,329.0,567.24,324.0,-58.0,563.0527,18.0,18.0,Ideal,E,VVS2,0.58,IGI,938.75
1029,Temperley,2,Round,1,1,0,22.76,316.0,544.83,311.0,-58.0,537.4856,18.0,18.0,Ideal,E,VVS2,0.58,IGI,938.75
1029,White Lily,2,Round,1,1,0,20.68,361.18,622.72,356.0,-54.0,563.0814,18.0,18.0,Ideal,E,VVS2,0.58,IGI,938.75
1034,Clermont Diamonds,2,Round,1,1,0,15.91,1404.0,866.67,1383.0,-58.0,2405.9758,18.0,18.0,Ideal,G,VS1,1.62,IGI,4210.0
1034,Fabiola,2,Round,1,1,0,19.1,1402.0,865.43,1381.0,-58.0,2384.5063,18.0,18.0,Ideal,G,VS1,1.62,IGI,4210.0
1034,Jane Brear,2,Round,1,1,0,16.72,1425.53,879.96,1404.0,-57.0,2388.4912,18.0,18.0,Ideal,G,VS1,1.62,IGI,4210.0
1034,Michelle Kennedy,2,Round,1,1,0,17.63,1452.0,896.3,1430.0,-57.0,2393.7397,18.0,18.0,Ideal,G,VS1,1.62,IGI,4210.0
1034,Temperley,2,Round,1,1,0,17.35,1550.0,956.79,1527.0,-53.0,2336.3042,18.0,18.0,Ideal,G,VS1,1.62,IGI,4210.0
1034,White Lily,2,Round,1,1,0,15.84,1450.0,895.06,1428.0,-57.0,2407.322,18.0,18.0,Ideal,G,VS1,1.62,IGI,4210.0
1035,Artemis Stones,2,Emerald,1,1,0,13.03,802.0,742.59,790.0,-63.0,1380.1473,15.0,15.0,Super Ideal,F,VS1,1.08,IGI,2280.0
1035,Cornerstone,2,Emerald,1,1,0,13.44,830.0,768.52,818.0,-62.0,1410.502,15.0,15.0,Super Ideal,F,VS1,1.08,IGI,2280.0
1035,Jane Brear,2,Emerald,1,1,0,11.37,816.0,755.56,804.0,-62.0,1364.9786,15.0,15.0,Super Ideal,F,VS1,1.08,IGI,2280.0
1035,Marlowe & Co,2,Emerald,1,1,0,13.94,832.0,770.37,820.0,-62.0,1422.6383,15.0,15.0,Super Ideal,F,VS1,1.08,IGI,2280.0
1035,Michelle Kennedy,2,Emerald,1,1,0,16.63,839.0,776.85,826.0,-60.0,1354.6157,15.0,15.0,Super Ideal,F,VS1,1.08,IGI,2280.0
1035,Serene Peaks Diamonds,2,Emerald,1,1,0,12.74,810.0,750.0,798.0,-65.0,1489.9714,15.0,15.0,Super Ideal,F,VS1,1.08,IGI,2280.0
1035,Taiga Gems,2,Emerald,1,1,0,17.79,786.0,727.78,774.0,-64.0,1419.6555,15.0,15.0,Super Ideal,F,VS1,1.08,IGI,2280.0
1035,Tamara,2,Emerald,1,1,0,13.31,830.82,769.28,818.0,-62.0,1391.7985,15.0,15.0,Super Ideal,F,VS1,1.08,IGI,2280.0
1035,Temperley,2,Emerald,1,1,0,13.44,854.0,790.74,841.0,-61.0,1404.2238,15.0,15.0,Super Ideal,F,VS1,1.08,IGI,2280.0
1035,Vespera Gems,2,Emerald,1,1,0,17.81,806.87,747.1,795.0,-62.0,1368.8973,15.0,15.0,Super Ideal,F,VS1,1.08,IGI,2280.0
1041,Albert's Creations,2,Round,1,1,0,14.08,3555.0,1177.15,3502.0,-65.0,7300.6538,18.0,18.0,Super Ideal,G,VS2,3.02,IGI,15956.67
1041,Eterna Luxe,2,Round,1,1,0,13.25,3581.0,1185.76,3527.0,-64.0,7190.7148,18.0,18.0,Super Ideal,G,VS2,3.02,IGI,15956.67
1041,Mei & Co,2,Round,1,1,0,14.55,3510.0,1162.25,3457.0,-65.0,7217.8872,18.0,18.0,Super Ideal,G,VS2,3.02,IGI,15956.67
1041,Michelle Kennedy,2,Round,1,1,0,14.59,3559.12,1178.52,3506.0,-65.0,7358.5669,18.0,18.0,Super Ideal,G,VS2,3.02,IGI,15956.67
1041,Nova Stars,2,Round,1,1,0,14.46,3496.0,1157.62,3444.0,-66.0,7306.6206,18.0,18.0,Super Ideal,G,VS2,3.02,IGI,15956.67
1041,Temperley,2,Round,1,1,0,12.05,3569.06,1181.81,3516.0,-66.0,7449.3647,18.0,18.0,Super Ideal,G,VS2,3.02,IGI,15956.67
1044,Marlowe & Co,2,Round,1,1,0,15.16,333.0,584.21,328.0,-47.0,451.3715,18.0,18.0,Super Ideal,F,VS1,0.57,IGI,985.0
1044,White Lily,2,Round,1,1,0,17.79,316.0,554.39,311.0,-53.0,477.8395,18.0,18.0,Super Ideal,F,VS1,0.57,IGI,985.0
1051,Jane Brear,2,Emerald,2,2,0,19.73,357.11,637.7,352.0,-36.0,357.3654,13.0,15.0,Very Good,E,VS2,0.56,IGI,670.0
1053,BonDiam,2,Round,1,1,0,12.44,351.0,626.79,346.0,-59.0,610.6645,18.0,18.0,Ideal,D,VVS2,0.56,IGI,995.0
1053,Felicity Diamonds,2,Round,1,1,0,11.73,337.0,601.79,332.0,-60.0,603.8035,18.0,18.0,Ideal,D,VVS2,0.56,IGI,995.0
1053,Infinity Diamonds,2,Round,1,1,0,13.23,340.0,607.14,335.0,-60.0,607.632,18.0,18.0,Ideal,D,VVS2,0.56,IGI,995.0
1053,Iris Diamonds,2,Round,1,1,0,87.09,335.0,598.21,330.0,-60.0,607.1429,18.0,18.0,Ideal,D,VVS2,0.56,IGI,995.0
1053,Jane Brear,2,Round,1,1,0,26.12,358.0,639.29,353.0,-58.0,614.4332,18.0,18.0,Ideal,D,VVS2,0.56,IGI,995.0
1053,La Marquise,2,Round,1,1,0,21.74,371.0,662.5,365.0,-56.0,609.561,18.0,18.0,Ideal,D,VVS2,0.56,IGI,995.0
1053,Lotus Creation,2,Round,1,1,0,24.28,351.0,626.79,346.0,-57.0,581.032,18.0,18.0,Ideal,D,VVS2,0.56,IGI,995.0
1053,Marlowe & Co,2,Round,1,1,0,21.92,347.0,619.64,342.0,-58.0,593.584,18.0,18.0,Ideal,D,VVS2,0.56,IGI,995.0
1053,Meadow & Co,2,Round,1,1,0,11.39,343.0,612.5,338.0,-59.0,597.0787,18.0,18.0,Ideal,D,VVS2,0.56,IGI,995.0
1053,Mei & Co,2,Round,1,1,0,23.18,332.0,592.86,327.0,-57.0,556.568,18.0,18.0,Ideal,D,VVS2,0.56,IGI,995.0
1053,Meridian Gems,2,Round,1,1,0,23.52,323.0,576.79,318.0,-61.0,599.1948,18.0,18.0,Ideal,D,VVS2,0.56,IGI,995.0
1053,Michelle Kennedy,2,Round,1,1,0,23.59,358.0,639.29,353.0,-57.0,597.6372,18.0,18.0,Ideal,D,VVS2,0.56,IGI,995.0
1053,Promenade Jewelry,2,Round,1,1,0,16.64,335.0,598.21,330.0,-60.0,601.6083,18.0,18.0,Ideal,D,VVS2,0.56,IGI,995.0
1053,Rosella,2,Round,2,2,0,18.5,322.0,575.0,317.0,-64.0,632.7903,18.0,18.0,Ideal,D,VVS2,0.56,IGI,995.0
1053,Sara's Diamonds,2,Round,1,1,0,43.4,320.0,571.43,315.0,-63.0,622.1837,18.0,18.0,Ideal,D,VVS2,0.56,IGI,995.0
1053,Seraphina Gems,2,Round,1,1,0,22.03,332.0,592.86,327.0,-61.0,605.3164,18.0,18.0,Ideal,D,VVS2,0.56,IGI,995.0
1053,Simetría,2,Round,1,1,0,15.74,360.0,642.86,355.0,-56.0,589.746,18.0,18.0,Ideal,D,VVS2,0.56,IGI,995.0
1053,Temperley,2,Round,1,1,0,22.64,356.0,635.71,351.0,-58.0,613.9465,18.0,18.0,Ideal,D,VVS2,0.56,IGI,995.0
1053,Thalassa Gems,2,Round,2,2,0,14.39,367.16,655.64,362.0,-54.0,569.9815,18.0,18.0,Ideal,D,VVS2,0.56,IGI,995.0
1053,White Lily,2,Round,1,1,0,24.31,358.0,639.29,353.0,-59.0,618.6733,18.0,18.0,Ideal,D,VVS2,0.56,IGI,995.0
1057,Cirrus Gems,2,Round,1,1,0,19.61,2202.0,860.16,2169.0,-62.0,4146.3169,18.0,18.0,Super Ideal,I,VS1,2.56,IGI,6880.0
1062,Clermont Diamonds,2,Round,1,1,0,12.36,1416.0,931.58,1395.0,-64.0,2797.4824,18.0,18.0,Ideal,G,VVS2,1.52,IGI,4410.0
1062,Diamonds by Zoya,2,Round,1,1,0,93.11,1418.0,932.89,1397.0,-65.0,2875.6667,18.0,18.0,Ideal,G,VVS2,1.52,IGI,4410.0
1062,Ember Star,2,Round,1,1,0,12.69,1406.0,925.0,1385.0,-65.0,2866.9314,18.0,18.0,Ideal,G,VVS2,1.52,IGI,4410.0
1062,Jane Brear,2,Round,1,1,0,11.27,1397.0,919.08,1376.0,-66.0,2933.4485,18.0,18.0,Ideal,G,VVS2,1.52,IGI,4410.0
1062,Kasai,2,Round,1,1,0,15.37,1411.9,928.88,1391.0,-65.0,2857.5442,18.0,18.0,Ideal,G,VVS2,1.52,IGI,4410.0
1062,Michelle Kennedy,2,Round,1,1,0,11.5,1434.0,943.42,1412.0,-64.0,2867.0884,18.0,18.0,Ideal,G,VVS2,1.52,IGI,4410.0
1062,Nova Stars,2,Round,1,1,0,11.54,1392.0,915.79,1371.0,-65.0,2816.7649,18.0,18.0,Ideal,G,VVS2,1.52,IGI,4410.0
1062,Starlight Crafts,2,Round,1,1,0,11.75,1398.0,919.74,1377.0,-66.0,2919.4795,18.0,18.0,Ideal,G,VVS2,1.52,IGI,4410.0
1062,Taiga Gems,2,Round,1,1,0,9.84,1448.0,952.63,1426.0,-64.0,2889.5571,18.0,18.0,Ideal,G,VVS2,1.52,IGI,4410.0
1062,Tamara,2,Round,1,1,0,14.53,1455.68,957.68,1434.0,-64.0,2857.272,18.0,18.0,Ideal,G,VVS2,1.52,IGI,4410.0
1062,Temperley,2,Round,1,1,0,13.96,1446.73,951.8,1425.0,-64.0,2880.6118,18.0,18.0,Ideal,G,VVS2,1.52,IGI,4410.0
1062,White Lily,2,Round,1,1,0,13.96,1449.72,953.76,1428.0,-64.0,2867.2708,18.0,18.0,Ideal,G,VVS2,1.52,IGI,4410.0
1066,Cornerstone,2,Pear,1,2,0,14.69,325.0,560.34,320.0,-52.0,440.193,15.0,15.0,Very Good,E,VS2,0.58,IGI,700.0
1066,Kasai,2,Pear,2,2,0,15.23,394.02,679.34,388.0,-36.0,399.3206,15.0,15.0,Very Good,E,VS2,0.58,IGI,700.0
1066,Temperley,2,Pear,1,2,0,15.38,338.0,582.76,333.0,-48.0,418.6889,14.0,15.0,Very Good,E,VS2,0.58,IGI,700.0
1070,Albert's Creations,2,Oval,1,1,0,19.66,340.0,465.75,335.0,-36.0,357.5079,15.0,15.0,Very Good,E,SI1,0.73,IGI,1020.0
1070,Temperley,2,Oval,3,3,0,17.28,406.0,556.16,400.0,-32.0,399.3279,13.0,15.0,Very Good,E,SI1,0.73,IGI,1020.0
1070,Vega Diamonds,2,Oval,1,1,0,25.39,329.0,450.68,324.0,-49.0,435.2437,14.0,15.0,Very Good,E,SI1,0.73,IGI,1020.0
1075,Jane Brear,2,Round,1,1,0,11.8,747.0,725.24,736.0,-57.0,1233.0618,18.0,18.0,Ideal,G,VS2,1.03,IGI,1926.67
1075,Nova Stars,2,Round,1,1,0,45.72,653.0,633.98,643.0,-61.0,1195.1798,18.0,18.0,Ideal,G,VS2,1.03,IGI,1926.67
1075,White Lily,2,Round,1,1,0,18.52,671.0,651.46,661.0,-61.0,1232.5472,18.0,18.0,Ideal,G,VS2,1.03,IGI,1926.67
1076,Cirrus Gems,2,Princess,1,1,0,17.51,820.0,700.85,808.0,-63.0,1420.7708,15.0,15.0,Very Good,G,VS1,1.17,IGI,2380.0
1080,Avignon Diamonds,2,Round,1,1,0,10.65,1812.0,1200.0,1785.0,-60.0,3224.7117,18.0,18.0,Super Ideal,D,VVS2,1.51,IGI,7120.0
1080,Bayside Gems,2,Round,1,1,0,19.15,1826.0,1209.27,1799.0,-60.0,3242.394,18.0,18.0,Super Ideal,D,VVS2,1.51,IGI,7120.0
1080,CV Diamonds,2,Round,1,1,0,14.79,1825.0,1208.61,1798.0,-60.0,3253.4658,18.0,18.0,Super Ideal,D,VVS2,1.51,IGI,7120.0
1080,Clermont Diamonds,2,Round,1,1,0,13.19,1832.0,1213.25,1805.0,-59.0,3215.1279,18.0,18.0,Super Ideal,D,VVS2,1.51,IGI,7120.0
1080,Ember Star,2,Round,1,1,0,14.82,1808.0,1197.35,1781.0,-60.0,3206.1057,18.0,18.0,Super Ideal,D,VVS2,1.51,IGI,7120.0
1080,Eternity Fine Jewelers,2,Round,1,1,0,13.61,1815.0,1201.99,1788.0,-59.0,3205.4109,18.0,18.0,Super Ideal,D,VVS2,1.51,IGI,7120.0
1080,Felicity Diamonds,2,Round,1,1,0,10.42,1821.0,1205.96,1794.0,-59.0,3154.8645,18.0,18.0,Super Ideal,D,VVS2,1.51,IGI,7120.0
1080,Gemstone Harmony,2,Round,1,1,0,10.17,1810.0,1198.68,1783.0,-60.0,3214.2898,18.0,18.0,Super Ideal,D,VVS2,1.51,IGI,7120.0
1080,Iris Diamonds,2,Round,1,1,0,93.68,1803.0,1194.04,1776.0,-60.0,3216.6914,18.0,18.0,Super Ideal,D,VVS2,1.51,IGI,7120.0
1080,Jane Brear,2,Round,1,1,0,10.81,1818.0,1203.97,1791.0,-60.0,3240.4966,18.0,18.0,Super Ideal,D,VVS2,1.51,IGI,7120.0
1080,Joan Cooper,2,Round,1,1,0,15.82,1817.0,1203.31,1790.0,-59.0,3172.4565,18.0,18.0,Super Ideal,D,VVS2,1.51,IGI,7120.0
1080,Knox Diamonds,2,Round,1,1,0,11.04,1814.0,1201.32,1787.0,-60.0,3229.0298,18.0,18.0,Super Ideal,D,VVS2,1.51,IGI,7120.0
1080,Marlowe & Co,2,Round,1,1,0,14.14,1826.0,1209.27,1799.0,-60.0,3262.0906,18.0,18.0,Super Ideal,D,VVS2,1.51,IGI,7120.0
1080,Meadow & Co,2,Round,1,1,0,15.01,1822.0,1206.62,1795.0,-58.0,3127.1941,18.0,18.0,Super Ideal,D,VVS2,1.51,IGI,7120.0
1080,Mei & Co,2,Round,1,1,0,14.88,1803.0,1194.04,1776.0,-60.0,3239.332,18.0,18.0,Super Ideal,D,VVS2,1.51,IGI,7120.0
1080,Meridian Gems,2,Round,1,1,0,14.17,1819.0,1204.64,1792.0,-58.0,3129.8833,18.0,18.0,Super Ideal,D,VVS2,1.51,IGI,7120.0
1080,Michelle Kennedy,2,Round,2,1,0,15.37,1795.0,1188.74,1768.0,-61.0,3256.0671,18.0,18.0,Super Ideal,D,VVS2,1.51,IGI,7120.0
1080,Sara's Diamonds,2,Round,1,1,0,62.76,1803.0,1194.04,1776.0,-60.0,3191.3259,18.0,18.0,Super Ideal,D,VVS2,1.51,IGI,7120.0
1080,Sigma Diamonds,2,Round,1,1,0,12.25,1803.0,1194.04,1776.0,-60.0,3234.8635,18.0,18.0,Super Ideal,D,VVS2,1.51,IGI,7120.0
1080,Simetría,2,Round,1,1,0,93.55,1806.0,1196.03,1779.0,-59.0,3181.5859,18.0,18.0,Super Ideal,D,VVS2,1.51,IGI,7120.0
1080,Starlit Stones,2,Round,1,1,0,73.95,1810.0,1198.68,1783.0,-60.0,3202.4231,18.0,18.0,Super Ideal,D,VVS2,1.51,IGI,7120.0
1080,Stellar Radiance,2,Round,1,1,0,12.22,1810.0,1198.68,1783.0,-60.0,3240.4797,18.0,18.0,Super Ideal,D,VVS2,1.51,IGI,7120.0
1080,Taiga Gems,2,Round,1,1,0,18.48,1800.0,1192.05,1773.0,-59.0,3181.2581,18.0,18.0,Super Ideal,D,VVS2,1.51,IGI,7120.0
1080,Temperley,2,Round,1,1,0,14.14,1830.0,1211.92,1803.0,-60.0,3277.6284,18.0,18.0,Super Ideal,D,VVS2,1.51,IGI,7120.0
1080,Thalassa Gems,2,Round,1,1,0,14.41,1806.0,1196.03,1779.0,-59.0,3184.3962,18.0,18.0,Super Ideal,D,VVS2,1.51,IGI,7120.0
1080,Tilia Diamonds,2,Round,1,1,0,16.33,1830.0,1211.92,1803.0,-59.0,3200.1155,18.0,18.0,Super Ideal,D,VVS2,1.51,IGI,7120.0
1080,United Diam,2,Round,1,1,0,17.91,1757.0,1163.58,1731.0,-60.0,3160.1055,18.0,18.0,Super Ideal,D,VVS2,1.51,IGI,7120.0
1080,White Lily,2,Round,1,1,0,13.99,1821.0,1205.96,1794.0,-59.0,3175.0278,18.0,18.0,Super Ideal,D,VVS2,1.51,IGI,7120.0
1082,Cirrus Gems,2,Princess,1,2,0,16.47,1418.0,920.78,1397.0,-55.0,2020.0857,15.0,15.0,Super Ideal,H,VS2,1.54,IGI,3530.0
1086,Avignon Diamonds,2,Asscher,1,1,0,19.17,2307.0,1147.76,2272.0,-64.0,4033.4109,14.0,15.0,Very Good,E,VS2,2.01,IGI,6830.0
1086,Century Stones,2,Asscher,1,1,0,19.65,2535.0,1261.19,2497.0,-60.0,3986.7424,14.0,15.0,Very Good,E,VS2,2.01,IGI,6830.0
1086,Diamonds by Zoya,2,Asscher,1,1,0,16.64,2323.0,1155.72,2288.0,-63.0,3922.3496,14.0,15.0,Very Good,E,VS2,2.01,IGI,6830.0
1086,Genesis Stones,2,Asscher,1,1,0,12.82,2518.0,1252.74,2480.0,-61.0,4015.78,15.0,15.0,Very Good,E,VS2,2.01,IGI,6830.0
1086,Periwinkle Stones,2,Asscher,1,1,0,12.45,2383.0,1185.57,2347.0,-64.0,4152.3447,15.0,15.0,Very Good,E,VS2,2.01,IGI,6830.0
1086,Tamara,2,Asscher,1,1,0,17.47,2359.0,1173.63,2324.0,-61.0,3788.6824,14.0,15.0,Very Good,E,VS2,2.01,IGI,6830.0
1088,Rosella,2,Asscher,1,1,0,21.12,1268.0,839.74,1249.0,-64.0,2187.772,14.0,15.0,Very Good,F,SI1,1.51,IGI,3370.0
1089,Irene Jewelry,2,Round,1,1,0,14.96,2437.0,959.45,2400.0,-64.0,4878.9092,18.0,18.0,Ideal,F,SI1,2.54,IGI,8230.0
1089,Jane Brear,2,Round,1,1,0,14.8,2481.0,976.77,2444.0,-63.0,4861.8262,18.0,18.0,Ideal,F,SI1,2.54,IGI,8230.0
1089,Taiga Gems,2,Round,1,1,0,16.85,2417.7,951.85,2381.0,-66.0,5042.3896,18.0,18.0,Ideal,F,SI1,2.54,IGI,8230.0
1089,Temperley,2,Round,1,1,0,10.18,2757.43,1085.6,2716.0,-60.0,4917.2646,18.0,18.0,Ideal,F,SI1,2.54,IGI,8230.0
1089,Vega Diamonds,2,Round,1,1,0,18.11,2432.0,957.48,2396.0,-65.0,4967.9443,18.0,18.0,Ideal,F,SI1,2.54,IGI,8230.0
1089,White Lily,2,Round,1,1,0,16.96,2454.0,966.14,2417.0,-64.0,4930.3462,18.0,18.0,Ideal,F,SI1,2.54,IGI,8230.0
1090,Jane Brear,2,Asscher,1,1,0,16.43,5305.0,1728.01,5225.0,-66.0,9580.2988,14.0,15.0,Very Good,E,VS1,3.07,IGI,16900.0
1090,Periwinkle Stones,2,Asscher,1,1,0,20.46,5368.0,1748.53,5287.0,-66.0,9856.25,15.0,15.0,Very Good,E,VS1,3.07,IGI,16900.0
1090,Taiga Gems,2,Asscher,1,1,0,18.19,5078.0,1654.07,5002.0,-68.0,10016.3223,15.0,15.0,Very Good,E,VS1,3.07,IGI,16900.0
1090,White Lily,2,Asscher,1,1,0,22.14,5157.51,1679.97,5080.0,-67.0,9803.4258,14.0,15.0,Very Good,E,VS1,3.07,IGI,16900.0
1091,Adalyn Jewelry,2,Round,1,1,0,12.6,338.0,582.76,333.0,-61.0,626.8719,18.0,18.0,Super Ideal,D,VVS2,0.58,IGI,1040.0
1091,Cornerstone,2,Round,1,1,0,10.51,360.0,620.69,355.0,-58.0,609.9014,18.0,18.0,Super Ideal,D,VVS2,0.58,IGI,1040.0
1091,Eternity Fine Jewelers,2,Round,1,1,0,13.16,382.08,658.76,376.0,-56.0,616.701,18.0,18.0,Super Ideal,D,VVS2,0.58,IGI,1040.0
1091,Felicity Diamonds,2,Round,1,1,0,11.47,339.0,584.48,334.0,-61.0,619.7632,18.0,18.0,Super Ideal,D,VVS2,0.58,IGI,1040.0
1091,Jane Brear,2,Round,2,1,0,11.86,381.0,656.9,375.0,-56.0,626.5756,18.0,18.0,Super Ideal,D,VVS2,0.58,IGI,1040.0
1091,Lotus Creation,2,Round,1,1,0,13.52,389.92,672.28,384.0,-55.0,618.2026,18.0,18.0,Super Ideal,D,VVS2,0.58,IGI,1040.0
1091,Marlowe & Co,2,Round,1,1,0,13.97,346.0,596.55,341.0,-61.0,636.9089,18.0,18.0,Super Ideal,D,VVS2,0.58,IGI,1040.0
1091,Meridian Gems,2,Round,1,1,0,23.51,325.0,560.34,320.0,-62.0,609.5969,18.0,18.0,Super Ideal,D,VVS2,0.58,IGI,1040.0
1091,Michelle Kennedy,2,Round,1,1,0,24.01,360.0,620.69,355.0,-53.0,545.8558,18.0,18.0,Super Ideal,D,VVS2,0.58,IGI,1040.0
1091,Promenade Jewelry,2,Round,1,1,0,17.88,385.09,663.95,379.0,-56.0,627.1014,18.0,18.0,Super Ideal,D,VVS2,0.58,IGI,1040.0
1091,Rosella,2,Round,2,2,0,14.12,324.0,558.62,319.0,-62.0,605.2454,18.0,18.0,Super Ideal,D,VVS2,0.58,IGI,1040.0
1091,Sara's Diamonds,2,Round,1,1,0,44.77,321.0,553.45,316.0,-64.0,634.4349,18.0,18.0,Super Ideal,D,VVS2,0.58,IGI,1040.0
1091,Temperley,2,Round,1,1,0,16.68,384.13,662.29,378.0,-56.0,629.2601,18.0,18.0,Super Ideal,D,VVS2,0.58,IGI,1040.0
1091,White Lily,2,Round,1,1,0,23.49,360.0,620.69,355.0,-59.0,624.223,18.0,18.0,Super Ideal,D,VVS2,0.58,IGI,1040.0
1095,Promenade Jewelry,2,Oval,1,2,0,11.37,304.0,515.25,299.0,-52.0,424.0056,15.0,15.0,Super Ideal,G,VS1,0.59,IGI,660.0
1100,Temperley,2,Round,1,1,0,15.77,970.0,651.01,955.0,-58.0,1662.6757,18.0,18.0,Super Ideal,H,VS2,1.49,IGI,3080.0
1102,Equinox Jewels,2,Round,2,1,0,14.82,949.0,713.53,935.0,-57.0,1586.145,18.0,18.0,Super Ideal,E,VS2,1.33,IGI,3000.0
1102,Infinity Diamonds,2,Round,1,1,0,17.2,976.73,734.38,962.0,-57.0,1635.6489,18.0,18.0,Super Ideal,E,VS2,1.33,IGI,3000.0
1102,Marlene Crafts,2,Round,1,1,0,16.39,958.0,720.3,944.0,-58.0,1626.1914,18.0,18.0,Super Ideal,E,VS2,1.33,IGI,3000.0
1102,Marlowe & Co,2,Round,1,1,0,14.05,979.08,736.15,964.0,-57.0,1646.0721,18.0,18.0,Super Ideal,E,VS2,1.33,IGI,3000.0
1102,Michelle Kennedy,2,Round,1,1,0,20.96,984.0,739.85,969.0,-57.0,1624.0657,18.0,18.0,Super Ideal,E,VS2,1.33,IGI,3000.0
1102,Starlight Crafts,2,Round,1,1,0,13.06,949.0,713.53,935.0,-58.0,1600.1979,18.0,18.0,Super Ideal,E,VS2,1.33,IGI,3000.0
1102,Taiga Gems,2,Round,1,1,0,11.52,967.0,727.07,952.0,-58.0,1636.2189,18.0,18.0,Super Ideal,E,VS2,1.33,IGI,3000.0
1102,Temperley,2,Round,1,1,0,20.44,984.0,739.85,969.0,-56.0,1594.1854,18.0,18.0,Super Ideal,E,VS2,1.33,IGI,3000.0
1102,Tilia Diamonds,2,Round,1,1,0,17.28,967.0,727.07,952.0,-58.0,1645.3799,18.0,18.0,Super Ideal,E,VS2,1.33,IGI,3000.0
1102,White Lily,2,Round,1,1,0,16.85,984.0,739.85,969.0,-57.0,1640.2802,18.0,18.0,Super Ideal,E,VS2,1.33,IGI,3000.0
1103,Artemis Stones,2,Round,1,1,0,11.73,3974.0,1320.27,3914.0,-68.0,8893.876,18.0,18.0,Ideal,G,VS1,3.01,IGI,17420.0
1103,Bayside Gems,2,Round,1,1,0,18.39,4268.55,1418.12,4205.0,-66.0,9044.8799,18.0,18.0,Ideal,G,VS1,3.01,IGI,17420.0
1103,Eterna Luxe,2,Round,1,1,0,14.15,4126.0,1370.76,4064.0,-67.0,8950.5107,18.0,18.0,Ideal,G,VS1,3.01,IGI,17420.0
1103,Infinity Diamonds,2,Round,1,1,0,19.5,4050.0,1345.51,3989.0,-68.0,9051.8223,18.0,18.0,Ideal,G,VS1,3.01,IGI,17420.0
1103,Jane Brear,2,Round,1,1,0,14.53,4139.0,1375.08,4077.0,-66.0,8714.29,18.0,18.0,Ideal,G,VS1,3.01,IGI,17420.0
1103,Mei & Co,2,Round,1,1,0,15.49,4073.0,1353.16,4012.0,-68.0,9105.8496,18.0,18.0,Ideal,G,VS1,3.01,IGI,17420.0
1103,Michelle Kennedy,2,Round,1,1,0,14.92,4434.72,1473.33,4368.0,-64.0,8932.3369,18.0,18.0,Ideal,G,VS1,3.01,IGI,17420.0
1103,Pegasus Diamonds,2,Round,1,1,0,15.36,4096.42,1360.94,4035.0,-67.0,8878.0605,18.0,18.0,Ideal,G,VS1,3.01,IGI,17420.0
1103,Roma Diamonds,2,Round,1,1,0,14.15,4072.0,1352.82,4011.0,-69.0,9292.9824,18.0,18.0,Ideal,G,VS1,3.01,IGI,17420.0
1103,Serenade Diamonds,2,Round,1,1,0,11.18,4073.0,1353.16,4012.0,-66.0,8596.793,18.0,18.0,Ideal,G,VS1,3.01,IGI,17420.0
1103,Temperley,2,Round,1,1,0,16.69,4131.24,1372.5,4069.0,-68.0,9111.4551,18.0,18.0,Ideal,G,VS1,3.01,IGI,17420.0
1103,Vespera Gems,2,Round,1,1,0,14.51,3960.0,1315.61,3901.0,-67.0,8710.5312,18.0,18.0,Ideal,G,VS1,3.01,IGI,17420.0
1103,Westport Jewelry,2,Round,1,1,0,16.13,3934.0,1306.98,3875.0,-68.0,8713.29,18.0,18.0,Ideal,G,VS1,3.01,IGI,17420.0
1103,White Lily,2,Round,1,1,0,15.57,4107.0,1364.45,4045.0,-66.0,8672.6855,18.0,18.0,Ideal,G,VS1,3.01,IGI,17420.0
1104,Rosella,2,Oval,2,2,0,15.88,321.0,594.44,316.0,-41.0,364.9275,14.0,15.0,Very Good,E,VS2,0.54,IGI,660.0
1104,Vega Diamonds,2,Oval,2,1,0,27.82,306.92,568.37,302.0,-45.0,376.7357,15.0,15.0,Very Good,E,VS2,0.54,IGI,660.0
1105,Cirrus Gems,2,Round,1,1,0,16.37,1909.0,913.4,1880.0,-58.0,3291.3491,18.0,18.0,Super Ideal,H,VVS2,2.09,IGI,7200.0
1105,Clermont Diamonds,2,Round,1,1,0,13.96,1895.0,906.7,1867.0,-59.0,3345.6123,18.0,18.0,Super Ideal,H,VVS2,2.09,IGI,7200.0
1105,Hannah Richards,2,Round,1,1,0,12.82,1909.4,913.59,1881.0,-58.0,3229.3203,18.0,18.0,Super Ideal,H,VVS2,2.09,IGI,7200.0
1105,Jane Brear,2,Round,1,1,0,12.33,1936.27,926.44,1907.0,-59.0,3380.717,18.0,18.0,Super Ideal,H,VVS2,2.09,IGI,7200.0
1105,Mei & Co,2,Round,1,1,0,12.61,1881.54,900.26,1853.0,-60.0,3345.603,18.0,18.0,Super Ideal,H,VVS2,2.09,IGI,7200.0
1105,Michelle Kennedy,2,Round,1,1,0,12.88,1898.0,908.13,1870.0,-59.0,3342.2542,18.0,18.0,Super Ideal,H,VVS2,2.09,IGI,7200.0
1105,Taiga Gems,2,Round,1,1,0,17.04,1877.22,898.19,1849.0,-59.0,3307.8623,18.0,18.0,Super Ideal,H,VVS2,2.09,IGI,7200.0
1105,White Lily,2,Round,1,1,0,13.49,1899.0,908.61,1871.0,-60.0,3390.259,18.0,18.0,Super Ideal,H,VVS2,2.09,IGI,7200.0
1109,Jane Brear,2,Round,2,2,0,15.4,353.22,504.6,348.0,-59.0,609.8306,16.0,18.0,Very Good,G,VVS2,0.7,IGI,1110.0
1118,Ember Star,2,Emerald,1,1,0,9.63,656.0,720.88,646.0,-56.0,955.3672,14.0,15.0,Very Good,F,VS2,0.91,IGI,1470.0
1118,The Diamond Source,2,Emerald,3,3,0,10.49,662.67,728.21,653.0,-57.0,980.8192,13.0,15.0,Very Good,F,VS2,0.91,IGI,1470.0
1119,Silva Diamonds,2,Oval,2,2,0,15.29,424.86,598.39,418.0,-53.0,609.0179,13.0,15.0,Very Good,E,VVS1,0.71,IGI,1340.0
1122,Dahlia Diamonds,2,Emerald,1,1,0,91.97,4850.0,1660.96,4777.0,-65.0,8824.8594,15.0,15.0,Super Ideal,E,VVS2,2.92,IGI,17310.0
1125,Avignon Diamonds,2,Round,1,1,0,12.28,2571.0,1248.06,2532.0,-64.0,5052.3623,18.0,18.0,Ideal,F,VVS2,2.06,IGI,10260.0
1125,CV Diamonds,2,Round,1,1,0,15.51,2596.95,1260.66,2558.0,-63.0,4981.2378,18.0,18.0,Ideal,F,VVS2,2.06,IGI,10260.0
1125,Camden Gems,2,Round,1,1,0,14.32,2604.0,1264.08,2565.0,-64.0,5207.4766,18.0,18.0,Ideal,F,VVS2,2.06,IGI,10260.0
1125,Diamonds by Zoya,2,Round,1,1,0,94.73,2594.0,1259.22,2555.0,-63.0,5026.9282,18.0,18.0,Ideal,F,VVS2,2.06,IGI,10260.0
1125,Ember Star,2,Round,1,1,0,15.38,2526.0,1226.21,2488.0,-65.0,5155.4448,18.0,18.0,Ideal,F,VVS2,2.06,IGI,10260.0
1125,Emilia Sterling,2,Round,1,1,0,14.52,2541.0,1233.5,2503.0,-64.0,5045.4639,18.0,18.0,Ideal,F,VVS2,2.06,IGI,10260.0
1125,Eternity Fine Jewelers,2,Round,1,1,0,14.83,2625.8,1274.66,2586.0,-62.0,4994.103,16.0,18.0,Ideal,F,VVS2,2.06,IGI,10260.0
1125,Fuji Diamonds,2,Round,1,1,0,12.5,2583.0,1253.88,2544.0,-63.0,5038.5972,18.0,18.0,Ideal,F,VVS2,2.06,IGI,10260.0
1125,Gemstone Harmony,2,Round,1,1,0,11.13,2588.0,1256.31,2549.0,-63.0,5057.3501,18.0,18.0,Ideal,F,VVS2,2.06,IGI,10260.0
1125,Hazel Diamonds,2,Round,1,1,0,13.53,2548.0,1236.89,2510.0,-65.0,5203.2964,18.0,18.0,Ideal,F,VVS2,2.06,IGI,10260.0
1125,Hill & Holland,2,Round,1,1,0,18.06,2697.44,1309.44,2657.0,-63.0,5168.1924,18.0,18.0,Ideal,F,VVS2,2.06,IGI,10260.0
1125,Hoseki,2,Round,1,1,0,18.1,2660.63,1291.57,2621.0,-63.0,5146.1851,18.0,18.0,Ideal,F,VVS2,2.06,IGI,10260.0
1125,Jane Brear,2,Round,1,1,0,15.08,2620.0,1271.84,2581.0,-63.0,5026.188,18.0,18.0,Ideal,F,VVS2,2.06,IGI,10260.0
1125,La Marquise,2,Round,1,1,0,20.05,2743.92,1332.0,2703.0,-62.0,5146.7153,18.0,18.0,Ideal,F,VVS2,2.06,IGI,10260.0
1125,Marlowe & Co,2,Round,1,1,0,15.28,2632.0,1277.67,2593.0,-62.0,5019.8623,18.0,18.0,Ideal,F,VVS2,2.06,IGI,10260.0
1125,Mei & Co,2,Round,1,1,0,14.32,2590.98,1257.76,2552.0,-64.0,5151.5942,18.0,18.0,Ideal,F,VVS2,2.06,IGI,10260.0
1125,Michelle Kennedy,2,Round,1,1,0,11.12,2666.0,1294.17,2626.0,-63.0,5108.8149,18.0,18.0,Ideal,F,VVS2,2.06,IGI,10260.0
1125,Nebula Stones,2,Round,1,1,0,14.29,2649.68,1286.25,2610.0,-62.0,5033.312,18.0,18.0,Ideal,F,VVS2,2.06,IGI,10260.0
1125,Oasis Diamonds,2,Round,1,1,0,13.92,2667.6,1294.95,2628.0,-62.0,5060.0264,18.0,18.0,Ideal,F,VVS2,2.06,IGI,10260.0
1125,Periwinkle Stones,2,Round,1,1,0,15.37,2648.0,1285.44,2608.0,-63.0,5070.9175,18.0,18.0,Ideal,F,VVS2,2.06,IGI,10260.0
1125,Rosella,2,Round,1,1,0,13.99,2548.0,1236.89,2510.0,-65.0,5148.9883,18.0,18.0,Ideal,F,VVS2,2.06,IGI,10260.0
1125,Sigma Diamonds,2,Round,1,1,0,15.59,2609.88,1266.93,2571.0,-64.0,5196.8926,18.0,18.0,Ideal,F,VVS2,2.06,IGI,10260.0
1125,Stellar Radiance,2,Round,1,1,0,12.55,2592.0,1258.25,2553.0,-63.0,5074.6772,18.0,18.0,Ideal,F,VVS2,2.06,IGI,10260.0
1125,Taiga Gems,2,Round,1,1,0,14.37,2567.0,1246.12,2528.0,-64.0,5138.5537,18.0,18.0,Ideal,F,VVS2,2.06,IGI,10260.0
1125,Tamara,2,Round,1,1,0,14.62,2599.94,1262.11,2561.0,-63.0,5012.688,18.0,18.0,Ideal,F,VVS2,2.06,IGI,10260.0
1125,Temperley,2,Round,1,1,0,13.9,2619.0,1271.36,2580.0,-63.0,5094.5723,18.0,18.0,Ideal,F,VVS2,2.06,IGI,10260.0
1125,Thalassa Gems,2,Round,1,1,0,11.92,2585.0,1254.85,2546.0,-64.0,5094.959,18.0,18.0,Ideal,F,VVS2,2.06,IGI,10260.0
1125,Tierra Mia Diamonds,2,Round,1,1,0,11.89,2586.0,1255.34,2547.0,-64.0,5100.3223,18.0,18.0,Ideal,F,VVS2,2.06,IGI,10260.0
1125,Tilia Diamonds,2,Round,1,1,0,16.43,2590.98,1257.76,2552.0,-64.0,5127.1606,18.0,18.0,Ideal,F,VVS2,2.06,IGI,10260.0
1125,White Lily,2,Round,1,1,0,11.24,2645.0,1283.98,2605.0,-63.0,5111.1592,18.0,18.0,Ideal,F,VVS2,2.06,IGI,10260.0
1126,Diamonds by Zoya,2,Emerald,1,1,0,17.62,2111.39,1020.0,2080.0,-64.0,3734.9014,14.0,15.0,Very Good,G,VS1,2.07,IGI,6410.0
1127,Sunset Gems,2,Round,1,1,0,13.82,352.0,495.77,347.0,-62.0,655.3612,18.0,18.0,Ideal,H,VVS1,0.71,IGI,1110.0
1132,Cirrus Gems,2,Round,1,1,0,21.42,700.0,660.38,690.0,-61.0,1271.8091,18.0,18.0,Super Ideal,G,VS1,1.06,IGI,2232.86
1132,Michelle Kennedy,2,Round,1,1,0,12.6,725.0,683.96,714.0,-57.0,1215.9926,18.0,18.0,Super Ideal,G,VS1,1.06,IGI,2232.86
1132,Nova Stars,2,Round,1,1,0,17.21,698.0,658.49,688.0,-58.0,1190.3464,18.0,18.0,Super Ideal,G,VS1,1.06,IGI,2232.86
1132,Temperley,2,Round,1,1,0,13.6,727.0,685.85,716.0,-59.0,1272.8062,18.0,18.0,Super Ideal,G,VS1,1.06,IGI,2232.86
1137,Camden Gems,2,Round,1,1,0,13.27,3367.0,1320.39,3316.0,-63.0,6597.1167,18.0,18.0,Ideal,G,VVS2,2.55,IGI,11310.0
1137,Cirrus Gems,2,Round,1,1,0,18.21,3241.0,1270.98,3192.0,-65.0,6594.1948,18.0,18.0,Ideal,G,VVS2,2.55,IGI,11310.0
1137,Clermont Diamonds,2,Round,1,1,0,17.59,3371.0,1321.96,3320.0,-63.0,6469.4009,18.0,18.0,Ideal,G,VVS2,2.55,IGI,11310.0
1137,Ember Star,2,Round,1,1,0,12.46,3341.0,1310.2,3291.0,-64.0,6582.8599,18.0,18.0,Ideal,G,VVS2,2.55,IGI,11310.0
1137,Jane Brear,2,Round,1,1,0,11.82,3236.0,1269.02,3187.0,-64.0,6452.4224,18.0,18.0,Ideal,G,VVS2,2.55,IGI,11310.0
1137,Lyra Stones,2,Round,1,1,0,15.69,3334.0,1307.45,3284.0,-64.0,6541.5059,18.0,18.0,Ideal,G,VVS2,2.55,IGI,11310.0
1137,Michelle Kennedy,2,Round,1,1,0,17.35,3390.96,1329.79,3340.0,-63.0,6533.7695,18.0,18.0,Ideal,G,VVS2,2.55,IGI,11310.0
1137,Starlit Stones,2,Round,1,1,0,73.84,3355.0,1315.69,3305.0,-63.0,6432.5347,17.0,18.0,Ideal,G,VVS2,2.55,IGI,11310.0
1137,Temperley,2,Round,1,1,0,17.43,3392.95,1330.57,3342.0,-62.0,6389.6196,18.0,18.0,Ideal,G,VVS2,2.55,IGI,11310.0
1137,White Lily,2,Round,1,1,0,15.69,3404.0,1334.9,3353.0,-63.0,6595.4434,18.0,18.0,Ideal,G,VVS2,2.55,IGI,11310.0
1144,Michelle Kennedy,2,Oval,1,2,0,14.75,1104.45,703.47,1088.0,-51.0,1531.4618,14.0,15.0,Very Good,I,SI2,1.57,IGI,2820.0
1145,Michelle Kennedy,2,Round,1,1,0,10.67,330.0,804.88,325.0,12.0,211.2997,18.0,18.0,Ideal,D,SI2,0.41,IGI,450.0
1148,Marlowe & Co,2,Cushion,1,1,0,15.28,944.26,907.94,930.0,-69.0,1940.817,14.0,15.0,Good,E,VVS2,1.04,IGI,2680.0
1151,Marlowe & Co,2,Radiant,1,1,0,14.25,2311.0,1127.32,2276.0,-61.0,3895.0039,14.0,15.0,Very Good,E,VS2,2.05,IGI,7060.0
1151,Phoenix Crafts,2,Radiant,1,1,0,18.79,2338.0,1140.49,2303.0,-63.0,4078.4863,15.0,15.0,Very Good,E,VS2,2.05,IGI,7060.0
1151,White Lily,2,Radiant,1,1,0,11.5,2219.0,1082.44,2186.0,-64.0,4019.623,15.0,15.0,Very Good,E,VS2,2.05,IGI,7060.0
1157,Michelle Kennedy,2,Round,3,2,0,17.14,858.98,954.42,846.0,-32.0,904.2021,14.0,18.0,Very Good,E,SI1,0.9,IGI,1580.0
1161,Michelle Kennedy,2,Round,1,1,0,14.36,663.66,663.66,654.0,-55.0,1051.5001,17.0,18.0,Very Good,F,SI1,1.0,IGI,1950.0
1162,Lunar Diamonds,2,Radiant,1,1,0,15.94,3226.78,1453.5,3178.0,-64.0,5784.3018,15.0,15.0,Very Good,E,VVS2,2.22,IGI,10240.0
1164,Bayside Gems,2,Round,1,1,0,26.72,788.0,722.94,776.0,-58.0,1356.3047,18.0,18.0,Super Ideal,E,VVS2,1.09,IGI,3100.0
1164,Camden Gems,2,Round,1,1,0,14.11,806.0,739.45,794.0,-56.0,1303.8965,18.0,18.0,Super Ideal,E,VVS2,1.09,IGI,3100.0
1164,Cascade Diamonds,2,Round,1,1,0,13.25,813.0,745.87,801.0,-55.0,1300.2657,18.0,18.0,Super Ideal,E,VVS2,1.09,IGI,3100.0
1164,Cirrus Gems,2,Round,1,1,0,24.7,802.04,735.82,790.0,-54.0,1259.3594,18.0,18.0,Super Ideal,E,VVS2,1.09,IGI,3100.0
1164,Clermont Diamonds,2,Round,1,1,0,14.44,815.0,747.71,803.0,-56.0,1311.3693,18.0,18.0,Super Ideal,E,VVS2,1.09,IGI,3100.0
1164,Gemstone Harmony,2,Round,1,1,0,12.6,813.0,745.87,801.0,-56.0,1311.3693,18.0,18.0,Super Ideal,E,VVS2,1.09,IGI,3100.0
1164,Hazel Diamonds,2,Round,1,1,0,12.95,805.0,738.53,793.0,-55.0,1281.1234,18.0,18.0,Super Ideal,E,VVS2,1.09,IGI,3100.0
1164,Jane Brear,2,Round,1,1,0,13.08,812.0,744.95,800.0,-56.0,1307.0763,18.0,18.0,Super Ideal,E,VVS2,1.09,IGI,3100.0
1164,Knox Diamonds,2,Round,1,1,0,11.37,803.0,736.7,791.0,-57.0,1321.6711,18.0,18.0,Super Ideal,E,VVS2,1.09,IGI,3100.0
1164,Magnolia,2,Round,1,1,0,14.79,810.0,743.12,798.0,-56.0,1330.0797,18.0,18.0,Super Ideal,E,VVS2,1.09,IGI,3100.0
1164,Marlowe & Co,2,Round,1,1,0,15.37,816.0,748.62,804.0,-55.0,1301.9209,18.0,18.0,Super Ideal,E,VVS2,1.09,IGI,3100.0
1164,Michelle Kennedy,2,Round,1,1,0,11.32,813.0,745.87,801.0,-56.0,1310.8335,18.0,18.0,Super Ideal,E,VVS2,1.09,IGI,3100.0
1164,N. B. Diamonds,2,Round,1,1,0,11.86,816.0,748.62,804.0,-56.0,1314.3357,18.0,18.0,Super Ideal,E,VVS2,1.09,IGI,3100.0
1164,Serenade Diamonds,2,Round,1,1,0,14.91,816.0,748.62,804.0,-55.0,1295.5095,18.0,18.0,Super Ideal,E,VVS2,1.09,IGI,3100.0
1164,Silva Diamonds,2,Round,1,1,0,12.24,809.0,742.2,797.0,-56.0,1323.0903,18.0,18.0,Super Ideal,E,VVS2,1.09,IGI,3100.0
1164,Simetría,2,Round,1,1,0,93.3,810.0,743.12,798.0,-55.0,1302.4518,18.0,18.0,Super Ideal,E,VVS2,1.09,IGI,3100.0
1164,Starlight Crafts,2,Round,1,1,0,12.33,806.0,739.45,794.0,-56.0,1309.3622,18.0,18.0,Super Ideal,E,VVS2,1.09,IGI,3100.0
1164,Starlit Stones,2,Round,1,1,0,11.66,815.0,747.71,803.0,-55.0,1286.2814,18.0,18.0,Super Ideal,E,VVS2,1.09,IGI,3100.0
1164,Stellar Radiance,2,Round,1,1,0,12.99,815.0,747.71,803.0,-56.0,1319.1031,18.0,18.0,Super Ideal,E,VVS2,1.09,IGI,3100.0
1164,Summit Gems,2,Round,1,1,0,24.61,812.92,745.8,801.0,-55.0,1305.0417,18.0,18.0,Super Ideal,E,VVS2,1.09,IGI,3100.0
1164,Taiga Gems,2,Round,1,1,0,25.55,806.0,739.45,794.0,-57.0,1328.3259,18.0,18.0,Super Ideal,E,VVS2,1.09,IGI,3100.0
1164,Temperley,2,Round,1,1,0,12.91,813.0,745.87,801.0,-55.0,1287.2675,18.0,18.0,Super Ideal,E,VVS2,1.09,IGI,3100.0
1164,Thalassa Gems,2,Round,1,1,0,11.11,811.0,744.04,799.0,-55.0,1302.2372,18.0,18.0,Super Ideal,E,VVS2,1.09,IGI,3100.0
1164,Vespera Gems,2,Round,1,1,0,15.19,809.76,742.9,798.0,-55.0,1278.4597,18.0,18.0,Super Ideal,E,VVS2,1.09,IGI,3100.0
1164,White Lily,2,Round,1,1,0,11.83,813.0,745.87,801.0,-56.0,1316.8304,18.0,18.0,Super Ideal,E,VVS2,1.09,IGI,3100.0
1165,Diamonds by Zoya,2,Oval,2,2,0,71.84,302.0,774.36,297.0,-45.0,367.445,14.0,15.0,Very Good,D,VS1,0.39,IGI,410.0
1165,Eternal Flame,2,Oval,1,1,0,11.98,310.0,794.87,305.0,-26.0,280.7001,15.0,15.0,Very Good,D,VS1,0.39,IGI,410.0
1165,Michelle Kennedy,2,Oval,1,2,0,15.0,318.5,816.67,314.0,-33.0,322.0655,15.0,15.0,Very Good,D,VS1,0.39,IGI,410.0
1165,Temperley,2,Oval,1,2,0,15.55,318.5,816.67,314.0,-25.0,287.6771,15.0,15.0,Very Good,D,VS1,0.39,IGI,410.0
1165,White Lily,2,Oval,1,1,0,13.54,318.5,816.67,314.0,-38.0,346.2963,15.0,15.0,Very Good,D,VS1,0.39,IGI,410.0
1177,Avignon Diamonds,2,Round,1,1,0,66.33,1201.0,784.97,1183.0,-58.0,2050.6633,18.0,18.0,Ideal,E,SI1,1.53,IGI,3660.0
1177,Michelle Kennedy,2,Round,1,1,0,20.21,1217.0,795.42,1199.0,-58.0,2072.1787,18.0,18.0,Ideal,E,SI1,1.53,IGI,3660.0
1177,Periwinkle Stones,2,Round,1,1,0,20.99,1207.0,788.89,1189.0,-56.0,1972.7306,18.0,18.0,Ideal,E,SI1,1.53,IGI,3660.0
1177,Roma Diamonds,2,Round,1,1,0,36.42,1492.0,975.16,1470.0,-48.0,2043.3322,18.0,18.0,Ideal,E,SI1,1.53,IGI,3660.0
1177,Sunset Gems,2,Round,1,1,0,15.8,1175.0,767.97,1157.0,-59.0,2057.5537,18.0,18.0,Ideal,E,SI1,1.53,IGI,3660.0
1177,Taiga Gems,2,Round,1,1,0,18.31,1175.0,767.97,1157.0,-58.0,2022.0531,18.0,18.0,Ideal,E,SI1,1.53,IGI,3660.0
1177,Temperley,2,Round,1,1,0,19.33,1213.0,792.81,1195.0,-58.0,2047.1528,18.0,18.0,Ideal,E,SI1,1.53,IGI,3660.0
1177,Thalassa Gems,2,Round,1,1,0,19.38,1184.0,773.86,1166.0,-58.0,2024.3394,18.0,18.0,Ideal,E,SI1,1.53,IGI,3660.0
1177,White Lily,2,Round,1,1,0,17.71,1193.0,779.74,1175.0,-57.0,1970.6576,18.0,18.0,Ideal,E,SI1,1.53,IGI,3660.0
1179,Michelle Kennedy,2,Round,1,1,0,16.68,2097.46,944.8,2066.0,-58.0,3566.9824,18.0,18.0,Super Ideal,E,SI2,2.22,IGI,5430.0
1182,Cornerstone,2,Pear,2,2,0,13.59,321.0,544.07,316.0,-51.0,425.5334,15.0,15.0,Super Ideal,G,VS1,0.59,IGI,670.0
1182,Temperley,2,Pear,1,1,0,11.32,346.26,586.88,341.0,-43.0,397.1343,15.0,15.0,Super Ideal,G,VS1,0.59,IGI,670.0
1182,White Lily,2,Pear,2,2,0,13.43,354.22,600.37,349.0,-43.0,400.0891,15.0,15.0,Super Ideal,G,VS1,0.59,IGI,670.0
1188,Diamonds by Zoya,2,Oval,2,2,0,16.94,314.42,604.65,310.0,-46.0,394.9504,15.0,15.0,Super Ideal,D,VS1,0.52,IGI,770.0
1188,Eternal Flame,2,Oval,2,2,0,16.65,326.0,626.92,321.0,-50.0,439.87,15.0,15.0,Super Ideal,D,VS1,0.52,IGI,770.0
1188,Hoseki,2,Oval,1,2,0,16.72,327.0,628.85,322.0,-44.0,394.8746,15.0,15.0,Super Ideal,D,VS1,0.52,IGI,770.0
1188,Jane Brear,2,Oval,1,2,0,10.26,342.0,657.69,337.0,-44.0,407.8683,15.0,15.0,Super Ideal,D,VS1,0.52,IGI,770.0
1188,Meridian Crafts,2,Oval,1,2,0,14.55,321.0,617.31,316.0,-44.0,389.3118,15.0,15.0,Super Ideal,D,VS1,0.52,IGI,770.0
1188,Rosella,2,Oval,2,2,0,17.16,316.0,607.69,311.0,-46.0,393.5115,15.0,15.0,Super Ideal,D,VS1,0.52,IGI,770.0
1188,Vega Diamonds,2,Oval,2,1,0,18.86,305.95,588.37,301.0,-49.0,401.4337,15.0,15.0,Super Ideal,D,VS1,0.52,IGI,770.0
1190,Michelle Kennedy,2,Round,1,1,0,12.14,712.0,691.26,701.0,-55.0,1132.1688,18.0,18.0,Super Ideal,I,VVS2,1.03,IGI,1820.0
1190,White Lily,2,Round,1,1,0,22.47,1224.78,1189.11,1206.0,-27.0,1198.2605,18.0,18.0,Super Ideal,I,VVS2,1.03,IGI,1820.0
1193,Cirrus Gems,2,Round,1,1,0,16.51,802.04,668.37,790.0,-60.0,1438.7657,18.0,18.0,Super Ideal,H,VS1,1.2,IGI,2457.33
1193,Jane Brear,2,Round,1,1,0,14.65,824.0,686.67,812.0,-58.0,1400.207,18.0,18.0,Super Ideal,H,VS1,1.2,IGI,2457.33
1202,Avignon Diamonds,2,Round,1,1,0,10.53,1405.0,924.34,1384.0,-59.0,2439.5811,18.0,18.0,Ideal,E,VS1,1.52,IGI,5040.0
1202,CV Diamonds,2,Round,1,1,0,12.66,1390.0,914.47,1369.0,-58.0,2395.4409,18.0,18.0,Ideal,E,VS1,1.52,IGI,5040.0
1202,Camden Gems,2,Round,1,1,0,13.82,1400.0,921.05,1379.0,-59.0,2472.8428,18.0,18.0,Ideal,E,VS1,1.52,IGI,5040.0
1202,Clermont Diamonds,2,Round,1,1,0,12.6,1402.0,922.37,1381.0,-58.0,2398.6174,18.0,18.0,Ideal,E,VS1,1.52,IGI,5040.0
1202,Eternity Fine Jewelers,2,Round,1,1,0,15.23,1395.0,917.76,1374.0,-58.0,2391.8035,18.0,18.0,Ideal,E,VS1,1.52,IGI,5040.0
1202,Fabiola,2,Round,1,1,0,13.41,1389.0,913.82,1368.0,-59.0,2399.3416,18.0,18.0,Ideal,E,VS1,1.52,IGI,5040.0
1202,Fiona Clément,2,Round,1,1,0,13.84,1383.0,909.87,1362.0,-59.0,2401.4326,18.0,18.0,Ideal,E,VS1,1.52,IGI,5040.0
1202,Gemstone Harmony,2,Round,1,1,0,13.38,1389.0,913.82,1368.0,-60.0,2499.0732,18.0,18.0,Ideal,E,VS1,1.52,IGI,5040.0
1202,Hazel Diamonds,2,Round,1,1,0,10.88,1368.0,900.0,1347.0,-59.0,2392.1531,18.0,18.0,Ideal,E,VS1,1.52,IGI,5040.0
1202,Jane Brear,2,Round,1,1,0,16.5,1375.0,904.61,1354.0,-59.0,2415.8203,18.0,18.0,Ideal,E,VS1,1.52,IGI,5040.0
1202,Komorebi Diamonds,2,Round,1,1,0,10.56,1383.0,909.87,1362.0,-59.0,2411.2385,18.0,18.0,Ideal,E,VS1,1.52,IGI,5040.0
1202,Marlowe & Co,2,Round,1,1,0,15.19,1402.0,922.37,1381.0,-59.0,2441.8694,18.0,18.0,Ideal,E,VS1,1.52,IGI,5040.0
1202,Mei & Co,2,Round,1,1,0,16.75,1383.0,909.87,1362.0,-59.0,2413.1511,18.0,18.0,Ideal,E,VS1,1.52,IGI,5040.0
1202,Michelle Kennedy,2,Round,1,1,0,14.97,1411.0,928.29,1390.0,-58.0,2398.728,18.0,18.0,Ideal,E,VS1,1.52,IGI,5040.0
1202,Periwinkle Stones,2,Round,1,1,0,10.15,1420.0,934.21,1399.0,-58.0,2449.0149,18.0,18.0,Ideal,E,VS1,1.52,IGI,5040.0
1202,Riviera Jewels,2,Round,1,1,0,14.14,1388.0,913.16,1367.0,-59.0,2427.0349,18.0,18.0,Ideal,E,VS1,1.52,IGI,5040.0
1202,Silva Diamonds,2,Round,1,1,0,12.04,1383.0,909.87,1362.0,-59.0,2427.5137,18.0,18.0,Ideal,E,VS1,1.52,IGI,5040.0
1202,Starlight Crafts,2,Round,1,1,0,14.79,1400.0,921.05,1379.0,-59.0,2471.887,18.0,18.0,Ideal,E,VS1,1.52,IGI,5040.0
1202,Stellar Radiance,2,Round,1,1,0,11.32,1386.0,911.84,1365.0,-59.0,2409.3455,18.0,18.0,Ideal,E,VS1,1.52,IGI,5040.0
1202,Taiga Gems,2,Round,1,1,0,10.32,1420.0,934.21,1399.0,-57.0,2367.2727,18.0,18.0,Ideal,E,VS1,1.52,IGI,5040.0
1202,Tamara,2,Round,1,1,0,14.42,1410.0,927.63,1389.0,-59.0,2445.8391,18.0,18.0,Ideal,E,VS1,1.52,IGI,5040.0
1202,Temperley,2,Round,1,1,0,14.31,1408.0,926.32,1387.0,-58.0,2413.4055,18.0,18.0,Ideal,E,VS1,1.52,IGI,5040.0
1202,Thalassa Gems,2,Round,1,1,0,14.79,1387.0,912.5,1366.0,-59.0,2418.4778,18.0,18.0,Ideal,E,VS1,1.52,IGI,5040.0
1202,Vega Diamonds,2,Round,1,1,0,15.04,1347.0,886.18,1327.0,-61.0,2448.0186,18.0,18.0,Ideal,E,VS1,1.52,IGI,5040.0
1202,Verve Jewels,2,Round,1,1,0,93.79,1371.0,901.97,1350.0,-59.0,2395.7314,18.0,18.0,Ideal,E,VS1,1.52,IGI,5040.0
1202,White Lily,2,Round,1,1,0,10.94,1413.0,929.61,1392.0,-58.0,2395.4561,18.0,18.0,Ideal,E,VS1,1.52,IGI,5040.0
1208,Mei & Co,2,Round,1,1,0,16.12,990.0,860.87,975.0,-53.0,1507.0438,18.0,18.0,Super Ideal,G,VVS1,1.15,IGI,3040.0
1208,Temperley,2,Round,1,1,0,18.82,983.49,855.21,969.0,-53.0,1510.028,18.0,18.0,Super Ideal,G,VVS1,1.15,IGI,3040.0
1210,Eternal Flame,2,Oval,2,2,0,12.81,399.0,570.0,393.0,-65.0,770.7773,14.0,15.0,Very Good,D,VVS2,0.7,IGI,1380.0
1210,Hoseki,2,Oval,1,2,0,12.73,395.02,564.31,389.0,-61.0,681.7336,15.0,15.0,Very Good,D,VVS2,0.7,IGI,1380.0
1210,Meridian Crafts,2,Oval,1,2,0,14.82,387.0,552.86,381.0,-59.0,631.3033,14.0,15.0,Very Good,D,VVS2,0.7,IGI,1380.0
1210,Michelle Kennedy,2,Oval,1,1,0,15.01,423.0,604.29,417.0,-58.0,678.9854,15.0,15.0,Very Good,D,VVS2,0.7,IGI,1380.0
1212,Avignon Diamonds,2,Round,1,1,0,12.42,348.0,656.6,343.0,-59.0,607.9474,18.0,18.0,Super Ideal,D,VVS2,0.53,IGI,945.0
1212,Bonsai Gems,2,Round,1,1,0,21.93,369.0,696.23,363.0,-57.0,607.9082,18.0,18.0,Super Ideal,D,VVS2,0.53,IGI,945.0
1212,Diamonds by Zoya,2,Round,1,1,0,85.43,348.0,656.6,343.0,-59.0,614.0133,18.0,18.0,Super Ideal,D,VVS2,0.53,IGI,945.0
1212,Equinox Jewels,2,Round,2,1,0,11.84,329.0,620.75,324.0,-61.0,610.9117,18.0,18.0,Super Ideal,D,VVS2,0.53,IGI,945.0
1212,Felicity Diamonds,2,Round,1,1,0,12.93,334.0,630.19,329.0,-60.0,601.8885,18.0,18.0,Super Ideal,D,VVS2,0.53,IGI,945.0
1212,Harper Diamonds,2,Round,1,1,0,13.49,349.0,658.49,344.0,-59.0,609.8584,18.0,18.0,Super Ideal,D,VVS2,0.53,IGI,945.0
1212,Hazel Diamonds,2,Round,1,1,0,10.47,345.0,650.94,340.0,-59.0,603.8652,18.0,18.0,Super Ideal,D,VVS2,0.53,IGI,945.0
1212,Hoseki,2,Round,1,1,0,22.4,348.0,656.6,343.0,-59.0,610.9117,18.0,18.0,Super Ideal,D,VVS2,0.53,IGI,945.0
1212,Infinity Diamonds,2,Round,1,1,0,11.75,335.0,632.08,330.0,-61.0,607.874,18.0,18.0,Super Ideal,D,VVS2,0.53,IGI,945.0
1212,Iris Diamonds,2,Round,1,1,0,86.47,332.0,626.42,327.0,-61.0,610.9117,18.0,18.0,Super Ideal,D,VVS2,0.53,IGI,945.0
1212,Jane Brear,2,Round,1,1,0,14.59,356.0,671.7,351.0,-58.0,601.4108,18.0,18.0,Super Ideal,D,VVS2,0.53,IGI,945.0
1212,Marlowe & Co,2,Round,1,1,0,13.22,337.0,635.85,332.0,-60.0,596.441,18.0,18.0,Super Ideal,D,VVS2,0.53,IGI,945.0
1212,Meridian Crafts,2,Round,1,1,0,13.72,332.0,626.42,327.0,-59.0,585.9049,18.0,18.0,Super Ideal,D,VVS2,0.53,IGI,945.0
1212,Meridian Gems,2,Round,1,1,0,20.84,330.0,622.64,325.0,-62.0,624.4318,18.0,18.0,Super Ideal,D,VVS2,0.53,IGI,945.0
1212,Michelle Kennedy,2,Round,1,1,0,11.24,357.0,673.58,352.0,-57.0,591.6226,18.0,18.0,Super Ideal,D,VVS2,0.53,IGI,945.0
1212,Nova Stars,2,Round,1,1,0,23.09,331.0,624.53,326.0,-61.0,602.1288,18.0,18.0,Super Ideal,D,VVS2,0.53,IGI,945.0
1212,Promenade Jewelry,2,Round,1,1,0,24.02,332.0,626.42,327.0,-62.0,630.522,18.0,18.0,Super Ideal,D,VVS2,0.53,IGI,945.0
1212,Rosella,2,Round,1,2,0,16.39,319.0,601.89,314.0,-63.0,616.9969,18.0,18.0,Super Ideal,D,VVS2,0.53,IGI,945.0
1212,Stellar Radiance,2,Round,1,1,0,14.02,332.0,626.42,327.0,-61.0,612.7923,18.0,18.0,Super Ideal,D,VVS2,0.53,IGI,945.0
1212,Temperley,2,Round,1,1,0,12.25,357.0,673.58,352.0,-58.0,614.9072,18.0,18.0,Super Ideal,D,VVS2,0.53,IGI,945.0
1212,Thalassa Gems,2,Round,2,2,0,16.56,364.17,687.11,359.0,-54.0,572.3304,18.0,18.0,Super Ideal,D,VVS2,0.53,IGI,945.0
1212,Tilia Diamonds,2,Round,1,1,0,15.0,365.16,688.98,360.0,-58.0,616.1334,18.0,18.0,Super Ideal,D,VVS2,0.53,IGI,945.0
1212,White Lily,2,Round,1,1,0,24.99,359.0,677.36,354.0,-58.0,605.2807,18.0,18.0,Super Ideal,D,VVS2,0.53,IGI,945.0
1213,Eterna Luxe,2,Princess,1,1,0,13.76,2397.0,1331.67,2361.0,-62.0,3980.146,15.0,15.0,Super Ideal,F,VVS2,1.8,IGI,6100.0
1213,Eternity Fine Jewelers,2,Princess,1,1,0,14.06,2388.0,1326.67,2352.0,-61.0,3919.6194,15.0,15.0,Super Ideal,F,VVS2,1.8,IGI,6100.0
1213,Jane Brear,2,Princess,2,1,0,11.12,2407.9,1337.72,2372.0,-61.0,3886.6982,15.0,15.0,Super Ideal,F,VVS2,1.8,IGI,6100.0
1213,Michelle Kennedy,2,Princess,1,1,0,14.3,2434.0,1352.22,2397.0,-61.0,3990.0774,15.0,15.0,Super Ideal,F,VVS2,1.8,IGI,6100.0
1213,Pegasus Diamonds,2,Princess,1,1,0,10.55,2823.0,1568.33,2781.0,-55.0,3990.4622,15.0,15.0,Super Ideal,F,VVS2,1.8,IGI,6100.0
1213,Periwinkle Stones,2,Princess,1,1,0,14.08,2415.0,1341.67,2379.0,-61.0,3895.3281,15.0,15.0,Super Ideal,F,VVS2,1.8,IGI,6100.0
1213,Sunset Gems,2,Princess,1,1,0,15.87,2368.0,1315.56,2332.0,-62.0,3955.6006,15.0,15.0,Super Ideal,F,VVS2,1.8,IGI,6100.0
1220,Vega Diamonds,2,Oval,2,1,0,15.14,342.63,590.74,337.0,-33.0,343.8658,15.0,15.0,Super Ideal,F,VS2,0.58,IGI,640.0
1222,Cirrus Gems,2,Round,1,1,0,94.4,1970.0,933.65,1940.0,-59.0,3406.7373,18.0,18.0,Super Ideal,H,VVS2,2.11,IGI,7290.0
1222,Clermont Diamonds,2,Round,1,1,0,17.11,2017.0,955.92,1987.0,-56.0,3313.5916,18.0,18.0,Super Ideal,H,VVS2,2.11,IGI,7290.0
1222,Michelle Kennedy,2,Round,1,1,0,12.08,2054.0,973.46,2023.0,-57.0,3413.0681,18.0,18.0,Super Ideal,H,VVS2,2.11,IGI,7290.0
1222,Taiga Gems,2,Round,1,1,0,16.75,2029.0,961.61,1999.0,-57.0,3389.166,18.0,18.0,Super Ideal,H,VVS2,2.11,IGI,7290.0
1222,Temperley,2,Round,1,1,0,11.4,2054.0,973.46,2023.0,-56.0,3334.5959,18.0,18.0,Super Ideal,H,VVS2,2.11,IGI,7290.0
1225,Albert's Creations,2,Pear,1,1,0,13.83,2300.0,1079.81,2266.0,-62.0,3883.571,15.0,15.0,Super Ideal,F,VS2,2.13,IGI,7430.0
1225,Michelle Kennedy,2,Pear,1,1,0,20.36,2320.34,1089.36,2286.0,-60.0,3795.3264,15.0,15.0,Super Ideal,F,VS2,2.13,IGI,7430.0
1225,Tamara,2,Pear,1,1,0,10.34,2342.0,1099.53,2307.0,-61.0,3860.4163,15.0,15.0,Super Ideal,F,VS2,2.13,IGI,7430.0
1225,Temperley,2,Pear,1,1,0,18.67,2320.34,1089.36,2286.0,-61.0,3854.4192,15.0,15.0,Super Ideal,F,VS2,2.13,IGI,7430.0
1228,Michelle Kennedy,2,Round,1,1,0,15.83,1533.0,766.5,1510.0,-50.0,2204.3083,18.0,18.0,Super Ideal,I,VS2,2.0,IGI,4760.0
1231,Ember Star,2,Round,1,1,0,18.25,1483.0,1123.48,1461.0,-60.0,2682.5305,18.0,18.0,Ideal,E,VVS1,1.32,IGI,5770.0
1231,Jane Brear,2,Round,1,1,0,14.89,1499.0,1135.61,1477.0,-60.0,2715.1672,18.0,18.0,Ideal,E,VVS1,1.32,IGI,5770.0
1231,Joan Cooper,2,Round,1,1,0,13.53,1484.54,1124.65,1462.0,-61.0,2732.0376,18.0,18.0,Ideal,E,VVS1,1.32,IGI,5770.0
1231,Marlowe & Co,2,Round,1,1,0,15.38,1514.39,1147.27,1492.0,-60.0,2682.9065,18.0,18.0,Ideal,E,VVS1,1.32,IGI,5770.0
1231,Michelle Kennedy,2,Round,1,1,0,15.25,1563.14,1184.2,1540.0,-59.0,2707.6165,18.0,18.0,Ideal,E,VVS1,1.32,IGI,5770.0
1231,Riviera Jewels,2,Round,1,1,0,10.97,1483.0,1123.48,1461.0,-61.0,2694.2747,18.0,18.0,Ideal,E,VVS1,1.32,IGI,5770.0
1231,Simetría,2,Round,1,1,0,17.2,1438.0,1089.39,1416.0,-62.0,2718.5024,17.0,18.0,Ideal,E,VVS1,1.32,IGI,5770.0
1231,Starlight Crafts,2,Round,1,1,0,11.39,1500.0,1136.36,1478.0,-60.0,2706.9109,18.0,18.0,Ideal,E,VVS1,1.32,IGI,5770.0
1231,Temperley,2,Round,1,1,0,18.3,1494.0,1131.82,1472.0,-60.0,2681.6006,18.0,18.0,Ideal,E,VVS1,1.32,IGI,5770.0
1231,Voyage Diamonds,2,Round,1,1,0,17.99,1609.87,1219.6,1586.0,-57.0,2656.2183,18.0,18.0,Ideal,E,VVS1,1.32,IGI,5770.0
1231,White Lily,2,Round,1,1,0,13.67,1499.0,1135.61,1477.0,-61.0,2738.1919,18.0,18.0,Ideal,E,VVS1,1.32,IGI,5770.0
1234,Diamonds by Zoya,2,Emerald,2,2,0,83.21,320.0,542.37,315.0,-41.0,348.1518,15.0,15.0,Super Ideal,E,VS1,0.59,IGI,750.0
1234,Meadow & Co,2,Emerald,1,1,0,10.26,341.0,577.97,336.0,-44.0,393.8407,15.0,15.0,Super Ideal,E,VS1,0.59,IGI,750.0
1236,Taiga Gems,2,Oval,1,1,0,18.18,2701.0,1164.22,2660.0,-51.0,3692.7825,15.0,15.0,Super Ideal,F,SI1,2.32,IGI,7110.0
1236,White Lily,2,Oval,1,1,0,17.69,2771.0,1194.4,2729.0,-51.0,3793.2629,15.0,15.0,Super Ideal,F,SI1,2.32,IGI,7110.0
1240,Albert's Creations,2,Round,1,1,0,19.62,599.98,652.15,591.0,-58.0,1016.72,18.0,18.0,Ideal,D,SI1,0.92,IGI,1690.0
1240,Roma Diamonds,2,Round,1,1,0,14.19,601.0,653.26,592.0,-59.0,1058.4412,18.0,18.0,Ideal,D,SI1,0.92,IGI,1690.0
1240,White Lily,2,Round,1,1,0,15.25,630.83,685.68,621.0,-56.0,1032.775,18.0,18.0,Ideal,D,SI1,0.92,IGI,1690.0
1241,Diamonds by Zoya,2,Pear,2,2,0,88.83,348.0,490.14,343.0,-53.0,482.7343,14.0,15.0,Very Good,E,VS1,0.71,IGI,1200.0
1241,White Lily,2,Pear,1,1,0,13.38,365.0,514.08,360.0,-54.0,509.5618,15.0,15.0,Very Good,E,VS1,0.71,IGI,1200.0
1244,Michelle Kennedy,2,Round,1,1,0,14.86,305.0,1016.67,300.0,-41.0,370.2744,18.0,18.0,Super Ideal,G,VVS2,0.3,IGI,340.0
1246,Cirrus Gems,2,Round,1,1,0,20.53,1585.74,911.34,1562.0,-55.0,2500.1035,18.0,18.0,Ideal,H,VVS2,1.74,IGI,4570.0
1246,Jane Brear,2,Round,1,1,0,18.94,1610.9,925.8,1587.0,-55.0,2559.6152,18.0,18.0,Ideal,H,VVS2,1.74,IGI,4570.0
1246,Taiga Gems,2,Round,1,1,0,17.54,1589.02,913.23,1565.0,-54.0,2496.8933,18.0,18.0,Ideal,H,VVS2,1.74,IGI,4570.0
1246,Temperley,2,Round,1,1,0,19.07,1628.82,936.1,1604.0,-54.0,2541.6289,18.0,18.0,Ideal,H,VVS2,1.74,IGI,4570.0
1246,White Lily,2,Round,1,1,0,14.19,1630.0,936.78,1606.0,-54.0,2550.5132,18.0,18.0,Ideal,H,VVS2,1.74,IGI,4570.0
1248,Cirrus Gems,2,Round,1,1,0,17.07,1194.86,780.95,1177.0,-63.0,2299.7668,18.0,18.0,Super Ideal,I,VVS2,1.53,IGI,3141.67
1255,Temperley,2,Round,1,1,0,13.39,423.0,587.5,417.0,-32.0,444.547,18.0,18.0,Super Ideal,H,VS2,0.72,IGI,870.0
1258,Avignon Diamonds,2,Round,1,1,0,26.11,332.01,495.54,327.0,-60.0,592.1729,18.0,18.0,Ideal,E,VVS2,0.67,IGI,1050.0
1258,Hill & Holland,2,Round,1,1,0,24.71,316.0,471.64,311.0,-62.0,588.3391,18.0,18.0,Ideal,E,VVS2,0.67,IGI,1050.0
1258,Hoseki,2,Round,1,1,0,27.25,323.0,482.09,318.0,-60.0,575.9937,18.0,18.0,Ideal,E,VVS2,0.67,IGI,1050.0
1258,Jane Brear,2,Round,1,1,0,10.35,331.0,494.03,326.0,-60.0,593.8585,18.0,18.0,Ideal,E,VVS2,0.67,IGI,1050.0
1258,Lotus Creation,2,Round,1,1,0,24.03,322.36,481.13,318.0,-57.0,532.9772,18.0,18.0,Ideal,E,VVS2,0.67,IGI,1050.0
1258,Mei & Co,2,Round,1,1,0,25.81,321.38,479.67,317.0,-61.0,596.6292,18.0,18.0,Ideal,E,VVS2,0.67,IGI,1050.0
1258,Michelle Kennedy,2,Round,1,1,0,25.48,335.0,500.0,330.0,-60.0,595.273,18.0,18.0,Ideal,E,VVS2,0.67,IGI,1050.0
1258,Nova Stars,2,Round,1,1,0,22.21,305.46,455.91,301.0,-63.0,594.3536,18.0,18.0,Ideal,E,VVS2,0.67,IGI,1050.0
1258,Promenade Jewelry,2,Round,1,1,0,25.77,314.64,469.61,310.0,-62.0,591.9042,18.0,18.0,Ideal,E,VVS2,0.67,IGI,1050.0
1258,Sonata Gems,2,Round,1,1,0,25.63,328.35,490.07,323.0,-59.0,570.2067,18.0,18.0,Ideal,E,VVS2,0.67,IGI,1050.0
1258,Temperley,2,Round,1,1,0,12.02,331.0,494.03,326.0,-60.0,592.8514,18.0,18.0,Ideal,E,VVS2,0.67,IGI,1050.0
1260,Taiga Gems,2,Oval,1,1,0,13.73,2619.0,1296.53,2580.0,-61.0,4521.519,15.0,15.0,Good,D,VS2,2.02,IGI,7830.0
1262,CV Diamonds,2,Round,1,1,0,18.18,842.0,679.03,829.0,-62.0,1588.1646,18.0,18.0,Ideal,E,VS2,1.24,IGI,2880.0
1262,Equinox Jewels,2,Round,1,1,0,13.69,821.0,662.1,809.0,-64.0,1620.9735,18.0,18.0,Ideal,E,VS2,1.24,IGI,2880.0
1262,Michelle Kennedy,2,Round,1,1,0,20.38,861.67,694.9,849.0,-61.0,1586.0214,18.0,18.0,Ideal,E,VS2,1.24,IGI,2880.0
1262,Riviera Jewels,2,Round,1,1,0,11.87,827.0,666.94,815.0,-63.0,1618.8098,18.0,18.0,Ideal,E,VS2,1.24,IGI,2880.0
1262,Roma Diamonds,2,Round,1,1,0,14.69,824.0,664.52,812.0,-64.0,1620.5057,18.0,18.0,Ideal,E,VS2,1.24,IGI,2880.0
1262,Starlight Crafts,2,Round,1,1,0,13.96,821.0,662.1,809.0,-63.0,1610.2825,18.0,18.0,Ideal,E,VS2,1.24,IGI,2880.0
1262,Starlit Stones,2,Round,1,1,0,57.61,869.0,700.81,856.0,-61.0,1605.0162,18.0,18.0,Ideal,E,VS2,1.24,IGI,2880.0
1262,Taiga Gems,2,Round,1,1,0,14.81,813.0,655.65,801.0,-64.0,1596.6676,18.0,18.0,Ideal,E,VS2,1.24,IGI,2880.0
1262,Tamara,2,Round,1,1,0,10.94,839.0,676.61,826.0,-63.0,1604.5518,18.0,18.0,Ideal,E,VS2,1.24,IGI,2880.0
1262,Temperley,2,Round,1,1,0,18.84,829.0,668.55,817.0,-63.0,1583.863,18.0,18.0,Ideal,E,VS2,1.24,IGI,2880.0
1262,Thalassa Gems,2,Round,1,1,0,19.99,820.0,661.29,808.0,-64.0,1611.321,18.0,18.0,Ideal,E,VS2,1.24,IGI,2880.0
1262,White Lily,2,Round,1,1,0,23.85,820.0,661.29,808.0,-63.0,1604.6633,18.0,18.0,Ideal,E,VS2,1.24,IGI,2880.0
1265,Jane Brear,2,Round,1,1,0,13.86,389.04,555.77,383.0,-44.0,493.4686,18.0,18.0,Ideal,D,SI2,0.7,IGI,920.0
1265,Temperley,2,Round,1,1,0,14.29,472.62,675.17,466.0,-28.0,467.5338,18.0,18.0,Ideal,D,SI2,0.7,IGI,920.0
1265,White Lily,2,Round,1,1,0,11.12,472.62,675.17,466.0,-30.0,480.2128,18.0,18.0,Ideal,D,SI2,0.7,IGI,920.0
1268,Bayside Gems,2,Oval,1,1,0,18.78,816.0,722.12,804.0,-61.0,1405.7397,15.0,15.0,Super Ideal,F,VS2,1.13,IGI,2230.0
1268,Emilia Sterling,2,Oval,1,1,0,22.53,831.96,736.25,819.0,-59.0,1368.9279,15.0,15.0,Super Ideal,F,VS2,1.13,IGI,2230.0
1268,Periwinkle Stones,2,Oval,1,1,0,17.49,877.59,776.63,864.0,-56.0,1334.2864,15.0,15.0,Super Ideal,F,VS2,1.13,IGI,2230.0
1268,Rosella,2,Oval,1,1,0,20.97,818.45,724.29,806.0,-61.0,1420.3251,15.0,15.0,Super Ideal,F,VS2,1.13,IGI,2230.0
1268,Temperley,2,Oval,1,1,0,14.05,872.0,771.68,859.0,-56.0,1335.9976,15.0,15.0,Super Ideal,F,VS2,1.13,IGI,2230.0
1270,Jane Brear,2,Round,1,1,0,10.53,780.0,678.26,768.0,-55.0,1238.7693,18.0,18.0,Super Ideal,H,VVS2,1.15,IGI,2340.0
1270,Sunset Gems,2,Round,1,1,0,19.22,733.0,637.39,722.0,-57.0,1225.6393,18.0,18.0,Super Ideal,H,VVS2,1.15,IGI,2340.0
1270,Temperley,2,Round,1,1,0,16.28,787.04,684.38,775.0,-53.0,1193.1753,18.0,18.0,Super Ideal,H,VVS2,1.15,IGI,2340.0
1270,White Lily,2,Round,1,1,0,23.34,750.0,652.17,739.0,-57.0,1235.5564,18.0,18.0,Super Ideal,H,VVS2,1.15,IGI,2340.0
1276,Temperley,2,Round,1,1,0,11.26,329.0,967.65,324.0,-43.0,409.803,18.0,18.0,Ideal,D,VVS1,0.34,IGI,500.0
1277,Roma Diamonds,2,Round,1,1,0,39.38,1020.0,836.07,1005.0,-52.0,1512.9503,18.0,18.0,Ideal,E,SI1,1.22,IGI,2430.0
1277,Taiga Gems,2,Round,1,1,0,14.87,775.0,635.25,763.0,-61.0,1440.2382,18.0,18.0,Ideal,E,SI1,1.22,IGI,2430.0
1281,BonDiam,2,Round,1,1,0,22.95,335.0,492.65,330.0,-51.0,486.3501,18.0,18.0,Super Ideal,D,VS2,0.68,IGI,1000.0
1281,Hoseki,2,Round,2,1,0,24.49,331.0,486.76,326.0,-53.0,499.9075,18.0,18.0,Super Ideal,D,VS2,0.68,IGI,1000.0
1281,Mei & Co,2,Round,1,1,0,24.97,314.0,461.76,309.0,-53.0,476.964,18.0,18.0,Super Ideal,D,VS2,0.68,IGI,1000.0
1281,Michelle Kennedy,2,Round,1,1,0,21.81,395.02,580.91,389.0,-43.0,499.9902,18.0,18.0,Super Ideal,D,VS2,0.68,IGI,1000.0
1281,Promenade Jewelry,2,Round,1,1,0,31.37,306.0,450.0,301.0,-55.0,490.7694,18.0,18.0,Super Ideal,D,VS2,0.68,IGI,1000.0
1281,Vega Diamonds,2,Round,1,1,0,27.37,305.0,448.53,300.0,-56.0,500.85,18.0,18.0,Super Ideal,D,VS2,0.68,IGI,1000.0
1281,Westminster Diamonds,2,Round,1,1,0,22.67,333.0,489.71,328.0,-50.0,476.1807,18.0,18.0,Super Ideal,D,VS2,0.68,IGI,1000.0
1281,White Lily,2,Round,1,1,0,23.88,334.0,491.18,329.0,-49.0,466.4699,18.0,18.0,Super Ideal,D,VS2,0.68,IGI,1000.0
1284,Periwinkle Stones,2,Round,1,1,0,20.32,1613.0,753.74,1589.0,-53.0,2447.0247,18.0,18.0,Super Ideal,H,SI1,2.14,IGI,6020.0
1288,Clermont Diamonds,2,Round,1,1,0,14.34,1160.0,773.33,1143.0,-53.0,1764.9286,18.0,18.0,Ideal,F,SI1,1.5,IGI,3441.67
1288,Fabiola,2,Round,1,1,0,14.15,1167.14,778.09,1150.0,-53.0,1792.1439,18.0,18.0,Ideal,F,SI1,1.5,IGI,3441.67
1288,Serene Peaks Diamonds,2,Round,1,1,0,15.49,1171.12,780.75,1154.0,-54.0,1806.5828,18.0,18.0,Ideal,F,SI1,1.5,IGI,3441.67
1288,Temperley,2,Round,1,1,0,11.81,1174.0,782.67,1156.0,-55.0,1862.0156,17.0,18.0,Ideal,F,SI1,1.5,IGI,3441.67
1288,Thalassa Gems,2,Round,1,1,0,12.37,1148.0,765.33,1131.0,-53.0,1735.9592,18.0,18.0,Ideal,F,SI1,1.5,IGI,3441.67
1288,White Lily,2,Round,1,1,0,16.26,1203.0,802.0,1185.0,-51.0,1769.0322,18.0,18.0,Ideal,F,SI1,1.5,IGI,3441.67
1291,Oasis Diamonds,2,Marquise,1,1,0,11.21,940.0,770.49,926.0,-64.0,1645.373,15.0,15.0,Super Ideal,G,VS2,1.22,IGI,2400.0
1297,Temperley,2,Round,2,2,0,12.59,306.0,612.0,301.0,-62.0,571.4348,16.0,18.0,Good,E,VVS2,0.5,IGI,700.0
1299,Emilia Sterling,2,Cushion,1,1,0,20.45,1311.64,868.64,1292.0,-64.0,2310.9724,15.0,15.0,Super Ideal,E,SI1,1.51,IGI,3470.0
1299,Eternity Fine Jewelers,2,Cushion,1,1,0,17.73,1313.4,869.8,1294.0,-62.0,2208.1248,15.0,15.0,Super Ideal,E,SI1,1.51,IGI,3470.0
1299,Fabiola,2,Cushion,1,1,0,24.77,1303.0,862.91,1283.0,-64.0,2278.1282,15.0,15.0,Super Ideal,E,SI1,1.51,IGI,3470.0
1299,Fuji Diamonds,2,Cushion,1,2,0,20.99,1316.0,871.52,1296.0,-64.0,2286.9941,15.0,15.0,Super Ideal,E,SI1,1.51,IGI,3470.0
1299,Michelle Kennedy,2,Cushion,1,1,0,19.67,1301.0,861.59,1281.0,-64.0,2276.0642,15.0,15.0,Super Ideal,E,SI1,1.51,IGI,3470.0
1299,Riviera Jewels,2,Cushion,1,1,0,17.55,1341.0,888.08,1321.0,-62.0,2253.4207,15.0,15.0,Super Ideal,E,SI1,1.51,IGI,3470.0
1299,Taiga Gems,2,Cushion,1,1,0,20.59,1308.0,866.23,1288.0,-61.0,2124.0215,15.0,15.0,Super Ideal,E,SI1,1.51,IGI,3470.0
1299,Temperley,2,Cushion,1,1,0,22.15,1369.55,906.99,1349.0,-62.0,2283.4685,15.0,15.0,Super Ideal,E,SI1,1.51,IGI,3470.0
1299,Vega Diamonds,2,Cushion,1,1,0,20.74,1289.0,853.64,1270.0,-65.0,2297.7563,15.0,15.0,Super Ideal,E,SI1,1.51,IGI,3470.0
1299,White Lily,2,Cushion,1,1,0,16.67,1362.16,902.09,1342.0,-60.0,2136.6367,15.0,15.0,Super Ideal,E,SI1,1.51,IGI,3470.0
1301,Taiga Gems,2,Round,1,1,0,12.72,2614.0,954.01,2575.0,-53.0,3981.8276,18.0,18.0,Super Ideal,I,VS1,2.74,IGI,9240.0
1305,Ember Star,2,Princess,1,1,0,13.5,1365.0,975.0,1345.0,-57.0,2015.1343,15.0,15.0,Super Ideal,G,VVS2,1.4,IGI,3300.0
1305,Jane Brear,2,Princess,1,1,0,15.08,1547.0,1105.0,1524.0,-51.0,1990.6564,15.0,15.0,Super Ideal,G,VVS2,1.4,IGI,3300.0
1305,Mei & Co,2,Princess,1,1,0,17.23,1388.02,991.44,1367.0,-57.0,2045.8428,15.0,15.0,Super Ideal,G,VVS2,1.4,IGI,3300.0
1305,Thalassa Gems,2,Princess,1,1,0,17.97,1380.0,985.71,1359.0,-55.0,1950.1515,15.0,15.0,Super Ideal,G,VVS2,1.4,IGI,3300.0
1305,Vega Diamonds,2,Princess,1,1,0,18.51,1370.51,978.94,1350.0,-57.0,2029.5763,15.0,15.0,Super Ideal,G,VVS2,1.4,IGI,3300.0
1305,White Lily,2,Princess,1,1,0,19.12,1491.5,1065.36,1469.0,-53.0,2036.7223,15.0,15.0,Super Ideal,G,VVS2,1.4,IGI,3300.0
1309,Temperley,2,Round,2,2,0,19.52,633.0,633.0,624.0,-54.0,984.6192,14.0,18.0,Very Good,I,VS1,1.0,IGI,1622.0
1310,Albert's Creations,2,Round,1,1,0,13.8,627.0,696.67,618.0,-61.0,1138.2583,18.0,18.0,Super Ideal,D,VS2,0.9,IGI,1890.0
1310,Eternity Fine Jewelers,2,Round,1,1,0,14.66,641.78,713.09,632.0,-59.0,1111.3922,18.0,18.0,Super Ideal,D,VS2,0.9,IGI,1890.0
1310,Iris Diamonds,2,Round,1,1,0,14.7,629.84,699.82,620.0,-58.0,1083.5377,18.0,18.0,Super Ideal,D,VS2,0.9,IGI,1890.0
1310,Jane Brear,2,Round,1,1,0,17.02,669.0,743.33,659.0,-55.0,1068.636,18.0,18.0,Super Ideal,D,VS2,0.9,IGI,1890.0
1310,Michelle Kennedy,2,Round,1,1,0,13.62,691.52,768.36,681.0,-54.0,1087.4862,18.0,18.0,Super Ideal,D,VS2,0.9,IGI,1890.0
1310,Nebula Stones,2,Round,1,1,0,14.59,652.72,725.24,643.0,-58.0,1116.4825,18.0,18.0,Super Ideal,D,VS2,0.9,IGI,1890.0
1310,Promenade Jewelry,2,Round,1,1,0,11.38,674.61,749.57,664.0,-56.0,1098.4175,18.0,18.0,Super Ideal,D,VS2,0.9,IGI,1890.0
1310,Roma Diamonds,2,Round,1,1,0,11.22,634.0,704.44,624.0,-59.0,1100.3212,18.0,18.0,Super Ideal,D,VS2,0.9,IGI,1890.0
1310,Temperley,2,Round,1,1,0,15.51,664.66,738.51,655.0,-57.0,1098.3635,18.0,18.0,Super Ideal,D,VS2,0.9,IGI,1890.0
1310,Tilia Diamonds,2,Round,1,1,0,12.39,633.0,703.33,624.0,-58.0,1087.7001,18.0,18.0,Super Ideal,D,VS2,0.9,IGI,1890.0
1310,White Lily,2,Round,1,1,0,16.83,669.0,743.33,659.0,-56.0,1081.0554,18.0,18.0,Super Ideal,D,VS2,0.9,IGI,1890.0
1324,Bayside Gems,2,Round,1,1,0,19.9,4947.0,1649.0,4873.0,-73.0,13343.0059,18.0,18.0,Ideal,D,VS2,3.0,IGI,19800.0
1324,Clermont Diamonds,2,Round,1,1,0,12.92,4773.0,1591.0,4701.0,-73.0,12866.8438,18.0,18.0,Ideal,D,VS2,3.0,IGI,19800.0
1324,Michelle Kennedy,2,Round,1,2,0,12.01,4773.0,1591.0,4701.0,-72.0,12401.8604,18.0,18.0,Ideal,D,VS2,3.0,IGI,19800.0
1324,Periwinkle Stones,2,Round,1,1,0,12.84,4785.0,1595.0,4713.0,-76.0,14276.3135,18.0,18.0,Ideal,D,VS2,3.0,IGI,19800.0
1324,Serenade Diamonds,2,Round,1,1,0,12.16,4773.0,1591.0,4701.0,-70.0,11560.0967,18.0,18.0,Ideal,D,VS2,3.0,IGI,19800.0
1324,Temperley,2,Round,1,1,0,14.45,4718.0,1572.67,4647.0,-80.0,17038.5078,18.0,18.0,Ideal,D,VS2,3.0,IGI,19800.0
1324,Vega Diamonds,2,Round,1,1,0,10.52,4582.0,1527.33,4513.0,-76.0,13950.9756,18.0,18.0,Ideal,D,VS2,3.0,IGI,19800.0
1324,White Lily,2,Round,1,1,0,15.62,4601.2,1533.73,4532.0,-74.0,12917.5459,18.0,18.0,Ideal,D,VS2,3.0,IGI,19800.0
1326,Diamonds by Zoya,2,Pear,2,2,0,16.85,331.34,625.17,326.0,-50.0,426.2905,15.0,15.0,Super Ideal,E,VS1,0.53,IGI,700.0
1326,Jane Brear,2,Pear,1,2,0,17.04,366.0,690.57,361.0,-44.0,426.9073,15.0,15.0,Super Ideal,E,VS1,0.53,IGI,700.0
1326,Temperley,2,Pear,1,2,0,16.13,366.0,690.57,361.0,-44.0,423.4186,15.0,15.0,Super Ideal,E,VS1,0.53,IGI,700.0
1326,Vega Diamonds,2,Pear,2,1,0,14.29,334.0,630.19,329.0,-51.0,442.4092,15.0,15.0,Super Ideal,E,VS1,0.53,IGI,700.0
1326,White Lily,2,Pear,1,1,0,13.43,383.0,722.64,377.0,-39.0,410.4805,15.0,15.0,Super Ideal,E,VS1,0.53,IGI,700.0
1327,Avignon Diamonds,2,Cushion,1,1,0,18.25,4681.44,1550.15,4611.0,-55.0,6599.8779,15.0,15.0,Super Ideal,F,VS1,3.02,IGI,15370.0
1327,Bonsai Gems,2,Cushion,1,1,0,22.83,5092.0,1686.09,5016.0,-55.0,7139.4922,15.0,15.0,Super Ideal,F,VS1,3.02,IGI,15370.0
1327,Century Stones,2,Cushion,1,1,0,10.75,4654.0,1541.06,4584.0,-55.0,6590.9053,15.0,15.0,Super Ideal,F,VS1,3.02,IGI,15370.0
1327,Cornerstone,2,Cushion,1,1,0,14.97,4711.0,1559.93,4640.0,-55.0,6591.8193,15.0,15.0,Super Ideal,F,VS1,3.02,IGI,15370.0
1327,Diamonds by Zoya,2,Cushion,1,1,0,94.72,4821.0,1596.36,4749.0,-54.0,6627.3711,15.0,15.0,Super Ideal,F,VS1,3.02,IGI,15370.0
1327,Genesis Stones,2,Cushion,1,1,0,14.22,4959.0,1642.05,4885.0,-53.0,6591.8193,15.0,15.0,Super Ideal,F,VS1,3.02,IGI,15370.0
1327,Hill & Holland,2,Cushion,1,1,0,24.03,4918.0,1628.48,4844.0,-54.0,6671.769,15.0,15.0,Super Ideal,F,VS1,3.02,IGI,15370.0
1327,Jane Brear,2,Cushion,1,1,0,15.93,4656.0,1541.72,4586.0,-55.0,6538.3335,15.0,15.0,Super Ideal,F,VS1,3.02,IGI,15370.0
1327,Marlowe & Co,2,Cushion,1,1,0,13.92,4840.0,1602.65,4767.0,-54.0,6572.7188,15.0,15.0,Super Ideal,F,VS1,3.02,IGI,15370.0
1327,Mei & Co,2,Cushion,1,1,0,14.08,4841.67,1603.2,4769.0,-57.0,7160.2661,15.0,15.0,Super Ideal,F,VS1,3.02,IGI,15370.0
1327,Michelle Kennedy,2,Cushion,1,1,0,20.0,4900.0,1622.52,4826.0,-53.0,6634.8042,15.0,15.0,Super Ideal,F,VS1,3.02,IGI,15370.0
1327,Periwinkle Stones,2,Cushion,1,1,0,12.36,4827.0,1598.34,4755.0,-54.0,6588.0742,15.0,15.0,Super Ideal,F,VS1,3.02,IGI,15370.0
1327,Serenade Diamonds,2,Cushion,1,1,0,15.16,4641.32,1536.86,4572.0,-55.0,6570.4624,15.0,15.0,Super Ideal,F,VS1,3.02,IGI,15370.0
1327,Temperley,2,Cushion,1,1,0,18.3,4659.47,1542.87,4590.0,-55.0,6462.1333,15.0,15.0,Super Ideal,F,VS1,3.02,IGI,15370.0
1327,Verve Jewels,2,Cushion,1,1,0,10.19,4642.0,1537.09,4572.0,-59.0,7212.3208,15.0,15.0,Super Ideal,F,VS1,3.02,IGI,15370.0
1327,White Lily,2,Cushion,1,1,0,19.47,5345.6,1770.07,5265.0,-49.0,6600.4526,15.0,15.0,Super Ideal,F,VS1,3.02,IGI,15370.0
1336,Jane Brear,2,Emerald,1,1,0,14.89,815.9,792.14,804.0,-63.0,1421.1924,14.0,15.0,Very Good,E,VS2,1.03,IGI,2170.0
1337,Jane Brear,2,Round,1,1,0,22.17,1245.04,793.02,1226.0,-54.0,1950.2178,18.0,18.0,Super Ideal,G,SI1,1.57,IGI,3900.0
1337,Kasai,2,Round,1,1,0,20.74,1184.0,754.14,1166.0,-57.0,1974.209,18.0,18.0,Super Ideal,G,SI1,1.57,IGI,3900.0
1338,Albert's Creations,2,Oval,1,2,0,15.0,348.25,535.77,343.0,-54.0,505.9545,14.0,15.0,Good,E,VVS2,0.65,IGI,870.0
1346,Marlowe & Co,2,Round,1,3,0,13.53,303.0,606.0,298.0,-55.0,486.5677,16.0,18.0,Very Good,E,VS1,0.5,IGI,677.5
1346,Michelle Kennedy,2,Round,2,2,0,11.28,304.0,608.0,299.0,-56.0,499.0677,15.0,18.0,Very Good,E,VS1,0.5,IGI,677.5
1346,Temperley,2,Round,1,1,0,12.14,310.0,620.0,305.0,-55.0,490.7314,17.0,18.0,Very Good,E,VS1,0.5,IGI,677.5
1346,White Lily,2,Round,2,3,0,12.4,337.3,674.6,332.0,-52.0,504.7672,16.0,18.0,Very Good,E,VS1,0.5,IGI,677.5
1347,Oasis Diamonds,2,Pear,1,1,0,14.39,621.0,608.82,612.0,-62.0,1057.8079,14.0,15.0,Very Good,I,VS2,1.02,IGI,1390.0
1349,Cirrus Gems,2,Round,1,1,0,27.22,566.0,608.6,558.0,-57.0,953.1467,18.0,18.0,Super Ideal,I,VS2,0.93,IGI,1420.0
1350,Cirrus Gems,2,Round,1,1,0,19.16,559.0,614.29,551.0,-55.0,890.7621,18.0,18.0,Ideal,J,SI2,0.91,IGI,1338.89
1359,Albert's Creations,2,Round,1,1,0,14.6,1299.0,849.02,1280.0,-59.0,2282.8276,18.0,18.0,Super Ideal,E,VS2,1.53,IGI,4500.0
1359,Ember Star,2,Round,1,1,0,14.5,1307.43,854.53,1288.0,-58.0,2240.9473,18.0,18.0,Super Ideal,E,VS2,1.53,IGI,4500.0
1359,Eternity Fine Jewelers,2,Round,1,1,0,16.24,1295.0,846.41,1276.0,-59.0,2264.9802,18.0,18.0,Super Ideal,E,VS2,1.53,IGI,4500.0
1359,Fiona Clément,2,Round,1,1,0,14.46,1302.46,851.28,1283.0,-60.0,2307.969,18.0,18.0,Super Ideal,E,VS2,1.53,IGI,4500.0
1359,Genesis Stones,2,Round,1,1,0,14.66,1423.0,930.07,1402.0,-55.0,2254.1116,18.0,18.0,Super Ideal,E,VS2,1.53,IGI,4500.0
1359,Jane Brear,2,Round,1,1,0,11.57,1315.0,859.48,1295.0,-58.0,2265.1123,18.0,18.0,Super Ideal,E,VS2,1.53,IGI,4500.0
1359,Marlowe & Co,2,Round,1,1,0,13.45,1312.0,857.52,1292.0,-59.0,2267.7671,18.0,18.0,Super Ideal,E,VS2,1.53,IGI,4500.0
1359,Mei & Co,2,Round,1,1,0,12.68,1285.0,839.87,1266.0,-59.0,2229.7251,18.0,18.0,Super Ideal,E,VS2,1.53,IGI,4500.0
1359,Michelle Kennedy,2,Round,1,1,0,11.04,1341.26,876.64,1321.0,-58.0,2264.8616,18.0,18.0,Super Ideal,E,VS2,1.53,IGI,4500.0
1359,Periwinkle Stones,2,Round,1,1,0,14.24,1322.0,864.05,1302.0,-59.0,2295.6826,18.0,18.0,Super Ideal,E,VS2,1.53,IGI,4500.0
1359,Roma Diamonds,2,Round,1,1,0,36.76,1590.0,1039.22,1566.0,-49.0,2253.4175,18.0,18.0,Super Ideal,E,VS2,1.53,IGI,4500.0
1359,Silva Diamonds,2,Round,1,1,0,13.81,1285.0,839.87,1266.0,-59.0,2263.9963,18.0,18.0,Super Ideal,E,VS2,1.53,IGI,4500.0
1359,Taiga Gems,2,Round,1,1,0,13.92,1286.0,840.52,1267.0,-60.0,2287.5681,18.0,18.0,Super Ideal,E,VS2,1.53,IGI,4500.0
1359,Tamara,2,Round,1,1,0,14.11,1312.0,857.52,1292.0,-58.0,2258.9705,18.0,18.0,Super Ideal,E,VS2,1.53,IGI,4500.0
1359,Temperley,2,Round,1,1,0,93.62,1323.0,864.71,1303.0,-58.0,2253.4763,18.0,18.0,Super Ideal,E,VS2,1.53,IGI,4500.0
1359,Thalassa Gems,2,Round,1,1,0,10.54,1295.0,846.41,1276.0,-59.0,2279.957,18.0,18.0,Super Ideal,E,VS2,1.53,IGI,4500.0
1359,Vega Diamonds,2,Round,1,1,0,13.28,1260.0,823.53,1241.0,-61.0,2306.4512,18.0,18.0,Super Ideal,E,VS2,1.53,IGI,4500.0
1359,White Lily,2,Round,1,1,0,11.7,1320.0,862.75,1300.0,-58.0,2229.678,18.0,18.0,Super Ideal,E,VS2,1.53,IGI,4500.0
1362,Michelle Kennedy,2,Round,1,1,0,17.04,948.0,740.62,934.0,-55.0,1518.9774,18.0,18.0,Ideal,H,VVS2,1.28,IGI,2565.0
1362,Serenity Stones,2,Round,1,1,0,16.92,937.0,732.03,923.0,-55.0,1506.5475,18.0,18.0,Ideal,H,VVS2,1.28,IGI,2565.0
1362,Taiga Gems,2,Round,1,1,0,17.98,918.0,717.19,904.0,-58.0,1575.0782,18.0,18.0,Ideal,H,VVS2,1.28,IGI,2565.0
1364,Ithaca Diamonds,2,Round,1,1,0,11.87,1041.0,972.9,1025.0,-50.0,1492.4551,18.0,18.0,Super Ideal,F,VVS1,1.07,IGI,3270.0
1364,Meadow & Co,2,Round,1,1,0,11.14,1054.0,985.05,1038.0,-52.0,1580.0979,18.0,18.0,Super Ideal,F,VVS1,1.07,IGI,3270.0
1364,Michelle Kennedy,2,Round,1,1,0,16.52,1069.0,999.07,1053.0,-52.0,1608.4287,18.0,18.0,Super Ideal,F,VVS1,1.07,IGI,3270.0
1364,Roma Diamonds,2,Round,1,1,0,13.08,1041.0,972.9,1025.0,-53.0,1585.3762,18.0,18.0,Super Ideal,F,VVS1,1.07,IGI,3270.0
1364,Rosella,2,Round,1,1,0,13.04,1036.0,968.22,1020.0,-50.0,1496.2163,18.0,18.0,Super Ideal,F,VVS1,1.07,IGI,3270.0
1364,Simetría,2,Round,1,1,0,15.58,1041.0,972.9,1025.0,-52.0,1539.657,18.0,18.0,Super Ideal,F,VVS1,1.07,IGI,3270.0
1364,White Lily,2,Round,1,1,0,19.44,1067.0,997.2,1051.0,-51.0,1574.001,18.0,18.0,Super Ideal,F,VVS1,1.07,IGI,3270.0
1369,Michelle Kennedy,2,Round,1,1,0,13.69,1116.39,808.98,1100.0,-52.0,1665.1176,18.0,18.0,Super Ideal,H,VVS2,1.38,IGI,2967.5
1369,Taiga Gems,2,Round,1,1,0,10.69,1043.76,756.35,1028.0,-54.0,1611.7117,18.0,18.0,Super Ideal,H,VVS2,1.38,IGI,2967.5
1369,Temperley,2,Round,1,1,0,21.23,974.0,705.8,959.0,-58.0,1645.7551,18.0,18.0,Super Ideal,H,VVS2,1.38,IGI,2967.5
1371,Michelle Kennedy,2,Round,1,1,0,22.3,2889.0,1250.65,2846.0,-40.0,3465.2075,18.0,18.0,Ideal,G,SI1,2.31,IGI,6770.0
1372,Jane Brear,2,Round,1,1,0,15.04,935.0,865.74,921.0,-57.0,1546.3748,18.0,18.0,Super Ideal,G,VVS1,1.08,IGI,2860.0
1372,Mei & Co,2,Round,1,1,0,15.89,921.0,852.78,907.0,-57.0,1518.3141,18.0,18.0,Super Ideal,G,VVS1,1.08,IGI,2860.0
1372,Michelle Kennedy,2,Round,1,1,0,15.37,939.0,869.44,925.0,-56.0,1540.3835,18.0,18.0,Super Ideal,G,VVS1,1.08,IGI,2860.0
1372,Taiga Gems,2,Round,1,1,0,14.77,914.0,846.3,900.0,-56.0,1475.2874,18.0,18.0,Super Ideal,G,VVS1,1.08,IGI,2860.0
1375,Jane Brear,2,Round,1,1,0,19.52,319.0,559.65,314.0,-51.0,462.6581,18.0,18.0,Ideal,D,SI1,0.57,IGI,742.5
1375,Michelle Kennedy,2,Round,1,1,0,17.28,363.0,636.84,358.0,-46.0,483.8772,18.0,18.0,Ideal,D,SI1,0.57,IGI,742.5
1381,Jane Brear,2,Round,1,1,0,14.7,960.18,750.14,946.0,-58.0,1624.9792,18.0,18.0,Ideal,F,VS1,1.28,IGI,2820.0
1381,Michelle Kennedy,2,Round,1,1,0,16.3,960.18,750.14,946.0,-58.0,1626.1501,18.0,18.0,Ideal,F,VS1,1.28,IGI,2820.0
1381,Periwinkle Stones,2,Round,1,1,0,12.95,861.0,672.66,848.0,-62.0,1609.5725,18.0,18.0,Ideal,F,VS1,1.28,IGI,2820.0
1381,Simetría,2,Round,1,1,0,15.82,835.0,652.34,822.0,-64.0,1659.0494,18.0,18.0,Ideal,F,VS1,1.28,IGI,2820.0
1381,Tamara,2,Round,1,1,0,14.14,848.0,662.5,835.0,-63.0,1620.1528,18.0,18.0,Ideal,F,VS1,1.28,IGI,2820.0
1381,White Lily,2,Round,1,1,0,14.65,875.6,684.06,862.0,-62.0,1646.7743,18.0,18.0,Ideal,F,VS1,1.28,IGI,2820.0
1382,Bayside Gems,2,Oval,1,1,0,17.15,1050.08,1029.49,1034.0,-65.0,2033.7821,15.0,15.0,Very Good,D,VVS2,1.02,IGI,3020.0
1382,Eternity Fine Jewelers,2,Oval,1,1,0,13.59,1096.49,1074.99,1080.0,-63.0,2015.2665,14.0,15.0,Very Good,D,VVS2,1.02,IGI,3020.0
1382,Grace Brooks,2,Oval,1,1,0,16.99,1107.99,1086.26,1091.0,-63.0,2037.1945,15.0,15.0,Very Good,D,VVS2,1.02,IGI,3020.0
1382,Infinity Diamonds,2,Oval,1,1,0,14.65,1116.68,1094.78,1100.0,-63.0,2029.5125,15.0,15.0,Very Good,D,VVS2,1.02,IGI,3020.0
1382,Jane Brear,2,Oval,1,1,0,14.86,1113.4,1091.57,1097.0,-63.0,2001.1298,15.0,15.0,Very Good,D,VVS2,1.02,IGI,3020.0
1382,Joan Cooper,2,Oval,1,1,0,14.37,1090.0,1068.63,1074.0,-64.0,2060.2878,15.0,15.0,Very Good,D,VVS2,1.02,IGI,3020.0
1382,Lotus Creation,2,Oval,1,1,0,14.79,1070.35,1049.36,1054.0,-64.0,2020.7573,15.0,15.0,Very Good,D,VVS2,1.02,IGI,3020.0
1382,Marlowe & Co,2,Oval,1,2,0,10.64,1104.45,1082.79,1088.0,-63.0,2021.2495,15.0,15.0,Very Good,D,VVS2,1.02,IGI,3020.0
1382,Michelle Kennedy,2,Oval,2,2,0,13.11,1113.4,1091.57,1097.0,-63.0,2022.343,14.0,15.0,Very Good,D,VVS2,1.02,IGI,3020.0
1382,Roma Diamonds,2,Oval,1,1,0,34.74,1287.0,1261.76,1268.0,-57.0,2030.3671,15.0,15.0,Very Good,D,VVS2,1.02,IGI,3020.0
1382,Rosella,2,Oval,1,1,0,10.75,1057.0,1036.27,1041.0,-66.0,2065.9043,15.0,15.0,Very Good,D,VVS2,1.02,IGI,3020.0
1382,Tamara,2,Oval,1,1,0,11.49,1098.48,1076.94,1082.0,-63.0,2016.6254,15.0,15.0,Very Good,D,VVS2,1.02,IGI,3020.0
1382,Temperley,2,Oval,1,2,0,14.85,1120.37,1098.4,1104.0,-63.0,2035.4841,15.0,15.0,Very Good,D,VVS2,1.02,IGI,3020.0
1382,Tierra Mia Diamonds,2,Oval,1,1,0,16.34,1063.0,1042.16,1047.0,-65.0,2038.7819,15.0,15.0,Very Good,D,VVS2,1.02,IGI,3020.0
1382,White Lily,2,Oval,1,1,0,11.56,1137.0,1114.71,1120.0,-62.0,2036.1605,15.0,15.0,Very Good,D,VVS2,1.02,IGI,3020.0
1382,Woodhouse Diamonds,2,Oval,1,1,0,88.58,1095.0,1073.53,1079.0,-63.0,2018.3386,15.0,15.0,Very Good,D,VVS2,1.02,IGI,3020.0
1385,Jane Brear,2,Round,1,1,0,13.42,850.0,625.0,837.0,-58.0,1441.4709,18.0,18.0,Super Ideal,G,SI1,1.36,IGI,2665.0
1385,Michelle Kennedy,2,Round,1,1,0,10.09,850.0,625.0,837.0,-56.0,1396.1764,18.0,18.0,Super Ideal,G,SI1,1.36,IGI,2665.0
1385,Temperley,2,Round,1,1,0,11.45,850.0,625.0,837.0,-58.0,1433.9775,18.0,18.0,Super Ideal,G,SI1,1.36,IGI,2665.0
1385,White Lily,2,Round,1,1,0,13.76,850.0,625.0,837.0,-59.0,1477.6443,18.0,18.0,Super Ideal,G,SI1,1.36,IGI,2665.0
1386,Avignon Diamonds,2,Round,1,1,0,64.14,1375.0,898.69,1354.0,-59.0,2393.363,18.0,18.0,Super Ideal,F,VS1,1.53,IGI,4620.0
1386,Camden Gems,2,Round,1,1,0,10.4,1354.0,884.97,1334.0,-59.0,2390.5459,18.0,18.0,Super Ideal,F,VS1,1.53,IGI,4620.0
1386,Fabiola,2,Round,1,1,0,10.38,1363.0,890.85,1343.0,-60.0,2409.978,18.0,18.0,Super Ideal,F,VS1,1.53,IGI,4620.0
1386,Fuji Diamonds,2,Round,1,1,0,17.63,1363.0,890.85,1343.0,-60.0,2457.991,18.0,18.0,Super Ideal,F,VS1,1.53,IGI,4620.0
1386,Hazel Diamonds,2,Round,1,1,0,12.45,1341.0,876.47,1321.0,-59.0,2338.8499,18.0,18.0,Super Ideal,F,VS1,1.53,IGI,4620.0
1386,Jane Brear,2,Round,1,1,0,14.73,1470.61,961.18,1449.0,-56.0,2419.4944,18.0,18.0,Super Ideal,F,VS1,1.53,IGI,4620.0
1386,Marlowe & Co,2,Round,1,1,0,11.72,1383.0,903.92,1362.0,-60.0,2459.8269,18.0,18.0,Super Ideal,F,VS1,1.53,IGI,4620.0
1386,Mei & Co,2,Round,1,1,0,14.99,1357.0,886.93,1337.0,-60.0,2435.239,18.0,18.0,Super Ideal,F,VS1,1.53,IGI,4620.0
1386,Michelle Kennedy,2,Round,1,1,0,12.49,1394.0,911.11,1373.0,-59.0,2444.1394,18.0,18.0,Super Ideal,F,VS1,1.53,IGI,4620.0
1386,Periwinkle Stones,2,Round,1,1,0,14.83,1389.0,907.84,1368.0,-59.0,2413.6931,18.0,18.0,Super Ideal,F,VS1,1.53,IGI,4620.0
1386,Rosella,2,Round,1,1,0,12.64,1349.0,881.7,1329.0,-60.0,2432.1816,18.0,18.0,Super Ideal,F,VS1,1.53,IGI,4620.0
1386,Temperley,2,Round,1,1,0,14.85,1386.0,905.88,1365.0,-59.0,2401.5071,18.0,18.0,Super Ideal,F,VS1,1.53,IGI,4620.0
1386,White Lily,2,Round,1,1,0,14.41,1390.0,908.5,1369.0,-59.0,2408.9351,18.0,18.0,Super Ideal,F,VS1,1.53,IGI,4620.0
1389,Hazel Diamonds,2,Round,1,1,0,11.99,1983.0,957.97,1953.0,-61.0,3674.2808,18.0,18.0,Ideal,F,VS2,2.07,IGI,7320.0
1389,Jane Brear,2,Round,1,1,0,14.77,2256.0,1089.86,2222.0,-55.0,3590.5725,18.0,18.0,Ideal,F,VS2,2.07,IGI,7320.0
1389,Mei & Co,2,Round,1,1,0,16.07,2023.0,977.29,1993.0,-61.0,3719.3489,18.0,18.0,Ideal,F,VS2,2.07,IGI,7320.0
1389,Michelle Kennedy,2,Round,1,1,0,12.66,2058.0,994.2,2027.0,-61.0,3767.821,18.0,18.0,Ideal,F,VS2,2.07,IGI,7320.0
1389,N. B. Diamonds,2,Round,1,1,0,10.08,2027.0,979.23,1997.0,-60.0,3603.626,18.0,18.0,Ideal,F,VS2,2.07,IGI,7320.0
1389,Starlit Stones,2,Round,1,1,0,65.85,2115.0,1021.74,2083.0,-58.0,3608.0781,18.0,18.0,Ideal,F,VS2,2.07,IGI,7320.0
1389,Taiga Gems,2,Round,1,1,0,13.31,2037.0,984.06,2006.0,-61.0,3726.3218,18.0,18.0,Ideal,F,VS2,2.07,IGI,7320.0
1389,Temperley,2,Round,1,1,0,13.38,2152.18,1039.7,2120.0,-58.0,3628.0237,18.0,18.0,Ideal,F,VS2,2.07,IGI,7320.0
1389,Thalassa Gems,2,Round,1,1,0,14.8,2034.78,982.99,2004.0,-60.0,3639.4587,18.0,18.0,Ideal,F,VS2,2.07,IGI,7320.0
1389,White Lily,2,Round,1,1,0,14.17,2097.0,1013.04,2066.0,-59.0,3673.583,18.0,18.0,Ideal,F,VS2,2.07,IGI,7320.0
1391,Cirrus Gems,2,Round,1,2,0,25.76,328.0,455.56,323.0,-63.0,628.0842,16.0,18.0,Very Good,E,VVS2,0.72,IGI,1352.5
1391,Diamonds by Zoya,2,Round,2,2,0,91.19,321.0,445.83,316.0,-62.0,610.1799,15.0,18.0,Very Good,E,VVS2,0.72,IGI,1352.5
1391,Jane Brear,2,Round,2,2,0,22.73,339.0,470.83,334.0,-60.0,611.8275,16.0,18.0,Very Good,E,VVS2,0.72,IGI,1352.5
1391,Temperley,2,Round,3,2,0,14.65,335.0,465.28,330.0,-60.0,601.1583,16.0,18.0,Very Good,E,VVS2,0.72,IGI,1352.5
1394,Taiga Gems,2,Marquise,1,1,0,13.87,2470.0,1073.91,2433.0,-56.0,3589.6238,14.0,15.0,Very Good,H,VS1,2.3,IGI,9210.0
1395,Michelle Kennedy,2,Round,1,1,0,13.75,1953.0,1220.62,1924.0,-32.0,2058.3459,17.0,18.0,Ideal,J,VVS2,1.6,IGI,2780.0
1396,Cirrus Gems,2,Round,2,3,0,22.46,697.8,697.8,687.0,-60.0,1248.2551,16.0,18.0,Very Good,I,VVS2,1.0,IGI,1658.0
1396,White Lily,2,Round,2,1,0,10.91,724.36,724.36,713.0,-58.0,1224.0553,17.0,18.0,Very Good,I,VVS2,1.0,IGI,1658.0
1397,Cornerstone,2,Pear,2,3,0,19.6,332.98,594.61,328.0,-53.0,455.3958,14.0,15.0,Very Good,F,VVS2,0.56,IGI,700.0
1397,Diamonds by Zoya,2,Pear,2,2,0,82.07,334.32,597.0,329.0,-52.0,452.906,15.0,15.0,Very Good,F,VVS2,0.56,IGI,700.0
1397,Michelle Kennedy,2,Pear,2,2,0,16.06,362.18,646.75,357.0,-47.0,441.5965,15.0,15.0,Very Good,F,VVS2,0.56,IGI,700.0
1397,Vega Diamonds,2,Pear,1,2,0,22.21,317.53,567.02,313.0,-50.0,410.7722,14.0,15.0,Very Good,F,VVS2,0.56,IGI,700.0
1407,Cirrus Gems,2,Round,1,1,0,16.66,846.44,636.42,834.0,-55.0,1336.0487,18.0,18.0,Ideal,I,VS2,1.33,IGI,2124.0
1407,Michelle Kennedy,2,Round,1,1,0,12.49,1261.66,948.62,1243.0,-30.0,1288.58,18.0,18.0,Ideal,I,VS2,1.33,IGI,2124.0
1410,Mei & Co,2,Oval,1,1,0,10.39,1410.0,933.77,1389.0,-60.0,2348.323,15.0,15.0,Very Good,F,VS2,1.51,IGI,4400.0
1410,Serene Peaks Diamonds,2,Oval,1,1,0,12.35,1411.0,934.44,1390.0,-59.0,2341.5251,15.0,15.0,Very Good,F,VS2,1.51,IGI,4400.0
1410,Taiga Gems,2,Oval,1,1,0,13.76,1427.82,945.58,1406.0,-58.0,2288.5667,15.0,15.0,Very Good,F,VS2,1.51,IGI,4400.0
1410,Tamara,2,Oval,1,2,0,13.59,1413.0,935.76,1392.0,-59.0,2331.7639,15.0,15.0,Very Good,F,VS2,1.51,IGI,4400.0
1410,Temperley,2,Oval,1,1,0,12.85,1412.0,935.1,1391.0,-58.0,2276.8787,15.0,15.0,Very Good,F,VS2,1.51,IGI,4400.0
1414,Temperley,2,Round,1,1,0,12.91,1727.0,1136.18,1701.0,-17.0,1484.5314,18.0,18.0,Ideal,I,SI1,1.52,IGI,2745.71
1416,White Lily,2,Round,1,1,0,14.49,3976.02,1316.56,3916.0,-53.0,6116.2749,18.0,18.0,Super Ideal,D,SI2,3.02,IGI,10210.0
1420,Jane Brear,2,Round,1,1,0,11.4,512.42,632.62,505.0,-25.0,488.6736,18.0,18.0,Super Ideal,D,SI2,0.81,IGI,1090.0
1420,Michelle Kennedy,2,Round,1,1,0,12.82,512.42,632.62,505.0,-26.0,494.0246,18.0,18.0,Super Ideal,D,SI2,0.81,IGI,1090.0
1423,Michelle Kennedy,2,Round,1,1,0,14.11,775.1,685.93,763.0,-48.0,1067.0748,18.0,18.0,Ideal,F,SI1,1.13,IGI,2100.0
1423,Temperley,2,Round,1,1,0,11.59,818.0,723.89,806.0,-44.0,1043.2871,18.0,18.0,Ideal,F,SI1,1.13,IGI,2100.0
1423,White Lily,2,Round,1,1,0,10.02,818.0,723.89,806.0,-48.0,1123.6267,18.0,18.0,Ideal,F,SI1,1.13,IGI,2100.0
1425,Fuji Diamonds,2,Oval,1,2,0,17.79,709.0,701.98,698.0,-67.0,1438.5902,15.0,15.0,Very Good,F,VS1,1.01,IGI,2180.0
1425,Jane Brear,2,Oval,1,1,0,10.11,746.0,738.61,735.0,-64.0,1404.7379,15.0,15.0,Very Good,F,VS1,1.01,IGI,2180.0
1425,Rosella,2,Oval,1,1,0,14.03,692.0,685.15,682.0,-67.0,1410.2469,14.0,15.0,Very Good,F,VS1,1.01,IGI,2180.0
1425,Serene Peaks Diamonds,2,Oval,1,2,0,13.78,716.0,708.91,705.0,-65.0,1397.7159,15.0,15.0,Very Good,F,VS1,1.01,IGI,2180.0
1425,White Lily,2,Oval,1,1,0,10.87,738.0,730.69,727.0,-65.0,1416.0621,14.0,15.0,Very Good,F,VS1,1.01,IGI,2180.0
1426,Clermont Diamonds,2,Round,1,1,0,13.78,755.0,712.26,744.0,-57.0,1267.2089,18.0,18.0,Ideal,G,VVS2,1.06,IGI,2528.0
1426,Jane Brear,2,Round,1,1,0,13.87,780.0,735.85,768.0,-57.0,1304.3575,18.0,18.0,Ideal,G,VVS2,1.06,IGI,2528.0
1426,Michelle Kennedy,2,Round,1,1,0,14.28,777.0,733.02,765.0,-58.0,1309.4919,18.0,18.0,Ideal,G,VVS2,1.06,IGI,2528.0
1426,N. B. Diamonds,2,Round,1,1,0,10.8,757.0,714.15,746.0,-58.0,1302.5271,18.0,18.0,Ideal,G,VVS2,1.06,IGI,2528.0
1426,Roma Diamonds,2,Round,1,1,0,39.16,966.0,911.32,952.0,-48.0,1330.6182,18.0,18.0,Ideal,G,VVS2,1.06,IGI,2528.0
1426,Silva Diamonds,2,Round,1,1,0,13.3,755.0,712.26,744.0,-59.0,1331.6455,18.0,18.0,Ideal,G,VVS2,1.06,IGI,2528.0
1426,Taiga Gems,2,Round,1,1,0,17.24,753.78,711.11,742.0,-58.0,1291.3342,18.0,18.0,Ideal,G,VVS2,1.06,IGI,2528.0
1426,Vespera Gems,2,Round,1,1,0,13.82,772.0,728.3,760.0,-59.0,1352.1671,18.0,18.0,Ideal,G,VVS2,1.06,IGI,2528.0
1426,White Lily,2,Round,1,1,0,10.4,787.0,742.45,775.0,-53.0,1211.528,18.0,18.0,Ideal,G,VVS2,1.06,IGI,2528.0
1428,Temperley,2,Round,1,1,0,14.45,1866.0,1072.41,1838.0,-24.0,1758.9639,18.0,18.0,Ideal,J,VS1,1.74,IGI,3020.0
1436,Tamara,2,Pear,1,1,0,13.78,968.14,958.55,954.0,-65.0,1798.7975,15.0,15.0,Good,E,VVS2,1.01,IGI,2610.0
1437,Michelle Kennedy,2,Princess,1,1,0,14.91,848.74,751.1,836.0,-60.0,1348.7502,15.0,15.0,Super Ideal,G,VS2,1.13,IGI,2100.0
1438,Michelle Kennedy,2,Marquise,1,1,0,14.66,657.0,650.5,647.0,-65.0,1200.5989,15.0,15.0,Super Ideal,H,VS1,1.01,IGI,1830.0
1438,Temperley,2,Marquise,1,1,0,14.54,666.0,659.41,656.0,-65.0,1203.8025,15.0,15.0,Super Ideal,H,VS1,1.01,IGI,1830.0
1438,White Lily,2,Marquise,1,1,0,14.08,649.0,642.57,639.0,-65.0,1185.073,15.0,15.0,Super Ideal,H,VS1,1.01,IGI,1830.0
1442,Jane Brear,2,Round,3,3,0,16.81,682.36,749.85,672.0,-41.0,834.4525,15.0,18.0,Very Good,J,VS2,0.91,IGI,1040.0
1442,Temperley,2,Round,3,3,0,15.47,682.36,749.85,672.0,-41.0,828.4783,14.0,18.0,Very Good,J,VS2,0.91,IGI,1040.0
1443,Bayside Gems,2,Round,1,1,0,22.13,852.0,728.21,839.0,-55.0,1352.965,18.0,18.0,Ideal,F,VVS2,1.17,IGI,3050.0
1443,Cirrus Gems,2,Round,1,1,0,26.19,862.0,736.75,849.0,-54.0,1338.0082,18.0,18.0,Ideal,F,VVS2,1.17,IGI,3050.0
1443,Emilia Sterling,2,Round,1,1,0,11.59,861.0,735.9,848.0,-52.0,1285.7571,18.0,18.0,Ideal,F,VVS2,1.17,IGI,3050.0
1443,Eternity Fine Jewelers,2,Round,1,1,0,19.49,886.0,757.26,873.0,-51.0,1307.0332,18.0,18.0,Ideal,F,VVS2,1.17,IGI,3050.0
1443,Fabiola,2,Round,1,1,0,14.24,876.0,748.72,863.0,-51.0,1287.1196,18.0,18.0,Ideal,F,VVS2,1.17,IGI,3050.0
1443,Jane Brear,2,Round,1,1,0,21.02,904.46,773.04,891.0,-52.0,1346.5754,18.0,18.0,Ideal,F,VVS2,1.17,IGI,3050.0
1443,Marlowe & Co,2,Round,1,1,0,21.95,890.0,760.68,877.0,-54.0,1371.4471,18.0,18.0,Ideal,F,VVS2,1.17,IGI,3050.0
1443,Michelle Kennedy,2,Round,1,1,0,17.95,902.0,770.94,888.0,-51.0,1329.9591,18.0,18.0,Ideal,F,VVS2,1.17,IGI,3050.0
1443,Rosella,2,Round,1,1,0,16.97,875.0,747.86,862.0,-52.0,1298.3732,18.0,18.0,Ideal,F,VVS2,1.17,IGI,3050.0
1443,Silva Diamonds,2,Round,1,1,0,14.56,874.0,747.01,861.0,-54.0,1370.3708,18.0,18.0,Ideal,F,VVS2,1.17,IGI,3050.0
1443,Sunset Gems,2,Round,1,1,0,21.28,871.0,744.44,858.0,-55.0,1398.3625,18.0,18.0,Ideal,F,VVS2,1.17,IGI,3050.0
1443,Tamara,2,Round,1,1,0,13.71,886.0,757.26,873.0,-53.0,1363.171,18.0,18.0,Ideal,F,VVS2,1.17,IGI,3050.0
1443,Temperley,2,Round,1,1,0,19.45,914.0,781.2,900.0,-51.0,1344.9167,18.0,18.0,Ideal,F,VVS2,1.17,IGI,3050.0
1443,White Lily,2,Round,1,1,0,20.13,914.0,781.2,900.0,-51.0,1335.132,18.0,18.0,Ideal,F,VVS2,1.17,IGI,3050.0
1450,Jane Brear,2,Oval,1,1,0,14.24,2560.0,1219.05,2522.0,-56.0,3911.3911,15.0,15.0,Very Good,E,VS2,2.1,IGI,7380.0
1450,Michelle Kennedy,2,Oval,1,1,0,21.11,2484.0,1182.86,2447.0,-59.0,4038.9819,15.0,15.0,Very Good,E,VS2,2.1,IGI,7380.0
1450,Taiga Gems,2,Oval,1,1,0,14.78,2558.0,1218.1,2520.0,-58.0,4101.7881,15.0,15.0,Very Good,E,VS2,2.1,IGI,7380.0
1450,Temperley,2,Oval,1,1,0,22.44,2533.0,1206.19,2495.0,-56.0,3893.6667,14.0,15.0,Very Good,E,VS2,2.1,IGI,7380.0
1450,White Lily,2,Oval,1,1,0,23.85,2484.0,1182.86,2447.0,-58.0,3960.6714,15.0,15.0,Very Good,E,VS2,2.1,IGI,7380.0
1451,Michelle Kennedy,2,Princess,1,1,0,13.3,383.08,532.06,377.0,-63.0,649.5995,15.0,15.0,Super Ideal,F,VVS2,0.72,IGI,1320.0
1455,Emilia Sterling,2,Round,1,1,0,11.86,880.0,758.62,867.0,-65.0,1823.907,18.0,18.0,Super Ideal,D,VVS2,1.16,IGI,3450.0
1455,Eternity Fine Jewelers,2,Round,1,1,0,11.06,924.36,796.86,910.0,-63.0,1800.4653,18.0,18.0,Super Ideal,D,VVS2,1.16,IGI,3450.0
1455,Hannah Richards,2,Round,1,1,0,12.67,929.33,801.15,915.0,-63.0,1801.3035,18.0,18.0,Super Ideal,D,VVS2,1.16,IGI,3450.0
1455,Hoseki,2,Round,1,1,0,12.95,922.0,794.83,908.0,-64.0,1839.5691,18.0,18.0,Super Ideal,D,VVS2,1.16,IGI,3450.0
1455,Infinity Diamonds,2,Round,1,1,0,11.33,931.0,802.59,917.0,-64.0,1848.7166,18.0,18.0,Super Ideal,D,VVS2,1.16,IGI,3450.0
1455,Jane Brear,2,Round,1,1,0,15.71,925.0,797.41,911.0,-64.0,1820.7561,18.0,18.0,Super Ideal,D,VVS2,1.16,IGI,3450.0
1455,Knox Diamonds,2,Round,1,1,0,12.76,903.0,778.45,889.0,-64.0,1807.0129,18.0,18.0,Super Ideal,D,VVS2,1.16,IGI,3450.0
1455,Komorebi Diamonds,2,Round,1,1,0,12.78,900.48,776.28,887.0,-65.0,1816.1543,18.0,18.0,Super Ideal,D,VVS2,1.16,IGI,3450.0
1455,Magnolia,2,Round,1,1,0,14.45,906.0,781.03,892.0,-63.0,1761.8489,18.0,18.0,Super Ideal,D,VVS2,1.16,IGI,3450.0
1455,Marlowe & Co,2,Round,1,1,0,12.57,920.0,793.1,906.0,-64.0,1828.5234,18.0,18.0,Super Ideal,D,VVS2,1.16,IGI,3450.0
1455,Mei & Co,2,Round,1,1,0,15.28,915.4,789.14,902.0,-65.0,1849.7352,18.0,18.0,Super Ideal,D,VVS2,1.16,IGI,3450.0
1455,Michelle Kennedy,2,Round,1,1,0,13.55,924.0,796.55,910.0,-64.0,1834.5703,18.0,18.0,Super Ideal,D,VVS2,1.16,IGI,3450.0
1455,Promenade Jewelry,2,Round,1,1,0,14.83,909.17,783.77,896.0,-63.0,1782.2727,18.0,18.0,Super Ideal,D,VVS2,1.16,IGI,3450.0
1455,Sara's Diamonds,2,Round,1,1,0,11.23,913.0,787.07,899.0,-65.0,1846.9741,18.0,18.0,Super Ideal,D,VVS2,1.16,IGI,3450.0
1455,Silva Diamonds,2,Round,1,1,0,12.01,900.0,775.86,886.0,-65.0,1815.7045,18.0,18.0,Super Ideal,D,VVS2,1.16,IGI,3450.0
1455,Simetría,2,Round,1,1,0,15.0,916.4,790.0,903.0,-64.0,1839.8849,18.0,18.0,Super Ideal,D,VVS2,1.16,IGI,3450.0
1455,Starlight Crafts,2,Round,1,1,0,10.17,917.0,790.52,903.0,-64.0,1826.3074,18.0,18.0,Super Ideal,D,VVS2,1.16,IGI,3450.0
1455,Temperley,2,Round,1,1,0,11.0,924.0,796.55,910.0,-64.0,1847.2698,18.0,18.0,Super Ideal,D,VVS2,1.16,IGI,3450.0
1455,Tilia Diamonds,2,Round,1,1,0,14.51,916.0,789.66,902.0,-63.0,1761.7474,18.0,18.0,Super Ideal,D,VVS2,1.16,IGI,3450.0
1455,Vespera Gems,2,Round,1,1,0,14.21,931.0,802.59,917.0,-63.0,1813.3777,18.0,18.0,Super Ideal,D,VVS2,1.16,IGI,3450.0
1455,White Lily,2,Round,1,1,0,13.11,925.0,797.41,911.0,-64.0,1821.082,18.0,18.0,Super Ideal,D,VVS2,1.16,IGI,3450.0
1459,Serene Peaks Diamonds,2,Emerald,1,1,0,16.0,734.31,712.92,723.0,-58.0,1115.1285,15.0,15.0,Super Ideal,F,SI1,1.03,IGI,1930.0
1459,Taiga Gems,2,Emerald,1,1,0,17.64,716.14,695.28,705.0,-60.0,1140.7498,15.0,15.0,Super Ideal,F,SI1,1.03,IGI,1930.0
1459,The Diamond Source,2,Emerald,2,2,0,19.86,716.0,695.15,705.0,-57.0,1059.9708,15.0,15.0,Super Ideal,F,SI1,1.03,IGI,1930.0
1459,White Lily,2,Emerald,2,2,0,17.63,762.0,739.81,751.0,-57.0,1140.1289,15.0,15.0,Super Ideal,F,SI1,1.03,IGI,1930.0
1465,55 E Diamonds,2,Round,2,1,0,11.98,709.0,681.73,698.0,-59.0,1236.3785,18.0,18.0,Ideal,E,VS1,1.04,IGI,2750.0
1465,Camden Gems,2,Round,1,1,0,12.45,699.0,672.12,689.0,-62.0,1310.7362,18.0,18.0,Ideal,E,VS1,1.04,IGI,2750.0
1465,Cascade Diamonds,2,Round,1,1,0,14.68,703.0,675.96,692.0,-59.0,1218.9966,18.0,18.0,Ideal,E,VS1,1.04,IGI,2750.0
1465,Eternity Fine Jewelers,2,Round,1,1,0,18.7,705.0,677.88,694.0,-61.0,1281.5515,18.0,18.0,Ideal,E,VS1,1.04,IGI,2750.0
1465,Fabiola,2,Round,1,1,0,11.4,698.0,671.15,688.0,-62.0,1298.8279,18.0,18.0,Ideal,E,VS1,1.04,IGI,2750.0
1465,Gemstone Harmony,2,Round,1,1,0,10.39,702.0,675.0,691.0,-61.0,1273.7559,18.0,18.0,Ideal,E,VS1,1.04,IGI,2750.0
1465,Hazel Diamonds,2,Round,1,1,0,14.75,694.0,667.31,684.0,-60.0,1248.2957,18.0,18.0,Ideal,E,VS1,1.04,IGI,2750.0
1465,Jane Brear,2,Round,1,1,0,12.81,705.0,677.88,694.0,-61.0,1292.4335,18.0,18.0,Ideal,E,VS1,1.04,IGI,2750.0
1465,Meridian Crafts,2,Round,1,1,0,14.68,705.0,677.88,694.0,-60.0,1274.0404,18.0,18.0,Ideal,E,VS1,1.04,IGI,2750.0
1465,Michelle Kennedy,2,Round,1,1,0,14.61,705.0,677.88,694.0,-61.0,1282.5558,18.0,18.0,Ideal,E,VS1,1.04,IGI,2750.0
1465,Nova Stars,2,Round,1,1,0,17.08,698.0,671.15,688.0,-60.0,1259.719,18.0,18.0,Ideal,E,VS1,1.04,IGI,2750.0
1465,Riviera Jewels,2,Round,1,1,0,11.8,699.0,672.12,689.0,-61.0,1267.3754,18.0,18.0,Ideal,E,VS1,1.04,IGI,2750.0
1465,Rosella,2,Round,1,1,0,11.1,702.0,675.0,691.0,-60.0,1261.2689,18.0,18.0,Ideal,E,VS1,1.04,IGI,2750.0
1465,Starlight Crafts,2,Round,1,1,0,11.4,696.0,669.23,686.0,-61.0,1288.0903,18.0,18.0,Ideal,E,VS1,1.04,IGI,2750.0
1465,Temperley,2,Round,1,1,0,14.45,705.0,677.88,694.0,-60.0,1273.0645,18.0,18.0,Ideal,E,VS1,1.04,IGI,2750.0
1465,Thalassa Gems,2,Round,1,1,0,11.21,701.0,674.04,690.0,-61.0,1294.6018,18.0,18.0,Ideal,E,VS1,1.04,IGI,2750.0
1465,Tierra Mia Diamonds,2,Round,1,1,0,22.83,709.39,682.11,699.0,-59.0,1236.295,18.0,18.0,Ideal,E,VS1,1.04,IGI,2750.0
1465,White Lily,2,Round,1,1,0,15.15,705.0,677.88,694.0,-60.0,1271.8483,18.0,18.0,Ideal,E,VS1,1.04,IGI,2750.0
1469,Ember Star,2,Round,1,1,0,15.65,340.0,472.22,335.0,-64.0,677.3348,18.0,18.0,Ideal,D,VVS2,0.72,IGI,1560.0
1469,Eterna Luxe,2,Round,1,1,0,13.74,363.0,504.17,358.0,-62.0,691.0869,18.0,18.0,Ideal,D,VVS2,0.72,IGI,1560.0
1469,Hoseki,2,Round,1,2,0,10.96,369.0,512.5,363.0,-61.0,675.4875,18.0,18.0,Ideal,D,VVS2,0.72,IGI,1560.0
1469,Infinity Diamonds,2,Round,1,1,0,12.02,358.0,497.22,353.0,-63.0,689.7912,18.0,18.0,Ideal,D,VVS2,0.72,IGI,1560.0
1469,Iris Diamonds,2,Round,1,1,0,58.96,349.0,484.72,344.0,-63.0,674.8918,18.0,18.0,Ideal,D,VVS2,0.72,IGI,1560.0
1469,Jane Brear,2,Round,1,1,0,20.99,360.0,500.0,355.0,-63.0,692.6434,18.0,18.0,Ideal,D,VVS2,0.72,IGI,1560.0
1469,Joan Cooper,2,Round,1,1,0,14.42,350.0,486.11,345.0,-63.0,676.7615,18.0,18.0,Ideal,D,VVS2,0.72,IGI,1560.0
1469,Knox Diamonds,2,Round,1,1,0,12.59,347.0,481.94,342.0,-64.0,695.7742,18.0,18.0,Ideal,D,VVS2,0.72,IGI,1560.0
1469,Marble Arch,2,Round,1,1,0,18.84,352.0,488.89,347.0,-64.0,691.7838,18.0,18.0,Ideal,D,VVS2,0.72,IGI,1560.0
1469,Marlowe & Co,2,Round,1,2,0,21.66,357.0,495.83,352.0,-61.0,660.8326,18.0,18.0,Ideal,D,VVS2,0.72,IGI,1560.0
1469,Michelle Kennedy,2,Round,1,1,0,11.38,371.0,515.28,365.0,-60.0,663.7335,18.0,18.0,Ideal,D,VVS2,0.72,IGI,1560.0
1469,Promenade Jewelry,2,Round,1,1,0,11.76,338.0,469.44,333.0,-66.0,710.1851,18.0,18.0,Ideal,D,VVS2,0.72,IGI,1560.0
1469,Riviera Jewels,2,Round,1,1,0,13.78,355.0,493.06,350.0,-62.0,662.1487,18.0,18.0,Ideal,D,VVS2,0.72,IGI,1560.0
1469,Rosella,2,Round,2,2,0,13.92,335.0,465.28,330.0,-64.0,663.6943,18.0,18.0,Ideal,D,VVS2,0.72,IGI,1560.0
1469,Sara's Diamonds,2,Round,1,1,0,52.18,350.0,486.11,345.0,-63.0,681.2932,18.0,18.0,Ideal,D,VVS2,0.72,IGI,1560.0
1469,Starlight Crafts,2,Round,1,1,0,13.91,347.0,481.94,342.0,-64.0,695.6711,18.0,18.0,Ideal,D,VVS2,0.72,IGI,1560.0
1469,Temperley,2,Round,1,1,0,25.3,372.0,516.67,366.0,-61.0,685.5505,18.0,18.0,Ideal,D,VVS2,0.72,IGI,1560.0
1469,White Lily,2,Round,1,1,0,25.24,371.0,515.28,365.0,-62.0,702.7165,18.0,18.0,Ideal,D,VVS2,0.72,IGI,1560.0
1479,Adalyn Jewelry,2,Round,1,1,0,13.75,2075.57,1032.62,2044.0,-60.0,3747.7881,18.0,18.0,Super Ideal,F,VS2,2.01,IGI,7334.0
1479,Avignon Diamonds,2,Round,1,1,0,59.73,2021.0,1005.47,1991.0,-61.0,3757.2458,18.0,18.0,Super Ideal,F,VS2,2.01,IGI,7334.0
1479,Camden Gems,2,Round,1,1,0,13.34,2038.0,1013.93,2007.0,-60.0,3632.7185,18.0,18.0,Super Ideal,F,VS2,2.01,IGI,7334.0
1479,Clermont Diamonds,2,Round,1,1,0,11.48,2033.0,1011.44,2003.0,-59.0,3571.2407,18.0,18.0,Super Ideal,F,VS2,2.01,IGI,7334.0
1479,Fabiola,2,Round,1,1,0,12.22,2020.0,1004.98,1990.0,-60.0,3622.6914,18.0,18.0,Super Ideal,F,VS2,2.01,IGI,7334.0
1479,Jane Brear,2,Round,1,1,0,13.73,2062.0,1025.87,2031.0,-59.0,3618.6226,18.0,18.0,Super Ideal,F,VS2,2.01,IGI,7334.0
1479,Mei & Co,2,Round,1,1,0,19.01,1959.0,974.63,1930.0,-62.0,3730.5881,18.0,18.0,Super Ideal,F,VS2,2.01,IGI,7334.0
1479,Michelle Kennedy,2,Round,1,1,0,13.46,2042.0,1015.92,2011.0,-60.0,3652.0513,18.0,18.0,Super Ideal,F,VS2,2.01,IGI,7334.0
1479,N. B. Diamonds,2,Round,1,1,0,11.2,2011.0,1000.5,1981.0,-61.0,3650.9578,18.0,18.0,Super Ideal,F,VS2,2.01,IGI,7334.0
1479,Taiga Gems,2,Round,1,1,0,10.49,2091.0,1040.3,2060.0,-58.0,3590.804,18.0,18.0,Super Ideal,F,VS2,2.01,IGI,7334.0
1479,Tamara,2,Round,1,1,0,13.32,2052.0,1020.9,2021.0,-59.0,3583.9075,18.0,18.0,Super Ideal,F,VS2,2.01,IGI,7334.0
1479,Temperley,2,Round,1,1,0,14.72,2051.0,1020.4,2020.0,-60.0,3654.1086,18.0,18.0,Super Ideal,F,VS2,2.01,IGI,7334.0
1479,Thalassa Gems,2,Round,1,1,0,14.17,2029.0,1009.45,1999.0,-60.0,3593.9878,18.0,18.0,Super Ideal,F,VS2,2.01,IGI,7334.0
1479,Westport Jewelry,2,Round,1,1,0,14.1,2000.0,995.02,1970.0,-61.0,3706.6855,18.0,18.0,Super Ideal,F,VS2,2.01,IGI,7334.0
1479,White Lily,2,Round,1,1,0,16.24,2242.0,1115.42,2208.0,-56.0,3649.7947,18.0,18.0,Super Ideal,F,VS2,2.01,IGI,7334.0
1481,Camden Gems,2,Round,1,1,0,10.82,1807.0,1044.51,1780.0,-47.0,2439.3198,18.0,18.0,Ideal,F,VS1,1.73,IGI,5540.0
1481,Cirrus Gems,2,Round,1,1,0,16.46,1796.14,1038.23,1769.0,-49.0,2500.8657,18.0,18.0,Ideal,F,VS1,1.73,IGI,5540.0
1481,Eternity Fine Jewelers,2,Round,1,1,0,13.29,1862.64,1076.67,1835.0,-45.0,2415.4028,18.0,18.0,Ideal,F,VS1,1.73,IGI,5540.0
1481,Jane Brear,2,Round,1,1,0,11.83,1874.58,1083.57,1846.0,-46.0,2465.2834,18.0,18.0,Ideal,F,VS1,1.73,IGI,5540.0
1481,Michelle Kennedy,2,Round,1,1,0,12.55,1873.0,1082.66,1845.0,-45.0,2451.7,18.0,18.0,Ideal,F,VS1,1.73,IGI,5540.0
1481,Periwinkle Stones,2,Round,1,1,0,12.21,1910.4,1104.28,1882.0,-45.0,2496.323,18.0,18.0,Ideal,F,VS1,1.73,IGI,5540.0
1481,Roma Diamonds,2,Round,1,1,0,34.36,2174.0,1256.65,2141.0,-36.0,2438.2417,18.0,18.0,Ideal,F,VS1,1.73,IGI,5540.0
1481,Starlight Crafts,2,Round,1,1,0,10.32,1807.0,1044.51,1780.0,-48.0,2482.481,18.0,18.0,Ideal,F,VS1,1.73,IGI,5540.0
1481,Tamara,2,Round,1,1,0,14.53,1870.6,1081.27,1843.0,-45.0,2430.7068,18.0,18.0,Ideal,F,VS1,1.73,IGI,5540.0
1481,Temperley,2,Round,1,1,0,15.84,1999.79,1155.95,1970.0,-43.0,2507.999,18.0,18.0,Ideal,F,VS1,1.73,IGI,5540.0
1481,White Lily,2,Round,1,1,0,12.74,1883.54,1088.75,1855.0,-44.0,2426.8396,18.0,18.0,Ideal,F,VS1,1.73,IGI,5540.0
1486,Jane Brear,2,Princess,1,1,0,17.73,894.0,820.18,881.0,-64.0,1590.6783,15.0,15.0,Super Ideal,F,VVS2,1.09,IGI,2510.0
1486,Lotus Creation,2,Princess,1,1,0,13.61,852.0,781.65,839.0,-67.0,1661.1412,15.0,15.0,Super Ideal,F,VVS2,1.09,IGI,2510.0
1486,Rosella,2,Princess,1,1,0,14.8,831.0,762.39,819.0,-67.0,1595.9747,15.0,15.0,Super Ideal,F,VVS2,1.09,IGI,2510.0
1486,Temperley,2,Princess,1,1,0,15.03,944.0,866.06,930.0,-64.0,1670.2124,15.0,15.0,Super Ideal,F,VVS2,1.09,IGI,2510.0
1486,White Lily,2,Princess,1,1,0,17.21,894.0,820.18,881.0,-64.0,1595.9747,15.0,15.0,Super Ideal,F,VVS2,1.09,IGI,2510.0
1487,Mei & Co,2,Oval,1,1,0,16.62,2062.0,1132.97,2031.0,-61.0,3572.03,15.0,15.0,Super Ideal,F,VS1,1.82,IGI,5740.0
1487,Pegasus Diamonds,2,Oval,1,1,0,14.71,2178.0,1196.7,2145.0,-59.0,3568.6912,15.0,15.0,Super Ideal,F,VS1,1.82,IGI,5740.0
1487,Temperley,2,Oval,1,1,0,18.09,2126.32,1168.31,2094.0,-59.0,3498.1509,15.0,15.0,Super Ideal,F,VS1,1.82,IGI,5740.0
1487,Vega Diamonds,2,Oval,1,1,0,11.13,2035.0,1118.13,2004.0,-62.0,3572.1899,15.0,15.0,Super Ideal,F,VS1,1.82,IGI,5740.0
1487,Verve Jewels,2,Oval,1,1,0,15.25,2048.0,1125.27,2017.0,-61.0,3555.8435,15.0,15.0,Super Ideal,F,VS1,1.82,IGI,5740.0
1487,Vespera Gems,2,Oval,1,1,0,19.69,2060.0,1131.87,2029.0,-61.0,3549.9795,15.0,15.0,Super Ideal,F,VS1,1.82,IGI,5740.0
1489,Cornerstone,2,Oval,2,2,0,14.25,388.0,531.51,382.0,-63.0,713.629,15.0,15.0,Super Ideal,E,VVS2,0.73,IGI,1250.0
1489,Diamonds by Zoya,2,Oval,2,2,0,89.03,384.0,526.03,378.0,-60.0,653.2895,15.0,15.0,Super Ideal,E,VVS2,0.73,IGI,1250.0
1489,Jane Brear,2,Oval,1,2,0,14.39,380.27,520.92,375.0,-56.0,587.887,15.0,15.0,Super Ideal,E,VVS2,0.73,IGI,1250.0
1489,Meadow & Co,2,Oval,1,1,0,14.83,372.13,509.77,367.0,-58.0,592.7854,15.0,15.0,Super Ideal,E,VVS2,0.73,IGI,1250.0
1489,Michelle Kennedy,2,Oval,1,2,0,17.75,380.27,520.92,375.0,-55.0,573.5486,15.0,15.0,Super Ideal,E,VVS2,0.73,IGI,1250.0
1489,Promenade Jewelry,2,Oval,1,1,0,17.73,352.28,482.58,347.0,-65.0,680.8368,15.0,15.0,Super Ideal,E,VVS2,0.73,IGI,1250.0
1489,Temperley,2,Oval,1,1,0,15.12,380.27,520.92,375.0,-60.0,636.5394,15.0,15.0,Super Ideal,E,VVS2,0.73,IGI,1250.0
1489,Vega Diamonds,2,Oval,1,1,0,18.13,344.56,472.0,339.0,-62.0,604.4897,15.0,15.0,Super Ideal,E,VVS2,0.73,IGI,1250.0
1489,White Lily,2,Oval,1,1,0,16.07,380.27,520.92,375.0,-58.0,608.7999,15.0,15.0,Super Ideal,E,VVS2,0.73,IGI,1250.0
1492,Bayside Gems,2,Pear,1,1,0,18.68,767.0,759.41,755.0,-67.0,1502.6746,15.0,15.0,Super Ideal,G,VS1,1.01,IGI,2370.0
1492,Cirrus Gems,2,Pear,1,1,0,21.28,761.0,753.47,750.0,-66.0,1454.4501,15.0,15.0,Super Ideal,G,VS1,1.01,IGI,2370.0
1492,Diamonds by Zoya,2,Pear,1,1,0,88.54,761.0,753.47,750.0,-64.0,1382.1279,15.0,15.0,Super Ideal,G,VS1,1.01,IGI,2370.0
1492,Ember Star,2,Pear,1,1,0,12.5,740.0,732.67,729.0,-66.0,1428.434,15.0,15.0,Super Ideal,G,VS1,1.01,IGI,2370.0
1492,I & M Designs,2,Pear,1,2,0,18.09,892.0,883.17,879.0,-60.0,1442.9469,15.0,15.0,Super Ideal,G,VS1,1.01,IGI,2370.0
1492,Jane Brear,2,Pear,1,1,0,10.64,869.63,861.02,857.0,-61.0,1434.3416,15.0,15.0,Super Ideal,G,VS1,1.01,IGI,2370.0
1492,Marlowe & Co,2,Pear,1,1,0,19.39,780.0,772.28,768.0,-63.0,1370.6381,15.0,15.0,Super Ideal,G,VS1,1.01,IGI,2370.0
1492,Michelle Kennedy,2,Pear,1,1,0,14.34,828.0,819.8,816.0,-62.0,1422.0062,15.0,15.0,Super Ideal,G,VS1,1.01,IGI,2370.0
1492,Nova Stars,2,Pear,1,1,0,17.38,761.0,753.47,750.0,-65.0,1417.2737,15.0,15.0,Super Ideal,G,VS1,1.01,IGI,2370.0
1492,Serene Peaks Diamonds,2,Pear,1,1,0,12.87,815.9,807.82,804.0,-62.0,1401.2155,15.0,15.0,Super Ideal,G,VS1,1.01,IGI,2370.0
1492,Taiga Gems,2,Pear,1,1,0,11.09,761.0,753.47,750.0,-64.0,1387.1886,15.0,15.0,Super Ideal,G,VS1,1.01,IGI,2370.0
1492,Temperley,2,Pear,1,1,0,19.97,816.0,807.92,804.0,-61.0,1361.4604,15.0,15.0,Super Ideal,G,VS1,1.01,IGI,2370.0
1492,Tierra Mia Diamonds,2,Pear,1,1,0,18.71,739.0,731.68,728.0,-66.0,1422.6085,15.0,15.0,Super Ideal,G,VS1,1.01,IGI,2370.0
1492,White Lily,2,Pear,1,1,0,14.03,910.42,901.41,897.0,-59.0,1439.9307,15.0,15.0,Super Ideal,G,VS1,1.01,IGI,2370.0
1500,Avignon Diamonds,2,Round,1,1,0,10.74,1972.0,1139.88,1942.0,-46.0,2598.1074,18.0,18.0,Super Ideal,D,VS1,1.73,IGI,7780.0
1500,Camden Gems,2,Round,1,1,0,12.02,1964.0,1135.26,1935.0,-45.0,2557.1675,18.0,18.0,Super Ideal,D,VS1,1.73,IGI,7780.0
1500,Ember Star,2,Round,1,1,0,13.43,1974.0,1141.04,1944.0,-46.0,2601.7043,18.0,18.0,Super Ideal,D,VS1,1.73,IGI,7780.0
1500,Genesis Stones,2,Round,1,1,0,14.15,2128.0,1230.06,2096.0,-41.0,2600.4595,18.0,18.0,Super Ideal,D,VS1,1.73,IGI,7780.0
1500,Infinity Diamonds,2,Round,1,1,0,16.36,1971.0,1139.31,1941.0,-47.0,2654.197,18.0,18.0,Super Ideal,D,VS1,1.73,IGI,7780.0
1500,Jane Brear,2,Round,1,1,0,14.46,1996.0,1153.76,1966.0,-45.0,2621.9856,18.0,18.0,Super Ideal,D,VS1,1.73,IGI,7780.0
1500,Joan Cooper,2,Round,1,1,0,15.76,1982.0,1145.66,1952.0,-44.0,2547.3079,18.0,18.0,Super Ideal,D,VS1,1.73,IGI,7780.0
1500,Komorebi Diamonds,2,Round,1,1,0,13.55,1966.12,1136.49,1937.0,-46.0,2598.189,18.0,18.0,Super Ideal,D,VS1,1.73,IGI,7780.0
1500,Marlowe & Co,2,Round,1,1,0,15.26,1979.0,1143.93,1949.0,-46.0,2606.5737,18.0,18.0,Super Ideal,D,VS1,1.73,IGI,7780.0
1500,Michelle Kennedy,2,Round,1,1,0,15.0,1980.0,1144.51,1950.0,-46.0,2621.9785,18.0,18.0,Super Ideal,D,VS1,1.73,IGI,7780.0
1500,Nebula Stones,2,Round,1,1,0,14.33,2007.0,1160.12,1977.0,-46.0,2682.126,18.0,18.0,Super Ideal,D,VS1,1.73,IGI,7780.0
1500,Periwinkle Stones,2,Round,1,1,0,18.29,2010.0,1161.85,1980.0,-45.0,2631.3821,18.0,18.0,Super Ideal,D,VS1,1.73,IGI,7780.0
1500,Roma Diamonds,2,Round,1,1,0,10.58,1977.0,1142.77,1947.0,-46.0,2628.449,18.0,18.0,Super Ideal,D,VS1,1.73,IGI,7780.0
1500,Simetría,2,Round,1,1,0,13.67,1994.98,1153.17,1965.0,-45.0,2576.3567,18.0,18.0,Super Ideal,D,VS1,1.73,IGI,7780.0
1500,Starlight Crafts,2,Round,1,1,0,13.39,1964.0,1135.26,1935.0,-46.0,2615.4788,18.0,18.0,Super Ideal,D,VS1,1.73,IGI,7780.0
1500,Temperley,2,Round,1,1,0,15.25,2062.0,1191.91,2031.0,-43.0,2612.4854,18.0,18.0,Super Ideal,D,VS1,1.73,IGI,7780.0
1500,White Lily,2,Round,1,1,0,14.18,2031.79,1174.45,2001.0,-45.0,2641.1284,18.0,18.0,Super Ideal,D,VS1,1.73,IGI,7780.0
1509,Serene Peaks Diamonds,2,Round,1,1,0,11.71,2136.0,1062.69,2104.0,-63.0,4081.7212,14.0,18.0,Very Good,F,VS1,2.01,IGI,10710.0
1509,Temperley,2,Round,1,1,0,12.45,2151.19,1070.24,2119.0,-61.0,3983.4155,15.0,18.0,Very Good,F,VS1,2.01,IGI,10710.0
1509,White Lily,2,Round,1,1,0,13.55,2151.19,1070.24,2119.0,-62.0,4025.6768,16.0,18.0,Very Good,F,VS1,2.01,IGI,10710.0
1512,Cirrus Gems,2,Round,1,1,0,13.89,839.68,656.0,827.0,-63.0,1612.947,18.0,18.0,Ideal,G,VS1,1.28,IGI,2570.0
1512,Temperley,2,Round,1,1,0,13.76,868.0,678.12,855.0,-62.0,1621.1993,18.0,18.0,Ideal,G,VS1,1.28,IGI,2570.0
1514,Marlowe & Co,2,Princess,2,2,0,15.01,344.0,573.33,339.0,-61.0,562.571,15.0,15.0,Super Ideal,E,VVS2,0.6,IGI,835.0
1514,Meridian Crafts,2,Princess,1,1,0,10.18,333.0,555.0,328.0,-66.0,623.9308,15.0,15.0,Super Ideal,E,VVS2,0.6,IGI,835.0
1514,Starlight Crafts,2,Princess,2,2,0,12.77,332.0,553.33,327.0,-64.0,589.8826,15.0,15.0,Super Ideal,E,VVS2,0.6,IGI,835.0
1525,Sunset Gems,2,Princess,1,1,0,19.87,1393.0,849.39,1372.0,-58.0,2118.4126,15.0,15.0,Super Ideal,H,VS2,1.64,IGI,3740.0
1528,Eternal Flame,2,Pear,1,1,0,14.52,1828.0,1296.45,1801.0,-54.0,2571.0635,15.0,15.0,Super Ideal,D,VVS2,1.41,IGI,5260.0
1528,Jane Brear,2,Pear,1,1,0,15.08,1821.0,1291.49,1794.0,-55.0,2599.9468,15.0,15.0,Super Ideal,D,VVS2,1.41,IGI,5260.0
1528,Michelle Kennedy,2,Pear,1,1,0,15.42,1825.82,1294.91,1798.0,-54.0,2557.6619,15.0,15.0,Super Ideal,D,VVS2,1.41,IGI,5260.0
1528,Promenade Jewelry,2,Pear,1,2,0,14.96,1826.0,1295.04,1799.0,-53.0,2520.2246,15.0,15.0,Super Ideal,D,VVS2,1.41,IGI,5260.0
1528,Sonata Gems,2,Pear,1,1,0,15.15,1778.06,1261.04,1751.0,-55.0,2538.4724,15.0,15.0,Super Ideal,D,VVS2,1.41,IGI,5260.0
1528,Temperley,2,Pear,1,1,0,20.05,1782.63,1264.28,1756.0,-55.0,2541.7651,15.0,15.0,Super Ideal,D,VVS2,1.41,IGI,5260.0
1528,White Lily,2,Pear,1,1,0,16.38,1805.8,1280.71,1779.0,-54.0,2556.9175,15.0,15.0,Super Ideal,D,VVS2,1.41,IGI,5260.0
1530,Cirrus Gems,2,Round,1,1,0,18.39,2898.0,1150.0,2855.0,-64.0,5749.0151,18.0,18.0,Super Ideal,G,VS1,2.52,IGI,9770.0
1530,Jane Brear,2,Round,1,1,0,10.61,2926.0,1161.11,2882.0,-64.0,5898.4014,18.0,18.0,Super Ideal,G,VS1,2.52,IGI,9770.0
1530,Meridian Crafts,2,Round,1,1,0,10.76,3014.0,1196.03,2969.0,-63.0,5830.585,18.0,18.0,Super Ideal,G,VS1,2.52,IGI,9770.0
1530,Michelle Kennedy,2,Round,1,1,0,16.6,3027.78,1201.5,2982.0,-62.0,5721.0278,18.0,18.0,Super Ideal,G,VS1,2.52,IGI,9770.0
1530,N. B. Diamonds,2,Round,1,1,0,19.26,2939.15,1166.33,2895.0,-64.0,5796.4575,18.0,18.0,Super Ideal,G,VS1,2.52,IGI,9770.0
1530,Sonata Gems,2,Round,1,1,0,11.29,2984.0,1184.13,2939.0,-63.0,5741.3252,18.0,18.0,Super Ideal,G,VS1,2.52,IGI,9770.0
1530,Temperley,2,Round,1,1,0,16.69,3041.72,1207.03,2996.0,-62.0,5690.1338,18.0,18.0,Super Ideal,G,VS1,2.52,IGI,9770.0
1530,White Lily,2,Round,1,1,0,15.38,3004.0,1192.06,2959.0,-63.0,5750.6895,18.0,18.0,Super Ideal,G,VS1,2.52,IGI,9770.0
1534,Sunset Gems,2,Round,1,1,0,21.51,1313.0,790.96,1293.0,-54.0,2024.6448,18.0,18.0,Super Ideal,G,SI1,1.66,IGI,3440.0
1534,White Lily,2,Round,1,1,0,20.83,1325.15,798.28,1305.0,-52.0,1958.0081,18.0,18.0,Super Ideal,G,SI1,1.66,IGI,3440.0
1539,Albert's Creations,2,Round,1,1,0,14.99,2050.0,1019.9,2019.0,-59.0,3614.3054,18.0,18.0,Super Ideal,D,SI1,2.01,IGI,7040.0
1539,Marlowe & Co,2,Round,1,1,0,11.96,2057.0,1023.38,2026.0,-59.0,3630.4014,18.0,18.0,Super Ideal,D,SI1,2.01,IGI,7040.0
1539,Michelle Kennedy,2,Round,1,1,0,12.3,2018.0,1003.98,1988.0,-60.0,3644.481,18.0,18.0,Super Ideal,D,SI1,2.01,IGI,7040.0
1539,Periwinkle Stones,2,Round,1,1,0,14.65,2132.28,1060.84,2100.0,-58.0,3594.5549,18.0,18.0,Super Ideal,D,SI1,2.01,IGI,7040.0
1539,Promenade Jewelry,2,Round,1,1,0,13.71,2050.0,1019.9,2019.0,-59.0,3573.7939,18.0,18.0,Super Ideal,D,SI1,2.01,IGI,7040.0
1539,Taiga Gems,2,Round,1,1,0,13.77,2038.4,1014.13,2008.0,-60.0,3642.9358,18.0,18.0,Super Ideal,D,SI1,2.01,IGI,7040.0
1539,Temperley,2,Round,1,1,0,11.34,2070.0,1029.85,2039.0,-58.0,3547.8367,18.0,18.0,Super Ideal,D,SI1,2.01,IGI,7040.0
1540,Jane Brear,2,Round,1,1,0,14.35,3303.4,1501.55,3254.0,-15.0,2783.4062,18.0,18.0,Ideal,J,VS1,2.2,IGI,4340.0
1540,Temperley,2,Round,1,1,0,11.7,3303.4,1501.55,3254.0,-15.0,2789.2493,18.0,18.0,Ideal,J,VS1,2.2,IGI,4340.0
1540,White Lily,2,Round,1,1,0,13.04,3303.4,1501.55,3254.0,-13.0,2710.7219,18.0,18.0,Ideal,J,VS1,2.2,IGI,4340.0
1542,White Lily,2,Round,1,1,0,22.97,1671.0,807.25,1646.0,-60.0,3020.8616,18.0,18.0,Super Ideal,G,SI1,2.07,IGI,5380.0
1543,Michelle Kennedy,2,Round,1,1,0,11.92,3137.24,1501.07,3090.0,-15.0,2638.1411,18.0,18.0,Super Ideal,J,VS1,2.09,IGI,4070.0
1543,Temperley,2,Round,1,1,0,14.23,1830.0,875.6,1803.0,-50.0,2615.7515,18.0,18.0,Super Ideal,J,VS1,2.09,IGI,4070.0
1543,White Lily,2,Round,1,1,0,13.24,3137.24,1501.07,3090.0,-14.0,2619.1743,18.0,18.0,Super Ideal,J,VS1,2.09,IGI,4070.0
1545,White Lily,2,Round,1,1,0,12.65,2013.0,1130.9,1983.0,-17.0,1733.8114,17.0,18.0,Ideal,I,SI1,1.78,IGI,3190.0
1553,Hoseki,2,Pear,1,2,0,15.06,381.08,747.22,375.0,-59.0,608.9137,15.0,15.0,Super Ideal,E,VVS1,0.51,IGI,780.0
1553,Michelle Kennedy,2,Pear,1,1,0,11.5,406.0,796.08,400.0,-50.0,529.6556,15.0,15.0,Super Ideal,E,VVS1,0.51,IGI,780.0
1553,Temperley,2,Pear,1,1,0,12.96,387.0,758.82,381.0,-56.0,565.16,15.0,15.0,Super Ideal,E,VVS1,0.51,IGI,780.0
1554,Albert's Creations,2,Oval,2,2,0,19.19,318.0,611.54,313.0,-33.0,319.2775,14.0,15.0,Very Good,D,SI1,0.52,IGI,645.0
1559,Cirrus Gems,2,Pear,2,2,0,15.89,815.55,791.8,803.0,-61.0,1361.4604,15.0,15.0,Very Good,G,VS1,1.03,IGI,2410.0
1559,Diamonds by Zoya,2,Pear,1,1,0,88.96,763.0,740.78,752.0,-64.0,1372.2521,15.0,15.0,Very Good,G,VS1,1.03,IGI,2410.0
1562,Avignon Diamonds,2,Emerald,1,1,0,10.87,762.0,705.56,751.0,-63.0,1337.6477,15.0,15.0,Super Ideal,G,VS2,1.08,IGI,2030.0
1562,CV Diamonds,2,Emerald,1,1,0,13.91,793.02,734.28,781.0,-62.0,1327.8141,15.0,15.0,Super Ideal,G,VS2,1.08,IGI,2030.0
1562,Cirrus Gems,2,Emerald,1,1,0,14.13,790.46,731.91,779.0,-62.0,1354.1923,15.0,15.0,Super Ideal,G,VS2,1.08,IGI,2030.0
1562,Fuji Diamonds,2,Emerald,1,1,0,13.7,764.4,707.78,753.0,-63.0,1323.6569,15.0,15.0,Super Ideal,G,VS2,1.08,IGI,2030.0
1562,N. B. Diamonds,2,Emerald,1,1,0,13.21,789.49,731.01,778.0,-62.0,1320.1842,15.0,15.0,Super Ideal,G,VS2,1.08,IGI,2030.0
1562,Temperley,2,Emerald,1,1,0,11.63,1223.85,1133.19,1205.0,-41.0,1332.1993,15.0,15.0,Super Ideal,G,VS2,1.08,IGI,2030.0
1562,White Lily,2,Emerald,1,2,0,15.94,868.64,804.3,856.0,-57.0,1284.6627,15.0,15.0,Super Ideal,G,VS2,1.08,IGI,2030.0
1563,Temperley,2,Round,1,1,0,18.78,2167.11,938.14,2135.0,-57.0,3648.7898,18.0,18.0,Ideal,F,SI1,2.31,IGI,7350.0
1563,Vega Diamonds,2,Round,1,1,0,19.4,2068.0,895.24,2037.0,-57.0,3448.6653,18.0,18.0,Ideal,F,SI1,2.31,IGI,7350.0
1563,White Lily,2,Round,1,1,0,19.87,2075.07,898.3,2044.0,-59.0,3658.4688,18.0,18.0,Ideal,F,SI1,2.31,IGI,7350.0
1566,Jane Brear,2,Round,1,1,0,20.63,951.0,720.45,937.0,-57.0,1595.1183,18.0,18.0,Ideal,G,VS2,1.32,IGI,2770.0
1575,White Lily,2,Round,1,1,0,11.83,1778.0,1084.15,1751.0,-15.0,1495.479,18.0,18.0,Ideal,I,SI2,1.64,IGI,2550.0
1579,Adalyn Jewelry,2,Round,1,1,0,11.52,1631.0,1087.33,1607.0,-59.0,2837.9688,18.0,18.0,Super Ideal,E,VVS2,1.5,IGI,5690.0
1579,Avignon Diamonds,2,Round,1,1,0,13.17,1646.0,1097.33,1621.0,-57.0,2730.1882,18.0,18.0,Super Ideal,E,VVS2,1.5,IGI,5690.0
1579,Camden Gems,2,Round,1,2,0,11.94,1631.0,1087.33,1607.0,-58.0,2793.0557,18.0,18.0,Super Ideal,E,VVS2,1.5,IGI,5690.0
1579,Ember Star,2,Round,1,1,0,14.33,1646.0,1097.33,1621.0,-58.0,2778.6333,18.0,18.0,Super Ideal,E,VVS2,1.5,IGI,5690.0
1579,Eternity Fine Jewelers,2,Round,1,1,0,10.9,1646.0,1097.33,1621.0,-57.0,2756.6089,18.0,18.0,Super Ideal,E,VVS2,1.5,IGI,5690.0
1579,Fuji Diamonds,2,Round,1,1,0,15.68,1641.0,1094.0,1616.0,-58.0,2786.6567,18.0,18.0,Super Ideal,E,VVS2,1.5,IGI,5690.0
1579,Gemstone Harmony,2,Round,1,1,0,12.35,1637.0,1091.33,1612.0,-57.0,2701.4172,18.0,18.0,Super Ideal,E,VVS2,1.5,IGI,5690.0
1579,Jane Brear,2,Round,1,1,0,18.96,1639.0,1092.67,1614.0,-57.0,2721.6387,18.0,18.0,Super Ideal,E,VVS2,1.5,IGI,5690.0
1579,Joan Cooper,2,Round,1,1,0,14.95,1634.0,1089.33,1609.0,-57.0,2748.3499,18.0,18.0,Super Ideal,E,VVS2,1.5,IGI,5690.0
1579,Marlowe & Co,2,Round,1,1,0,11.4,1647.0,1098.0,1622.0,-58.0,2781.0466,18.0,18.0,Super Ideal,E,VVS2,1.5,IGI,5690.0
1579,Michelle Kennedy,2,Round,1,1,0,16.0,1639.0,1092.67,1614.0,-58.0,2790.3474,18.0,18.0,Super Ideal,E,VVS2,1.5,IGI,5690.0
1579,Riviera Jewels,2,Round,1,1,0,11.4,1640.0,1093.33,1615.0,-58.0,2805.2356,18.0,18.0,Super Ideal,E,VVS2,1.5,IGI,5690.0
1579,Rosella,2,Round,1,1,0,12.66,1633.0,1088.67,1609.0,-58.0,2805.5183,18.0,18.0,Super Ideal,E,VVS2,1.5,IGI,5690.0
1579,Starlight Crafts,2,Round,1,1,0,12.23,1631.0,1087.33,1607.0,-59.0,2854.1904,18.0,18.0,Super Ideal,E,VVS2,1.5,IGI,5690.0
1579,Starlit Stones,2,Round,1,1,0,11.31,1643.0,1095.33,1618.0,-56.0,2687.0061,18.0,18.0,Super Ideal,E,VVS2,1.5,IGI,5690.0
1579,Stellar Radiance,2,Round,1,1,0,10.94,1640.0,1093.33,1615.0,-57.0,2738.6472,18.0,18.0,Super Ideal,E,VVS2,1.5,IGI,5690.0
1579,Temperley,2,Round,1,1,0,20.25,1639.0,1092.67,1614.0,-56.0,2696.1667,18.0,18.0,Super Ideal,E,VVS2,1.5,IGI,5690.0
1579,Thalassa Gems,2,Round,1,1,0,10.33,1638.0,1092.0,1613.0,-58.0,2762.6536,18.0,18.0,Super Ideal,E,VVS2,1.5,IGI,5690.0
1579,Vespera Gems,2,Round,1,1,0,15.11,1610.84,1073.89,1587.0,-58.0,2752.8174,18.0,18.0,Super Ideal,E,VVS2,1.5,IGI,5690.0
1579,Westport Jewelry,2,Round,1,1,0,13.88,1615.0,1076.67,1591.0,-59.0,2824.6987,18.0,18.0,Super Ideal,E,VVS2,1.5,IGI,5690.0
1580,Jane Brear,2,Round,1,2,0,11.93,1901.0,1067.98,1872.0,3.0,1320.7141,18.0,18.0,Ideal,I,SI2,1.78,IGI,2880.0
1581,Fuji Diamonds,5,Oval,3,2,0,26.53,378.34,504.45,373.0,-57.0,589.7292,14.0,15.0,Very Good,E,VS2,0.75,GCAL,1180.0
1588,Mei & Co,2,Marquise,1,1,0,17.55,948.24,790.2,934.0,-65.0,1723.9255,15.0,15.0,Super Ideal,F,VS2,1.2,IGI,2470.0
1588,Serene Peaks Diamonds,2,Marquise,2,1,0,16.25,961.0,800.83,947.0,-64.0,1691.5631,15.0,15.0,Super Ideal,F,VS2,1.2,IGI,2470.0
1588,White Lily,2,Marquise,1,1,0,13.42,942.0,785.0,928.0,-66.0,1749.8796,15.0,15.0,Super Ideal,F,VS2,1.2,IGI,2470.0
1589,Jane Brear,2,Round,1,1,0,11.06,924.36,770.3,910.0,-57.0,1553.8246,18.0,18.0,Super Ideal,D,SI1,1.2,IGI,2310.0
1589,Michelle Kennedy,2,Round,1,1,0,17.96,907.0,755.83,893.0,-57.0,1522.626,18.0,18.0,Super Ideal,D,SI1,1.2,IGI,2310.0
1589,Roma Diamonds,2,Round,1,1,0,37.95,1115.0,929.17,1098.0,-49.0,1567.2117,18.0,18.0,Super Ideal,D,SI1,1.2,IGI,2310.0
1589,Temperley,2,Round,1,1,0,12.79,926.0,771.67,912.0,-57.0,1547.0535,18.0,18.0,Super Ideal,D,SI1,1.2,IGI,2310.0
1589,Vega Diamonds,2,Round,1,1,0,20.17,856.0,713.33,843.0,-61.0,1569.1689,18.0,18.0,Super Ideal,D,SI1,1.2,IGI,2310.0
1590,Avignon Diamonds,2,Round,1,1,0,10.82,2567.0,1270.79,2528.0,-64.0,5058.4971,18.0,18.0,Ideal,F,VVS2,2.02,IGI,10055.0
1590,Bonsai Gems,2,Round,1,1,0,13.98,2618.0,1296.04,2579.0,-64.0,5140.7764,18.0,18.0,Ideal,F,VVS2,2.02,IGI,10055.0
1590,Camden Gems,2,Round,1,1,0,14.86,2599.0,1286.63,2560.0,-63.0,5043.3594,18.0,18.0,Ideal,F,VVS2,2.02,IGI,10055.0
1590,Cascade Diamonds,2,Round,1,1,0,16.34,2586.0,1280.2,2547.0,-64.0,5172.7808,18.0,18.0,Ideal,F,VVS2,2.02,IGI,10055.0
1590,Ember Star,2,Round,1,1,0,12.19,2601.0,1287.62,2562.0,-63.0,4998.5127,18.0,18.0,Ideal,F,VVS2,2.02,IGI,10055.0
1590,Gemstone Harmony,2,Round,1,1,0,12.45,2584.0,1279.21,2545.0,-64.0,5090.9443,18.0,18.0,Ideal,F,VVS2,2.02,IGI,10055.0
1590,Grace Brooks,2,Round,1,1,0,19.83,2604.94,1289.57,2566.0,-63.0,4993.79,18.0,18.0,Ideal,F,VVS2,2.02,IGI,10055.0
1590,Hazel Diamonds,2,Round,1,1,0,12.14,2543.0,1258.91,2505.0,-65.0,5181.6919,18.0,18.0,Ideal,F,VVS2,2.02,IGI,10055.0
1590,Hoseki,2,Round,1,1,0,14.8,2653.0,1313.37,2613.0,-63.0,5104.3066,18.0,18.0,Ideal,F,VVS2,2.02,IGI,10055.0
1590,Jane Brear,2,Round,1,1,0,17.33,2643.72,1308.77,2604.0,-63.0,5154.4014,18.0,18.0,Ideal,F,VVS2,2.02,IGI,10055.0
1590,Lyra Stones,2,Round,1,1,0,16.23,2613.86,1293.99,2575.0,-63.0,5063.8164,18.0,18.0,Ideal,F,VVS2,2.02,IGI,10055.0
1590,Marlowe & Co,2,Round,1,1,0,15.32,2627.0,1300.5,2588.0,-63.0,5148.1094,18.0,18.0,Ideal,F,VVS2,2.02,IGI,10055.0
1590,Mei & Co,2,Round,1,1,0,15.03,2584.0,1279.21,2545.0,-64.0,5117.5669,18.0,18.0,Ideal,F,VVS2,2.02,IGI,10055.0
1590,Michelle Kennedy,2,Round,1,1,0,15.42,2660.0,1316.83,2620.0,-63.0,5132.3086,18.0,18.0,Ideal,F,VVS2,2.02,IGI,10055.0
1590,Oasis Diamonds,2,Round,1,1,0,14.48,2660.63,1317.14,2621.0,-63.0,5184.1372,18.0,18.0,Ideal,F,VVS2,2.02,IGI,10055.0
1590,Periwinkle Stones,2,Round,1,1,0,14.16,2643.0,1308.42,2603.0,-63.0,5079.8647,18.0,18.0,Ideal,F,VVS2,2.02,IGI,10055.0
1590,Rosella,2,Round,1,1,0,10.85,2543.0,1258.91,2505.0,-65.0,5134.4609,18.0,18.0,Ideal,F,VVS2,2.02,IGI,10055.0
1590,Serenade Diamonds,2,Round,1,1,0,13.85,2514.0,1244.55,2476.0,-64.0,4998.9419,18.0,18.0,Ideal,F,VVS2,2.02,IGI,10055.0
1590,Starlight Crafts,2,Round,1,1,0,10.72,2596.0,1285.15,2557.0,-63.0,5044.4639,18.0,18.0,Ideal,F,VVS2,2.02,IGI,10055.0
1590,Stellar Radiance,2,Round,1,1,0,13.1,2588.0,1281.19,2549.0,-63.0,5054.9697,18.0,18.0,Ideal,F,VVS2,2.02,IGI,10055.0
1590,Temperley,2,Round,1,1,0,94.56,2623.0,1298.51,2584.0,-63.0,5031.0986,18.0,18.0,Ideal,F,VVS2,2.02,IGI,10055.0
1590,Thalassa Gems,2,Round,1,1,0,12.91,2596.0,1285.15,2557.0,-64.0,5171.2725,18.0,18.0,Ideal,F,VVS2,2.02,IGI,10055.0
1590,Tierra Mia Diamonds,2,Round,1,1,0,11.16,2581.0,1277.72,2542.0,-64.0,5062.7466,18.0,18.0,Ideal,F,VVS2,2.02,IGI,10055.0
1590,Vespera Gems,2,Round,1,1,0,13.69,2551.0,1262.87,2513.0,-63.0,4978.1602,18.0,18.0,Ideal,F,VVS2,2.02,IGI,10055.0
1590,White Lily,2,Round,1,1,0,14.1,2643.72,1308.77,2604.0,-63.0,5120.4741,18.0,18.0,Ideal,F,VVS2,2.02,IGI,10055.0
1598,N. B. Diamonds,2,Round,1,1,0,19.58,1963.0,846.12,1934.0,-50.0,2789.9402,18.0,18.0,Ideal,J,VS1,2.32,IGI,4920.0
1598,Temperley,2,Round,1,1,0,18.18,1982.04,854.33,1952.0,-48.0,2729.9827,18.0,18.0,Ideal,J,VS1,2.32,IGI,4920.0
1600,Avignon Diamonds,2,Oval,1,1,0,20.27,960.0,780.49,946.0,-65.0,1867.3384,15.0,15.0,Super Ideal,E,VS1,1.23,IGI,2860.0
1600,Ember Star,2,Oval,1,1,0,12.3,978.0,795.12,963.0,-64.0,1836.9312,15.0,15.0,Super Ideal,E,VS1,1.23,IGI,2860.0
1600,Ithaca Diamonds,2,Oval,1,1,0,11.36,991.0,805.69,976.0,-65.0,1893.8362,15.0,15.0,Super Ideal,E,VS1,1.23,IGI,2860.0
1600,Jane Brear,2,Oval,1,1,0,13.61,1072.28,871.77,1056.0,-61.0,1860.5981,15.0,15.0,Super Ideal,E,VS1,1.23,IGI,2860.0
1600,Michelle Kennedy,2,Oval,1,1,0,14.96,1011.0,821.95,996.0,-63.0,1833.4124,15.0,15.0,Super Ideal,E,VS1,1.23,IGI,2860.0
1600,Periwinkle Stones,2,Oval,1,1,0,20.01,986.0,801.63,971.0,-64.0,1859.77,15.0,15.0,Super Ideal,E,VS1,1.23,IGI,2860.0
1600,Roma Diamonds,2,Oval,1,1,0,14.49,973.0,791.06,958.0,-65.0,1887.022,15.0,15.0,Super Ideal,E,VS1,1.23,IGI,2860.0
1600,Temperley,2,Oval,1,1,0,14.83,1072.28,871.77,1056.0,-61.0,1856.4839,15.0,15.0,Super Ideal,E,VS1,1.23,IGI,2860.0
1601,Fabiola,2,Pear,1,1,0,10.97,755.0,725.96,744.0,-65.0,1384.4795,15.0,15.0,Super Ideal,G,VS2,1.04,IGI,2050.0
1601,Lotus Creation,2,Pear,1,1,0,16.83,726.76,698.81,716.0,-67.0,1423.4125,15.0,15.0,Super Ideal,G,VS2,1.04,IGI,2050.0
1601,Serene Peaks Diamonds,2,Pear,1,1,0,14.29,744.26,715.63,733.0,-65.0,1395.6033,15.0,15.0,Super Ideal,G,VS2,1.04,IGI,2050.0
1601,Taiga Gems,2,Pear,1,1,0,10.62,741.28,712.77,730.0,-65.0,1364.109,15.0,15.0,Super Ideal,G,VS2,1.04,IGI,2050.0
1601,White Lily,2,Pear,1,1,0,11.75,745.0,716.35,734.0,-65.0,1370.3767,15.0,15.0,Super Ideal,G,VS2,1.04,IGI,2050.0
1607,Albert's Creations,2,Oval,1,2,0,17.57,330.0,532.26,325.0,-28.0,307.0467,15.0,15.0,Very Good,E,SI1,0.62,IGI,640.0
1607,Promenade Jewelry,2,Oval,1,2,0,16.89,314.0,506.45,309.0,-25.0,280.6154,15.0,15.0,Very Good,E,SI1,0.62,IGI,640.0
1610,Diamonds by Zoya,2,Oval,2,1,0,14.31,313.42,712.32,309.0,-39.0,345.6264,14.0,15.0,Very Good,D,VS1,0.44,IGI,495.0
1610,Meridian Crafts,2,Oval,1,1,0,10.68,327.0,743.18,322.0,-29.0,308.7193,14.0,15.0,Very Good,D,VS1,0.44,IGI,495.0
1610,Temperley,2,Oval,1,1,0,19.44,315.0,715.91,310.0,-36.0,329.2852,15.0,15.0,Very Good,D,VS1,0.44,IGI,495.0
1610,White Lily,2,Oval,1,1,0,18.1,315.0,715.91,310.0,-24.0,280.6987,15.0,15.0,Very Good,D,VS1,0.44,IGI,495.0
1611,Grace Brooks,2,Asscher,1,1,0,22.89,867.0,858.42,854.0,-65.0,1555.0146,14.0,15.0,Very Good,D,VS2,1.01,IGI,2300.0
1611,Michelle Kennedy,2,Asscher,1,1,0,20.71,866.0,857.43,853.0,-68.0,1677.3862,15.0,15.0,Very Good,D,VS2,1.01,IGI,2300.0
1611,Taiga Gems,2,Asscher,1,1,0,16.22,859.0,850.5,846.0,-67.0,1601.4373,14.0,15.0,Very Good,D,VS2,1.01,IGI,2300.0
1611,Vega Diamonds,2,Asscher,1,1,0,13.66,844.0,835.64,831.0,-67.0,1613.5686,14.0,15.0,Very Good,D,VS2,1.01,IGI,2300.0
1614,Albert's Creations,2,Round,1,1,0,14.32,3158.0,1299.59,3111.0,-60.0,5605.7856,18.0,18.0,Super Ideal,E,VS1,2.43,IGI,12330.0
1614,Emilia Sterling,2,Round,1,1,0,11.51,3031.0,1247.33,2986.0,-61.0,5541.5815,18.0,18.0,Super Ideal,E,VS1,2.43,IGI,12330.0
1614,Eterna Luxe,2,Round,1,1,0,10.06,3170.0,1304.53,3122.0,-59.0,5491.3799,18.0,18.0,Super Ideal,E,VS1,2.43,IGI,12330.0
1614,Michelle Kennedy,2,Round,1,1,0,10.55,3162.0,1301.23,3115.0,-58.0,5333.6895,18.0,18.0,Super Ideal,E,VS1,2.43,IGI,12330.0
1614,N. B. Diamonds,2,Round,1,1,0,14.86,3087.0,1270.37,3041.0,-60.0,5478.4468,18.0,18.0,Super Ideal,E,VS1,2.43,IGI,12330.0
1614,Nebula Stones,2,Round,1,1,0,17.3,3238.0,1332.51,3189.0,-58.0,5579.4497,18.0,18.0,Super Ideal,E,VS1,2.43,IGI,12330.0
1614,Periwinkle Stones,2,Round,1,1,0,16.81,3208.0,1320.16,3160.0,-59.0,5588.5039,18.0,18.0,Super Ideal,E,VS1,2.43,IGI,12330.0
1614,Tamara,2,Round,1,1,0,15.45,3206.88,1319.7,3159.0,-58.0,5532.2051,18.0,18.0,Super Ideal,E,VS1,2.43,IGI,12330.0
1614,White Lily,2,Round,1,1,0,12.17,3162.0,1301.23,3115.0,-59.0,5555.0,18.0,18.0,Super Ideal,E,VS1,2.43,IGI,12330.0
1618,Jane Brear,2,Emerald,2,2,0,15.42,424.86,524.52,418.0,-29.0,386.7805,14.0,15.0,Very Good,I,SI2,0.81,IGI,780.0
1620,Michelle Kennedy,2,Round,1,1,0,20.11,354.0,411.63,349.0,-43.0,447.9451,17.0,18.0,Ideal,E,SI1,0.86,IGI,1200.0
1621,Albert's Creations,2,Round,1,1,0,13.35,1191.0,838.73,1173.0,-50.0,1715.9817,18.0,18.0,Super Ideal,E,VS1,1.42,IGI,3750.0
1621,Cirrus Gems,2,Round,1,1,0,20.17,1169.76,823.77,1152.0,-50.0,1689.4586,18.0,18.0,Super Ideal,E,VS1,1.42,IGI,3750.0
1621,Clermont Diamonds,2,Round,1,1,0,12.23,1192.0,839.44,1174.0,-50.0,1705.1515,18.0,18.0,Super Ideal,E,VS1,1.42,IGI,3750.0
1621,Fabiola,2,Round,1,1,0,10.25,1184.0,833.8,1166.0,-50.0,1702.2148,18.0,18.0,Super Ideal,E,VS1,1.42,IGI,3750.0
1621,Fiona Clément,2,Round,1,1,0,12.05,1180.0,830.99,1162.0,-50.0,1699.9376,18.0,18.0,Super Ideal,E,VS1,1.42,IGI,3750.0
1621,Hoseki,2,Round,1,1,0,19.1,1219.87,859.06,1202.0,-48.0,1688.5355,18.0,18.0,Super Ideal,E,VS1,1.42,IGI,3750.0
1621,Jane Brear,2,Round,1,1,0,17.83,1249.0,879.58,1230.0,-48.0,1711.6752,18.0,18.0,Super Ideal,E,VS1,1.42,IGI,3750.0
1621,Joan Cooper,2,Round,1,1,0,15.74,1189.02,837.34,1171.0,-50.0,1703.6462,18.0,18.0,Super Ideal,E,VS1,1.42,IGI,3750.0
1621,Lotus Creation,2,Round,1,1,0,17.84,1193.0,840.14,1175.0,-50.0,1709.1914,18.0,18.0,Super Ideal,E,VS1,1.42,IGI,3750.0
1621,Magnolia,2,Round,1,1,0,13.29,1179.0,830.28,1161.0,-51.0,1710.4015,18.0,18.0,Super Ideal,E,VS1,1.42,IGI,3750.0
1621,Marlowe & Co,2,Round,1,1,0,19.17,1255.69,884.29,1237.0,-47.0,1694.6565,18.0,18.0,Super Ideal,E,VS1,1.42,IGI,3750.0
1621,Mei & Co,2,Round,1,1,0,18.07,1188.03,836.64,1170.0,-49.0,1679.8634,18.0,18.0,Super Ideal,E,VS1,1.42,IGI,3750.0
1621,Meridian Crafts,2,Round,1,1,0,10.05,1190.0,838.03,1172.0,-50.0,1715.4277,18.0,18.0,Super Ideal,E,VS1,1.42,IGI,3750.0
1621,Michelle Kennedy,2,Round,1,1,0,21.31,1249.0,879.58,1230.0,-47.0,1675.1646,18.0,18.0,Super Ideal,E,VS1,1.42,IGI,3750.0
1621,Periwinkle Stones,2,Round,1,1,0,8.41,1218.0,857.75,1200.0,-49.0,1702.2101,18.0,18.0,Super Ideal,E,VS1,1.42,IGI,3750.0
1621,Promenade Jewelry,2,Round,1,1,0,17.37,1182.31,832.61,1165.0,-51.0,1717.0757,18.0,18.0,Super Ideal,E,VS1,1.42,IGI,3750.0
1621,Roma Diamonds,2,Round,1,1,0,36.54,1466.0,1032.39,1444.0,-38.0,1688.4766,18.0,18.0,Super Ideal,E,VS1,1.42,IGI,3750.0
1621,Serene Peaks Diamonds,2,Round,1,1,0,18.2,1203.0,847.18,1185.0,-49.0,1679.1543,18.0,18.0,Super Ideal,E,VS1,1.42,IGI,3750.0
1621,Sigma Diamonds,2,Round,1,1,0,12.51,1181.0,831.69,1163.0,-50.0,1706.6627,18.0,18.0,Super Ideal,E,VS1,1.42,IGI,3750.0
1621,Silva Diamonds,2,Round,1,1,0,14.58,1186.0,835.21,1168.0,-50.0,1714.1361,18.0,18.0,Super Ideal,E,VS1,1.42,IGI,3750.0
1621,Starlight Crafts,2,Round,1,1,0,13.3,1178.0,829.58,1160.0,-50.0,1688.238,18.0,18.0,Super Ideal,E,VS1,1.42,IGI,3750.0
1621,Tamara,2,Round,1,1,0,16.03,1210.92,852.76,1193.0,-49.0,1684.7335,18.0,18.0,Super Ideal,E,VS1,1.42,IGI,3750.0
1621,Temperley,2,Round,1,1,0,19.81,1249.0,879.58,1230.0,-47.0,1694.1573,18.0,18.0,Super Ideal,E,VS1,1.42,IGI,3750.0
1621,Vega Diamonds,2,Round,1,1,0,20.28,1163.01,819.02,1146.0,-52.0,1725.6251,18.0,18.0,Super Ideal,E,VS1,1.42,IGI,3750.0
1621,White Lily,2,Round,1,1,0,17.02,1243.0,875.35,1224.0,-46.0,1647.5323,18.0,18.0,Super Ideal,E,VS1,1.42,IGI,3750.0
1623,Jane Brear,2,Pear,1,1,0,15.98,848.37,815.74,836.0,-67.0,1664.3114,15.0,15.0,Very Good,F,VVS2,1.04,IGI,2400.0
1624,Clermont Diamonds,2,Oval,1,1,0,12.69,772.0,764.36,760.0,-66.0,1509.6896,14.0,15.0,Very Good,E,VS1,1.01,IGI,2385.0
1624,Eternity Fine Jewelers,2,Oval,1,1,0,15.21,778.09,770.39,766.0,-65.0,1491.7234,15.0,15.0,Very Good,E,VS1,1.01,IGI,2385.0
1624,Fuji Diamonds,2,Oval,1,1,0,15.06,775.0,767.33,763.0,-64.0,1449.3124,15.0,15.0,Very Good,E,VS1,1.01,IGI,2385.0
1624,Hoseki,2,Oval,1,1,0,13.11,787.04,779.25,775.0,-64.0,1455.639,15.0,15.0,Very Good,E,VS1,1.01,IGI,2385.0
1624,Infinity Diamonds,2,Oval,1,1,0,19.93,755.0,747.52,744.0,-65.0,1470.3004,15.0,15.0,Very Good,E,VS1,1.01,IGI,2385.0
1624,Jane Brear,2,Oval,1,1,0,11.83,782.0,774.26,770.0,-66.0,1571.5225,14.0,15.0,Very Good,E,VS1,1.01,IGI,2385.0
1624,Kaylin Crafts,2,Oval,1,1,0,15.98,748.96,741.54,738.0,-63.0,1362.36,14.0,15.0,Very Good,E,VS1,1.01,IGI,2385.0
1624,Magnolia,2,Oval,2,2,0,11.25,754.0,746.53,743.0,-65.0,1449.3124,15.0,15.0,Very Good,E,VS1,1.01,IGI,2385.0
1624,Marlowe & Co,2,Oval,1,1,0,11.97,791.0,783.17,779.0,-64.0,1497.6655,14.0,15.0,Very Good,E,VS1,1.01,IGI,2385.0
1624,Michelle Kennedy,2,Oval,1,1,0,12.96,794.01,786.15,782.0,-64.0,1480.7571,14.0,15.0,Very Good,E,VS1,1.01,IGI,2385.0
1624,Periwinkle Stones,2,Oval,1,1,0,16.77,775.0,767.33,763.0,-64.0,1454.2601,15.0,15.0,Very Good,E,VS1,1.01,IGI,2385.0
1624,Rosella,2,Oval,1,1,0,10.29,739.0,731.68,728.0,-67.0,1491.0515,14.0,15.0,Very Good,E,VS1,1.01,IGI,2385.0
1624,Serene Peaks Diamonds,2,Oval,1,2,0,12.44,764.16,756.59,753.0,-66.0,1510.7181,14.0,15.0,Very Good,E,VS1,1.01,IGI,2385.0
1624,Tamara,2,Oval,1,1,0,14.55,777.0,769.31,765.0,-65.0,1501.0519,15.0,15.0,Very Good,E,VS1,1.01,IGI,2385.0
1624,Temperley,2,Oval,1,1,0,10.52,783.0,775.25,771.0,-65.0,1513.2012,14.0,15.0,Very Good,E,VS1,1.01,IGI,2385.0
1624,Vega Diamonds,2,Oval,1,1,0,10.57,738.0,730.69,727.0,-66.0,1463.2239,15.0,15.0,Very Good,E,VS1,1.01,IGI,2385.0
1624,White Lily,2,Oval,1,1,0,11.92,843.76,835.41,831.0,-62.0,1491.0947,15.0,15.0,Very Good,E,VS1,1.01,IGI,2385.0
1631,Cirrus Gems,2,Round,1,1,0,21.57,1976.0,910.6,1946.0,-58.0,3369.3989,18.0,18.0,Ideal,H,VVS2,2.17,IGI,7480.0
1631,I & M Designs,2,Round,2,1,0,14.14,2029.0,935.02,1999.0,-57.0,3352.2256,18.0,18.0,Ideal,H,VVS2,2.17,IGI,7480.0
1631,Jane Brear,2,Round,1,1,0,17.42,2067.61,952.82,2037.0,-57.0,3403.9351,18.0,18.0,Ideal,H,VVS2,2.17,IGI,7480.0
1631,Taiga Gems,2,Round,1,1,0,14.25,2038.0,939.17,2007.0,-57.0,3367.2688,18.0,18.0,Ideal,H,VVS2,2.17,IGI,7480.0
1631,White Lily,2,Round,1,1,0,26.17,2158.0,994.47,2126.0,-55.0,3418.6938,18.0,18.0,Ideal,H,VVS2,2.17,IGI,7480.0
1639,Cirrus Gems,2,Round,1,1,0,22.07,3041.0,1294.04,2995.0,-62.0,5754.1953,18.0,18.0,Ideal,F,VVS2,2.35,IGI,12210.0
1639,Eterna Luxe,2,Round,1,1,0,13.53,3175.0,1351.06,3127.0,-61.0,5896.1792,18.0,18.0,Ideal,F,VVS2,2.35,IGI,12210.0
1639,Jane Brear,2,Round,1,1,0,19.56,3176.0,1351.49,3128.0,-61.0,5761.0107,18.0,18.0,Ideal,F,VVS2,2.35,IGI,12210.0
1639,Michelle Kennedy,2,Round,1,1,0,15.83,3179.0,1352.77,3131.0,-61.0,5846.2437,18.0,18.0,Ideal,F,VVS2,2.35,IGI,12210.0
1639,Roma Diamonds,2,Round,1,1,0,12.55,3169.0,1348.51,3121.0,-61.0,5757.4648,18.0,18.0,Ideal,F,VVS2,2.35,IGI,12210.0
1639,Seraphina Gems,2,Round,1,1,0,17.82,4002.88,1703.35,3943.0,-51.0,5903.7085,18.0,18.0,Ideal,F,VVS2,2.35,IGI,12210.0
1639,Temperley,2,Round,1,1,0,16.58,3196.0,1360.0,3148.0,-60.0,5724.1909,18.0,18.0,Ideal,F,VVS2,2.35,IGI,12210.0
1639,White Lily,2,Round,1,1,0,94.51,3111.0,1323.83,3064.0,-61.0,5747.564,18.0,18.0,Ideal,F,VVS2,2.35,IGI,12210.0
1640,Promenade Jewelry,2,Cushion,1,1,0,14.55,341.0,587.93,336.0,-57.0,500.3134,14.0,15.0,Very Good,E,VVS2,0.58,IGI,780.0
1645,Temperley,2,Round,1,1,0,10.78,336.0,672.0,331.0,-52.0,496.8143,18.0,18.0,Ideal,G,VVS2,0.5,IGI,695.0
1646,Hoseki,2,Oval,1,1,0,10.96,733.32,698.4,722.0,-60.0,1244.6206,15.0,15.0,Super Ideal,H,VS1,1.05,IGI,1940.0
1646,Taiga Gems,2,Oval,1,1,0,15.13,712.0,678.1,701.0,-64.0,1318.1445,15.0,15.0,Super Ideal,H,VS1,1.05,IGI,1940.0
1646,Westminster Diamonds,2,Oval,1,1,0,13.03,717.0,682.86,706.0,-62.0,1264.9919,15.0,15.0,Super Ideal,H,VS1,1.05,IGI,1940.0
1647,Jane Brear,2,Emerald,1,1,0,29.9,365.79,468.96,360.0,-51.0,475.9871,15.0,15.0,Super Ideal,F,VVS2,0.78,IGI,1280.0
1647,Temperley,2,Emerald,1,1,0,32.18,366.0,469.23,361.0,-56.0,536.3959,15.0,15.0,Super Ideal,F,VVS2,0.78,IGI,1280.0
1647,White Lily,2,Emerald,1,1,0,32.37,366.0,469.23,361.0,-58.0,554.9186,15.0,15.0,Super Ideal,F,VVS2,0.78,IGI,1280.0
1649,Sara's Diamonds,2,Round,1,1,0,67.69,3712.0,1726.51,3656.0,-63.0,7262.7686,18.0,18.0,Ideal,D,VVS1,2.15,IGI,13500.0
1649,Silva Diamonds,2,Round,1,1,0,10.85,3776.0,1756.28,3719.0,-62.0,7078.1421,18.0,18.0,Ideal,D,VVS1,2.15,IGI,13500.0
1651,Jane Brear,2,Round,1,1,0,15.52,348.25,535.77,343.0,-46.0,464.4346,18.0,18.0,Super Ideal,E,VS2,0.65,IGI,910.0
1651,Lotus Creation,2,Round,1,1,0,17.44,328.15,504.85,323.0,-50.0,472.3009,18.0,18.0,Super Ideal,E,VS2,0.65,IGI,910.0
1651,Marlowe & Co,2,Round,1,1,0,13.59,344.0,529.23,339.0,-47.0,461.9651,18.0,18.0,Super Ideal,E,VS2,0.65,IGI,910.0
1651,Michelle Kennedy,2,Round,1,1,0,13.89,388.05,597.0,382.0,-35.0,425.7552,18.0,18.0,Super Ideal,E,VS2,0.65,IGI,910.0
1651,Temperley,2,Round,1,1,0,13.47,345.0,530.77,340.0,-47.0,462.835,18.0,18.0,Super Ideal,E,VS2,0.65,IGI,910.0
1651,White Lily,2,Round,1,1,0,14.33,357.2,549.54,352.0,-45.0,461.2263,18.0,18.0,Super Ideal,E,VS2,0.65,IGI,910.0
1655,Emilia Sterling,2,Oval,1,1,0,22.23,895.66,746.38,882.0,-64.0,1676.8888,15.0,15.0,Super Ideal,G,VS2,1.2,IGI,2400.0
1655,Periwinkle Stones,2,Oval,1,1,0,16.93,939.28,782.73,925.0,-64.0,1743.6168,15.0,15.0,Super Ideal,G,VS2,1.2,IGI,2400.0
1655,Serene Peaks Diamonds,2,Oval,1,1,0,18.85,914.4,762.0,901.0,-63.0,1670.885,15.0,15.0,Super Ideal,G,VS2,1.2,IGI,2400.0
1655,Temperley,2,Oval,1,1,0,20.37,966.14,805.12,952.0,-61.0,1648.4583,15.0,15.0,Super Ideal,G,VS2,1.2,IGI,2400.0
1656,Fabiola,2,Round,1,1,0,11.12,1494.0,1149.23,1472.0,-46.0,1983.7473,18.0,18.0,Super Ideal,F,VVS1,1.3,IGI,4470.0
1656,Jane Brear,2,Round,1,1,0,14.47,1535.0,1180.77,1512.0,-46.0,2041.4861,18.0,18.0,Super Ideal,F,VVS1,1.3,IGI,4470.0
1656,Temperley,2,Round,1,1,0,14.72,1517.38,1167.22,1495.0,-45.0,1966.9681,18.0,18.0,Super Ideal,F,VVS1,1.3,IGI,4470.0
1658,Cirrus Gems,2,Round,1,1,0,19.93,936.2,698.66,922.0,-59.0,1635.9436,18.0,18.0,Super Ideal,G,VS1,1.34,IGI,2930.0
1658,Clermont Diamonds,2,Round,1,1,0,11.24,943.26,703.93,929.0,-58.0,1616.7133,18.0,18.0,Super Ideal,G,VS1,1.34,IGI,2930.0
1658,Ember Star,2,Round,1,1,0,12.13,920.0,686.57,906.0,-58.0,1577.1393,18.0,18.0,Super Ideal,G,VS1,1.34,IGI,2930.0
1658,Michelle Kennedy,2,Round,1,1,0,18.66,968.0,722.39,953.0,-57.0,1624.5751,18.0,18.0,Super Ideal,G,VS1,1.34,IGI,2930.0
1658,Taiga Gems,2,Round,1,1,0,18.05,948.0,707.46,934.0,-58.0,1623.813,18.0,18.0,Super Ideal,G,VS1,1.34,IGI,2930.0
1658,Temperley,2,Round,1,1,0,16.36,996.0,743.28,981.0,-56.0,1612.1802,18.0,18.0,Super Ideal,G,VS1,1.34,IGI,2930.0
1662,Infinity Diamonds,2,Oval,1,1,0,17.19,2757.0,1288.32,2716.0,-60.0,4690.0654,15.0,15.0,Super Ideal,F,VVS2,2.14,IGI,10690.0
1670,Fuji Diamonds,5,Pear,1,2,0,19.24,2144.56,1051.25,2112.0,-66.0,4041.9919,15.0,15.0,Very Good,G,VS1,2.04,GCAL,8150.0
1676,Cirrus Gems,2,Round,1,1,0,19.67,2414.81,1014.63,2379.0,-59.0,4251.1426,18.0,18.0,Ideal,F,VS2,2.38,IGI,9940.0
1676,Diamonds by Zoya,2,Round,1,1,0,19.96,2384.89,1002.05,2349.0,-60.0,4266.7754,17.0,18.0,Ideal,F,VS2,2.38,IGI,9940.0
1676,Emilia Sterling,2,Round,1,1,0,10.06,2419.0,1016.39,2383.0,-59.0,4262.0269,18.0,18.0,Ideal,F,VS2,2.38,IGI,9940.0
1676,Jane Brear,2,Round,1,1,0,19.51,2427.35,1019.89,2391.0,-60.0,4315.1265,18.0,18.0,Ideal,F,VS2,2.38,IGI,9940.0
1676,Seraphina Gems,2,Round,1,1,0,16.35,3066.59,1288.48,3021.0,-49.0,4269.4429,18.0,18.0,Ideal,F,VS2,2.38,IGI,9940.0
1676,Taiga Gems,2,Round,1,1,0,16.15,2421.56,1017.46,2385.0,-59.0,4251.9199,18.0,18.0,Ideal,F,VS2,2.38,IGI,9940.0
1676,Temperley,2,Round,1,1,0,19.71,2423.49,1018.27,2387.0,-60.0,4336.0107,18.0,18.0,Ideal,F,VS2,2.38,IGI,9940.0
1676,White Lily,2,Round,1,1,0,17.2,2425.42,1019.08,2389.0,-60.0,4367.1035,18.0,18.0,Ideal,F,VS2,2.38,IGI,9940.0
1677,Temperley,2,Oval,2,2,0,20.56,323.0,529.51,318.0,-55.0,480.3846,14.0,15.0,Very Good,G,VS1,0.61,IGI,700.0
1681,Cirrus Gems,2,Round,1,2,0,21.31,704.0,645.87,693.0,-61.0,1284.3579,18.0,18.0,Super Ideal,G,VS1,1.09,IGI,2342.86
1681,Jane Brear,2,Round,1,1,0,10.56,722.0,662.39,711.0,-57.0,1204.5863,18.0,18.0,Super Ideal,G,VS1,1.09,IGI,2342.86
1681,Meridian Crafts,2,Round,1,1,0,14.13,700.0,642.2,690.0,-59.0,1228.6154,18.0,18.0,Super Ideal,G,VS1,1.09,IGI,2342.86
1681,Michelle Kennedy,2,Round,1,1,0,16.22,731.58,671.17,721.0,-57.0,1227.7368,18.0,18.0,Super Ideal,G,VS1,1.09,IGI,2342.86
1681,Nova Stars,2,Round,1,1,0,10.81,699.0,641.28,689.0,-59.0,1227.9636,18.0,18.0,Super Ideal,G,VS1,1.09,IGI,2342.86
1681,Roma Diamonds,2,Round,1,1,0,39.77,920.0,844.04,906.0,-47.0,1234.2354,18.0,18.0,Super Ideal,G,VS1,1.09,IGI,2342.86
1681,Simetría,2,Round,1,1,0,17.1,714.41,655.42,704.0,-58.0,1230.8423,18.0,18.0,Super Ideal,G,VS1,1.09,IGI,2342.86
1681,Temperley,2,Round,1,1,0,18.12,733.0,672.48,722.0,-59.0,1273.3665,18.0,18.0,Super Ideal,G,VS1,1.09,IGI,2342.86
1681,White Lily,2,Round,1,1,0,92.52,731.0,670.64,720.0,-57.0,1214.0189,18.0,18.0,Super Ideal,G,VS1,1.09,IGI,2342.86
1686,Cornerstone,5,Emerald,2,2,0,17.95,688.15,756.21,678.0,-50.0,878.5734,14.0,15.0,Very Good,E,SI1,0.91,GCAL,1510.0
1687,Emilia Sterling,2,Round,1,1,0,13.52,2236.0,1040.0,2202.0,-61.0,4075.8113,18.0,18.0,Ideal,F,VS1,2.15,IGI,8676.67
1687,Eterna Luxe,2,Round,1,1,0,13.01,2285.0,1062.79,2251.0,-59.0,3961.3059,18.0,18.0,Ideal,F,VS1,2.15,IGI,8676.67
1687,I & M Designs,2,Round,1,1,0,14.7,2383.0,1108.37,2347.0,-58.0,4106.396,18.0,18.0,Ideal,F,VS1,2.15,IGI,8676.67
1687,Jane Brear,2,Round,1,1,0,11.76,2287.0,1063.72,2253.0,-60.0,4054.4597,18.0,18.0,Ideal,F,VS1,2.15,IGI,8676.67
1687,Michelle Kennedy,2,Round,1,1,0,15.55,2340.24,1088.48,2305.0,-60.0,4163.1504,18.0,18.0,Ideal,F,VS1,2.15,IGI,8676.67
1687,Tamara,2,Round,1,1,0,17.07,2283.0,1061.86,2249.0,-60.0,4075.0159,18.0,18.0,Ideal,F,VS1,2.15,IGI,8676.67
1687,Temperley,2,Round,1,1,0,12.62,2367.0,1100.93,2331.0,-59.0,4132.3047,18.0,18.0,Ideal,F,VS1,2.15,IGI,8676.67
1687,Verve Jewels,2,Round,1,1,0,18.63,2218.0,1031.63,2185.0,-60.0,4002.6965,18.0,18.0,Ideal,F,VS1,2.15,IGI,8676.67
1687,White Lily,2,Round,1,1,0,12.5,2264.0,1053.02,2230.0,-60.0,4008.426,18.0,18.0,Ideal,F,VS1,2.15,IGI,8676.67
1688,Sunset Gems,2,Radiant,1,1,0,13.27,438.18,617.15,432.0,-52.0,598.5365,15.0,15.0,Very Good,I,VVS2,0.71,IGI,820.0
1689,Cornerstone,2,Emerald,3,3,0,15.34,929.44,893.69,915.0,-63.0,1611.5605,12.0,15.0,Very Good,D,VS1,1.04,IGI,2510.0
1689,Marlowe & Co,2,Emerald,1,1,0,13.42,918.0,882.69,904.0,-63.0,1594.2104,14.0,15.0,Very Good,D,VS1,1.04,IGI,2510.0
1689,Temperley,2,Emerald,1,2,0,11.89,1095.0,1052.88,1079.0,-54.0,1540.7524,14.0,15.0,Very Good,D,VS1,1.04,IGI,2510.0
1689,White Lily,2,Emerald,1,2,0,14.61,916.4,881.15,903.0,-63.0,1605.1388,14.0,15.0,Very Good,D,VS1,1.04,IGI,2510.0
1691,Albert's Creations,2,Pear,1,1,0,12.08,872.0,822.64,859.0,-65.0,1603.8407,15.0,15.0,Super Ideal,D,VS1,1.06,IGI,2920.0
1691,Avignon Diamonds,2,Pear,1,1,0,15.41,880.0,830.19,867.0,-65.0,1646.1833,15.0,15.0,Super Ideal,D,VS1,1.06,IGI,2920.0
1691,Bayside Gems,2,Pear,1,1,0,11.8,883.56,833.55,870.0,-65.0,1619.9691,15.0,15.0,Super Ideal,D,VS1,1.06,IGI,2920.0
1691,Diamonds by Zoya,2,Pear,1,1,0,89.72,876.0,826.42,863.0,-64.0,1587.3904,15.0,15.0,Super Ideal,D,VS1,1.06,IGI,2920.0
1691,Ember Star,2,Pear,1,1,0,17.99,846.0,798.11,833.0,-66.0,1596.8503,15.0,15.0,Super Ideal,D,VS1,1.06,IGI,2920.0
1691,Hazel Diamonds,2,Pear,1,2,0,17.19,873.0,823.58,860.0,-64.0,1573.8126,15.0,15.0,Super Ideal,D,VS1,1.06,IGI,2920.0
1691,Infinity Diamonds,2,Pear,1,1,0,21.04,886.0,835.85,873.0,-64.0,1617.2874,15.0,15.0,Super Ideal,D,VS1,1.06,IGI,2920.0
1691,Jane Brear,2,Pear,1,1,0,18.5,887.0,836.79,874.0,-64.0,1596.7705,15.0,15.0,Super Ideal,D,VS1,1.06,IGI,2920.0
1691,Marlowe & Co,2,Pear,1,2,0,12.98,864.0,815.09,851.0,-64.0,1559.2494,15.0,15.0,Super Ideal,D,VS1,1.06,IGI,2920.0
1691,Michelle Kennedy,2,Pear,1,1,0,13.85,879.0,829.25,866.0,-66.0,1688.6042,15.0,15.0,Super Ideal,D,VS1,1.06,IGI,2920.0
1691,Periwinkle Stones,2,Pear,1,1,0,16.38,890.0,839.62,877.0,-64.0,1617.2874,15.0,15.0,Super Ideal,D,VS1,1.06,IGI,2920.0
1691,Promenade Jewelry,2,Pear,1,2,0,13.5,865.74,816.74,853.0,-65.0,1586.2363,15.0,15.0,Super Ideal,D,VS1,1.06,IGI,2920.0
1691,Rosella,2,Pear,1,1,0,13.46,851.0,802.83,838.0,-65.0,1558.7493,15.0,15.0,Super Ideal,D,VS1,1.06,IGI,2920.0
1691,Taiga Gems,2,Pear,1,1,0,12.11,870.0,820.75,857.0,-65.0,1627.4576,15.0,15.0,Super Ideal,D,VS1,1.06,IGI,2920.0
1691,Temperley,2,Pear,1,1,0,14.13,877.0,827.36,864.0,-64.0,1588.8617,15.0,15.0,Super Ideal,D,VS1,1.06,IGI,2920.0
1691,Vega Diamonds,2,Pear,1,1,0,18.4,846.0,798.11,833.0,-66.0,1592.7598,15.0,15.0,Super Ideal,D,VS1,1.06,IGI,2920.0
1691,White Lily,2,Pear,1,1,0,14.92,877.0,827.36,864.0,-64.0,1559.2494,15.0,15.0,Super Ideal,D,VS1,1.06,IGI,2920.0
1693,Bella Gems,2,Marquise,1,1,0,10.95,1002.0,982.35,987.0,-63.0,1748.1471,15.0,15.0,Super Ideal,G,VVS1,1.02,IGI,2290.0
1693,Ember Star,2,Marquise,1,1,0,21.7,979.63,960.42,965.0,-65.0,1769.4104,15.0,15.0,Super Ideal,G,VVS1,1.02,IGI,2290.0
1693,Fabiola,2,Marquise,1,1,0,17.39,999.0,979.41,984.0,-64.0,1780.4332,15.0,15.0,Super Ideal,G,VVS1,1.02,IGI,2290.0
1693,Fuji Diamonds,2,Marquise,1,1,0,21.14,1013.41,993.54,998.0,-64.0,1778.1235,15.0,15.0,Super Ideal,G,VVS1,1.02,IGI,2290.0
1693,Taiga Gems,2,Marquise,1,1,0,16.28,1003.96,984.27,989.0,-62.0,1702.1677,15.0,15.0,Super Ideal,G,VVS1,1.02,IGI,2290.0
1693,Temperley,2,Marquise,1,1,0,16.68,1027.88,1007.73,1012.0,-63.0,1784.479,15.0,15.0,Super Ideal,G,VVS1,1.02,IGI,2290.0
1693,White Lily,2,Marquise,1,1,0,17.84,1049.0,1028.43,1033.0,-61.0,1722.0116,15.0,15.0,Super Ideal,G,VVS1,1.02,IGI,2290.0
1694,55 E Diamonds,2,Round,1,1,0,12.94,1002.0,788.98,987.0,-62.0,1909.0411,18.0,18.0,Ideal,E,VVS2,1.27,IGI,3600.0
1694,Emilia Sterling,2,Round,1,1,0,14.19,960.0,755.91,946.0,-64.0,1885.7722,18.0,18.0,Ideal,E,VVS2,1.27,IGI,3600.0
1694,Fabiola,2,Round,1,1,0,11.04,967.0,761.42,952.0,-63.0,1887.1844,18.0,18.0,Ideal,E,VVS2,1.27,IGI,3600.0
1694,Gemstone Harmony,2,Round,1,1,0,13.56,979.0,770.87,964.0,-63.0,1911.6241,18.0,18.0,Ideal,E,VVS2,1.27,IGI,3600.0
1694,Hill & Holland,2,Round,1,1,0,18.69,1034.0,814.17,1018.0,-61.0,1882.0616,18.0,18.0,Ideal,E,VVS2,1.27,IGI,3600.0
1694,Jane Brear,2,Round,1,1,0,12.53,992.0,781.1,977.0,-62.0,1893.7542,18.0,18.0,Ideal,E,VVS2,1.27,IGI,3600.0
1694,Komorebi Diamonds,2,Round,1,1,0,20.67,970.0,763.78,955.0,-64.0,1908.6866,18.0,18.0,Ideal,E,VVS2,1.27,IGI,3600.0
1694,Magnolia,2,Round,1,1,0,12.5,967.0,761.42,952.0,-64.0,1896.8513,18.0,18.0,Ideal,E,VVS2,1.27,IGI,3600.0
1694,Marlowe & Co,2,Round,1,1,0,10.22,989.0,778.74,974.0,-62.0,1872.6227,18.0,18.0,Ideal,E,VVS2,1.27,IGI,3600.0
1694,Michelle Kennedy,2,Round,1,1,0,18.63,1022.86,805.4,1008.0,-61.0,1879.6177,18.0,18.0,Ideal,E,VVS2,1.27,IGI,3600.0
1694,Nebula Stones,2,Round,1,1,0,17.98,1001.96,788.94,987.0,-62.0,1902.6395,18.0,18.0,Ideal,E,VVS2,1.27,IGI,3600.0
1694,Roma Diamonds,2,Round,1,1,0,39.57,1220.0,960.63,1202.0,-54.0,1898.5355,18.0,18.0,Ideal,E,VVS2,1.27,IGI,3600.0
1694,Silva Diamonds,2,Round,1,1,0,11.18,968.0,762.2,953.0,-64.0,1923.36,18.0,18.0,Ideal,E,VVS2,1.27,IGI,3600.0
1694,Simetría,2,Round,1,1,0,18.81,985.05,775.63,970.0,-63.0,1902.6532,18.0,18.0,Ideal,E,VVS2,1.27,IGI,3600.0
1694,Starlight Crafts,2,Round,1,1,0,14.46,968.0,762.2,953.0,-63.0,1891.3558,18.0,18.0,Ideal,E,VVS2,1.27,IGI,3600.0
1694,Taiga Gems,2,Round,1,1,0,13.72,961.0,756.69,947.0,-63.0,1870.7302,18.0,18.0,Ideal,E,VVS2,1.27,IGI,3600.0
1694,Tilia Diamonds,2,Round,1,1,0,17.94,981.07,772.5,966.0,-63.0,1904.6479,18.0,18.0,Ideal,E,VVS2,1.27,IGI,3600.0
1694,White Lily,2,Round,1,1,0,8.91,1030.0,811.02,1015.0,-61.0,1878.2743,18.0,18.0,Ideal,E,VVS2,1.27,IGI,3600.0
1695,Lotus Creation,2,Princess,1,1,0,21.9,711.32,671.06,701.0,-64.0,1239.5426,15.0,15.0,Super Ideal,H,VS1,1.06,IGI,1900.0
1695,Temperley,2,Princess,1,1,0,21.9,741.28,699.32,730.0,-61.0,1208.8322,15.0,15.0,Super Ideal,H,VS1,1.06,IGI,1900.0
1695,Thalassa Gems,2,Princess,1,1,0,22.98,719.38,678.66,709.0,-62.0,1191.8225,15.0,15.0,Super Ideal,H,VS1,1.06,IGI,1900.0
1700,Hoseki,2,Oval,1,1,0,11.71,342.0,488.57,337.0,-39.0,380.6985,15.0,15.0,Super Ideal,E,SI1,0.7,IGI,1030.0
1700,Jane Brear,2,Oval,1,1,0,17.92,352.28,503.26,347.0,-38.0,383.3261,15.0,15.0,Super Ideal,E,SI1,0.7,IGI,1030.0
1700,Marble Arch,2,Oval,1,1,0,10.91,349.0,498.57,344.0,-39.0,388.2246,15.0,15.0,Super Ideal,E,SI1,0.7,IGI,1030.0
1700,Temperley,2,Oval,1,1,0,17.5,353.0,504.29,348.0,-40.0,396.6302,15.0,15.0,Super Ideal,E,SI1,0.7,IGI,1030.0
1703,Temperley,2,Radiant,1,1,0,15.66,1317.38,844.47,1298.0,-64.0,2373.8958,15.0,15.0,Very Good,G,VS2,1.56,IGI,3920.0
1704,Jane Brear,2,Round,1,1,0,12.54,1152.21,753.08,1135.0,-53.0,1762.4371,18.0,18.0,Ideal,H,VS2,1.53,IGI,3210.0
1708,Hoseki,2,Round,1,1,0,14.48,339.0,678.0,334.0,-58.0,578.2841,18.0,18.0,Ideal,E,VVS1,0.5,IGI,885.0
1708,Jane Brear,2,Round,1,1,0,15.72,348.0,696.0,343.0,-61.0,638.48,18.0,18.0,Ideal,E,VVS1,0.5,IGI,885.0
1708,Michelle Kennedy,2,Round,1,1,0,15.89,332.0,664.0,327.0,-59.0,578.6129,18.0,18.0,Ideal,E,VVS1,0.5,IGI,885.0
1708,Temperley,2,Round,1,2,0,28.15,340.29,680.58,335.0,-63.0,665.0307,18.0,18.0,Ideal,E,VVS1,0.5,IGI,885.0
1708,White Lily,2,Round,1,1,0,17.5,348.0,696.0,343.0,-60.0,628.3533,18.0,18.0,Ideal,E,VVS1,0.5,IGI,885.0
1711,Emilia Sterling,2,Cushion,1,1,0,16.48,2262.31,1108.98,2228.0,-62.0,3791.4658,15.0,15.0,Super Ideal,F,VS1,2.04,IGI,7460.0
1711,Eternal Flame,2,Cushion,1,2,0,17.41,2258.0,1106.86,2224.0,-65.0,4054.5627,15.0,15.0,Super Ideal,F,VS1,2.04,IGI,7460.0
1711,Hoseki,2,Cushion,1,1,0,12.54,2317.0,1135.78,2282.0,-63.0,3932.6428,15.0,15.0,Super Ideal,F,VS1,2.04,IGI,7460.0
1711,Jane Brear,2,Cushion,1,1,0,11.22,2335.0,1144.61,2300.0,-64.0,4060.6472,15.0,15.0,Super Ideal,F,VS1,2.04,IGI,7460.0
1711,Lunar Diamonds,2,Cushion,1,1,0,93.85,2302.0,1128.43,2267.0,-64.0,4066.884,15.0,15.0,Super Ideal,F,VS1,2.04,IGI,7460.0
1711,Marble Arch,2,Cushion,1,1,0,13.71,2287.0,1121.08,2253.0,-64.0,4038.9202,15.0,15.0,Super Ideal,F,VS1,2.04,IGI,7460.0
1711,Michelle Kennedy,2,Cushion,1,1,0,14.39,2332.28,1143.27,2297.0,-63.0,3964.8301,15.0,15.0,Super Ideal,F,VS1,2.04,IGI,7460.0
1711,Periwinkle Stones,2,Cushion,1,1,0,16.55,2352.0,1152.94,2317.0,-63.0,3961.0857,15.0,15.0,Super Ideal,F,VS1,2.04,IGI,7460.0
1711,Promenade Jewelry,2,Cushion,1,1,0,11.33,2314.0,1134.31,2279.0,-64.0,4035.1758,15.0,15.0,Super Ideal,F,VS1,2.04,IGI,7460.0
1711,Rosella,2,Cushion,1,1,0,16.87,2259.42,1107.56,2226.0,-65.0,4050.4451,15.0,15.0,Super Ideal,F,VS1,2.04,IGI,7460.0
1711,Starlight Crafts,2,Cushion,1,1,0,13.49,2302.0,1128.43,2267.0,-63.0,3961.0857,15.0,15.0,Super Ideal,F,VS1,2.04,IGI,7460.0
1711,Taiga Gems,2,Cushion,1,1,0,12.19,2316.36,1135.47,2282.0,-62.0,3824.7424,15.0,15.0,Super Ideal,F,VS1,2.04,IGI,7460.0
1711,Temperley,2,Cushion,1,1,0,14.22,2332.28,1143.27,2297.0,-63.0,3953.4031,15.0,15.0,Super Ideal,F,VS1,2.04,IGI,7460.0
1711,Vega Diamonds,2,Cushion,1,1,0,19.51,2236.0,1096.08,2202.0,-65.0,4048.4678,15.0,15.0,Super Ideal,F,VS1,2.04,IGI,7460.0
1711,Verve Jewels,2,Cushion,1,1,0,16.6,2268.0,1111.76,2234.0,-65.0,4054.5627,15.0,15.0,Super Ideal,F,VS1,2.04,IGI,7460.0
1711,White Lily,2,Cushion,1,1,0,13.29,2332.28,1143.27,2297.0,-62.0,3879.8049,15.0,15.0,Super Ideal,F,VS1,2.04,IGI,7460.0
1716,Hazel Diamonds,2,Cushion,1,1,0,15.72,5215.0,1732.56,5137.0,-57.0,7670.9014,15.0,15.0,Very Good,F,VVS2,3.01,IGI,16610.0
1716,Michelle Kennedy,2,Cushion,1,1,0,18.35,5508.0,1829.9,5425.0,-58.0,8353.5049,15.0,15.0,Very Good,F,VVS2,3.01,IGI,16610.0
1716,N. B. Diamonds,2,Cushion,1,1,0,19.11,5236.0,1739.53,5157.0,-57.0,7638.0386,14.0,15.0,Very Good,F,VVS2,3.01,IGI,16610.0
1718,Jane Brear,2,Round,1,1,0,15.5,1277.0,713.41,1258.0,-55.0,2013.9293,18.0,18.0,Super Ideal,I,VS1,1.79,IGI,3690.0
1718,Michelle Kennedy,2,Round,1,1,0,12.53,1295.49,723.74,1276.0,-54.0,1994.6448,18.0,18.0,Super Ideal,I,VS1,1.79,IGI,3690.0
1718,White Lily,2,Round,1,1,0,15.08,1407.0,786.03,1386.0,-48.0,1941.509,18.0,18.0,Super Ideal,I,VS1,1.79,IGI,3690.0
1722,Camden Gems,2,Round,1,1,0,12.82,700.0,666.67,690.0,-60.0,1265.4398,18.0,18.0,Ideal,E,VS1,1.05,IGI,2440.0
1722,Fabiola,2,Round,1,1,0,13.44,703.0,669.52,692.0,-59.0,1240.8008,18.0,18.0,Ideal,E,VS1,1.05,IGI,2440.0
1722,Gemstone Harmony,2,Round,1,1,0,13.15,703.0,669.52,692.0,-61.0,1294.0298,18.0,18.0,Ideal,E,VS1,1.05,IGI,2440.0
1722,Hazel Diamonds,2,Round,1,1,0,12.97,695.0,661.9,685.0,-60.0,1235.9276,18.0,18.0,Ideal,E,VS1,1.05,IGI,2440.0
1722,Jane Brear,2,Round,1,1,0,12.88,706.0,672.38,695.0,-62.0,1344.4293,18.0,18.0,Ideal,E,VS1,1.05,IGI,2440.0
1722,Marlowe & Co,2,Round,1,2,0,12.03,709.0,675.24,698.0,-61.0,1306.9427,18.0,18.0,Ideal,E,VS1,1.05,IGI,2440.0
1722,Meridian Crafts,2,Round,1,1,0,11.36,710.0,676.19,699.0,-60.0,1262.0872,18.0,18.0,Ideal,E,VS1,1.05,IGI,2440.0
1722,Nova Stars,2,Round,1,1,0,12.01,698.0,664.76,688.0,-61.0,1284.3617,18.0,18.0,Ideal,E,VS1,1.05,IGI,2440.0
1722,Serenade Diamonds,2,Round,2,1,0,11.71,700.0,666.67,690.0,-60.0,1265.8458,18.0,18.0,Ideal,E,VS1,1.05,IGI,2440.0
1722,Starlight Crafts,2,Round,1,1,0,11.67,695.0,661.9,685.0,-61.0,1281.7719,18.0,18.0,Ideal,E,VS1,1.05,IGI,2440.0
1722,Temperley,2,Round,1,1,0,15.47,706.0,672.38,695.0,-60.0,1273.3953,18.0,18.0,Ideal,E,VS1,1.05,IGI,2440.0
1722,Thalassa Gems,2,Round,1,1,0,14.05,702.0,668.57,691.0,-61.0,1274.3341,18.0,18.0,Ideal,E,VS1,1.05,IGI,2440.0
1722,Tierra Mia Diamonds,2,Round,1,1,0,25.4,711.0,677.14,700.0,-60.0,1271.7562,18.0,18.0,Ideal,E,VS1,1.05,IGI,2440.0
1722,Westport Jewelry,2,Round,1,1,0,13.68,699.0,665.71,689.0,-60.0,1260.4117,18.0,18.0,Ideal,E,VS1,1.05,IGI,2440.0
1725,Oasis Diamonds,2,Round,1,1,0,21.48,1867.0,933.5,1839.0,-62.0,3475.5837,14.0,18.0,Very Good,G,VS2,2.0,IGI,6833.33
1725,Tamara,2,Round,1,1,0,11.57,1836.0,918.0,1808.0,-58.0,3155.7554,16.0,18.0,Very Good,G,VS2,2.0,IGI,6833.33
1727,Jane Brear,2,Pear,1,1,0,20.23,855.0,770.27,842.0,-62.0,1443.952,15.0,15.0,Very Good,G,VS1,1.11,IGI,2260.0
1727,Michelle Kennedy,2,Pear,1,1,0,19.74,853.0,768.47,840.0,-61.0,1412.0768,14.0,15.0,Very Good,G,VS1,1.11,IGI,2260.0
1727,Oasis Diamonds,2,Pear,1,1,0,14.7,913.41,822.89,900.0,-57.0,1386.302,15.0,15.0,Very Good,G,VS1,1.11,IGI,2260.0
1727,The Diamond Source,2,Pear,2,3,0,19.25,838.0,754.95,825.0,-62.0,1428.4524,14.0,15.0,Very Good,G,VS1,1.11,IGI,2260.0
1729,Temperley,2,Round,1,1,0,10.84,323.0,633.33,318.0,-45.0,419.0291,18.0,18.0,Ideal,F,SI1,0.51,IGI,566.0
1732,Taiga Gems,2,Round,1,1,0,16.82,730.0,603.31,719.0,-62.0,1364.5497,18.0,18.0,Ideal,I,VS1,1.21,IGI,2113.89
1733,Artemis Stones,2,Round,1,1,0,19.32,2073.14,938.07,2042.0,-64.0,4112.0186,18.0,18.0,Ideal,G,VS1,2.21,IGI,7670.0
1733,Camden Gems,2,Round,1,1,0,20.95,2134.28,965.74,2102.0,-63.0,4111.3564,18.0,18.0,Ideal,G,VS1,2.21,IGI,7670.0
1733,Cirrus Gems,2,Round,1,1,0,22.52,2044.0,924.89,2013.0,-66.0,4253.249,18.0,18.0,Ideal,G,VS1,2.21,IGI,7670.0
1733,Jane Brear,2,Round,1,1,0,17.16,2245.72,1016.16,2212.0,-61.0,4143.0479,18.0,18.0,Ideal,G,VS1,2.21,IGI,7670.0
1733,Michelle Kennedy,2,Round,1,1,0,17.51,2151.19,973.39,2119.0,-63.0,4166.6978,18.0,18.0,Ideal,G,VS1,2.21,IGI,7670.0
1733,Nebula Stones,2,Round,1,1,0,18.37,2170.0,981.9,2137.0,-63.0,4177.6807,18.0,18.0,Ideal,G,VS1,2.21,IGI,7670.0
1733,Roma Diamonds,2,Round,1,1,0,11.5,2114.0,956.56,2082.0,-63.0,4065.303,18.0,18.0,Ideal,G,VS1,2.21,IGI,7670.0
1733,Seraphina Gems,2,Round,1,1,0,11.8,2105.0,952.49,2073.0,-64.0,4191.8511,18.0,18.0,Ideal,G,VS1,2.21,IGI,7670.0
1733,Temperley,2,Round,1,1,0,21.25,2145.0,970.59,2113.0,-62.0,4088.9771,18.0,18.0,Ideal,G,VS1,2.21,IGI,7670.0
1733,White Lily,2,Round,1,1,0,16.61,2146.0,971.04,2114.0,-63.0,4169.0845,18.0,18.0,Ideal,G,VS1,2.21,IGI,7670.0
1736,White Lily,2,Round,1,1,0,18.2,658.0,731.11,648.0,-45.0,862.1196,18.0,18.0,Super Ideal,F,SI1,0.9,IGI,1445.0
1743,Diamonds by Zoya,2,Emerald,1,1,0,16.94,3542.2,1260.57,3489.0,-61.0,5799.7896,15.0,15.0,Super Ideal,G,VS1,2.81,IGI,11100.0
1743,Michelle Kennedy,2,Emerald,1,1,0,11.36,3553.14,1264.46,3500.0,-60.0,5744.0459,15.0,15.0,Super Ideal,G,VS1,2.81,IGI,11100.0
1743,Pegasus Diamonds,2,Emerald,1,1,0,15.14,3855.62,1372.11,3798.0,-57.0,5707.0635,15.0,15.0,Super Ideal,G,VS1,2.81,IGI,11100.0
1743,Temperley,2,Emerald,1,1,0,14.73,3535.0,1258.01,3482.0,-60.0,5734.7007,15.0,15.0,Super Ideal,G,VS1,2.81,IGI,11100.0
1743,White Lily,2,Emerald,1,1,0,16.9,3535.0,1258.01,3482.0,-62.0,5904.3105,15.0,15.0,Super Ideal,G,VS1,2.81,IGI,11100.0
1745,Vega Diamonds,2,Marquise,1,1,0,14.55,376.41,522.79,371.0,-55.0,536.2557,15.0,15.0,Super Ideal,F,VVS2,0.72,IGI,1200.0
1749,Albert's Creations,2,Marquise,1,1,0,16.95,751.0,774.23,740.0,-50.0,966.3812,15.0,15.0,Super Ideal,F,VS2,0.97,IGI,2050.0
1749,Jane Brear,2,Marquise,1,1,0,19.54,762.0,785.57,751.0,-51.0,997.5069,15.0,15.0,Super Ideal,F,VS2,0.97,IGI,2050.0
1749,Michelle Kennedy,2,Marquise,1,1,0,16.42,744.0,767.01,733.0,-52.0,993.7015,15.0,15.0,Super Ideal,F,VS2,0.97,IGI,2050.0
1750,Avignon Diamonds,2,Oval,1,1,0,25.4,334.0,596.43,329.0,-56.0,510.4477,15.0,15.0,Very Good,F,VVS2,0.56,IGI,700.0
1750,Diamonds by Zoya,2,Oval,2,2,0,22.52,321.0,573.21,316.0,-53.0,463.148,14.0,15.0,Very Good,F,VVS2,0.56,IGI,700.0
1752,Cirrus Gems,2,Round,1,1,0,93.61,884.0,749.15,871.0,-54.0,1384.2939,18.0,18.0,Ideal,E,VVS2,1.18,IGI,3350.0
1752,Emilia Sterling,2,Round,1,1,0,13.61,881.0,746.61,868.0,-53.0,1332.4078,18.0,18.0,Ideal,E,VVS2,1.18,IGI,3350.0
1752,Eterna Luxe,2,Round,1,1,0,10.79,922.0,781.36,908.0,-52.0,1375.6703,18.0,18.0,Ideal,E,VVS2,1.18,IGI,3350.0
1752,Eternity Fine Jewelers,2,Round,1,1,0,15.57,916.0,776.27,902.0,-52.0,1379.4265,18.0,18.0,Ideal,E,VVS2,1.18,IGI,3350.0
1752,Fabiola,2,Round,1,1,0,14.78,898.0,761.02,885.0,-53.0,1366.8556,18.0,18.0,Ideal,E,VVS2,1.18,IGI,3350.0
1752,Hill & Holland,2,Round,1,1,0,13.91,963.0,816.1,949.0,-51.0,1394.076,18.0,18.0,Ideal,E,VVS2,1.18,IGI,3350.0
1752,Iris Diamonds,2,Round,1,1,0,12.89,896.0,759.32,883.0,-54.0,1405.792,18.0,18.0,Ideal,E,VVS2,1.18,IGI,3350.0
1752,Jane Brear,2,Round,1,1,0,13.16,938.0,794.92,924.0,-51.0,1371.3068,18.0,18.0,Ideal,E,VVS2,1.18,IGI,3350.0
1752,Knox Diamonds,2,Round,1,1,0,15.29,905.45,767.33,892.0,-55.0,1425.1278,18.0,18.0,Ideal,E,VVS2,1.18,IGI,3350.0
1752,Magnolia,2,Round,1,2,0,14.41,915.4,775.76,902.0,-53.0,1388.1938,18.0,18.0,Ideal,E,VVS2,1.18,IGI,3350.0
1752,Marlowe & Co,2,Round,1,1,0,10.83,926.34,785.03,912.0,-52.0,1386.635,18.0,18.0,Ideal,E,VVS2,1.18,IGI,3350.0
1752,Meridian Crafts,2,Round,1,1,0,14.31,895.0,758.47,882.0,-56.0,1440.17,17.0,18.0,Ideal,E,VVS2,1.18,IGI,3350.0
1752,Michelle Kennedy,2,Round,1,1,0,15.55,944.26,800.22,930.0,-52.0,1395.399,18.0,18.0,Ideal,E,VVS2,1.18,IGI,3350.0
1752,Promenade Jewelry,2,Round,1,1,0,15.09,903.38,765.58,890.0,-54.0,1416.4727,18.0,18.0,Ideal,E,VVS2,1.18,IGI,3350.0
1752,Silva Diamonds,2,Round,1,1,0,11.73,899.0,761.86,886.0,-53.0,1371.8344,18.0,18.0,Ideal,E,VVS2,1.18,IGI,3350.0
1752,Simetría,2,Round,1,1,0,93.11,902.0,764.41,888.0,-55.0,1428.6088,18.0,18.0,Ideal,E,VVS2,1.18,IGI,3350.0
1752,Starlight Crafts,2,Round,1,1,0,14.26,900.0,762.71,886.0,-53.0,1372.6389,18.0,18.0,Ideal,E,VVS2,1.18,IGI,3350.0
1752,Sunset Gems,2,Round,1,1,0,15.57,901.45,763.94,888.0,-53.0,1386.5941,18.0,18.0,Ideal,E,VVS2,1.18,IGI,3350.0
1752,Temperley,2,Round,1,1,0,12.95,931.0,788.98,917.0,-53.0,1422.0939,18.0,18.0,Ideal,E,VVS2,1.18,IGI,3350.0
1752,White Lily,2,Round,1,1,0,13.56,971.0,822.88,956.0,-51.0,1404.5615,18.0,18.0,Ideal,E,VVS2,1.18,IGI,3350.0
1754,Albert's Creations,2,Round,1,1,0,14.37,1638.0,1050.0,1613.0,-62.0,3048.2747,18.0,18.0,Ideal,E,VVS2,1.56,IGI,5900.0
1754,Avignon Diamonds,2,Round,1,1,0,12.28,1653.0,1059.62,1628.0,-61.0,3057.8462,18.0,18.0,Ideal,E,VVS2,1.56,IGI,5900.0
1754,Camden Gems,2,Round,1,1,0,12.36,1634.0,1047.44,1609.0,-61.0,3014.4797,18.0,18.0,Ideal,E,VVS2,1.56,IGI,5900.0
1754,Ember Star,2,Round,1,1,0,11.94,1654.0,1060.26,1629.0,-61.0,3052.1497,18.0,18.0,Ideal,E,VVS2,1.56,IGI,5900.0
1754,Eternity Fine Jewelers,2,Round,1,1,0,13.44,1654.0,1060.26,1629.0,-61.0,3053.8474,18.0,18.0,Ideal,E,VVS2,1.56,IGI,5900.0
1754,Fabiola,2,Round,1,1,0,11.62,1646.0,1055.13,1621.0,-62.0,3066.7961,18.0,18.0,Ideal,E,VVS2,1.56,IGI,5900.0
1754,Gemstone Harmony,2,Round,1,1,0,10.3,1644.0,1053.85,1619.0,-62.0,3085.8691,18.0,18.0,Ideal,E,VVS2,1.56,IGI,5900.0
1754,Hazel Diamonds,2,Round,1,1,0,13.15,1621.0,1039.1,1597.0,-61.0,2985.6902,18.0,18.0,Ideal,E,VVS2,1.56,IGI,5900.0
1754,Iris Diamonds,2,Round,1,1,0,94.03,1638.0,1050.0,1613.0,-60.0,2963.0771,18.0,18.0,Ideal,E,VVS2,1.56,IGI,5900.0
1754,Komorebi Diamonds,2,Round,1,1,0,13.19,1636.0,1048.72,1611.0,-60.0,2952.6118,18.0,18.0,Ideal,E,VVS2,1.56,IGI,5900.0
1754,Magnolia,2,Round,1,1,0,15.06,1638.0,1050.0,1613.0,-62.0,3069.9102,18.0,18.0,Ideal,E,VVS2,1.56,IGI,5900.0
1754,Marlowe & Co,2,Round,1,1,0,15.19,1655.0,1060.9,1630.0,-61.0,3007.9402,18.0,18.0,Ideal,E,VVS2,1.56,IGI,5900.0
1754,Michelle Kennedy,2,Round,1,1,0,17.93,1614.0,1034.62,1590.0,-63.0,3082.8508,18.0,18.0,Ideal,E,VVS2,1.56,IGI,5900.0
1754,Promenade Jewelry,2,Round,1,1,0,13.7,1650.0,1057.69,1625.0,-61.0,3061.4011,18.0,18.0,Ideal,E,VVS2,1.56,IGI,5900.0
1754,Starlight Crafts,2,Round,1,1,0,13.59,1632.0,1046.15,1608.0,-63.0,3127.9224,18.0,18.0,Ideal,E,VVS2,1.56,IGI,5900.0
1754,Thalassa Gems,2,Round,1,1,0,10.65,1645.0,1054.49,1620.0,-61.0,3012.4001,18.0,18.0,Ideal,E,VVS2,1.56,IGI,5900.0
1754,Vespera Gems,2,Round,1,1,0,15.08,1619.0,1037.82,1595.0,-61.0,3002.366,18.0,18.0,Ideal,E,VVS2,1.56,IGI,5900.0
1754,White Lily,2,Round,1,2,0,10.11,1652.0,1058.97,1627.0,-61.0,3025.8845,18.0,18.0,Ideal,E,VVS2,1.56,IGI,5900.0
1757,Albert's Creations,2,Round,1,1,0,15.7,323.38,718.62,319.0,-37.0,365.3556,18.0,18.0,Ideal,E,VS1,0.45,IGI,555.0
1757,BonDiam,2,Round,1,1,0,14.36,332.0,737.78,327.0,-30.0,338.5901,18.0,18.0,Ideal,E,VS1,0.45,IGI,555.0
1757,Iris Diamonds,2,Round,1,1,0,11.0,319.0,708.89,314.0,-36.0,355.3765,18.0,18.0,Ideal,E,VS1,0.45,IGI,555.0
1757,Jane Brear,2,Round,1,1,0,13.71,342.0,760.0,337.0,-30.0,349.8135,18.0,18.0,Ideal,E,VS1,0.45,IGI,555.0
1757,Meridian Crafts,2,Round,1,1,0,12.36,322.0,715.56,317.0,-34.0,346.8004,0.0,0.0,Ideal,E,VS1,0.45,IGI,555.0
1757,Promenade Jewelry,2,Round,1,1,0,15.4,320.0,711.11,315.0,-35.0,355.1005,18.0,18.0,Ideal,E,VS1,0.45,IGI,555.0
1757,Vega Diamonds,2,Round,1,1,0,18.04,313.67,697.04,309.0,-39.0,370.3751,18.0,18.0,Ideal,E,VS1,0.45,IGI,555.0
1757,White Lily,2,Round,1,1,0,14.58,343.28,762.84,338.0,-31.0,355.2506,18.0,18.0,Ideal,E,VS1,0.45,IGI,555.0
1757,Woodhouse Diamonds,2,Round,1,1,0,14.29,323.0,717.78,318.0,-31.0,332.9059,18.0,18.0,Ideal,E,VS1,0.45,IGI,555.0
1758,Genesis Stones,2,Oval,1,1,0,16.06,3886.71,1174.23,3828.0,-61.0,6767.5098,15.0,15.0,Super Ideal,H,VS1,3.31,IGI,13970.0
1758,Hill & Holland,2,Oval,1,1,0,11.11,3929.0,1187.01,3870.0,-61.0,6777.9727,15.0,15.0,Super Ideal,H,VS1,3.31,IGI,13970.0
1758,Periwinkle Stones,2,Oval,1,1,0,16.59,3896.0,1177.04,3838.0,-61.0,6777.9727,15.0,15.0,Super Ideal,H,VS1,3.31,IGI,13970.0
1764,Hoseki,2,Cushion,1,1,0,12.94,760.0,835.16,749.0,-56.0,1093.7524,15.0,15.0,Super Ideal,D,SI1,0.91,IGI,1540.0
1764,Jane Brear,2,Cushion,1,1,0,15.12,902.0,991.21,888.0,-43.0,991.8976,15.0,15.0,Super Ideal,D,SI1,0.91,IGI,1540.0
1766,Promenade Jewelry,2,Oval,1,2,0,17.25,1032.0,1134.07,1017.0,-57.0,1632.2576,15.0,15.0,Very Good,D,VVS1,0.91,IGI,2440.0
1767,Jane Brear,2,Oval,1,2,0,15.86,313.67,847.76,309.0,-29.0,297.3654,15.0,15.0,Super Ideal,D,SI1,0.37,IGI,380.0
1767,Temperley,2,Oval,1,1,0,14.6,313.67,847.76,309.0,-26.0,283.6955,15.0,15.0,Super Ideal,D,SI1,0.37,IGI,380.0
1770,Albert's Creations,2,Oval,1,1,0,14.26,760.0,760.0,749.0,-66.0,1498.9794,15.0,15.0,Super Ideal,E,VS1,1.0,IGI,2363.33
1770,CV Diamonds,2,Oval,1,1,0,13.93,768.14,768.14,757.0,-63.0,1410.4946,15.0,15.0,Super Ideal,E,VS1,1.0,IGI,2363.33
1770,Clermont Diamonds,2,Oval,1,1,0,10.98,771.0,771.0,759.0,-65.0,1463.5515,15.0,15.0,Super Ideal,E,VS1,1.0,IGI,2363.33
1770,Diamonds by Zoya,2,Oval,1,1,0,90.05,757.0,757.0,746.0,-65.0,1455.0791,15.0,15.0,Super Ideal,E,VS1,1.0,IGI,2363.33
1770,Eternal Flame,2,Oval,1,1,0,12.59,771.0,771.0,759.0,-65.0,1473.7705,15.0,15.0,Super Ideal,E,VS1,1.0,IGI,2363.33
1770,Fuji Diamonds,2,Oval,1,1,0,16.33,774.0,774.0,762.0,-64.0,1456.208,15.0,15.0,Super Ideal,E,VS1,1.0,IGI,2363.33
1770,Grace Brooks,2,Oval,1,1,0,16.69,774.0,774.0,762.0,-64.0,1451.2455,15.0,15.0,Super Ideal,E,VS1,1.0,IGI,2363.33
1770,Hoseki,2,Oval,2,2,0,11.78,783.06,783.06,771.0,-63.0,1442.9292,15.0,15.0,Super Ideal,E,VS1,1.0,IGI,2363.33
1770,Infinity Diamonds,2,Oval,1,1,0,17.36,781.77,781.77,770.0,-64.0,1448.4927,15.0,15.0,Super Ideal,E,VS1,1.0,IGI,2363.33
1770,Jane Brear,2,Oval,1,1,0,90.86,780.0,780.0,768.0,-64.0,1461.2758,15.0,15.0,Super Ideal,E,VS1,1.0,IGI,2363.33
1770,Kara,2,Oval,1,1,0,14.83,781.0,781.0,769.0,-65.0,1499.6785,15.0,15.0,Super Ideal,E,VS1,1.0,IGI,2363.33
1770,Knox Diamonds,2,Oval,1,1,0,13.99,761.0,761.0,750.0,-67.0,1564.1267,15.0,15.0,Super Ideal,E,VS1,1.0,IGI,2363.33
1770,Marlowe & Co,2,Oval,1,1,0,14.28,785.06,785.06,773.0,-62.0,1403.0933,15.0,15.0,Super Ideal,E,VS1,1.0,IGI,2363.33
1770,Michelle Kennedy,2,Oval,2,1,0,11.83,781.0,781.0,769.0,-65.0,1504.3995,15.0,15.0,Super Ideal,E,VS1,1.0,IGI,2363.33
1770,Periwinkle Stones,2,Oval,1,1,0,12.24,794.01,794.01,782.0,-63.0,1448.1073,15.0,15.0,Super Ideal,E,VS1,1.0,IGI,2363.33
1770,Serenade Diamonds,2,Oval,2,1,0,10.89,757.0,757.0,746.0,-65.0,1445.3918,15.0,15.0,Super Ideal,E,VS1,1.0,IGI,2363.33
1770,Serene Peaks Diamonds,2,Oval,1,1,0,14.92,764.0,764.0,753.0,-65.0,1472.7971,15.0,15.0,Super Ideal,E,VS1,1.0,IGI,2363.33
1770,Sonata Gems,2,Oval,1,1,0,11.7,764.0,764.0,753.0,-65.0,1458.5464,15.0,15.0,Super Ideal,E,VS1,1.0,IGI,2363.33
1770,Starlit Stones,2,Oval,1,1,0,11.62,764.0,764.0,753.0,-65.0,1455.2329,15.0,15.0,Super Ideal,E,VS1,1.0,IGI,2363.33
1770,Tamara,2,Oval,1,1,0,10.28,788.04,788.04,776.0,-65.0,1516.4476,15.0,15.0,Super Ideal,E,VS1,1.0,IGI,2363.33
1770,Temperley,2,Oval,1,1,0,16.26,782.0,782.0,770.0,-64.0,1456.0959,15.0,15.0,Super Ideal,E,VS1,1.0,IGI,2363.33
1770,United Diam,2,Oval,1,1,0,10.21,744.0,744.0,733.0,-64.0,1408.3574,15.0,15.0,Super Ideal,E,VS1,1.0,IGI,2363.33
1770,Verve Jewels,2,Oval,1,1,0,17.83,754.75,754.75,743.0,-66.0,1484.2753,15.0,15.0,Super Ideal,E,VS1,1.0,IGI,2363.33
1770,White Lily,2,Oval,1,1,0,13.16,783.0,783.0,771.0,-64.0,1448.8466,15.0,15.0,Super Ideal,E,VS1,1.0,IGI,2363.33
1770,Zimmerman Diamonds,2,Oval,1,1,0,13.33,763.0,763.0,752.0,-64.0,1442.6399,15.0,15.0,Super Ideal,E,VS1,1.0,IGI,2363.33
1772,Cirrus Gems,2,Round,1,1,0,14.37,2231.0,1004.95,2198.0,-65.0,4599.0425,18.0,18.0,Super Ideal,F,VS1,2.22,IGI,9050.0
1772,Eternity Fine Jewelers,2,Round,1,1,0,16.32,2321.0,1045.5,2286.0,-63.0,4461.6646,18.0,18.0,Super Ideal,F,VS1,2.22,IGI,9050.0
1772,Fiona Clément,2,Round,1,1,0,11.18,2312.38,1041.61,2278.0,-63.0,4472.7261,18.0,18.0,Super Ideal,F,VS1,2.22,IGI,9050.0
1772,Hoseki,2,Round,1,1,0,11.04,2378.0,1071.17,2342.0,-62.0,4526.4644,18.0,18.0,Super Ideal,F,VS1,2.22,IGI,9050.0
1772,Jane Brear,2,Round,1,1,0,12.0,2337.0,1052.7,2302.0,-63.0,4544.1167,18.0,18.0,Super Ideal,F,VS1,2.22,IGI,9050.0
1772,Marlowe & Co,2,Round,1,1,0,13.23,2319.0,1044.59,2284.0,-63.0,4489.4595,18.0,18.0,Super Ideal,F,VS1,2.22,IGI,9050.0
1772,Meridian Crafts,2,Round,1,1,0,13.25,2302.0,1036.94,2267.0,-65.0,4663.938,18.0,18.0,Super Ideal,F,VS1,2.22,IGI,9050.0
1772,Michelle Kennedy,2,Round,1,1,0,13.99,2321.0,1045.5,2286.0,-63.0,4482.356,18.0,18.0,Super Ideal,F,VS1,2.22,IGI,9050.0
1772,Periwinkle Stones,2,Round,1,1,0,12.62,2352.0,1059.46,2317.0,-63.0,4607.8521,18.0,18.0,Super Ideal,F,VS1,2.22,IGI,9050.0
1772,Tamara,2,Round,1,1,0,14.82,2328.0,1048.65,2293.0,-63.0,4472.7261,18.0,18.0,Super Ideal,F,VS1,2.22,IGI,9050.0
1772,Temperley,2,Round,1,1,0,13.61,2352.18,1059.54,2317.0,-63.0,4491.5337,18.0,18.0,Super Ideal,F,VS1,2.22,IGI,9050.0
1772,Verve Jewels,2,Round,1,1,0,18.49,2262.0,1018.92,2228.0,-65.0,4568.1372,18.0,18.0,Super Ideal,F,VS1,2.22,IGI,9050.0
1772,White Lily,2,Round,1,1,0,11.27,2337.0,1052.7,2302.0,-63.0,4541.5288,18.0,18.0,Super Ideal,F,VS1,2.22,IGI,9050.0
1774,55 E Diamonds,2,Round,1,1,0,17.8,2508.0,1241.58,2470.0,-62.0,4779.9175,18.0,18.0,Super Ideal,E,VS1,2.02,IGI,9356.67
1774,Avignon Diamonds,2,Round,1,1,0,13.06,2430.0,1202.97,2394.0,-62.0,4629.104,18.0,18.0,Super Ideal,E,VS1,2.02,IGI,9356.67
1774,Bonsai Gems,2,Round,1,1,0,16.5,2519.04,1247.05,2481.0,-62.0,4697.5703,18.0,18.0,Super Ideal,E,VS1,2.02,IGI,9356.67
1774,CV Diamonds,2,Round,1,1,0,12.09,2444.0,1209.9,2407.0,-62.0,4652.936,18.0,18.0,Super Ideal,E,VS1,2.02,IGI,9356.67
1774,Camden Gems,2,Round,1,1,0,12.89,2466.0,1220.79,2429.0,-62.0,4590.165,18.0,18.0,Super Ideal,E,VS1,2.02,IGI,9356.67
1774,Clermont Diamonds,2,Round,1,1,0,10.84,2456.0,1215.84,2419.0,-62.0,4686.542,18.0,18.0,Super Ideal,E,VS1,2.02,IGI,9356.67
1774,Eccles Diamonds,2,Round,1,1,0,16.06,2456.0,1215.84,2419.0,-63.0,4690.0542,18.0,18.0,Super Ideal,E,VS1,2.02,IGI,9356.67
1774,Ember Star,2,Round,1,1,0,13.43,2448.0,1211.88,2411.0,-62.0,4641.748,18.0,18.0,Super Ideal,E,VS1,2.02,IGI,9356.67
1774,Eternity Fine Jewelers,2,Round,1,1,0,18.15,2470.0,1222.77,2433.0,-62.0,4653.5142,18.0,18.0,Super Ideal,E,VS1,2.02,IGI,9356.67
1774,Gemstone Harmony,2,Round,1,1,0,14.64,2466.0,1220.79,2429.0,-62.0,4592.3384,18.0,18.0,Super Ideal,E,VS1,2.02,IGI,9356.67
1774,Grace Brooks,2,Round,1,1,0,16.83,2475.61,1225.55,2438.0,-62.0,4612.21,18.0,18.0,Super Ideal,E,VS1,2.02,IGI,9356.67
1774,Hazel Diamonds,2,Round,1,1,0,13.0,2400.0,1188.12,2364.0,-62.0,4544.1299,18.0,18.0,Super Ideal,E,VS1,2.02,IGI,9356.67
1774,Hoseki,2,Round,1,1,0,14.39,2515.0,1245.05,2477.0,-61.0,4648.3315,18.0,18.0,Super Ideal,E,VS1,2.02,IGI,9356.67
1774,Infinity Diamonds,2,Round,1,1,0,13.6,2508.42,1241.79,2471.0,-62.0,4673.418,18.0,18.0,Super Ideal,E,VS1,2.02,IGI,9356.67
1774,Jane Brear,2,Round,1,1,0,12.87,2468.0,1221.78,2431.0,-61.0,4570.8457,18.0,18.0,Super Ideal,E,VS1,2.02,IGI,9356.67
1774,Marble Arch,2,Round,1,1,0,11.28,2418.0,1197.03,2382.0,-63.0,4639.1753,18.0,18.0,Super Ideal,E,VS1,2.02,IGI,9356.67
1774,Michelle Kennedy,2,Round,1,1,0,15.27,2474.0,1224.75,2437.0,-61.0,4558.126,18.0,18.0,Super Ideal,E,VS1,2.02,IGI,9356.67
1774,Nebula Stones,2,Round,1,1,0,15.59,2515.0,1245.05,2477.0,-62.0,4762.7241,18.0,18.0,Super Ideal,E,VS1,2.02,IGI,9356.67
1774,Oasis Diamonds,2,Round,1,1,0,15.63,2537.0,1255.94,2499.0,-61.0,4602.0288,18.0,18.0,Super Ideal,E,VS1,2.02,IGI,9356.67
1774,Serenade Diamonds,2,Round,1,1,0,14.1,2378.0,1177.23,2342.0,-64.0,4771.0884,18.0,18.0,Super Ideal,E,VS1,2.02,IGI,9356.67
1774,Serene Peaks Diamonds,2,Round,1,1,0,12.1,2471.0,1223.27,2434.0,-62.0,4650.606,18.0,18.0,Super Ideal,E,VS1,2.02,IGI,9356.67
1774,Starlight Crafts,2,Round,1,1,0,14.26,2466.0,1220.79,2429.0,-61.0,4580.0161,18.0,18.0,Super Ideal,E,VS1,2.02,IGI,9356.67
1774,Starlit Stones,2,Round,1,1,0,67.52,2508.0,1241.58,2470.0,-61.0,4619.0132,18.0,18.0,Super Ideal,E,VS1,2.02,IGI,9356.67
1774,Taiga Gems,2,Round,1,1,0,10.76,2440.0,1207.92,2403.0,-62.0,4600.2739,18.0,18.0,Super Ideal,E,VS1,2.02,IGI,9356.67
1774,Temperley,2,Round,1,1,0,16.12,2499.0,1237.13,2462.0,-63.0,4779.2417,18.0,18.0,Super Ideal,E,VS1,2.02,IGI,9356.67
1774,Thalassa Gems,2,Round,1,1,0,11.45,2466.0,1220.79,2429.0,-61.0,4583.2227,18.0,18.0,Super Ideal,E,VS1,2.02,IGI,9356.67
1774,Tierra Mia Diamonds,2,Round,1,1,0,14.26,2436.0,1205.94,2399.0,-63.0,4728.7529,18.0,18.0,Super Ideal,E,VS1,2.02,IGI,9356.67
1774,Tilia Diamonds,2,Round,1,1,0,15.53,2450.0,1212.87,2413.0,-62.0,4592.2012,18.0,18.0,Super Ideal,E,VS1,2.02,IGI,9356.67
1774,Vespera Gems,2,Round,1,1,0,14.34,2414.0,1195.05,2378.0,-63.0,4630.813,18.0,18.0,Super Ideal,E,VS1,2.02,IGI,9356.67
1774,Westport Jewelry,2,Round,1,1,0,13.66,2401.0,1188.61,2365.0,-64.0,4762.5522,18.0,18.0,Super Ideal,E,VS1,2.02,IGI,9356.67
1774,White Lily,2,Round,1,1,0,12.5,2462.0,1218.81,2425.0,-62.0,4617.7964,18.0,18.0,Super Ideal,E,VS1,2.02,IGI,9356.67
1775,Camden Gems,2,Round,1,1,0,12.23,702.0,695.05,691.0,-61.0,1278.0912,18.0,18.0,Super Ideal,F,VS1,1.01,IGI,2339.29
1775,Clermont Diamonds,2,Round,1,1,0,12.1,699.0,692.08,689.0,-61.0,1289.8422,18.0,18.0,Super Ideal,F,VS1,1.01,IGI,2339.29
1775,Hazel Diamonds,2,Round,1,1,0,14.21,691.0,684.16,681.0,-60.0,1228.2124,18.0,18.0,Super Ideal,F,VS1,1.01,IGI,2339.29
1775,Jane Brear,2,Round,1,1,0,12.81,745.26,737.88,734.0,-60.0,1345.2056,18.0,18.0,Super Ideal,F,VS1,1.01,IGI,2339.29
1775,Meridian Crafts,2,Round,1,1,0,11.03,705.0,698.02,694.0,-61.0,1299.741,18.0,18.0,Super Ideal,F,VS1,1.01,IGI,2339.29
1775,Michelle Kennedy,2,Round,1,1,0,11.36,728.0,720.79,717.0,-59.0,1274.5614,18.0,18.0,Super Ideal,F,VS1,1.01,IGI,2339.29
1775,Nova Stars,2,Round,1,1,0,14.08,698.0,691.09,688.0,-61.0,1266.7708,18.0,18.0,Super Ideal,F,VS1,1.01,IGI,2339.29
1775,Roma Diamonds,2,Round,1,1,0,41.16,896.0,887.13,883.0,-49.0,1268.9438,18.0,18.0,Super Ideal,F,VS1,1.01,IGI,2339.29
1775,Serene Peaks Diamonds,2,Round,1,1,0,11.03,710.0,702.97,699.0,-59.0,1255.0005,18.0,18.0,Super Ideal,F,VS1,1.01,IGI,2339.29
1775,Starlight Crafts,2,Round,1,1,0,11.4,702.0,695.05,691.0,-59.0,1222.239,18.0,18.0,Super Ideal,F,VS1,1.01,IGI,2339.29
1775,Taiga Gems,2,Round,1,1,0,11.67,716.0,708.91,705.0,-58.0,1223.9818,18.0,18.0,Super Ideal,F,VS1,1.01,IGI,2339.29
1775,Temperley,2,Round,1,1,0,10.85,725.0,717.82,714.0,-59.0,1276.6183,18.0,18.0,Super Ideal,F,VS1,1.01,IGI,2339.29
1775,White Lily,2,Round,1,1,0,11.79,730.0,722.77,719.0,-59.0,1267.6292,18.0,18.0,Super Ideal,F,VS1,1.01,IGI,2339.29
1778,Promenade Jewelry,2,Oval,2,1,0,19.08,331.05,542.7,326.0,-58.0,526.1999,15.0,15.0,Super Ideal,E,VVS2,0.61,IGI,810.0
1778,Vega Diamonds,2,Oval,2,1,0,19.47,332.01,544.28,327.0,-59.0,540.5736,15.0,15.0,Super Ideal,E,VVS2,0.61,IGI,810.0
1780,Albert's Creations,2,Oval,1,1,0,18.45,377.0,454.22,371.0,-44.0,452.8506,15.0,15.0,Super Ideal,D,VS2,0.83,IGI,1490.0
1780,Promenade Jewelry,2,Oval,1,1,0,11.25,376.0,453.01,370.0,-47.0,475.9779,15.0,15.0,Super Ideal,D,VS2,0.83,IGI,1490.0
1780,Vega Diamonds,2,Oval,1,1,0,20.51,365.0,439.76,360.0,-47.0,465.7622,15.0,15.0,Super Ideal,D,VS2,0.83,IGI,1490.0
1781,Clermont Diamonds,2,Round,1,1,0,13.22,1829.8,1010.94,1802.0,-60.0,3269.4771,18.0,18.0,Super Ideal,D,VS2,1.81,IGI,7420.0
1781,Jane Brear,2,Round,1,1,0,19.19,1780.0,983.43,1753.0,-62.0,3364.7249,18.0,18.0,Super Ideal,D,VS2,1.81,IGI,7420.0
1781,Marlowe & Co,2,Round,1,1,0,17.01,1853.0,1023.76,1825.0,-60.0,3292.9519,18.0,18.0,Super Ideal,D,VS2,1.81,IGI,7420.0
1781,Sigma Diamonds,2,Round,1,1,0,18.4,1796.0,992.27,1769.0,-61.0,3294.5942,18.0,18.0,Super Ideal,D,VS2,1.81,IGI,7420.0
1781,Temperley,2,Round,1,1,0,16.82,1847.0,1020.44,1819.0,-60.0,3280.2183,18.0,18.0,Super Ideal,D,VS2,1.81,IGI,7420.0
1781,Tilia Diamonds,2,Round,1,1,0,13.86,1829.8,1010.94,1802.0,-61.0,3360.3809,18.0,18.0,Super Ideal,D,VS2,1.81,IGI,7420.0
1782,Marlowe & Co,2,Cushion,1,1,0,10.01,649.0,649.0,639.0,-61.0,1055.213,14.0,15.0,Very Good,G,SI1,1.0,IGI,1600.0
1783,Jane Brear,2,Round,1,1,0,24.5,785.06,769.67,773.0,-56.0,1291.7446,18.0,18.0,Ideal,G,VVS2,1.02,IGI,2478.0
1783,Marlowe & Co,2,Round,1,1,0,11.61,781.0,765.69,769.0,-56.0,1266.9958,18.0,18.0,Ideal,G,VVS2,1.02,IGI,2478.0
1783,Michelle Kennedy,2,Round,1,1,0,20.75,782.0,766.67,770.0,-57.0,1304.1248,18.0,18.0,Ideal,G,VVS2,1.02,IGI,2478.0
1783,Nova Stars,2,Round,1,1,0,13.23,755.0,740.2,744.0,-58.0,1274.3853,18.0,18.0,Ideal,G,VVS2,1.02,IGI,2478.0
1783,Roma Diamonds,2,Round,1,1,0,38.32,954.0,935.29,940.0,-46.0,1254.6738,18.0,18.0,Ideal,G,VVS2,1.02,IGI,2478.0
1783,Silva Diamonds,2,Round,1,1,0,13.27,770.0,754.9,758.0,-57.0,1285.2821,18.0,18.0,Ideal,G,VVS2,1.02,IGI,2478.0
1783,Starlit Stones,2,Round,1,1,0,14.64,766.0,750.98,755.0,-57.0,1270.2114,18.0,18.0,Ideal,G,VVS2,1.02,IGI,2478.0
1783,Taiga Gems,2,Round,1,1,0,22.13,767.14,752.1,756.0,-56.0,1250.201,18.0,18.0,Ideal,G,VVS2,1.02,IGI,2478.0
1783,Temperley,2,Round,1,1,0,23.58,789.04,773.57,777.0,-56.0,1287.5841,18.0,18.0,Ideal,G,VVS2,1.02,IGI,2478.0
1783,White Lily,2,Round,1,1,0,91.35,782.0,766.67,770.0,-57.0,1299.7045,18.0,18.0,Ideal,G,VVS2,1.02,IGI,2478.0
1786,Michelle Kennedy,2,Round,1,1,0,12.86,2785.0,1332.54,2743.0,-15.0,2344.9026,18.0,18.0,Ideal,J,VS2,2.09,IGI,3850.0
1787,White Lily,2,Radiant,1,1,0,5.97,2232.0,1104.95,2199.0,-42.0,2496.6702,15.0,15.0,Super Ideal,J,SI1,2.02,IGI,3460.0
1788,Fabiola,2,Oval,1,1,0,11.94,1294.5,851.64,1275.0,-54.0,1889.1439,15.0,15.0,Super Ideal,G,SI1,1.52,IGI,3920.0
1788,Serene Peaks Diamonds,2,Oval,1,1,0,13.48,1301.0,855.92,1281.0,-53.0,1872.5538,15.0,15.0,Super Ideal,G,SI1,1.52,IGI,3920.0
1797,Ithaca Diamonds,2,Round,1,1,0,14.9,3838.0,1654.31,3780.0,-58.0,6472.1909,18.0,18.0,Super Ideal,D,VVS2,2.32,IGI,14940.0
1797,Marlowe & Co,2,Round,1,1,0,15.3,3826.0,1649.14,3769.0,-58.0,6482.9517,18.0,18.0,Super Ideal,D,VVS2,2.32,IGI,14940.0
1797,Michelle Kennedy,2,Round,1,1,0,15.01,3807.0,1640.95,3750.0,-58.0,6519.6226,18.0,18.0,Super Ideal,D,VVS2,2.32,IGI,14940.0
1797,Promenade Jewelry,2,Round,1,1,0,21.9,3747.25,1615.19,3691.0,-59.0,6519.6973,18.0,18.0,Super Ideal,D,VVS2,2.32,IGI,14940.0
1797,Roma Diamonds,2,Round,1,1,0,22.81,4138.0,1783.62,4076.0,-55.0,6587.9854,18.0,18.0,Super Ideal,D,VVS2,2.32,IGI,14940.0
1797,Temperley,2,Round,1,1,0,11.84,3885.0,1674.57,3827.0,-57.0,6533.8657,18.0,18.0,Super Ideal,D,VVS2,2.32,IGI,14940.0
1797,White Lily,2,Round,1,1,0,17.92,3830.75,1651.19,3773.0,-57.0,6311.9121,18.0,18.0,Super Ideal,D,VVS2,2.32,IGI,14940.0
1799,Cirrus Gems,2,Emerald,1,1,0,21.66,710.0,702.97,699.0,-62.0,1195.4818,14.0,15.0,Very Good,E,SI1,1.01,IGI,1717.5
1799,Fuji Diamonds,2,Emerald,1,1,0,22.27,705.52,698.53,695.0,-64.0,1267.7766,15.0,15.0,Very Good,E,SI1,1.01,IGI,1717.5
1799,Temperley,2,Emerald,2,3,0,17.47,722.0,714.85,711.0,-63.0,1240.7961,14.0,15.0,Very Good,E,SI1,1.01,IGI,1717.5
1799,Thalassa Gems,2,Emerald,1,1,0,16.6,705.0,698.02,694.0,-62.0,1198.1241,14.0,15.0,Very Good,E,SI1,1.01,IGI,1717.5
1801,Jane Brear,2,Round,3,1,0,14.74,1357.0,886.93,1337.0,-60.0,2424.9951,16.0,18.0,Very Good,G,VS1,1.53,IGI,3930.0
1802,Albert's Creations,2,Round,1,1,0,14.84,346.0,494.29,341.0,-60.0,626.4027,18.0,18.0,Ideal,D,VS1,0.7,IGI,1421.43
1802,Avignon Diamonds,2,Round,1,1,0,74.32,374.0,534.29,368.0,-54.0,576.6617,18.0,18.0,Ideal,D,VS1,0.7,IGI,1421.43
1802,BonDiam,2,Round,1,1,0,14.61,372.0,531.43,366.0,-58.0,627.5571,18.0,18.0,Ideal,D,VS1,0.7,IGI,1421.43
1802,Eternity Fine Jewelers,2,Round,1,1,0,21.98,345.26,493.23,340.0,-59.0,602.7319,18.0,18.0,Ideal,D,VS1,0.7,IGI,1421.43
1802,Hoseki,2,Round,2,1,0,22.91,352.23,503.19,347.0,-57.0,590.0839,18.0,18.0,Ideal,D,VS1,0.7,IGI,1421.43
1802,Iris Diamonds,2,Round,1,2,0,10.07,341.0,487.14,336.0,-63.0,659.5159,18.0,18.0,Ideal,D,VS1,0.7,IGI,1421.43
1802,Jane Brear,2,Round,1,1,0,18.26,530.34,757.63,522.0,-37.0,600.9521,18.0,18.0,Ideal,D,VS1,0.7,IGI,1421.43
1802,Lotus Creation,2,Round,1,1,0,27.45,344.56,492.23,339.0,-59.0,596.1396,17.0,18.0,Ideal,D,VS1,0.7,IGI,1421.43
1802,Marlowe & Co,2,Round,1,1,0,13.3,362.0,517.14,357.0,-58.0,620.3826,18.0,18.0,Ideal,D,VS1,0.7,IGI,1421.43
1802,Mei & Co,2,Round,2,1,0,24.44,342.28,488.97,337.0,-60.0,613.6506,18.0,18.0,Ideal,D,VS1,0.7,IGI,1421.43
1802,Meridian Crafts,2,Round,1,1,0,10.33,352.0,502.86,347.0,-56.0,579.3322,0.0,0.0,Ideal,D,VS1,0.7,IGI,1421.43
1802,Michelle Kennedy,2,Round,1,1,0,22.64,451.73,645.33,445.0,-47.0,614.4183,18.0,18.0,Ideal,D,VS1,0.7,IGI,1421.43
1802,Promenade Jewelry,2,Round,1,1,0,12.85,347.0,495.71,342.0,-60.0,615.3308,18.0,18.0,Ideal,D,VS1,0.7,IGI,1421.43
1802,Riviera Jewels,2,Round,1,1,0,14.96,351.0,501.43,346.0,-59.0,619.4926,18.0,18.0,Ideal,D,VS1,0.7,IGI,1421.43
1802,Simetría,2,Round,1,1,0,27.54,327.19,467.41,322.0,-62.0,624.2996,18.0,18.0,Ideal,D,VS1,0.7,IGI,1421.43
1802,Temperley,2,Round,1,1,0,23.73,387.99,554.27,382.0,-56.0,624.9885,18.0,18.0,Ideal,D,VS1,0.7,IGI,1421.43
1802,White Lily,2,Round,1,1,0,10.84,419.0,598.57,413.0,-48.0,575.2591,18.0,18.0,Ideal,D,VS1,0.7,IGI,1421.43
1803,Cirrus Gems,2,Round,1,1,0,19.38,1653.0,728.19,1628.0,-61.0,3028.9998,18.0,18.0,Super Ideal,I,VS2,2.27,IGI,4940.0
1810,Avignon Diamonds,2,Round,1,1,0,66.5,1322.0,842.04,1302.0,-61.0,2445.3718,18.0,18.0,Ideal,G,VS1,1.57,IGI,4075.0
1810,Clermont Diamonds,2,Round,1,1,0,16.92,1307.0,832.48,1287.0,-60.0,2359.4912,18.0,18.0,Ideal,G,VS1,1.57,IGI,4075.0
1810,Ember Star,2,Round,1,1,0,14.24,1316.0,838.22,1296.0,-60.0,2372.4646,18.0,18.0,Ideal,G,VS1,1.57,IGI,4075.0
1810,Jane Brear,2,Round,1,1,0,13.75,1339.0,852.87,1319.0,-60.0,2416.0364,18.0,18.0,Ideal,G,VS1,1.57,IGI,4075.0
1810,Michelle Kennedy,2,Round,1,1,0,11.41,1323.0,842.68,1303.0,-61.0,2452.7888,18.0,18.0,Ideal,G,VS1,1.57,IGI,4075.0
1810,Rosella,2,Round,1,1,0,11.46,1281.0,815.92,1262.0,-62.0,2405.0159,18.0,18.0,Ideal,G,VS1,1.57,IGI,4075.0
1810,Serene Peaks Diamonds,2,Round,1,1,0,12.84,1335.0,850.32,1315.0,-60.0,2370.3943,18.0,18.0,Ideal,G,VS1,1.57,IGI,4075.0
1810,Taiga Gems,2,Round,1,1,0,11.05,1306.0,831.85,1286.0,-61.0,2383.8367,18.0,18.0,Ideal,G,VS1,1.57,IGI,4075.0
1810,Temperley,2,Round,1,1,0,13.37,1355.0,863.06,1335.0,-59.0,2394.499,18.0,18.0,Ideal,G,VS1,1.57,IGI,4075.0
1810,Westport Jewelry,2,Round,1,1,0,12.51,1286.0,819.11,1267.0,-60.0,2329.3484,18.0,18.0,Ideal,G,VS1,1.57,IGI,4075.0
1810,White Lily,2,Round,1,1,0,17.68,1355.0,863.06,1335.0,-59.0,2392.3115,18.0,18.0,Ideal,G,VS1,1.57,IGI,4075.0
1812,Serene Peaks Diamonds,2,Round,1,1,0,13.77,1135.0,722.93,1118.0,-53.0,1719.7234,18.0,18.0,Ideal,H,VS2,1.57,IGI,3270.0
1812,Temperley,2,Round,1,2,0,14.92,1121.0,714.01,1104.0,-56.0,1811.1394,18.0,18.0,Ideal,H,VS2,1.57,IGI,3270.0
1815,Michelle Kennedy,2,Round,1,1,0,13.19,2268.6,995.0,2235.0,-51.0,3344.7903,18.0,18.0,Ideal,H,VS2,2.28,IGI,6030.0
1818,Cirrus Gems,2,Round,1,2,0,17.55,626.38,695.98,617.0,-56.0,1015.8641,17.0,18.0,Very Good,E,VS2,0.9,IGI,1750.0
1818,Jane Brear,2,Round,1,1,0,16.04,641.0,712.22,631.0,-54.0,1005.4865,16.0,18.0,Very Good,E,VS2,0.9,IGI,1750.0
1819,Sunset Gems,2,Round,1,1,0,13.84,983.49,812.8,969.0,-57.0,1619.3586,18.0,18.0,Ideal,H,VVS1,1.21,IGI,2690.0
1819,Taiga Gems,2,Round,1,1,0,12.32,1017.88,841.22,1003.0,-55.0,1634.5742,18.0,18.0,Ideal,H,VVS1,1.21,IGI,2690.0
1822,Fuji Diamonds,2,Princess,1,2,0,18.85,762.0,725.71,751.0,-65.0,1379.5364,15.0,15.0,Super Ideal,G,VS1,1.05,IGI,2130.0
1822,Mei & Co,2,Princess,2,2,0,13.14,770.0,733.33,758.0,-63.0,1307.3589,15.0,15.0,Super Ideal,G,VS1,1.05,IGI,2130.0
1822,Roma Diamonds,2,Princess,1,1,0,12.87,786.0,748.57,774.0,-63.0,1363.5618,15.0,15.0,Super Ideal,G,VS1,1.05,IGI,2130.0
1828,Avignon Diamonds,2,Round,1,1,0,70.14,681.0,667.65,671.0,-61.0,1265.0081,18.0,18.0,Super Ideal,F,VS2,1.02,IGI,2010.0
1828,Jane Brear,2,Round,1,1,0,14.18,681.0,667.65,671.0,-61.0,1241.9454,18.0,18.0,Super Ideal,F,VS2,1.02,IGI,2010.0
1828,Marlowe & Co,2,Round,1,1,0,10.17,678.0,664.71,668.0,-62.0,1289.7662,18.0,18.0,Super Ideal,F,VS2,1.02,IGI,2010.0
1828,Michelle Kennedy,2,Round,1,1,0,13.12,691.52,677.96,681.0,-60.0,1232.7261,18.0,18.0,Super Ideal,F,VS2,1.02,IGI,2010.0
1828,Nova Stars,2,Round,1,1,0,10.39,657.0,644.12,647.0,-63.0,1268.5555,18.0,18.0,Super Ideal,F,VS2,1.02,IGI,2010.0
1828,Taiga Gems,2,Round,1,1,0,15.17,675.0,661.76,665.0,-60.0,1194.7479,18.0,18.0,Super Ideal,F,VS2,1.02,IGI,2010.0
1828,Temperley,2,Round,1,1,0,91.24,685.0,671.57,675.0,-61.0,1254.9698,18.0,18.0,Super Ideal,F,VS2,1.02,IGI,2010.0
1828,White Lily,2,Round,1,1,0,11.57,684.0,670.59,674.0,-59.0,1207.571,18.0,18.0,Super Ideal,F,VS2,1.02,IGI,2010.0
1829,Bayside Gems,2,Round,1,1,0,15.29,1073.25,1041.99,1057.0,-70.0,2573.5315,18.0,18.0,Super Ideal,D,VVS1,1.03,IGI,4110.0
1829,Eternity Fine Jewelers,2,Round,1,1,0,12.82,1109.42,1077.11,1093.0,-68.0,2466.3733,18.0,18.0,Super Ideal,D,VVS1,1.03,IGI,4110.0
1829,Infinity Diamonds,2,Round,1,1,0,20.16,1110.0,1077.67,1093.0,-69.0,2543.7246,18.0,18.0,Super Ideal,D,VVS1,1.03,IGI,4110.0
1829,Jane Brear,2,Round,1,1,0,17.41,1096.0,1064.08,1080.0,-70.0,2581.0649,18.0,18.0,Super Ideal,D,VVS1,1.03,IGI,4110.0
1829,Joan Cooper,2,Round,1,1,0,10.48,1118.0,1085.44,1101.0,-69.0,2542.2629,18.0,18.0,Super Ideal,D,VVS1,1.03,IGI,4110.0
1829,Marlowe & Co,2,Round,1,1,0,10.82,1119.0,1086.41,1102.0,-68.0,2512.7954,18.0,18.0,Super Ideal,D,VVS1,1.03,IGI,4110.0
1829,Michelle Kennedy,2,Round,1,1,0,93.36,1116.0,1083.5,1099.0,-69.0,2546.9138,18.0,18.0,Super Ideal,D,VVS1,1.03,IGI,4110.0
1829,Riviera Jewels,2,Round,1,1,0,10.46,1107.0,1074.76,1090.0,-68.0,2497.4204,18.0,18.0,Super Ideal,D,VVS1,1.03,IGI,4110.0
1829,Roma Diamonds,2,Round,1,1,0,15.73,1103.0,1070.87,1086.0,-69.0,2540.8037,18.0,18.0,Super Ideal,D,VVS1,1.03,IGI,4110.0
1829,Rosella,2,Round,1,1,0,11.16,1121.0,1088.35,1104.0,-68.0,2532.4807,18.0,18.0,Super Ideal,D,VVS1,1.03,IGI,4110.0
1829,Sara's Diamonds,2,Round,1,1,0,61.96,1071.0,1039.81,1055.0,-70.0,2598.8228,18.0,18.0,Super Ideal,D,VVS1,1.03,IGI,4110.0
1829,Serenade Diamonds,2,Round,1,1,0,17.77,1092.55,1060.73,1076.0,-69.0,2564.218,18.0,18.0,Super Ideal,D,VVS1,1.03,IGI,4110.0
1829,Simetría,2,Round,1,1,0,93.11,1107.0,1074.76,1090.0,-68.0,2473.1167,18.0,18.0,Super Ideal,D,VVS1,1.03,IGI,4110.0
1829,Starlit Stones,2,Round,1,1,0,10.83,1105.0,1072.82,1088.0,-69.0,2566.6707,18.0,18.0,Super Ideal,D,VVS1,1.03,IGI,4110.0
1829,Temperley,2,Round,1,1,0,10.42,1122.0,1089.32,1105.0,-69.0,2553.2529,18.0,18.0,Super Ideal,D,VVS1,1.03,IGI,4110.0
1829,Tilia Diamonds,2,Round,1,1,0,12.75,1115.0,1082.52,1098.0,-69.0,2558.2932,18.0,18.0,Super Ideal,D,VVS1,1.03,IGI,4110.0
1829,White Lily,2,Round,1,1,0,11.75,1124.0,1091.26,1107.0,-67.0,2461.2571,18.0,18.0,Super Ideal,D,VVS1,1.03,IGI,4110.0
1832,Michelle Kennedy,2,Round,1,1,0,12.53,657.7,657.7,648.0,-57.0,1106.5485,18.0,18.0,Super Ideal,I,VS1,1.0,IGI,1761.48
1833,Diamonds by Zoya,2,Round,1,2,0,24.94,319.4,638.8,315.0,-56.0,521.2428,16.0,18.0,Very Good,D,VS1,0.5,IGI,770.0
1833,Jane Brear,2,Round,1,1,0,23.8,339.3,678.6,334.0,-59.0,585.4332,16.0,18.0,Very Good,D,VS1,0.5,IGI,770.0
1833,Magnolia,2,Round,2,3,0,10.86,309.0,618.0,304.0,-62.0,584.0604,15.0,18.0,Very Good,D,VS1,0.5,IGI,770.0
1833,Mei & Co,2,Round,3,2,0,23.0,319.4,638.8,315.0,-58.0,548.4384,16.0,18.0,Very Good,D,VS1,0.5,IGI,770.0
1833,Thalassa Gems,2,Round,1,2,0,17.57,309.0,618.0,304.0,-61.0,566.5303,15.0,18.0,Very Good,D,VS1,0.5,IGI,770.0
1833,White Lily,2,Round,1,1,0,13.21,352.0,704.0,347.0,-51.0,517.3775,17.0,18.0,Very Good,D,VS1,0.5,IGI,770.0
1839,Clermont Diamonds,2,Round,1,1,0,11.32,779.0,608.59,767.0,-65.0,1586.193,18.0,18.0,Ideal,F,VS2,1.28,IGI,2560.0
1839,Jane Brear,2,Round,1,1,0,15.04,806.0,629.69,794.0,-64.0,1601.715,18.0,18.0,Ideal,F,VS2,1.28,IGI,2560.0
1839,Temperley,2,Round,1,1,0,12.51,823.86,643.64,812.0,-63.0,1615.1298,18.0,18.0,Ideal,F,VS2,1.28,IGI,2560.0
1840,Michelle Kennedy,2,Cushion,1,1,0,15.99,796.0,772.82,784.0,-64.0,1383.7223,14.0,15.0,Very Good,F,VS2,1.03,IGI,1990.0
1840,Tierra Mia Diamonds,2,Cushion,1,1,0,10.93,791.0,767.96,779.0,-61.0,1278.9274,14.0,15.0,Very Good,F,VS2,1.03,IGI,1990.0
1842,Bayside Gems,2,Oval,1,1,0,14.51,3468.33,1675.52,3416.0,-58.0,5568.4531,15.0,15.0,Super Ideal,D,VVS2,2.07,IGI,11570.0
1842,Cornerstone,2,Oval,1,1,0,12.4,3451.0,1667.15,3399.0,-57.0,5461.811,15.0,15.0,Super Ideal,D,VVS2,2.07,IGI,11570.0
1842,Eterna Luxe,2,Oval,1,1,0,14.84,3442.0,1662.8,3390.0,-57.0,5416.1128,15.0,15.0,Super Ideal,D,VVS2,2.07,IGI,11570.0
1842,Eternal Flame,2,Oval,1,1,0,13.2,3462.0,1672.46,3410.0,-57.0,5450.4009,15.0,15.0,Super Ideal,D,VVS2,2.07,IGI,11570.0
1842,Jane Brear,2,Oval,1,1,0,17.01,3458.0,1670.53,3406.0,-58.0,5484.0303,15.0,15.0,Super Ideal,D,VVS2,2.07,IGI,11570.0
1842,La Marquise,2,Oval,1,1,0,17.55,3644.0,1760.39,3589.0,-56.0,5567.2075,15.0,15.0,Super Ideal,D,VVS2,2.07,IGI,11570.0
1842,Michelle Kennedy,2,Oval,1,1,0,12.75,3432.0,1657.97,3381.0,-57.0,5436.2236,15.0,15.0,Super Ideal,D,VVS2,2.07,IGI,11570.0
1842,Nebula Stones,2,Oval,1,1,0,12.93,3512.0,1696.62,3459.0,-56.0,5437.1011,15.0,15.0,Super Ideal,D,VVS2,2.07,IGI,11570.0
1842,Periwinkle Stones,2,Oval,1,1,0,12.16,3667.57,1771.77,3613.0,-55.0,5470.144,15.0,15.0,Super Ideal,D,VVS2,2.07,IGI,11570.0
1842,Riley Stones,2,Oval,1,1,0,33.09,3362.0,1624.15,3312.0,-58.0,5430.3579,15.0,15.0,Super Ideal,D,VVS2,2.07,IGI,11570.0
1842,Taiga Gems,2,Oval,1,1,0,12.88,3428.0,1656.04,3377.0,-57.0,5430.3579,15.0,15.0,Super Ideal,D,VVS2,2.07,IGI,11570.0
1842,Temperley,2,Oval,1,1,0,15.28,3458.0,1670.53,3406.0,-57.0,5388.8003,15.0,15.0,Super Ideal,D,VVS2,2.07,IGI,11570.0
1842,White Lily,2,Oval,1,1,0,12.1,3474.0,1678.26,3422.0,-57.0,5468.6621,15.0,15.0,Super Ideal,D,VVS2,2.07,IGI,11570.0
1847,Clermont Diamonds,2,Round,1,1,0,11.33,842.0,652.71,829.0,-63.0,1643.2126,18.0,18.0,Super Ideal,F,VS1,1.29,IGI,3190.0
1847,Fabiola,2,Round,1,1,0,12.72,833.0,645.74,821.0,-63.0,1616.1377,18.0,18.0,Super Ideal,F,VS1,1.29,IGI,3190.0
1847,Jane Brear,2,Round,1,1,0,19.37,859.0,665.89,846.0,-64.0,1688.4221,18.0,18.0,Super Ideal,F,VS1,1.29,IGI,3190.0
1847,Michelle Kennedy,2,Round,1,1,0,13.0,861.0,667.44,848.0,-62.0,1623.7753,18.0,18.0,Super Ideal,F,VS1,1.29,IGI,3190.0
1847,Roma Diamonds,2,Round,1,1,0,41.06,1095.0,848.84,1079.0,-52.0,1637.4291,18.0,18.0,Super Ideal,F,VS1,1.29,IGI,3190.0
1847,Temperley,2,Round,1,1,0,20.02,851.0,659.69,838.0,-63.0,1625.2728,18.0,18.0,Super Ideal,F,VS1,1.29,IGI,3190.0
1850,Bonsai Gems,2,Oval,1,1,0,12.03,4239.0,1758.92,4175.0,-56.0,6522.4863,15.0,15.0,Super Ideal,D,VVS2,2.41,IGI,14510.0
1850,Diamonds by Zoya,2,Oval,1,1,0,92.31,4268.0,1770.95,4204.0,-56.0,6523.269,15.0,15.0,Super Ideal,D,VVS2,2.41,IGI,14510.0
1854,KIYO,2,Oval,1,1,0,21.66,2159.04,1004.2,2127.0,-63.0,3920.8284,15.0,15.0,Very Good,G,VS1,2.15,IGI,7720.0
1854,Oasis Diamonds,2,Oval,1,1,0,13.38,2320.0,1079.07,2285.0,-61.0,4056.8506,15.0,15.0,Very Good,G,VS1,2.15,IGI,7720.0
1854,Temperley,2,Oval,1,3,0,20.44,2505.0,1165.12,2467.0,-58.0,4046.0012,14.0,15.0,Very Good,G,VS1,2.15,IGI,7720.0
1854,White Lily,2,Oval,1,1,0,15.7,2265.0,1053.49,2231.0,-61.0,3868.8135,14.0,15.0,Very Good,G,VS1,2.15,IGI,7720.0
1856,Clermont Diamonds,2,Round,1,1,0,20.56,1148.0,760.26,1131.0,-59.0,2025.4663,18.0,18.0,Ideal,G,SI1,1.51,IGI,3595.0
1856,White Lily,2,Round,1,1,0,23.51,1204.0,797.35,1186.0,-57.0,2022.6066,18.0,18.0,Ideal,G,SI1,1.51,IGI,3595.0
1857,Jane Brear,2,Round,1,1,0,18.16,3444.0,1565.45,3392.0,-63.0,6638.9526,18.0,18.0,Ideal,D,VVS2,2.2,IGI,12645.0
1857,Marlowe & Co,2,Round,1,1,0,15.31,3371.0,1532.27,3320.0,-64.0,6698.3633,18.0,18.0,Ideal,D,VVS2,2.2,IGI,12645.0
1857,Promenade Jewelry,2,Round,1,1,0,18.26,3438.72,1563.05,3387.0,-62.0,6473.8989,18.0,18.0,Ideal,D,VVS2,2.2,IGI,12645.0
1857,Tierra Mia Diamonds,2,Round,1,1,0,19.24,3265.0,1484.09,3216.0,-64.0,6459.708,18.0,18.0,Ideal,D,VVS2,2.2,IGI,12645.0
1858,Avignon Diamonds,2,Round,2,2,0,25.73,311.0,598.08,306.0,-53.0,472.2867,16.0,18.0,Very Good,D,VS2,0.52,IGI,750.0
1858,Temperley,2,Round,2,2,0,21.57,409.22,786.96,403.0,-43.0,513.6296,17.0,18.0,Very Good,D,VS2,0.52,IGI,750.0
1861,CV Diamonds,2,Round,1,1,0,93.06,700.0,666.67,690.0,-68.0,1567.7299,18.0,18.0,Ideal,D,VS2,1.05,IGI,2580.0
1861,Camden Gems,2,Round,1,1,0,10.62,689.0,656.19,679.0,-68.0,1557.9241,18.0,18.0,Ideal,D,VS2,1.05,IGI,2580.0
1861,Fabiola,2,Round,1,1,0,17.16,686.0,653.33,676.0,-68.0,1534.4554,18.0,18.0,Ideal,D,VS2,1.05,IGI,2580.0
1861,Hazel Diamonds,2,Round,1,1,0,14.9,682.0,649.52,672.0,-68.0,1512.2987,18.0,18.0,Ideal,D,VS2,1.05,IGI,2580.0
1861,Jane Brear,2,Round,1,1,0,11.52,711.42,677.54,701.0,-67.0,1541.9694,18.0,18.0,Ideal,D,VS2,1.05,IGI,2580.0
1861,Marlowe & Co,2,Round,1,1,0,10.39,705.0,671.43,694.0,-68.0,1577.59,18.0,18.0,Ideal,D,VS2,1.05,IGI,2580.0
1861,Mei & Co,2,Round,2,1,0,12.97,692.52,659.54,682.0,-69.0,1577.7827,18.0,18.0,Ideal,D,VS2,1.05,IGI,2580.0
1861,Michelle Kennedy,2,Round,1,1,0,11.11,732.32,697.45,721.0,-66.0,1548.1036,18.0,18.0,Ideal,D,VS2,1.05,IGI,2580.0
1861,Oasis Diamonds,2,Round,1,1,0,12.0,733.32,698.4,722.0,-66.0,1543.8927,18.0,18.0,Ideal,D,VS2,1.05,IGI,2580.0
1861,Roma Diamonds,2,Round,1,1,0,11.82,694.0,660.95,684.0,-68.0,1574.6506,18.0,18.0,Ideal,D,VS2,1.05,IGI,2580.0
1861,Serenade Diamonds,2,Round,1,1,0,12.76,682.0,649.52,672.0,-69.0,1558.5525,18.0,18.0,Ideal,D,VS2,1.05,IGI,2580.0
1861,Starlight Crafts,2,Round,1,1,0,11.73,682.0,649.52,672.0,-68.0,1539.8662,18.0,18.0,Ideal,D,VS2,1.05,IGI,2580.0
1861,Stellar Radiance,2,Round,1,1,0,13.65,688.0,655.24,678.0,-68.0,1530.51,18.0,18.0,Ideal,D,VS2,1.05,IGI,2580.0
1861,Taiga Gems,2,Round,1,1,0,14.74,711.0,677.14,700.0,-67.0,1529.5577,18.0,18.0,Ideal,D,VS2,1.05,IGI,2580.0
1861,Temperley,2,Round,1,1,0,13.54,711.0,677.14,700.0,-68.0,1568.4037,18.0,18.0,Ideal,D,VS2,1.05,IGI,2580.0
1861,Thalassa Gems,2,Round,1,1,0,12.04,690.0,657.14,680.0,-69.0,1591.6853,18.0,18.0,Ideal,D,VS2,1.05,IGI,2580.0
1861,Tierra Mia Diamonds,2,Round,1,1,0,92.38,700.0,666.67,690.0,-68.0,1568.675,18.0,18.0,Ideal,D,VS2,1.05,IGI,2580.0
1861,White Lily,2,Round,1,1,0,10.03,717.0,682.86,706.0,-67.0,1569.5486,18.0,18.0,Ideal,D,VS2,1.05,IGI,2580.0
1862,Michelle Kennedy,2,Oval,1,1,0,7.0,2174.0,1087.0,2141.0,-39.0,2385.9177,14.0,15.0,Super Ideal,I,SI2,2.0,IGI,4474.44
1865,Diamonds by Zoya,2,Round,1,1,0,14.65,1366.65,848.85,1346.0,-56.0,2203.6575,18.0,18.0,Super Ideal,F,VS2,1.61,IGI,4386.67
1865,Michelle Kennedy,2,Round,1,1,0,14.87,1401.96,870.78,1381.0,-56.0,2266.282,18.0,18.0,Super Ideal,F,VS2,1.61,IGI,4386.67
1865,Periwinkle Stones,2,Round,1,1,0,20.11,1387.0,861.49,1366.0,-56.0,2259.4062,18.0,18.0,Super Ideal,F,VS2,1.61,IGI,4386.67
1865,Temperley,2,Round,1,1,0,14.06,1401.96,870.78,1381.0,-55.0,2222.7925,18.0,18.0,Super Ideal,F,VS2,1.61,IGI,4386.67
1865,White Lily,2,Round,1,1,0,16.18,1406.93,873.87,1386.0,-56.0,2292.4958,18.0,18.0,Super Ideal,F,VS2,1.61,IGI,4386.67
1868,Artemis Stones,2,Round,1,1,0,17.13,1936.09,904.71,1907.0,-61.0,3585.0581,18.0,18.0,Ideal,G,VS1,2.14,IGI,7930.0
1868,Avignon Diamonds,2,Round,1,1,0,10.43,1958.0,914.95,1929.0,-62.0,3723.7278,18.0,18.0,Ideal,G,VS1,2.14,IGI,7930.0
1868,Cirrus Gems,2,Round,1,1,0,17.0,1908.0,891.59,1879.0,-63.0,3717.2087,18.0,18.0,Ideal,G,VS1,2.14,IGI,7930.0
1868,Jane Brear,2,Round,1,1,0,11.79,1987.0,928.5,1957.0,-61.0,3620.1394,18.0,18.0,Ideal,G,VS1,2.14,IGI,7930.0
1868,Michelle Kennedy,2,Round,1,1,0,13.49,1978.0,924.3,1948.0,-61.0,3589.689,18.0,18.0,Ideal,G,VS1,2.14,IGI,7930.0
1868,Temperley,2,Round,1,1,0,15.17,2009.9,939.21,1980.0,-60.0,3636.835,18.0,18.0,Ideal,G,VS1,2.14,IGI,7930.0
1868,White Lily,2,Round,1,1,0,15.43,2021.0,944.39,1991.0,-61.0,3678.3855,18.0,18.0,Ideal,G,VS1,2.14,IGI,7930.0
1870,Adalyn Jewelry,2,Oval,1,1,0,12.01,389.04,532.93,383.0,-39.0,430.6028,15.0,15.0,Very Good,D,VS2,0.73,IGI,1310.0
1870,Albert's Creations,2,Oval,1,1,0,19.35,353.0,483.56,348.0,-41.0,405.5817,15.0,15.0,Very Good,D,VS2,0.73,IGI,1310.0
1870,Cornerstone,2,Oval,2,1,0,12.6,355.0,486.3,350.0,-49.0,467.5751,15.0,15.0,Very Good,D,VS2,0.73,IGI,1310.0
1870,Rosella,2,Oval,2,2,0,13.99,342.63,469.36,337.0,-50.0,466.2467,14.0,15.0,Very Good,D,VS2,0.73,IGI,1310.0
1870,Vega Diamonds,2,Oval,1,1,0,20.52,343.0,469.86,338.0,-48.0,442.0077,15.0,15.0,Very Good,D,VS2,0.73,IGI,1310.0
1872,Rosella,2,Round,2,2,0,14.67,322.0,575.0,317.0,-63.0,622.5509,16.0,18.0,Very Good,D,VVS2,0.56,IGI,1000.0
1872,Thalassa Gems,2,Round,2,2,0,12.29,335.0,598.21,330.0,-61.0,611.4058,16.0,18.0,Very Good,D,VVS2,0.56,IGI,1000.0
1875,Albert's Creations,2,Round,1,1,0,10.67,351.0,468.0,346.0,-61.0,645.9642,18.0,18.0,Ideal,D,VS1,0.75,IGI,1520.0
1875,Eternity Fine Jewelers,2,Round,1,1,0,12.35,537.0,716.0,529.0,-40.0,637.6288,18.0,18.0,Ideal,D,VS1,0.75,IGI,1520.0
1875,Hoseki,2,Round,2,2,0,11.42,369.0,492.0,363.0,-56.0,600.5018,18.0,18.0,Ideal,D,VS1,0.75,IGI,1520.0
1875,Jane Brear,2,Round,1,1,0,13.76,376.0,501.33,370.0,-58.0,647.6078,18.0,18.0,Ideal,D,VS1,0.75,IGI,1520.0
1875,Michelle Kennedy,2,Round,1,1,0,12.84,380.0,506.67,374.0,-57.0,626.4446,18.0,18.0,Ideal,D,VS1,0.75,IGI,1520.0
1875,Nova Stars,2,Round,1,1,0,12.93,352.0,469.33,347.0,-61.0,639.9942,18.0,18.0,Ideal,D,VS1,0.75,IGI,1520.0
1875,Temperley,2,Round,1,1,0,11.53,373.0,497.33,367.0,-56.0,610.1253,18.0,18.0,Ideal,D,VS1,0.75,IGI,1520.0
1875,White Lily,2,Round,1,1,0,13.31,375.0,500.0,369.0,-58.0,632.3665,18.0,18.0,Ideal,D,VS1,0.75,IGI,1520.0
1879,Cirrus Gems,2,Round,2,2,0,16.1,747.0,666.96,736.0,-57.0,1229.6156,18.0,18.0,Ideal,E,VS1,1.12,IGI,3085.0
1879,Emilia Sterling,2,Round,1,1,0,10.59,746.0,666.07,735.0,-58.0,1263.7627,18.0,18.0,Ideal,E,VS1,1.12,IGI,3085.0
1879,Eternity Fine Jewelers,2,Round,1,1,0,12.86,776.1,692.95,764.0,-58.0,1308.6444,18.0,18.0,Ideal,E,VS1,1.12,IGI,3085.0
1879,Infinity Diamonds,2,Round,1,1,0,18.94,784.0,700.0,772.0,-58.0,1342.3928,18.0,18.0,Ideal,E,VS1,1.12,IGI,3085.0
1879,Jane Brear,2,Round,1,1,0,13.18,806.94,720.48,795.0,-57.0,1332.6528,18.0,18.0,Ideal,E,VS1,1.12,IGI,3085.0
1879,Marlowe & Co,2,Round,1,1,0,12.03,793.0,708.04,781.0,-57.0,1323.1426,18.0,18.0,Ideal,E,VS1,1.12,IGI,3085.0
1879,Michelle Kennedy,2,Round,1,1,0,11.29,795.0,709.82,783.0,-56.0,1287.0874,18.0,18.0,Ideal,E,VS1,1.12,IGI,3085.0
1879,Oasis Diamonds,2,Round,1,1,0,15.35,811.0,724.11,799.0,-55.0,1290.8331,18.0,18.0,Ideal,E,VS1,1.12,IGI,3085.0
1879,Roma Diamonds,2,Round,1,1,0,41.56,984.0,878.57,969.0,-47.0,1324.4049,18.0,18.0,Ideal,E,VS1,1.12,IGI,3085.0
1879,Serene Peaks Diamonds,2,Round,1,1,0,14.07,778.09,694.72,766.0,-56.0,1269.7686,18.0,18.0,Ideal,E,VS1,1.12,IGI,3085.0
1879,Silva Diamonds,2,Round,1,1,0,12.61,771.0,688.39,759.0,-58.0,1316.6727,18.0,18.0,Ideal,E,VS1,1.12,IGI,3085.0
1879,Simetría,2,Round,1,1,0,14.34,772.12,689.39,761.0,-57.0,1275.4287,18.0,18.0,Ideal,E,VS1,1.12,IGI,3085.0
1879,Temperley,2,Round,1,1,0,11.19,799.98,714.27,788.0,-56.0,1308.1432,18.0,18.0,Ideal,E,VS1,1.12,IGI,3085.0
1879,Verve Jewels,2,Round,1,1,0,93.59,772.0,689.29,760.0,-58.0,1323.3271,18.0,18.0,Ideal,E,VS1,1.12,IGI,3085.0
1879,White Lily,2,Round,1,1,0,12.56,812.0,725.0,800.0,-55.0,1302.5785,18.0,18.0,Ideal,E,VS1,1.12,IGI,3085.0
1880,Jane Brear,2,Round,1,1,0,15.47,300.0,731.71,296.0,-51.0,438.1972,18.0,18.0,Ideal,D,VVS1,0.41,IGI,610.0
1880,Michelle Kennedy,2,Round,1,1,0,11.66,300.0,731.71,296.0,-49.0,419.4734,18.0,18.0,Ideal,D,VVS1,0.41,IGI,610.0
1880,Temperley,2,Round,1,1,0,13.15,300.0,731.71,296.0,-51.0,441.9605,18.0,18.0,Ideal,D,VVS1,0.41,IGI,610.0
1880,White Lily,2,Round,1,1,0,12.11,300.0,731.71,296.0,-57.0,504.3575,18.0,18.0,Ideal,D,VVS1,0.41,IGI,610.0
1895,Cirrus Gems,2,Round,1,1,0,19.66,2198.61,869.02,2166.0,-61.0,4064.8386,18.0,18.0,Super Ideal,I,VS1,2.53,IGI,6835.0
1895,Temperley,2,Round,1,1,0,14.38,2266.0,895.65,2232.0,-60.0,4101.8867,18.0,18.0,Super Ideal,I,VS1,2.53,IGI,6835.0
1897,Jane Brear,2,Round,1,1,0,13.28,1015.9,860.93,1001.0,-52.0,1508.1002,18.0,18.0,Super Ideal,F,VVS1,1.18,IGI,3620.0
1897,Sunset Gems,2,Round,1,1,0,17.42,996.03,844.09,981.0,-54.0,1561.4631,18.0,18.0,Super Ideal,F,VVS1,1.18,IGI,3620.0
1897,White Lily,2,Round,1,1,0,92.71,1064.0,901.69,1048.0,-50.0,1526.7166,18.0,18.0,Super Ideal,F,VVS1,1.18,IGI,3620.0
1900,Temperley,2,Round,1,1,0,12.85,1904.43,1168.36,1876.0,-18.0,1666.8335,18.0,18.0,Ideal,J,VS1,1.63,IGI,2980.0
1903,Jane Brear,2,Round,1,1,0,13.72,1789.0,1052.35,1762.0,-14.0,1494.1436,18.0,18.0,Ideal,J,SI1,1.7,IGI,2528.33
1904,Temperley,2,Round,2,1,0,14.66,898.0,871.84,885.0,-52.0,1340.6525,18.0,18.0,Super Ideal,H,VVS1,1.03,IGI,2280.0
1905,Jane Brear,2,Round,1,1,0,14.47,1833.78,1078.69,1806.0,-6.0,1399.7535,18.0,18.0,Super Ideal,J,VS2,1.7,IGI,2760.0
1909,Temperley,2,Round,1,1,0,13.29,2001.0,1136.93,1971.0,-9.0,1568.583,18.0,18.0,Super Ideal,I,SI1,1.76,IGI,3116.67
1911,Avignon Diamonds,2,Round,1,1,0,11.87,696.0,644.44,686.0,-68.0,1560.9137,18.0,18.0,Ideal,D,VS2,1.08,IGI,2450.0
1911,Eternity Fine Jewelers,2,Round,1,1,0,13.61,702.47,650.44,692.0,-67.0,1516.4596,18.0,18.0,Ideal,D,VS2,1.08,IGI,2450.0
1911,Jane Brear,2,Round,1,1,0,13.3,717.0,663.89,706.0,-67.0,1545.8723,18.0,18.0,Ideal,D,VS2,1.08,IGI,2450.0
1911,Knox Diamonds,2,Round,1,1,0,11.13,687.0,636.11,677.0,-67.0,1506.479,18.0,18.0,Ideal,D,VS2,1.08,IGI,2450.0
1911,Magnolia,2,Round,1,1,0,12.94,689.0,637.96,679.0,-68.0,1550.6599,18.0,18.0,Ideal,D,VS2,1.08,IGI,2450.0
1911,Marlowe & Co,2,Round,1,1,0,13.85,712.0,659.26,701.0,-67.0,1546.9717,18.0,18.0,Ideal,D,VS2,1.08,IGI,2450.0
1911,Michelle Kennedy,2,Round,1,1,0,17.95,714.21,661.31,703.0,-66.0,1520.889,18.0,18.0,Ideal,D,VS2,1.08,IGI,2450.0
1911,N. B. Diamonds,2,Round,1,1,0,13.62,695.0,643.52,685.0,-68.0,1547.9968,18.0,18.0,Ideal,D,VS2,1.08,IGI,2450.0
1911,Riviera Jewels,2,Round,1,1,0,13.2,693.0,641.67,683.0,-68.0,1558.3049,18.0,18.0,Ideal,D,VS2,1.08,IGI,2450.0
1911,Roma Diamonds,2,Round,1,1,0,10.38,697.0,645.37,687.0,-68.0,1555.8884,18.0,18.0,Ideal,D,VS2,1.08,IGI,2450.0
1911,Rosella,2,Round,1,1,0,11.06,697.0,645.37,687.0,-67.0,1493.3448,18.0,18.0,Ideal,D,VS2,1.08,IGI,2450.0
1911,Serene Peaks Diamonds,2,Round,1,1,0,13.68,703.46,651.35,693.0,-67.0,1540.7715,18.0,18.0,Ideal,D,VS2,1.08,IGI,2450.0
1911,Silva Diamonds,2,Round,1,1,0,14.39,690.0,638.89,680.0,-69.0,1574.5098,18.0,18.0,Ideal,D,VS2,1.08,IGI,2450.0
1911,Starlight Crafts,2,Round,1,1,0,13.14,685.0,634.26,675.0,-69.0,1563.4589,18.0,18.0,Ideal,D,VS2,1.08,IGI,2450.0
1911,Taiga Gems,2,Round,1,1,0,15.57,713.0,660.19,702.0,-67.0,1564.7378,18.0,18.0,Ideal,D,VS2,1.08,IGI,2450.0
1911,Temperley,2,Round,1,1,0,11.07,717.0,663.89,706.0,-67.0,1553.0426,18.0,18.0,Ideal,D,VS2,1.08,IGI,2450.0
1911,Thalassa Gems,2,Round,1,1,0,15.51,690.0,638.89,680.0,-68.0,1535.5057,18.0,18.0,Ideal,D,VS2,1.08,IGI,2450.0
1911,White Lily,2,Round,1,1,0,14.99,717.11,663.99,706.0,-67.0,1556.8564,18.0,18.0,Ideal,D,VS2,1.08,IGI,2450.0
1912,Meridian Crafts,2,Round,1,1,0,12.77,312.0,445.71,307.0,-60.0,552.871,18.0,18.0,Ideal,F,VVS2,0.7,IGI,1202.86
1912,Michelle Kennedy,2,Round,1,1,0,20.48,317.0,452.86,312.0,-65.0,640.1442,18.0,18.0,Ideal,F,VVS2,0.7,IGI,1202.86
1912,Nova Stars,2,Round,1,1,0,17.38,302.48,432.11,298.0,-64.0,599.9228,18.0,18.0,Ideal,F,VVS2,0.7,IGI,1202.86
1912,Temperley,2,Round,1,1,0,12.82,333.0,475.71,328.0,-61.0,613.4649,18.0,18.0,Ideal,F,VVS2,0.7,IGI,1202.86
1912,White Lily,2,Round,1,1,0,13.98,321.0,458.57,316.0,-63.0,615.9485,18.0,18.0,Ideal,F,VVS2,0.7,IGI,1202.86
1913,Jane Brear,2,Round,1,1,0,11.9,3061.0,1530.5,3015.0,-5.0,2310.8022,18.0,18.0,Ideal,J,VS1,2.0,IGI,3915.26
1913,Michelle Kennedy,2,Round,1,1,0,12.46,3061.0,1530.5,3015.0,-9.0,2409.4944,18.0,18.0,Ideal,J,VS1,2.0,IGI,3915.26
1913,Temperley,2,Round,1,1,0,11.97,1559.0,779.5,1536.0,-54.0,2410.5276,18.0,18.0,Ideal,J,VS1,2.0,IGI,3915.26
1914,Albert's Creations,2,Oval,1,1,0,19.33,322.0,564.91,317.0,-25.0,287.6894,15.0,15.0,Super Ideal,E,SI1,0.57,IGI,580.0
1914,Promenade Jewelry,2,Oval,1,2,0,18.66,309.0,542.11,304.0,-33.0,309.9503,15.0,15.0,Super Ideal,E,SI1,0.57,IGI,580.0
1922,White Lily,2,Round,1,1,0,16.69,677.0,743.96,667.0,-49.0,941.6273,18.0,18.0,Ideal,H,SI1,0.91,IGI,1633.33
1924,White Lily,2,Round,1,1,0,18.49,3147.0,1398.67,3100.0,-18.0,2758.3333,18.0,18.0,Ideal,J,VS1,2.25,IGI,4440.0
1925,Artemis Stones,2,Asscher,1,1,0,22.52,1199.0,778.57,1181.0,-65.0,2160.5491,14.0,15.0,Very Good,G,SI1,1.54,IGI,3200.0
1928,Bayside Gems,2,Round,1,1,0,15.22,855.12,695.22,842.0,-67.0,1877.3889,18.0,18.0,Super Ideal,D,VS1,1.23,IGI,3200.0
1928,Clermont Diamonds,2,Round,1,1,0,14.16,877.0,713.01,864.0,-67.0,1887.5653,18.0,18.0,Super Ideal,D,VS1,1.23,IGI,3200.0
1928,Ember Star,2,Round,1,1,0,13.41,848.37,689.73,836.0,-68.0,1922.7622,18.0,18.0,Super Ideal,D,VS1,1.23,IGI,3200.0
1928,Emilia Sterling,2,Round,1,1,0,93.6,844.0,686.18,831.0,-68.0,1900.6082,18.0,18.0,Super Ideal,D,VS1,1.23,IGI,3200.0
1928,Eternity Fine Jewelers,2,Round,1,1,0,13.44,873.0,709.76,860.0,-67.0,1877.928,18.0,18.0,Super Ideal,D,VS1,1.23,IGI,3200.0
1928,Fabiola,2,Round,1,1,0,12.16,858.0,697.56,845.0,-67.0,1885.9071,18.0,18.0,Super Ideal,D,VS1,1.23,IGI,3200.0
1928,Iris Diamonds,2,Round,1,1,0,13.79,865.65,703.78,853.0,-68.0,1940.5887,18.0,18.0,Super Ideal,D,VS1,1.23,IGI,3200.0
1928,Jane Brear,2,Round,1,1,0,13.77,877.0,713.01,864.0,-66.0,1873.856,18.0,18.0,Super Ideal,D,VS1,1.23,IGI,3200.0
1928,Lotus Creation,2,Round,1,1,0,14.71,880.0,715.45,867.0,-66.0,1864.4579,18.0,18.0,Super Ideal,D,VS1,1.23,IGI,3200.0
1928,Michelle Kennedy,2,Round,1,1,0,16.06,866.7,704.63,854.0,-68.0,1922.6523,18.0,18.0,Super Ideal,D,VS1,1.23,IGI,3200.0
1928,Promenade Jewelry,2,Round,1,1,0,12.41,871.0,708.13,858.0,-68.0,1921.6865,18.0,18.0,Super Ideal,D,VS1,1.23,IGI,3200.0
1928,Riviera Jewels,2,Round,1,1,0,12.09,866.0,704.07,853.0,-67.0,1906.4731,18.0,18.0,Super Ideal,D,VS1,1.23,IGI,3200.0
1928,Roma Diamonds,2,Round,1,1,0,13.61,866.0,704.07,853.0,-67.0,1900.1339,18.0,18.0,Super Ideal,D,VS1,1.23,IGI,3200.0
1928,Rosella,2,Round,1,1,0,11.22,862.0,700.81,849.0,-68.0,1906.6917,18.0,18.0,Super Ideal,D,VS1,1.23,IGI,3200.0
1928,Sigma Diamonds,2,Round,1,1,0,13.55,859.0,698.37,846.0,-68.0,1902.3134,18.0,18.0,Super Ideal,D,VS1,1.23,IGI,3200.0
1928,Silva Diamonds,2,Round,1,1,0,13.98,859.0,698.37,846.0,-67.0,1872.9712,18.0,18.0,Super Ideal,D,VS1,1.23,IGI,3200.0
1928,Simetría,2,Round,1,1,0,14.39,862.0,700.81,849.0,-67.0,1881.1976,18.0,18.0,Super Ideal,D,VS1,1.23,IGI,3200.0
1928,Starlight Crafts,2,Round,1,1,0,13.18,878.0,713.82,865.0,-67.0,1896.7412,18.0,18.0,Super Ideal,D,VS1,1.23,IGI,3200.0
1928,Taiga Gems,2,Round,1,1,0,14.91,852.0,692.68,839.0,-67.0,1858.3127,18.0,18.0,Super Ideal,D,VS1,1.23,IGI,3200.0
1928,Temperley,2,Round,1,1,0,52.13,877.0,713.01,864.0,-67.0,1923.2507,18.0,18.0,Super Ideal,D,VS1,1.23,IGI,3200.0
1928,Tilia Diamonds,2,Round,1,1,0,15.15,871.0,708.13,858.0,-67.0,1891.3579,18.0,18.0,Super Ideal,D,VS1,1.23,IGI,3200.0
1928,Vega Diamonds,2,Round,1,1,0,13.21,839.0,682.11,826.0,-69.0,1923.4761,18.0,18.0,Super Ideal,D,VS1,1.23,IGI,3200.0
1928,White Lily,2,Round,1,1,0,20.73,867.0,704.88,854.0,-67.0,1859.9196,18.0,18.0,Super Ideal,D,VS1,1.23,IGI,3200.0
1930,Bayside Gems,2,Round,1,1,0,17.65,872.0,792.73,859.0,-57.0,1445.6565,18.0,18.0,Super Ideal,E,VVS2,1.1,IGI,3117.5
1930,Camden Gems,2,Round,1,1,0,10.63,889.0,808.18,876.0,-54.0,1385.2455,18.0,18.0,Super Ideal,E,VVS2,1.1,IGI,3117.5
1930,Clermont Diamonds,2,Round,1,1,0,12.58,902.0,820.0,888.0,-54.0,1395.6562,18.0,18.0,Super Ideal,E,VVS2,1.1,IGI,3117.5
1930,Ember Star,2,Round,1,1,0,16.4,874.0,794.55,861.0,-55.0,1393.7797,18.0,18.0,Super Ideal,E,VVS2,1.1,IGI,3117.5
1930,Emilia Sterling,2,Round,1,1,0,13.2,880.0,800.0,867.0,-55.0,1406.371,18.0,18.0,Super Ideal,E,VVS2,1.1,IGI,3117.5
1930,Equinox Jewels,2,Round,1,1,0,13.09,896.0,814.55,883.0,-54.0,1404.0964,18.0,18.0,Super Ideal,E,VVS2,1.1,IGI,3117.5
1930,Eternity Fine Jewelers,2,Round,1,1,0,12.54,906.0,823.64,892.0,-53.0,1379.3185,18.0,18.0,Super Ideal,E,VVS2,1.1,IGI,3117.5
1930,Fiona Clément,2,Round,1,1,0,13.59,897.0,815.45,884.0,-54.0,1398.772,18.0,18.0,Super Ideal,E,VVS2,1.1,IGI,3117.5
1930,Iris Diamonds,2,Round,1,1,0,92.77,890.0,809.09,877.0,-54.0,1388.4286,18.0,18.0,Super Ideal,E,VVS2,1.1,IGI,3117.5
1930,Jane Brear,2,Round,1,1,0,19.72,904.0,821.82,890.0,-54.0,1400.3623,18.0,18.0,Super Ideal,E,VVS2,1.1,IGI,3117.5
1930,Knox Diamonds,2,Round,1,1,0,12.43,889.0,808.18,876.0,-55.0,1426.5331,18.0,18.0,Super Ideal,E,VVS2,1.1,IGI,3117.5
1930,Lotus Creation,2,Round,1,1,0,16.98,905.0,822.73,891.0,-53.0,1367.761,18.0,18.0,Super Ideal,E,VVS2,1.1,IGI,3117.5
1930,Marlowe & Co,2,Round,1,1,0,12.47,905.0,822.73,891.0,-54.0,1407.2606,18.0,18.0,Super Ideal,E,VVS2,1.1,IGI,3117.5
1930,Mei & Co,2,Round,1,1,0,12.11,894.0,812.73,881.0,-55.0,1416.3446,18.0,18.0,Super Ideal,E,VVS2,1.1,IGI,3117.5
1930,Michelle Kennedy,2,Round,1,1,0,13.53,898.0,816.36,885.0,-54.0,1384.4092,18.0,18.0,Super Ideal,E,VVS2,1.1,IGI,3117.5
1930,N. B. Diamonds,2,Round,1,1,0,11.74,900.0,818.18,886.0,-54.0,1386.0166,18.0,18.0,Super Ideal,E,VVS2,1.1,IGI,3117.5
1930,Rosella,2,Round,1,1,0,10.55,901.0,819.09,887.0,-54.0,1396.0375,18.0,18.0,Super Ideal,E,VVS2,1.1,IGI,3117.5
1930,Serenade Diamonds,2,Round,1,1,0,12.79,900.0,818.18,886.0,-55.0,1420.0684,18.0,18.0,Super Ideal,E,VVS2,1.1,IGI,3117.5
1930,Silva Diamonds,2,Round,1,1,0,11.59,890.0,809.09,877.0,-54.0,1387.246,18.0,18.0,Super Ideal,E,VVS2,1.1,IGI,3117.5
1930,Simetría,2,Round,1,1,0,92.9,895.0,813.64,882.0,-54.0,1407.0677,18.0,18.0,Super Ideal,E,VVS2,1.1,IGI,3117.5
1930,Starlight Crafts,2,Round,1,1,0,10.54,903.0,820.91,889.0,-54.0,1412.7662,18.0,18.0,Super Ideal,E,VVS2,1.1,IGI,3117.5
1930,Starlit Stones,2,Round,1,1,0,10.57,901.0,819.09,887.0,-53.0,1377.5015,18.0,18.0,Super Ideal,E,VVS2,1.1,IGI,3117.5
1930,Stellar Radiance,2,Round,1,1,0,13.68,900.0,818.18,886.0,-53.0,1381.137,18.0,18.0,Super Ideal,E,VVS2,1.1,IGI,3117.5
1930,Summit Gems,2,Round,1,1,0,16.44,899.48,817.71,886.0,-54.0,1392.7571,18.0,18.0,Super Ideal,E,VVS2,1.1,IGI,3117.5
1930,Taiga Gems,2,Round,1,1,0,18.89,892.0,810.91,879.0,-54.0,1383.8801,18.0,18.0,Super Ideal,E,VVS2,1.1,IGI,3117.5
1930,Temperley,2,Round,1,1,0,14.03,898.0,816.36,885.0,-53.0,1378.7645,18.0,18.0,Super Ideal,E,VVS2,1.1,IGI,3117.5
1930,Thalassa Gems,2,Round,1,1,0,12.78,897.0,815.45,884.0,-53.0,1357.5154,18.0,18.0,Super Ideal,E,VVS2,1.1,IGI,3117.5
1930,White Lily,2,Round,1,1,0,12.91,898.0,816.36,885.0,-53.0,1378.5308,18.0,18.0,Super Ideal,E,VVS2,1.1,IGI,3117.5
1931,Cirrus Gems,2,Round,1,1,0,17.62,1580.92,898.25,1557.0,-49.0,2207.9419,18.0,18.0,Ideal,F,VS2,1.76,IGI,5110.0
1931,Clermont Diamonds,2,Round,1,1,0,17.2,1615.88,918.11,1592.0,-48.0,2230.2686,18.0,18.0,Ideal,F,VS2,1.76,IGI,5110.0
1931,Emilia Sterling,2,Round,1,1,0,13.98,1621.0,921.02,1597.0,-48.0,2225.0774,18.0,18.0,Ideal,F,VS2,1.76,IGI,5110.0
1931,Eternity Fine Jewelers,2,Round,1,1,0,17.53,1631.8,927.16,1607.0,-47.0,2206.3462,18.0,18.0,Ideal,F,VS2,1.76,IGI,5110.0
1931,Michelle Kennedy,2,Round,1,1,0,16.0,1754.18,996.69,1728.0,-44.0,2241.1152,18.0,18.0,Ideal,F,VS2,1.76,IGI,5110.0
1931,Nova Stars,2,Round,1,1,0,11.54,1638.0,930.68,1613.0,-48.0,2250.9287,18.0,18.0,Ideal,F,VS2,1.76,IGI,5110.0
1931,Roma Diamonds,2,Round,1,1,0,35.85,2007.0,1140.34,1977.0,-38.0,2315.4175,18.0,18.0,Ideal,F,VS2,1.76,IGI,5110.0
1931,Temperley,2,Round,1,1,0,12.46,1683.0,956.25,1658.0,-43.0,2132.4268,18.0,18.0,Ideal,F,VS2,1.76,IGI,5110.0
1931,White Lily,2,Round,1,1,0,17.74,1781.67,1012.31,1755.0,-43.0,2245.2007,18.0,18.0,Ideal,F,VS2,1.76,IGI,5110.0
1935,Michelle Kennedy,2,Oval,1,1,0,17.91,3107.38,1177.04,3061.0,-60.0,5173.1719,15.0,15.0,Super Ideal,G,VS1,2.64,IGI,10150.0
1935,Periwinkle Stones,2,Oval,1,1,0,16.04,3120.0,1181.82,3073.0,-59.0,5171.123,15.0,15.0,Super Ideal,G,VS1,2.64,IGI,10150.0
1935,Temperley,2,Oval,1,1,0,18.96,3105.4,1176.29,3059.0,-60.0,5249.6196,15.0,15.0,Super Ideal,G,VS1,2.64,IGI,10150.0
1937,55 E Diamonds,2,Round,1,1,0,11.76,1042.0,1021.57,1026.0,-50.0,1502.49,18.0,18.0,Super Ideal,F,VVS1,1.02,IGI,3120.0
1937,Camden Gems,2,Round,1,1,0,11.19,1013.0,993.14,998.0,-55.0,1606.9949,18.0,18.0,Super Ideal,F,VVS1,1.02,IGI,3120.0
1937,Hoseki,2,Round,1,1,0,19.28,1042.0,1021.57,1026.0,-53.0,1596.3358,18.0,18.0,Super Ideal,F,VVS1,1.02,IGI,3120.0
1937,Jane Brear,2,Round,1,1,0,20.8,1062.0,1041.18,1046.0,-50.0,1523.2733,18.0,18.0,Super Ideal,F,VVS1,1.02,IGI,3120.0
1937,Marlowe & Co,2,Round,1,1,0,10.65,1056.0,1035.29,1040.0,-49.0,1488.4489,18.0,18.0,Super Ideal,F,VVS1,1.02,IGI,3120.0
1937,Michelle Kennedy,2,Round,1,1,0,16.93,1060.0,1039.22,1044.0,-50.0,1508.3616,18.0,18.0,Super Ideal,F,VVS1,1.02,IGI,3120.0
1937,Temperley,2,Round,1,1,0,12.9,1113.0,1091.18,1096.0,-49.0,1568.8208,18.0,18.0,Super Ideal,F,VVS1,1.02,IGI,3120.0
1937,White Lily,2,Round,1,1,0,12.82,1067.0,1046.08,1051.0,-49.0,1499.8525,18.0,18.0,Super Ideal,F,VVS1,1.02,IGI,3120.0
1938,Avignon Diamonds,2,Round,1,1,0,47.77,3402.0,1667.65,3351.0,-68.0,7619.6699,18.0,18.0,Ideal,D,VVS1,2.04,IGI,12810.0
1938,Bayside Gems,2,Round,1,1,0,13.71,3494.0,1712.75,3442.0,-65.0,7058.4189,18.0,18.0,Ideal,D,VVS1,2.04,IGI,12810.0
1938,Emilia Sterling,2,Round,1,1,0,14.13,3301.0,1618.14,3251.0,-67.0,7215.124,18.0,18.0,Ideal,D,VVS1,2.04,IGI,12810.0
1938,Infinity Diamonds,2,Round,1,1,0,18.06,3427.0,1679.9,3376.0,-68.0,7671.8203,18.0,18.0,Ideal,D,VVS1,2.04,IGI,12810.0
1938,Jane Brear,2,Round,1,1,0,13.88,3495.0,1713.24,3443.0,-66.0,7356.6538,18.0,18.0,Ideal,D,VVS1,2.04,IGI,12810.0
1938,Meadow & Co,2,Round,1,1,0,15.48,3537.22,1733.93,3484.0,-65.0,7245.8984,18.0,18.0,Ideal,D,VVS1,2.04,IGI,12810.0
1938,Michelle Kennedy,2,Round,1,1,0,16.09,3472.0,1701.96,3420.0,-64.0,6952.7065,18.0,18.0,Ideal,D,VVS1,2.04,IGI,12810.0
1938,Roma Diamonds,2,Round,1,1,0,11.02,3468.0,1700.0,3416.0,-65.0,7114.2373,18.0,18.0,Ideal,D,VVS1,2.04,IGI,12810.0
1938,Sara's Diamonds,2,Round,1,1,0,67.35,3429.0,1680.88,3378.0,-66.0,7249.6333,18.0,18.0,Ideal,D,VVS1,2.04,IGI,12810.0
1938,Serenade Diamonds,2,Round,1,1,0,15.49,3343.2,1638.82,3293.0,-68.0,7551.7227,18.0,18.0,Ideal,D,VVS1,2.04,IGI,12810.0
1938,Temperley,2,Round,1,1,0,12.63,3459.0,1695.59,3407.0,-64.0,6962.667,18.0,18.0,Ideal,D,VVS1,2.04,IGI,12810.0
1938,White Lily,2,Round,1,1,0,11.5,3563.1,1746.62,3510.0,-64.0,6991.9805,18.0,18.0,Ideal,D,VVS1,2.04,IGI,12810.0
1941,Albert's Creations,2,Asscher,1,1,0,14.34,858.0,817.14,845.0,-65.0,1536.7646,15.0,15.0,Super Ideal,E,VS1,1.05,IGI,2390.0
1941,Avignon Diamonds,2,Asscher,1,1,0,15.36,862.0,820.95,849.0,-65.0,1547.1843,15.0,15.0,Super Ideal,E,VS1,1.05,IGI,2390.0
1941,Bayside Gems,2,Asscher,1,1,0,15.74,864.66,823.49,852.0,-66.0,1568.0664,15.0,15.0,Super Ideal,E,VS1,1.05,IGI,2390.0
1941,Fuji Diamonds,2,Asscher,1,1,0,17.1,849.0,808.57,836.0,-66.0,1574.9231,15.0,15.0,Super Ideal,E,VS1,1.05,IGI,2390.0
1941,Jane Brear,2,Asscher,1,1,0,14.51,929.0,884.76,915.0,-63.0,1577.0269,15.0,15.0,Super Ideal,E,VS1,1.05,IGI,2390.0
1941,Periwinkle Stones,2,Asscher,1,1,0,14.55,880.0,838.1,867.0,-65.0,1584.4705,15.0,15.0,Super Ideal,E,VS1,1.05,IGI,2390.0
1941,Taiga Gems,2,Asscher,1,1,0,12.07,859.0,818.1,846.0,-66.0,1574.9231,15.0,15.0,Super Ideal,E,VS1,1.05,IGI,2390.0
1941,Temperley,2,Asscher,1,1,0,10.94,890.0,847.62,877.0,-66.0,1638.0995,15.0,15.0,Super Ideal,E,VS1,1.05,IGI,2390.0
1948,Jane Brear,2,Round,1,1,0,14.85,353.0,477.03,348.0,-51.0,512.6176,18.0,18.0,Ideal,D,VS2,0.74,IGI,1386.67
1948,Mei & Co,2,Round,1,1,0,22.39,321.0,433.78,316.0,-56.0,525.4861,18.0,18.0,Ideal,D,VS2,0.74,IGI,1386.67
1948,Promenade Jewelry,2,Round,1,1,0,22.8,358.2,484.05,353.0,-47.0,486.5774,18.0,18.0,Ideal,D,VS2,0.74,IGI,1386.67
1948,Roma Diamonds,2,Round,1,1,0,14.24,324.0,437.84,319.0,-57.0,542.5599,18.0,18.0,Ideal,D,VS2,0.74,IGI,1386.67
1948,Temperley,2,Round,1,1,0,20.79,345.26,466.57,340.0,-53.0,523.7363,18.0,18.0,Ideal,D,VS2,0.74,IGI,1386.67
1949,Cirrus Gems,2,Round,1,1,0,15.7,749.92,663.65,739.0,-58.0,1287.6794,18.0,18.0,Ideal,F,VS1,1.13,IGI,2485.0
1949,I & M Designs,2,Round,1,1,0,15.45,893.0,790.27,880.0,-50.0,1277.9158,18.0,18.0,Ideal,F,VS1,1.13,IGI,2485.0
1949,Jane Brear,2,Round,1,1,0,13.86,774.0,684.96,762.0,-57.0,1301.5846,18.0,18.0,Ideal,F,VS1,1.13,IGI,2485.0
1949,Michelle Kennedy,2,Round,1,1,0,14.68,793.02,701.79,781.0,-56.0,1283.3444,18.0,18.0,Ideal,F,VS1,1.13,IGI,2485.0
1949,Silva Diamonds,2,Round,1,1,0,11.66,756.0,669.03,745.0,-59.0,1304.5343,18.0,18.0,Ideal,F,VS1,1.13,IGI,2485.0
1949,Temperley,2,Round,1,1,0,12.26,793.02,701.79,781.0,-56.0,1283.0361,18.0,18.0,Ideal,F,VS1,1.13,IGI,2485.0
1949,White Lily,2,Round,1,1,0,12.33,793.02,701.79,781.0,-56.0,1291.7847,18.0,18.0,Ideal,F,VS1,1.13,IGI,2485.0
1951,Taiga Gems,2,Cushion,1,1,0,13.43,2060.0,1030.0,2029.0,-66.0,3788.4082,15.0,15.0,Good,G,VS1,2.0,IGI,6700.0
1953,Temperley,2,Princess,2,2,0,18.83,1289.0,826.28,1270.0,-64.0,2268.3914,15.0,15.0,Super Ideal,E,SI1,1.56,IGI,3670.0
1953,Vega Diamonds,2,Princess,1,1,0,20.18,1258.0,806.41,1239.0,-65.0,2278.3691,15.0,15.0,Super Ideal,E,SI1,1.56,IGI,3670.0
1954,Fuji Diamonds,5,Emerald,2,2,0,15.64,2515.18,1251.33,2477.0,-65.0,4666.1602,15.0,15.0,Very Good,E,VS1,2.01,GCAL,7830.0
1957,Temperley,2,Round,1,1,0,10.86,668.64,857.23,659.0,-8.0,521.9015,18.0,18.0,Super Ideal,E,VS2,0.78,IGI,1250.0
1958,Diamonds by Zoya,2,Cushion,2,2,0,12.2,359.0,432.53,354.0,-73.0,844.5363,14.0,15.0,Very Good,E,VS1,0.83,IGI,1390.0
1963,Cirrus Gems,2,Round,1,1,0,17.96,1404.29,911.88,1383.0,-65.0,2866.2839,18.0,18.0,Super Ideal,G,VVS2,1.54,IGI,4460.0
1963,Clermont Diamonds,2,Round,1,1,0,12.86,1402.0,910.39,1381.0,-66.0,2925.135,18.0,18.0,Super Ideal,G,VVS2,1.54,IGI,4460.0
1963,Magnolia,2,Round,1,1,0,15.29,1418.87,921.34,1398.0,-64.0,2813.7886,18.0,18.0,Super Ideal,G,VVS2,1.54,IGI,4460.0
1963,Michelle Kennedy,2,Round,1,1,0,11.71,1439.0,934.42,1417.0,-64.0,2859.75,18.0,18.0,Super Ideal,G,VVS2,1.54,IGI,4460.0
1963,Nova Stars,2,Round,1,1,0,12.84,1399.0,908.44,1378.0,-66.0,2919.4192,18.0,18.0,Super Ideal,G,VVS2,1.54,IGI,4460.0
1963,Rosella,2,Round,1,1,0,11.9,1374.0,892.21,1353.0,-66.0,2889.6687,18.0,18.0,Super Ideal,G,VVS2,1.54,IGI,4460.0
1963,Silva Diamonds,2,Round,1,1,0,11.9,1409.0,914.94,1388.0,-65.0,2848.3899,18.0,18.0,Super Ideal,G,VVS2,1.54,IGI,4460.0
1963,White Lily,2,Round,1,1,0,14.74,1428.0,927.27,1407.0,-65.0,2909.0947,18.0,18.0,Super Ideal,G,VVS2,1.54,IGI,4460.0
1970,55 E Diamonds,2,Round,1,1,0,17.93,4383.41,1456.28,4318.0,-67.0,9398.5078,18.0,18.0,Ideal,G,VVS2,3.01,IGI,18020.0
1970,Bayside Gems,2,Round,1,1,0,17.28,4558.1,1514.32,4490.0,-66.0,9533.125,18.0,18.0,Ideal,G,VVS2,3.01,IGI,18020.0
1970,Clermont Diamonds,2,Round,1,1,0,10.7,4325.0,1436.88,4260.0,-66.0,9142.5859,18.0,18.0,Ideal,G,VVS2,3.01,IGI,18020.0
1970,Diamonds by Zoya,2,Round,1,1,0,95.58,4404.0,1463.12,4338.0,-66.0,9187.2891,18.0,18.0,Ideal,G,VVS2,3.01,IGI,18020.0
1970,Ember Star,2,Round,1,1,0,14.48,4390.0,1458.47,4324.0,-66.0,9368.959,18.0,18.0,Ideal,G,VVS2,3.01,IGI,18020.0
1970,Infinity Diamonds,2,Round,1,1,0,17.39,4345.2,1443.59,4280.0,-67.0,9398.7002,18.0,18.0,Ideal,G,VVS2,3.01,IGI,18020.0
1970,Jane Brear,2,Round,1,1,0,10.77,4478.0,1487.71,4411.0,-66.0,9492.7295,18.0,18.0,Ideal,G,VVS2,3.01,IGI,18020.0
1970,Michelle Kennedy,2,Round,1,1,0,13.71,4448.64,1477.95,4382.0,-66.0,9254.6533,18.0,18.0,Ideal,G,VVS2,3.01,IGI,18020.0
1970,Roma Diamonds,2,Round,1,1,0,10.99,4394.0,1459.8,4328.0,-67.0,9407.6299,18.0,18.0,Ideal,G,VVS2,3.01,IGI,18020.0
1970,Sonata Gems,2,Round,1,1,0,12.16,4325.0,1436.88,4260.0,-67.0,9297.2559,18.0,18.0,Ideal,G,VVS2,3.01,IGI,18020.0
1970,Taiga Gems,2,Round,1,1,0,16.42,4405.0,1463.46,4339.0,-66.0,9261.0117,18.0,18.0,Ideal,G,VVS2,3.01,IGI,18020.0
1970,Temperley,2,Round,1,1,0,13.01,4411.83,1465.72,4346.0,-65.0,9149.7305,18.0,18.0,Ideal,G,VVS2,3.01,IGI,18020.0
1970,Vespera Gems,2,Round,1,1,0,20.22,4263.0,1416.28,4199.0,-68.0,9433.833,18.0,18.0,Ideal,G,VVS2,3.01,IGI,18020.0
1970,Westport Jewelry,2,Round,1,1,0,16.12,4248.0,1411.3,4184.0,-67.0,9344.8486,18.0,18.0,Ideal,G,VVS2,3.01,IGI,18020.0
1970,White Lily,2,Round,1,1,0,16.29,4451.63,1478.95,4385.0,-66.0,9319.7178,18.0,18.0,Ideal,G,VVS2,3.01,IGI,18020.0
1974,Avignon Diamonds,2,Pear,1,1,0,55.69,2388.0,1142.58,2352.0,-62.0,4115.7666,15.0,15.0,Super Ideal,F,VS1,2.09,IGI,7730.0
1974,Genesis Stones,2,Pear,1,1,0,14.13,2600.0,1244.02,2561.0,-59.0,4078.7295,15.0,15.0,Super Ideal,F,VS1,2.09,IGI,7730.0
1974,Jane Brear,2,Pear,1,1,0,19.34,2459.0,1176.56,2422.0,-60.0,3977.686,15.0,15.0,Super Ideal,F,VS1,2.09,IGI,7730.0
1974,KIYO,2,Pear,1,1,0,12.81,2352.0,1125.36,2317.0,-62.0,3968.2292,15.0,15.0,Super Ideal,F,VS1,2.09,IGI,7730.0
1974,Michelle Kennedy,2,Pear,1,1,0,10.44,2453.0,1173.68,2416.0,-60.0,3996.0339,15.0,15.0,Super Ideal,F,VS1,2.09,IGI,7730.0
1974,N. B. Diamonds,2,Pear,1,1,0,13.75,2366.0,1132.06,2331.0,-62.0,4065.7212,15.0,15.0,Super Ideal,F,VS1,2.09,IGI,7730.0
1974,Nebula Stones,2,Pear,1,1,0,15.55,2439.0,1166.99,2402.0,-60.0,3957.8477,15.0,15.0,Super Ideal,F,VS1,2.09,IGI,7730.0
1974,Periwinkle Stones,2,Pear,1,1,0,16.96,2428.0,1161.72,2392.0,-61.0,4076.3296,15.0,15.0,Super Ideal,F,VS1,2.09,IGI,7730.0
1974,Taiga Gems,2,Pear,1,1,0,14.97,2407.0,1151.67,2371.0,-61.0,3977.686,15.0,15.0,Super Ideal,F,VS1,2.09,IGI,7730.0
1974,Temperley,2,Pear,1,1,0,13.5,2440.74,1167.82,2404.0,-61.0,4078.7388,15.0,15.0,Super Ideal,F,VS1,2.09,IGI,7730.0
1974,Thalassa Gems,2,Pear,2,2,0,16.28,2409.0,1152.63,2373.0,-61.0,4004.5151,15.0,15.0,Super Ideal,F,VS1,2.09,IGI,7730.0
1974,Vega Diamonds,2,Pear,1,1,0,16.98,2354.0,1126.32,2319.0,-63.0,4071.105,15.0,15.0,Super Ideal,F,VS1,2.09,IGI,7730.0
1974,White Lily,2,Pear,1,1,0,10.77,2445.0,1169.86,2408.0,-61.0,4063.0557,15.0,15.0,Super Ideal,F,VS1,2.09,IGI,7730.0
1979,Jane Brear,2,Round,1,1,0,17.84,399.0,480.72,393.0,-48.0,546.9349,18.0,18.0,Ideal,H,VVS2,0.83,IGI,1570.0
1981,Jane Brear,2,Round,1,1,0,14.77,3094.45,1516.89,3048.0,-18.0,2707.4099,18.0,18.0,Ideal,J,VS1,2.04,IGI,4103.33
1981,Michelle Kennedy,2,Round,1,1,0,12.41,3094.45,1516.89,3048.0,-19.0,2736.6113,18.0,18.0,Ideal,J,VS1,2.04,IGI,4103.33
1981,White Lily,2,Round,1,1,0,15.47,3094.45,1516.89,3048.0,-22.0,2856.4272,18.0,18.0,Ideal,J,VS1,2.04,IGI,4103.33
1984,Avignon Diamonds,2,Round,1,1,0,14.2,2433.0,1210.45,2397.0,-63.0,4691.2998,18.0,18.0,Ideal,E,VS1,2.01,IGI,9340.0
1984,Bayside Gems,2,Round,1,1,0,19.69,2492.02,1239.81,2455.0,-61.0,4613.9048,18.0,18.0,Ideal,E,VS1,2.01,IGI,9340.0
1984,CV Diamonds,2,Round,1,1,0,14.08,2456.66,1222.22,2420.0,-63.0,4776.2012,18.0,18.0,Ideal,E,VS1,2.01,IGI,9340.0
1984,Camden Gems,2,Round,1,1,0,11.83,2454.0,1220.9,2417.0,-62.0,4575.8457,18.0,18.0,Ideal,E,VS1,2.01,IGI,9340.0
1984,Clermont Diamonds,2,Round,1,1,0,14.12,2456.66,1222.22,2420.0,-63.0,4761.7646,18.0,18.0,Ideal,E,VS1,2.01,IGI,9340.0
1984,Eccles Diamonds,2,Round,1,1,0,14.55,2458.64,1223.2,2422.0,-62.0,4624.9673,18.0,18.0,Ideal,E,VS1,2.01,IGI,9340.0
1984,Eternity Fine Jewelers,2,Round,1,1,0,16.18,2498.44,1243.0,2461.0,-61.0,4632.6665,18.0,18.0,Ideal,E,VS1,2.01,IGI,9340.0
1984,Gemstone Harmony,2,Round,1,1,0,14.62,2454.0,1220.9,2417.0,-63.0,4716.5259,18.0,18.0,Ideal,E,VS1,2.01,IGI,9340.0
1984,Hazel Diamonds,2,Round,1,1,0,11.54,2399.0,1193.53,2363.0,-63.0,4657.2734,18.0,18.0,Ideal,E,VS1,2.01,IGI,9340.0
1984,Infinity Diamonds,2,Round,1,1,0,20.97,2463.0,1225.37,2426.0,-62.0,4653.5454,18.0,18.0,Ideal,E,VS1,2.01,IGI,9340.0
1984,Iris Diamonds,2,Round,1,1,0,12.59,2454.0,1220.9,2417.0,-62.0,4593.6602,18.0,18.0,Ideal,E,VS1,2.01,IGI,9340.0
1984,Jane Brear,2,Round,1,1,0,12.21,2460.0,1223.88,2423.0,-62.0,4628.7119,18.0,18.0,Ideal,E,VS1,2.01,IGI,9340.0
1984,Joan Cooper,2,Round,1,1,0,21.47,2443.0,1215.42,2406.0,-62.0,4599.9321,18.0,18.0,Ideal,E,VS1,2.01,IGI,9340.0
1984,Marlowe & Co,2,Round,1,1,0,17.87,2480.0,1233.83,2443.0,-62.0,4681.0747,18.0,18.0,Ideal,E,VS1,2.01,IGI,9340.0
1984,Mei & Co,2,Round,1,1,0,10.53,2454.0,1220.9,2417.0,-63.0,4695.7144,18.0,18.0,Ideal,E,VS1,2.01,IGI,9340.0
1984,Michelle Kennedy,2,Round,1,1,0,10.59,2479.0,1233.33,2442.0,-62.0,4638.9385,18.0,18.0,Ideal,E,VS1,2.01,IGI,9340.0
1984,Nebula Stones,2,Round,1,1,0,12.75,2514.0,1250.75,2476.0,-62.0,4682.1558,18.0,18.0,Ideal,E,VS1,2.01,IGI,9340.0
1984,Serenade Diamonds,2,Round,1,1,0,11.26,2395.0,1191.54,2359.0,-64.0,4750.6279,18.0,18.0,Ideal,E,VS1,2.01,IGI,9340.0
1984,Starlit Stones,2,Round,1,1,0,67.25,2507.0,1247.26,2469.0,-62.0,4667.668,18.0,18.0,Ideal,E,VS1,2.01,IGI,9340.0
1984,Taiga Gems,2,Round,1,1,0,11.27,2516.0,1251.74,2478.0,-61.0,4626.6235,18.0,18.0,Ideal,E,VS1,2.01,IGI,9340.0
1984,Temperley,2,Round,1,1,0,14.25,2457.0,1222.39,2420.0,-62.0,4599.5566,18.0,18.0,Ideal,E,VS1,2.01,IGI,9340.0
1984,Thalassa Gems,2,Round,1,1,0,14.86,2454.0,1220.9,2417.0,-62.0,4653.1411,18.0,18.0,Ideal,E,VS1,2.01,IGI,9340.0
1984,Tierra Mia Diamonds,2,Round,1,1,0,11.67,2435.0,1211.44,2398.0,-63.0,4685.8809,18.0,18.0,Ideal,E,VS1,2.01,IGI,9340.0
1984,Westport Jewelry,2,Round,1,1,0,16.4,2400.0,1194.03,2364.0,-63.0,4690.9595,18.0,18.0,Ideal,E,VS1,2.01,IGI,9340.0
1984,White Lily,2,Round,1,1,0,12.01,2461.0,1224.38,2424.0,-61.0,4551.4927,18.0,18.0,Ideal,E,VS1,2.01,IGI,9340.0
1989,Michelle Kennedy,2,Radiant,1,2,0,15.54,662.09,655.53,652.0,-63.0,1155.9138,14.0,15.0,Super Ideal,F,SI2,1.01,IGI,1730.0
1989,Oasis Diamonds,2,Radiant,1,1,0,17.02,622.0,615.84,613.0,-64.0,1115.0696,14.0,15.0,Super Ideal,F,SI2,1.01,IGI,1730.0
1989,Temperley,2,Radiant,1,2,0,16.26,662.09,655.53,652.0,-63.0,1150.5023,14.0,15.0,Super Ideal,F,SI2,1.01,IGI,1730.0
1994,Bayside Gems,2,Round,1,1,0,23.07,2306.0,1135.96,2271.0,-73.0,6026.5259,18.0,18.0,Super Ideal,H,VVS1,2.03,IGI,7500.0
1994,Clermont Diamonds,2,Round,1,1,0,14.86,2300.0,1133.0,2266.0,-62.0,4299.4033,18.0,18.0,Super Ideal,H,VVS1,2.03,IGI,7500.0
1994,Jane Brear,2,Round,1,1,0,18.23,2330.29,1147.93,2295.0,-71.0,5788.8354,18.0,18.0,Super Ideal,H,VVS1,2.03,IGI,7500.0
1994,Mei & Co,2,Round,1,1,0,13.95,2300.0,1133.0,2266.0,-61.0,4196.0181,18.0,18.0,Super Ideal,H,VVS1,2.03,IGI,7500.0
1994,Michelle Kennedy,2,Round,1,1,0,16.68,2290.0,1128.08,2256.0,-73.0,6052.8311,18.0,18.0,Super Ideal,H,VVS1,2.03,IGI,7500.0
1994,Taiga Gems,2,Round,1,1,0,18.15,2307.0,1136.45,2272.0,-71.0,5763.3721,18.0,18.0,Super Ideal,H,VVS1,2.03,IGI,7500.0
1997,Rosella,2,Round,2,2,0,13.52,324.0,456.34,319.0,-67.0,705.3749,18.0,18.0,Ideal,F,VVS1,0.71,IGI,1420.0
2000,Diamonds by Zoya,2,Pear,2,2,0,14.12,357.2,649.45,352.0,-53.0,493.5573,15.0,15.0,Super Ideal,D,VS1,0.55,IGI,810.0
2000,Jane Brear,2,Pear,1,2,0,15.33,371.0,674.55,365.0,-48.0,459.6323,15.0,15.0,Super Ideal,D,VS1,0.55,IGI,810.0
2000,Michelle Kennedy,2,Pear,2,2,0,15.3,392.03,712.78,386.0,-39.0,415.3381,15.0,15.0,Super Ideal,D,VS1,0.55,IGI,810.0
2000,Rosella,2,Pear,2,2,0,10.07,350.0,636.36,345.0,-48.0,436.55,15.0,15.0,Super Ideal,D,VS1,0.55,IGI,810.0
2000,Vega Diamonds,2,Pear,2,1,0,18.45,338.77,615.95,334.0,-59.0,536.0499,15.0,15.0,Super Ideal,D,VS1,0.55,IGI,810.0
2001,Bayside Gems,2,Pear,1,1,0,21.03,768.0,752.94,756.0,-66.0,1450.5808,15.0,15.0,Super Ideal,G,VS1,1.02,IGI,2063.33
2001,Cirrus Gems,2,Pear,1,1,0,17.86,814.59,798.62,802.0,-64.0,1449.8187,15.0,15.0,Super Ideal,G,VS1,1.02,IGI,2063.33
2001,Ember Star,2,Pear,1,1,0,11.98,741.0,726.47,730.0,-65.0,1384.9608,15.0,15.0,Super Ideal,G,VS1,1.02,IGI,2063.33
2001,Eterna Luxe,2,Pear,1,1,0,14.32,759.0,744.12,748.0,-66.0,1442.9469,15.0,15.0,Super Ideal,G,VS1,1.02,IGI,2063.33
2001,Fabiola,2,Pear,1,1,0,10.4,760.0,745.1,749.0,-66.0,1448.3983,15.0,15.0,Super Ideal,G,VS1,1.02,IGI,2063.33
2001,Jane Brear,2,Pear,1,1,0,12.64,789.0,773.53,777.0,-63.0,1378.9203,15.0,15.0,Super Ideal,G,VS1,1.02,IGI,2063.33
2001,Marlowe & Co,2,Pear,1,1,0,19.56,800.0,784.31,788.0,-65.0,1493.9229,15.0,15.0,Super Ideal,G,VS1,1.02,IGI,2063.33
2001,Michelle Kennedy,2,Pear,2,2,0,19.32,793.0,777.45,781.0,-69.0,1660.1261,15.0,15.0,Super Ideal,G,VS1,1.02,IGI,2063.33
2001,N. B. Diamonds,2,Pear,1,1,0,21.15,812.0,796.08,800.0,-63.0,1442.4468,15.0,15.0,Super Ideal,G,VS1,1.02,IGI,2063.33
2001,Serene Peaks Diamonds,2,Pear,1,2,0,11.06,816.9,800.88,805.0,-61.0,1373.3885,15.0,15.0,Super Ideal,G,VS1,1.02,IGI,2063.33
2001,Sonata Gems,2,Pear,1,1,0,12.14,832.82,816.49,820.0,-62.0,1405.9159,15.0,15.0,Super Ideal,G,VS1,1.02,IGI,2063.33
2001,Taiga Gems,2,Pear,1,1,0,19.09,755.0,740.2,744.0,-66.0,1423.9082,15.0,15.0,Super Ideal,G,VS1,1.02,IGI,2063.33
2001,Thalassa Gems,2,Pear,1,1,0,11.88,754.0,739.22,743.0,-66.0,1423.9082,15.0,15.0,Super Ideal,G,VS1,1.02,IGI,2063.33
2001,Tierra Mia Diamonds,2,Pear,1,1,0,19.71,740.0,725.49,729.0,-66.0,1422.5839,15.0,15.0,Super Ideal,G,VS1,1.02,IGI,2063.33
2001,Vespera Gems,2,Pear,1,1,0,18.59,762.0,747.06,751.0,-64.0,1372.894,15.0,15.0,Super Ideal,G,VS1,1.02,IGI,2063.33
2001,White Lily,2,Pear,1,1,0,19.27,803.0,787.25,791.0,-64.0,1429.3353,15.0,15.0,Super Ideal,G,VS1,1.02,IGI,2063.33
2004,Jane Brear,2,Round,2,2,0,15.33,320.0,1000.0,315.0,-45.0,417.508,18.0,18.0,Super Ideal,E,VVS1,0.32,IGI,400.0
2007,Hoseki,2,Round,1,1,0,15.61,959.18,721.19,945.0,-52.0,1428.8337,18.0,18.0,Super Ideal,E,SI1,1.33,IGI,2615.0
2007,Jane Brear,2,Round,1,1,0,19.2,954.53,717.69,940.0,-53.0,1463.5997,18.0,18.0,Super Ideal,E,SI1,1.33,IGI,2615.0
2007,Michelle Kennedy,2,Round,1,1,0,20.73,954.53,717.69,940.0,-53.0,1462.0275,18.0,18.0,Super Ideal,E,SI1,1.33,IGI,2615.0
2007,Silva Diamonds,2,Round,1,1,0,11.15,929.0,698.5,915.0,-54.0,1457.526,18.0,18.0,Super Ideal,E,SI1,1.33,IGI,2615.0
2007,Sunset Gems,2,Round,1,1,0,17.34,913.0,686.47,899.0,-56.0,1496.6432,18.0,18.0,Super Ideal,E,SI1,1.33,IGI,2615.0
2007,White Lily,2,Round,1,1,0,18.09,947.0,712.03,933.0,-54.0,1463.4589,18.0,18.0,Super Ideal,E,SI1,1.33,IGI,2615.0
2013,Cirrus Gems,2,Round,2,2,0,20.74,1075.0,757.04,1059.0,-54.0,1684.4788,18.0,18.0,Ideal,G,VS1,1.42,IGI,3250.0
2013,Jane Brear,2,Round,1,1,0,20.62,1126.0,792.96,1109.0,-52.0,1694.155,18.0,18.0,Ideal,G,VS1,1.42,IGI,3250.0
2013,Magnolia,2,Round,1,1,0,14.33,1097.0,772.54,1081.0,-53.0,1667.0264,18.0,18.0,Ideal,G,VS1,1.42,IGI,3250.0
2013,Michelle Kennedy,2,Round,1,1,0,18.74,1113.0,783.8,1096.0,-54.0,1717.774,18.0,18.0,Ideal,G,VS1,1.42,IGI,3250.0
2013,Nova Stars,2,Round,1,1,0,44.29,1106.0,778.87,1089.0,-54.0,1708.1721,18.0,18.0,Ideal,G,VS1,1.42,IGI,3250.0
2013,Taiga Gems,2,Round,1,1,0,12.21,1102.0,776.06,1085.0,-53.0,1670.7389,18.0,18.0,Ideal,G,VS1,1.42,IGI,3250.0
2013,Temperley,2,Round,1,1,0,21.41,1077.0,758.45,1061.0,-54.0,1688.0242,18.0,18.0,Ideal,G,VS1,1.42,IGI,3250.0
2018,Cirrus Gems,2,Round,1,1,0,24.72,855.0,770.27,842.0,-55.0,1345.7906,18.0,18.0,Super Ideal,F,VVS2,1.11,IGI,3127.14
2018,Emilia Sterling,2,Round,1,1,0,11.44,849.0,764.86,836.0,-54.0,1330.7637,18.0,18.0,Super Ideal,F,VVS2,1.11,IGI,3127.14
2018,Eternity Fine Jewelers,2,Round,1,1,0,21.05,879.0,791.89,866.0,-52.0,1313.7072,18.0,18.0,Super Ideal,F,VVS2,1.11,IGI,3127.14
2018,Fabiola,2,Round,1,1,0,12.13,879.0,791.89,866.0,-54.0,1373.959,18.0,18.0,Super Ideal,F,VVS2,1.11,IGI,3127.14
2018,I & M Designs,2,Round,1,1,0,21.05,1042.0,938.74,1026.0,-46.0,1373.4012,18.0,18.0,Super Ideal,F,VVS2,1.11,IGI,3127.14
2018,Jane Brear,2,Round,1,1,0,21.35,914.4,823.78,901.0,-53.0,1382.0858,18.0,18.0,Super Ideal,F,VVS2,1.11,IGI,3127.14
2018,Michelle Kennedy,2,Round,1,1,0,12.19,916.0,825.23,902.0,-51.0,1343.3011,18.0,18.0,Super Ideal,F,VVS2,1.11,IGI,3127.14
2018,Rosella,2,Round,1,1,0,12.59,874.0,787.39,861.0,-54.0,1358.0323,18.0,18.0,Super Ideal,F,VVS2,1.11,IGI,3127.14
2018,Temperley,2,Round,1,1,0,23.65,921.0,829.73,907.0,-51.0,1333.1116,18.0,18.0,Super Ideal,F,VVS2,1.11,IGI,3127.14
2018,Tilia Diamonds,2,Round,1,1,0,21.96,877.0,790.09,864.0,-52.0,1317.1512,18.0,18.0,Super Ideal,F,VVS2,1.11,IGI,3127.14
2018,Verve Jewels,2,Round,1,1,0,92.67,871.0,784.68,858.0,-52.0,1304.0417,18.0,18.0,Super Ideal,F,VVS2,1.11,IGI,3127.14
2018,White Lily,2,Round,1,1,0,21.61,897.0,808.11,884.0,-53.0,1359.1439,18.0,18.0,Super Ideal,F,VVS2,1.11,IGI,3127.14
2019,Jane Brear,2,Round,1,1,0,14.13,343.0,490.0,338.0,-47.0,466.3004,18.0,18.0,Super Ideal,F,VS2,0.7,IGI,1102.0
2019,Meridian Crafts,2,Round,1,1,0,14.32,330.0,471.43,325.0,-51.0,480.3294,18.0,18.0,Super Ideal,F,VS2,0.7,IGI,1102.0
2023,Michelle Kennedy,2,Round,1,1,0,14.68,2881.0,1274.78,2838.0,-64.0,5782.3652,18.0,18.0,Ideal,D,VS1,2.26,IGI,10470.0
2023,Periwinkle Stones,2,Round,1,1,0,11.89,2849.0,1260.62,2806.0,-72.0,7350.9004,18.0,18.0,Ideal,D,VS1,2.26,IGI,10470.0
2023,Rosella,2,Round,1,1,0,10.96,2753.0,1218.14,2712.0,-65.0,5596.3628,18.0,18.0,Ideal,D,VS1,2.26,IGI,10470.0
2023,White Lily,2,Round,1,1,0,19.77,2896.0,1281.42,2853.0,-63.0,5536.1738,18.0,18.0,Ideal,D,VS1,2.26,IGI,10470.0
2024,Temperley,2,Round,1,1,0,11.49,1783.0,833.18,1756.0,-61.0,3237.7417,18.0,18.0,Ideal,I,VVS2,2.14,IGI,5680.0
2029,Adalyn Jewelry,2,Oval,1,2,0,14.42,831.0,923.33,819.0,-43.0,977.6459,15.0,15.0,Very Good,D,SI1,0.9,IGI,1570.0
2029,Hoseki,2,Oval,1,1,0,17.53,719.0,798.89,708.0,-52.0,1006.965,15.0,15.0,Very Good,D,SI1,0.9,IGI,1570.0
2030,Lotus Creation,2,Round,1,1,0,14.7,1185.2,784.9,1167.0,-62.0,2240.6841,18.0,18.0,Ideal,I,VVS2,1.51,IGI,3107.5
2030,Michelle Kennedy,2,Round,1,1,0,13.19,1190.02,788.09,1172.0,-63.0,2314.6367,18.0,18.0,Ideal,I,VVS2,1.51,IGI,3107.5
2030,White Lily,2,Round,1,1,0,12.08,1221.0,808.61,1203.0,-61.0,2256.7751,18.0,18.0,Ideal,I,VVS2,1.51,IGI,3107.5
2032,Avignon Diamonds,2,Cushion,1,1,0,17.07,806.87,798.88,795.0,-60.0,1263.5242,14.0,15.0,Very Good,F,VS2,1.01,IGI,1950.0
2032,Fabiola,2,Cushion,1,1,0,13.42,799.0,791.09,787.0,-64.0,1414.4657,15.0,15.0,Very Good,F,VS2,1.01,IGI,1950.0
2032,Jane Brear,2,Cushion,1,3,0,18.16,818.45,810.35,806.0,-62.0,1375.2943,14.0,15.0,Very Good,F,VS2,1.01,IGI,1950.0
2032,Sunset Gems,2,Cushion,1,1,0,15.0,803.0,795.05,791.0,-63.0,1362.61,14.0,15.0,Very Good,F,VS2,1.01,IGI,1950.0
2033,Cirrus Gems,2,Round,1,1,0,24.15,859.0,753.51,846.0,-55.0,1373.8662,18.0,18.0,Ideal,F,VVS2,1.14,IGI,2985.0
2033,Diamonds by Zoya,2,Round,1,1,0,20.35,887.0,778.07,874.0,-52.0,1328.8162,18.0,18.0,Ideal,F,VVS2,1.14,IGI,2985.0
2033,Eternity Fine Jewelers,2,Round,1,1,0,22.02,883.0,774.56,870.0,-53.0,1357.0664,18.0,18.0,Ideal,F,VVS2,1.14,IGI,2985.0
2033,Iris Diamonds,2,Round,1,1,0,20.27,871.0,764.04,858.0,-53.0,1340.0128,18.0,18.0,Ideal,F,VVS2,1.14,IGI,2985.0
2033,Jane Brear,2,Round,1,1,0,21.29,901.0,790.35,887.0,-52.0,1357.0892,18.0,18.0,Ideal,F,VVS2,1.14,IGI,2985.0
2033,Mei & Co,2,Round,1,1,0,23.39,872.0,764.91,859.0,-54.0,1345.0751,18.0,18.0,Ideal,F,VVS2,1.14,IGI,2985.0
2033,Michelle Kennedy,2,Round,1,1,0,20.74,899.0,788.6,886.0,-51.0,1304.8682,18.0,18.0,Ideal,F,VVS2,1.14,IGI,2985.0
2033,Montmartre Gems,2,Round,1,1,0,23.24,889.0,779.82,876.0,-53.0,1355.5361,18.0,18.0,Ideal,F,VVS2,1.14,IGI,2985.0
2033,Silva Diamonds,2,Round,1,1,0,14.54,871.0,764.04,858.0,-54.0,1364.8331,18.0,18.0,Ideal,F,VVS2,1.14,IGI,2985.0
2033,Sunset Gems,2,Round,1,1,0,24.76,867.0,760.53,854.0,-54.0,1350.0138,18.0,18.0,Ideal,F,VVS2,1.14,IGI,2985.0
2033,Tamara,2,Round,1,1,0,10.26,883.0,774.56,870.0,-53.0,1332.389,18.0,18.0,Ideal,F,VVS2,1.14,IGI,2985.0
2033,Temperley,2,Round,1,1,0,21.62,871.0,764.04,858.0,-54.0,1367.809,18.0,18.0,Ideal,F,VVS2,1.14,IGI,2985.0
2033,White Lily,2,Round,1,1,0,20.56,1000.0,877.19,985.0,-47.0,1356.5087,18.0,18.0,Ideal,F,VVS2,1.14,IGI,2985.0
2033,Zimmerman Diamonds,2,Round,1,1,0,12.35,881.0,772.81,868.0,-52.0,1307.5762,18.0,18.0,Ideal,F,VVS2,1.14,IGI,2985.0
2035,Hoseki,2,Cushion,1,1,0,15.65,3793.94,1223.85,3737.0,-62.0,6313.7319,15.0,15.0,Super Ideal,H,VS1,3.1,IGI,11340.0
2035,Jane Brear,2,Cushion,1,1,0,18.41,3735.0,1204.84,3679.0,-64.0,6523.3916,15.0,15.0,Super Ideal,H,VS1,3.1,IGI,11340.0
2035,Periwinkle Stones,2,Cushion,1,1,0,17.58,3838.71,1238.29,3781.0,-62.0,6329.1514,15.0,15.0,Super Ideal,H,VS1,3.1,IGI,11340.0
2035,Taiga Gems,2,Cushion,1,1,0,21.37,3549.0,1144.84,3496.0,-64.0,6186.146,15.0,15.0,Super Ideal,H,VS1,3.1,IGI,11340.0
2035,Vega Diamonds,2,Cushion,1,1,0,20.82,3562.0,1149.03,3509.0,-64.0,6321.3394,15.0,15.0,Super Ideal,H,VS1,3.1,IGI,11340.0
2045,Jane Brear,2,Round,1,1,0,11.79,3276.0,1575.0,3227.0,-6.0,2508.2798,18.0,18.0,Ideal,I,VS2,2.08,IGI,4570.0
2045,Oasis Diamonds,2,Round,1,1,0,13.78,1566.13,752.95,1543.0,-54.0,2450.1428,18.0,18.0,Ideal,I,VS2,2.08,IGI,4570.0
2048,Jane Brear,2,Round,1,1,0,11.05,338.0,676.0,333.0,-47.0,457.9365,18.0,18.0,Ideal,H,VVS2,0.5,IGI,715.71
2057,Temperley,2,Radiant,2,2,0,15.0,331.0,662.0,326.0,-72.0,755.3078,15.0,15.0,Super Ideal,F,VS1,0.5,IGI,610.0
2059,Camden Gems,2,Round,1,1,0,11.95,1631.0,1087.33,1607.0,-55.0,2621.3181,18.0,18.0,Super Ideal,F,VVS2,1.5,IGI,5200.0
2059,Clermont Diamonds,2,Round,1,1,0,14.45,1645.0,1096.67,1620.0,-55.0,2611.5742,18.0,18.0,Super Ideal,F,VVS2,1.5,IGI,5200.0
2059,Ember Star,2,Round,1,1,0,17.09,1604.08,1069.39,1580.0,-56.0,2632.0303,18.0,18.0,Super Ideal,F,VVS2,1.5,IGI,5200.0
2059,Fuji Diamonds,2,Round,1,1,0,19.16,1632.0,1088.0,1608.0,-56.0,2639.8835,18.0,18.0,Super Ideal,F,VVS2,1.5,IGI,5200.0
2059,Gemstone Harmony,2,Round,1,1,0,10.11,1632.0,1088.0,1608.0,-56.0,2667.8147,18.0,18.0,Super Ideal,F,VVS2,1.5,IGI,5200.0
2059,Hazel Diamonds,2,Round,1,1,0,12.19,1607.0,1071.33,1583.0,-56.0,2607.6833,18.0,18.0,Super Ideal,F,VVS2,1.5,IGI,5200.0
2059,Jane Brear,2,Round,1,1,0,14.36,1758.0,1172.0,1732.0,-53.0,2662.0618,18.0,18.0,Super Ideal,F,VVS2,1.5,IGI,5200.0
2059,Marlowe & Co,2,Round,1,1,0,14.9,1650.0,1100.0,1625.0,-54.0,2586.8091,18.0,18.0,Super Ideal,F,VVS2,1.5,IGI,5200.0
2059,Mei & Co,2,Round,1,1,0,14.53,1631.0,1087.33,1607.0,-56.0,2672.7632,18.0,18.0,Super Ideal,F,VVS2,1.5,IGI,5200.0
2059,Michelle Kennedy,2,Round,1,1,0,14.12,1663.0,1108.67,1638.0,-53.0,2528.9124,18.0,18.0,Super Ideal,F,VVS2,1.5,IGI,5200.0
2059,Roma Diamonds,2,Round,1,1,0,33.59,1916.0,1277.33,1887.0,-48.0,2640.0237,18.0,18.0,Super Ideal,F,VVS2,1.5,IGI,5200.0
2059,Rosella,2,Round,1,1,0,10.63,1620.0,1080.0,1596.0,-56.0,2645.6975,18.0,18.0,Super Ideal,F,VVS2,1.5,IGI,5200.0
2059,Serenade Diamonds,2,Round,1,1,0,13.33,1635.0,1090.0,1610.0,-56.0,2668.2864,18.0,18.0,Super Ideal,F,VVS2,1.5,IGI,5200.0
2059,Silva Diamonds,2,Round,1,1,0,11.08,1632.0,1088.0,1608.0,-55.0,2591.6848,18.0,18.0,Super Ideal,F,VVS2,1.5,IGI,5200.0
2059,Starlight Crafts,2,Round,1,1,0,14.68,1631.0,1087.33,1607.0,-56.0,2624.3721,18.0,18.0,Super Ideal,F,VVS2,1.5,IGI,5200.0
2059,Temperley,2,Round,1,1,0,14.06,1674.0,1116.0,1649.0,-54.0,2589.0156,18.0,18.0,Super Ideal,F,VVS2,1.5,IGI,5200.0
2059,Tilia Diamonds,2,Round,1,1,0,13.29,1653.69,1102.46,1629.0,-55.0,2631.7373,18.0,18.0,Super Ideal,F,VVS2,1.5,IGI,5200.0
2059,Vespera Gems,2,Round,1,1,0,17.96,1603.0,1068.67,1579.0,-57.0,2640.6343,18.0,18.0,Super Ideal,F,VVS2,1.5,IGI,5200.0
2059,White Lily,2,Round,1,1,0,12.91,1663.0,1108.67,1638.0,-55.0,2654.3931,18.0,18.0,Super Ideal,F,VVS2,1.5,IGI,5200.0
2061,Clermont Diamonds,2,Round,1,1,0,12.24,1155.0,770.0,1138.0,-55.0,1856.9946,18.0,18.0,Super Ideal,G,SI1,1.5,IGI,3623.12
2061,Michelle Kennedy,2,Round,1,1,0,21.58,1173.0,782.0,1155.0,-54.0,1825.8857,18.0,18.0,Super Ideal,G,SI1,1.5,IGI,3623.12
2061,Thalassa Gems,2,Round,1,1,0,23.91,1141.0,760.67,1124.0,-55.0,1825.7246,18.0,18.0,Super Ideal,G,SI1,1.5,IGI,3623.12
2061,White Lily,2,Round,1,1,0,19.68,1202.96,801.97,1185.0,-52.0,1779.9706,18.0,18.0,Super Ideal,G,SI1,1.5,IGI,3623.12
2062,Michelle Kennedy,2,Round,2,2,0,13.69,321.0,479.1,316.0,-54.0,501.6347,15.0,18.0,Very Good,E,VS1,0.67,IGI,940.0
2066,White Lily,2,Round,1,1,0,10.55,1874.0,1083.24,1846.0,10.0,1215.8188,18.0,18.0,Ideal,I,SI2,1.73,IGI,2750.0
2074,Cirrus Gems,2,Oval,1,1,0,17.94,1582.0,953.01,1558.0,-55.0,2350.0466,15.0,15.0,Super Ideal,G,VS1,1.66,IGI,4450.0
2074,Ember Star,2,Oval,1,1,0,13.51,1605.0,966.87,1581.0,-54.0,2362.7532,15.0,15.0,Super Ideal,G,VS1,1.66,IGI,4450.0
2074,Fabiola,2,Oval,1,1,0,11.58,1612.9,971.63,1589.0,-54.0,2337.1118,15.0,15.0,Super Ideal,G,VS1,1.66,IGI,4450.0
2074,Jane Brear,2,Oval,1,1,0,11.26,1652.7,995.6,1628.0,-54.0,2426.2654,15.0,15.0,Super Ideal,G,VS1,1.66,IGI,4450.0
2074,Michelle Kennedy,2,Oval,1,1,0,13.61,1682.54,1013.58,1657.0,-52.0,2354.9011,15.0,15.0,Super Ideal,G,VS1,1.66,IGI,4450.0
2074,Periwinkle Stones,2,Oval,1,1,0,11.73,1673.59,1008.19,1648.0,-52.0,2359.4404,15.0,15.0,Super Ideal,G,VS1,1.66,IGI,4450.0
2074,Temperley,2,Oval,1,1,0,14.56,1700.0,1024.1,1674.0,-52.0,2383.5994,15.0,15.0,Super Ideal,G,VS1,1.66,IGI,4450.0
2074,White Lily,2,Oval,1,1,0,13.09,1700.0,1024.1,1674.0,-51.0,2347.4866,15.0,15.0,Super Ideal,G,VS1,1.66,IGI,4450.0
2077,Michelle Kennedy,2,Round,1,1,0,14.87,1335.0,737.57,1315.0,-58.0,2284.6355,18.0,18.0,Super Ideal,J,VS1,1.81,IGI,3190.0
2077,White Lily,2,Round,1,1,0,18.44,1339.0,739.78,1319.0,-60.0,2368.1274,18.0,18.0,Super Ideal,J,VS1,1.81,IGI,3190.0
2079,Nova Stars,2,Round,1,1,0,14.26,330.34,465.27,325.0,-53.0,502.1044,18.0,18.0,Ideal,E,VS2,0.71,IGI,1203.33
2079,Temperley,2,Round,1,1,0,15.88,354.22,498.9,349.0,-49.0,501.2652,18.0,18.0,Ideal,E,VS2,0.71,IGI,1203.33
2079,Thalassa Gems,2,Round,2,2,0,12.04,328.0,461.97,323.0,-51.0,476.0449,18.0,18.0,Ideal,E,VS2,0.71,IGI,1203.33
2080,Cirrus Gems,2,Round,1,1,0,22.75,2076.04,906.57,2045.0,-65.0,4239.2764,18.0,18.0,Super Ideal,G,VS1,2.29,IGI,7920.0
2080,Eternity Fine Jewelers,2,Round,1,1,0,17.79,2140.0,934.5,2108.0,-64.0,4243.0859,18.0,18.0,Super Ideal,G,VS1,2.29,IGI,7920.0
2080,I & M Designs,2,Round,1,1,0,11.5,2169.1,947.21,2137.0,-63.0,4165.8413,18.0,18.0,Super Ideal,G,VS1,2.29,IGI,7920.0
2080,Jane Brear,2,Round,1,1,0,20.17,2212.88,966.32,2180.0,-62.0,4193.646,18.0,18.0,Super Ideal,G,VS1,2.29,IGI,7920.0
2080,Michelle Kennedy,2,Round,1,1,0,18.6,2115.37,923.74,2084.0,-65.0,4270.2607,18.0,18.0,Super Ideal,G,VS1,2.29,IGI,7920.0
2080,N. B. Diamonds,2,Round,1,1,0,22.91,2096.0,915.28,2065.0,-65.0,4256.4844,18.0,18.0,Super Ideal,G,VS1,2.29,IGI,7920.0
2080,Roma Diamonds,2,Round,1,1,0,11.35,2123.0,927.07,2091.0,-64.0,4239.8374,18.0,18.0,Super Ideal,G,VS1,2.29,IGI,7920.0
2080,Taiga Gems,2,Round,1,1,0,15.57,2067.35,902.77,2036.0,-65.0,4193.3848,18.0,18.0,Super Ideal,G,VS1,2.29,IGI,7920.0
2080,Tamara,2,Round,1,1,0,11.67,2147.0,937.55,2115.0,-62.0,4090.1382,18.0,18.0,Super Ideal,G,VS1,2.29,IGI,7920.0
2080,Temperley,2,Round,1,1,0,20.67,2115.37,923.74,2084.0,-64.0,4152.248,18.0,18.0,Super Ideal,G,VS1,2.29,IGI,7920.0
2080,Vespera Gems,2,Round,1,1,0,11.05,2115.0,923.58,2083.0,-63.0,4140.0474,18.0,18.0,Super Ideal,G,VS1,2.29,IGI,7920.0
2080,White Lily,2,Round,1,1,0,12.11,2136.26,932.86,2104.0,-64.0,4196.1333,18.0,18.0,Super Ideal,G,VS1,2.29,IGI,7920.0
2084,Jane Brear,2,Oval,1,2,0,13.1,1251.71,807.55,1233.0,-50.0,1703.186,15.0,15.0,Super Ideal,I,SI1,1.55,IGI,2893.33
2088,Avignon Diamonds,2,Round,1,1,0,12.28,2022.0,1000.99,1992.0,-61.0,3680.4285,18.0,18.0,Ideal,F,VS2,2.02,IGI,7210.0
2088,Clermont Diamonds,2,Round,1,1,0,15.21,2044.0,1011.88,2013.0,-60.0,3644.4465,18.0,18.0,Ideal,F,VS2,2.02,IGI,7210.0
2088,Ember Star,2,Round,1,1,0,11.23,2042.0,1010.89,2011.0,-60.0,3698.8728,18.0,18.0,Ideal,F,VS2,2.02,IGI,7210.0
2088,Jane Brear,2,Round,1,1,0,14.78,2050.0,1014.85,2019.0,-60.0,3698.3035,18.0,18.0,Ideal,F,VS2,2.02,IGI,7210.0
2088,Mei & Co,2,Round,1,1,0,11.69,2018.0,999.01,1988.0,-60.0,3593.0532,18.0,18.0,Ideal,F,VS2,2.02,IGI,7210.0
2088,Meridian Crafts,2,Round,1,1,0,10.77,2024.0,1001.98,1994.0,-61.0,3707.3796,18.0,18.0,Ideal,F,VS2,2.02,IGI,7210.0
2088,Michelle Kennedy,2,Round,1,1,0,14.41,2050.0,1014.85,2019.0,-60.0,3642.9255,18.0,18.0,Ideal,F,VS2,2.02,IGI,7210.0
2088,Nebula Stones,2,Round,1,1,0,15.56,2112.38,1045.73,2081.0,-59.0,3695.1033,18.0,18.0,Ideal,F,VS2,2.02,IGI,7210.0
2088,Nova Stars,2,Round,1,1,0,13.38,1969.0,974.75,1939.0,-61.0,3609.4377,18.0,18.0,Ideal,F,VS2,2.02,IGI,7210.0
2088,Serene Peaks Diamonds,2,Round,1,1,0,14.04,2051.0,1015.35,2020.0,-59.0,3597.2051,18.0,18.0,Ideal,F,VS2,2.02,IGI,7210.0
2088,Taiga Gems,2,Round,1,1,0,14.37,2093.0,1036.14,2062.0,-59.0,3622.5254,18.0,18.0,Ideal,F,VS2,2.02,IGI,7210.0
2088,Temperley,2,Round,1,1,0,94.82,2057.0,1018.32,2026.0,-59.0,3623.4578,18.0,18.0,Ideal,F,VS2,2.02,IGI,7210.0
2088,Vespera Gems,2,Round,1,1,0,11.52,2029.0,1004.46,1999.0,-60.0,3676.6919,18.0,18.0,Ideal,F,VS2,2.02,IGI,7210.0
2088,White Lily,2,Round,1,1,0,18.56,2004.0,992.08,1974.0,-61.0,3699.094,18.0,18.0,Ideal,F,VS2,2.02,IGI,7210.0
2092,Periwinkle Stones,2,Oval,1,1,0,16.81,2374.07,976.98,2338.0,-55.0,3564.2664,15.0,15.0,Super Ideal,H,VS2,2.43,IGI,7140.0
2092,Taiga Gems,2,Oval,1,1,0,17.64,2307.0,949.38,2272.0,-56.0,3496.0444,15.0,15.0,Super Ideal,H,VS2,2.43,IGI,7140.0
2094,Cirrus Gems,2,Round,1,1,0,15.22,2723.0,892.79,2682.0,-62.0,5137.8306,18.0,18.0,Super Ideal,J,VS1,3.05,IGI,8370.0
2094,Jane Brear,2,Round,1,1,0,13.74,2908.0,953.44,2864.0,-59.0,5108.0674,18.0,18.0,Super Ideal,J,VS1,3.05,IGI,8370.0
2094,N. B. Diamonds,2,Round,1,1,0,13.79,2795.07,916.42,2753.0,-62.0,5204.5508,18.0,18.0,Super Ideal,J,VS1,3.05,IGI,8370.0
2095,Jane Brear,2,Oval,1,2,0,18.01,311.0,634.69,306.0,-39.0,344.7593,15.0,15.0,Super Ideal,D,VS2,0.49,IGI,520.0
2095,Meridian Crafts,2,Oval,1,1,0,14.64,301.0,614.29,296.0,-35.0,309.5688,15.0,15.0,Super Ideal,D,VS2,0.49,IGI,520.0
2098,Jane Brear,2,Round,1,1,0,14.29,1415.0,808.57,1394.0,-53.0,2155.8584,18.0,18.0,Super Ideal,G,VS2,1.75,IGI,4600.0
2098,Serene Peaks Diamonds,2,Round,1,1,0,10.7,1407.0,804.0,1386.0,-54.0,2175.551,18.0,18.0,Super Ideal,G,VS2,1.75,IGI,4600.0
2099,Hoseki,2,Round,1,1,0,13.76,711.0,629.2,700.0,-58.0,1218.4008,18.0,18.0,Super Ideal,G,VS2,1.13,IGI,2273.33
2099,Michelle Kennedy,2,Round,1,1,0,11.04,803.96,711.47,792.0,-55.0,1282.7246,18.0,18.0,Super Ideal,G,VS2,1.13,IGI,2273.33
2099,Temperley,2,Round,1,1,0,25.29,702.0,621.24,691.0,-58.0,1209.7628,18.0,18.0,Super Ideal,G,VS2,1.13,IGI,2273.33
2099,White Lily,2,Round,1,1,0,18.83,862.84,763.58,850.0,-50.0,1240.4673,18.0,18.0,Super Ideal,G,VS2,1.13,IGI,2273.33
2102,Cirrus Gems,2,Round,1,1,0,12.02,1216.0,800.0,1198.0,-56.0,1991.9674,18.0,18.0,Super Ideal,H,VS1,1.52,IGI,3710.0
2102,Clermont Diamonds,2,Round,1,1,0,11.05,1215.0,799.34,1197.0,-57.0,2017.1527,18.0,18.0,Super Ideal,H,VS1,1.52,IGI,3710.0
2102,Marlowe & Co,2,Round,1,1,0,13.56,1232.0,810.53,1214.0,-56.0,2004.9576,18.0,18.0,Super Ideal,H,VS1,1.52,IGI,3710.0
2102,Meridian Crafts,2,Round,1,1,0,10.88,1244.0,818.42,1225.0,-56.0,2021.4644,18.0,18.0,Super Ideal,H,VS1,1.52,IGI,3710.0
2102,Starlight Crafts,2,Round,1,1,0,14.44,1215.0,799.34,1197.0,-57.0,2002.6381,18.0,18.0,Super Ideal,H,VS1,1.52,IGI,3710.0
2102,Temperley,2,Round,1,1,0,18.98,1233.8,811.71,1215.0,-58.0,2101.1963,18.0,18.0,Super Ideal,H,VS1,1.52,IGI,3710.0
2104,Jane Brear,2,Oval,2,2,0,12.96,351.24,605.59,346.0,-57.0,554.6639,14.0,15.0,Very Good,E,VVS2,0.58,IGI,780.0
2104,Marlowe & Co,2,Oval,2,2,0,11.31,351.24,605.59,346.0,-52.0,496.7665,15.0,15.0,Very Good,E,VVS2,0.58,IGI,780.0
2104,Michelle Kennedy,2,Oval,1,2,0,13.45,365.16,629.59,360.0,-59.0,597.0898,15.0,15.0,Very Good,E,VVS2,0.58,IGI,780.0
2104,Promenade Jewelry,2,Oval,1,2,0,15.67,327.19,564.12,322.0,-59.0,536.3064,15.0,15.0,Very Good,E,VVS2,0.58,IGI,780.0
2104,Rosella,2,Oval,2,2,0,13.59,323.33,557.47,318.0,-54.0,472.2317,15.0,15.0,Very Good,E,VVS2,0.58,IGI,780.0
2109,Jane Brear,2,Round,1,1,0,13.86,307.46,960.81,303.0,-25.0,294.4501,18.0,18.0,Ideal,G,VVS2,0.32,IGI,360.0
2114,Cirrus Gems,2,Princess,1,1,0,13.95,1095.45,905.33,1079.0,-64.0,1955.7354,15.0,15.0,Super Ideal,F,VVS2,1.21,IGI,2990.0
2114,Jane Brear,2,Princess,1,1,0,15.44,1133.0,936.36,1116.0,-63.0,1933.2122,15.0,15.0,Super Ideal,F,VVS2,1.21,IGI,2990.0
2114,La Marquise,2,Princess,1,1,0,14.08,1143.0,944.63,1126.0,-63.0,1957.6903,15.0,15.0,Super Ideal,F,VVS2,1.21,IGI,2990.0
2114,Lotus Creation,2,Princess,1,1,0,15.02,1092.0,902.48,1076.0,-65.0,1955.7354,15.0,15.0,Super Ideal,F,VVS2,1.21,IGI,2990.0
2114,Marlowe & Co,2,Princess,1,1,0,14.01,1135.3,938.26,1118.0,-62.0,1875.5048,15.0,15.0,Super Ideal,F,VVS2,1.21,IGI,2990.0
2114,Meridian Crafts,2,Princess,1,1,0,13.67,1120.0,925.62,1103.0,-63.0,1912.5687,15.0,15.0,Super Ideal,F,VVS2,1.21,IGI,2990.0
2114,Michelle Kennedy,2,Princess,1,1,0,13.8,1150.46,950.79,1133.0,-65.0,2111.4556,15.0,15.0,Super Ideal,F,VVS2,1.21,IGI,2990.0
2114,Vega Diamonds,2,Princess,1,1,0,13.62,1075.0,888.43,1059.0,-65.0,1972.1323,15.0,15.0,Super Ideal,F,VVS2,1.21,IGI,2990.0
2117,Michelle Kennedy,2,Round,1,1,0,16.35,699.0,776.67,689.0,-41.0,854.1572,18.0,18.0,Ideal,F,SI2,0.9,IGI,1420.0
2117,N. B. Diamonds,2,Round,1,1,0,14.69,682.0,757.78,672.0,-41.0,828.657,18.0,18.0,Ideal,F,SI2,0.9,IGI,1420.0
2118,Cirrus Gems,2,Round,1,1,0,21.0,1812.0,906.0,1785.0,-53.0,2759.2522,18.0,18.0,Ideal,H,VS1,2.0,IGI,6240.0
2118,Fabiola,2,Round,1,1,0,13.61,1797.0,898.5,1770.0,-52.0,2661.2693,18.0,18.0,Ideal,H,VS1,2.0,IGI,6240.0
2118,Jane Brear,2,Round,1,1,0,12.69,1831.0,915.5,1804.0,-52.0,2726.3992,18.0,18.0,Ideal,H,VS1,2.0,IGI,6240.0
2118,Michelle Kennedy,2,Round,1,1,0,19.72,1828.81,914.4,1801.0,-52.0,2750.6345,18.0,18.0,Ideal,H,VS1,2.0,IGI,6240.0
2118,Periwinkle Stones,2,Round,1,1,0,22.53,1817.0,908.5,1790.0,-52.0,2682.7783,18.0,18.0,Ideal,H,VS1,2.0,IGI,6240.0
2118,Roma Diamonds,2,Round,1,1,0,11.36,1807.0,903.5,1780.0,-50.0,2612.5125,18.0,18.0,Ideal,H,VS1,2.0,IGI,6240.0
2118,White Lily,2,Round,1,1,0,12.04,1808.0,904.0,1781.0,-52.0,2704.7424,18.0,18.0,Ideal,H,VS1,2.0,IGI,6240.0
2120,Cornerstone,2,Round,1,1,0,19.41,2177.0,884.96,2144.0,-58.0,3709.0916,18.0,18.0,Super Ideal,I,VVS2,2.46,IGI,6790.0
2126,Ember Star,2,Radiant,1,1,0,12.96,838.0,901.08,825.0,-56.0,1223.7502,15.0,15.0,Super Ideal,G,VVS2,0.93,IGI,1650.0
2126,Marble Arch,2,Radiant,1,1,0,10.53,881.0,947.31,868.0,-52.0,1201.7378,15.0,15.0,Super Ideal,G,VVS2,0.93,IGI,1650.0
2126,Michelle Kennedy,2,Radiant,1,1,0,20.99,864.0,929.03,851.0,-54.0,1232.6172,15.0,15.0,Super Ideal,G,VVS2,0.93,IGI,1650.0
2126,Sonata Gems,2,Radiant,1,1,0,18.76,846.0,909.68,833.0,-55.0,1216.7832,15.0,15.0,Super Ideal,G,VVS2,0.93,IGI,1650.0
2129,Cornerstone,2,Round,2,2,0,12.02,312.0,528.81,307.0,-50.0,444.9398,18.0,18.0,Ideal,E,SI1,0.59,IGI,696.67
2130,Temperley,2,Oval,2,2,0,13.31,407.0,528.57,401.0,-54.0,596.1378,15.0,15.0,Super Ideal,G,VVS2,0.77,IGI,1190.0
2132,Temperley,2,Oval,1,1,0,18.81,2111.0,963.93,2079.0,-58.0,3389.0569,15.0,15.0,Super Ideal,F,SI1,2.19,IGI,6350.0
2135,Cirrus Gems,2,Round,1,1,0,16.63,1902.31,932.5,1874.0,-58.0,3278.7271,18.0,18.0,Ideal,H,VVS2,2.04,IGI,7130.0
2135,Mei & Co,2,Round,1,1,0,13.07,1876.57,919.89,1848.0,-61.0,3437.373,18.0,18.0,Ideal,H,VVS2,2.04,IGI,7130.0
2135,Michelle Kennedy,2,Round,1,1,0,12.82,1897.0,929.9,1869.0,-60.0,3375.6228,18.0,18.0,Ideal,H,VVS2,2.04,IGI,7130.0
2135,Taiga Gems,2,Round,1,1,0,14.24,1913.38,937.93,1885.0,-59.0,3340.0015,18.0,18.0,Ideal,H,VVS2,2.04,IGI,7130.0
2135,Temperley,2,Round,1,1,0,9.85,1918.36,940.37,1890.0,-59.0,3387.7842,18.0,18.0,Ideal,H,VVS2,2.04,IGI,7130.0
2135,White Lily,2,Round,1,2,0,13.32,1907.0,934.8,1878.0,-60.0,3429.4385,18.0,18.0,Ideal,H,VVS2,2.04,IGI,7130.0
2149,Clermont Diamonds,2,Round,1,1,0,12.77,1525.0,754.95,1502.0,-54.0,2397.7639,18.0,18.0,Ideal,H,SI1,2.02,IGI,4690.0
2149,Roma Diamonds,2,Round,1,1,0,37.23,1976.0,978.22,1946.0,-40.0,2359.0413,18.0,18.0,Ideal,H,SI1,2.02,IGI,4690.0
2149,Taiga Gems,2,Round,1,1,0,12.78,1702.44,842.79,1677.0,-48.0,2325.4961,18.0,18.0,Ideal,H,SI1,2.02,IGI,4690.0
2153,Cirrus Gems,2,Round,1,1,0,14.41,2327.94,1012.15,2293.0,-55.0,3687.2715,18.0,18.0,Super Ideal,I,VVS2,2.3,IGI,6410.0
2154,White Lily,2,Round,1,1,0,11.83,1778.0,1084.15,1751.0,-15.0,1495.479,18.0,18.0,Super Ideal,I,SI2,1.64,IGI,2440.0
2164,Eterna Luxe,2,Round,1,1,0,11.92,794.0,827.08,782.0,-61.0,1461.8263,18.0,18.0,Ideal,D,VVS2,0.96,IGI,2500.0
2164,Eternity Fine Jewelers,2,Round,1,1,0,16.11,779.0,811.46,767.0,-62.0,1473.377,18.0,18.0,Ideal,D,VVS2,0.96,IGI,2500.0
2164,Fuji Diamonds,2,Round,1,1,0,19.57,788.0,820.83,776.0,-62.0,1484.7274,18.0,18.0,Ideal,D,VVS2,0.96,IGI,2500.0
2164,Jane Brear,2,Round,1,1,0,20.61,798.0,831.25,786.0,-61.0,1460.9988,18.0,18.0,Ideal,D,VVS2,0.96,IGI,2500.0
2164,Mei & Co,2,Round,1,1,0,18.9,774.0,806.25,762.0,-62.0,1463.1309,17.0,18.0,Ideal,D,VVS2,0.96,IGI,2500.0
2164,Meridian Gems,2,Round,1,1,0,17.74,783.0,815.62,771.0,-62.0,1477.887,18.0,18.0,Ideal,D,VVS2,0.96,IGI,2500.0
2164,Michelle Kennedy,2,Round,1,1,0,14.97,788.0,820.83,776.0,-61.0,1459.9456,18.0,18.0,Ideal,D,VVS2,0.96,IGI,2500.0
2164,Periwinkle Stones,2,Round,1,1,0,17.69,801.0,834.38,789.0,-61.0,1469.6117,18.0,18.0,Ideal,D,VVS2,0.96,IGI,2500.0
2164,Promenade Jewelry,2,Round,1,1,0,18.4,775.0,807.29,763.0,-63.0,1497.8455,18.0,18.0,Ideal,D,VVS2,0.96,IGI,2500.0
2164,Roma Diamonds,2,Round,1,1,0,10.28,773.0,805.21,761.0,-63.0,1501.9935,18.0,18.0,Ideal,D,VVS2,0.96,IGI,2500.0
2164,Silva Diamonds,2,Round,1,1,0,11.29,766.0,797.92,755.0,-62.0,1456.3031,18.0,18.0,Ideal,D,VVS2,0.96,IGI,2500.0
2164,Taiga Gems,2,Round,1,1,0,13.77,793.0,826.04,781.0,-61.0,1445.2782,18.0,18.0,Ideal,D,VVS2,0.96,IGI,2500.0
2164,Temperley,2,Round,1,1,0,13.01,783.0,815.62,771.0,-61.0,1443.3507,18.0,18.0,Ideal,D,VVS2,0.96,IGI,2500.0
2164,Tilia Diamonds,2,Round,1,1,0,16.92,773.12,805.33,762.0,-64.0,1535.6396,18.0,18.0,Ideal,D,VVS2,0.96,IGI,2500.0
2164,White Lily,2,Round,1,1,0,17.8,798.0,831.25,786.0,-61.0,1462.1613,18.0,18.0,Ideal,D,VVS2,0.96,IGI,2500.0
2167,Jane Brear,2,Round,2,3,0,12.85,737.0,729.7,726.0,-68.0,1629.6404,14.0,18.0,Very Good,D,VS1,1.01,IGI,2650.0
2167,Michelle Kennedy,2,Round,1,3,0,11.44,736.0,728.71,725.0,-68.0,1631.479,16.0,18.0,Very Good,D,VS1,1.01,IGI,2650.0
2167,Rosella,2,Round,2,1,0,13.11,714.0,706.93,703.0,-69.0,1634.3712,16.0,18.0,Very Good,D,VS1,1.01,IGI,2650.0
2167,Serenade Diamonds,2,Round,1,1,0,12.32,725.36,718.18,714.0,-68.0,1645.0424,16.0,18.0,Very Good,D,VS1,1.01,IGI,2650.0
2167,Serene Peaks Diamonds,2,Round,1,1,0,12.99,734.31,727.04,723.0,-68.0,1620.2909,15.0,18.0,Very Good,D,VS1,1.01,IGI,2650.0
2167,Sigma Diamonds,2,Round,1,1,0,13.74,721.0,713.86,710.0,-69.0,1670.7358,17.0,18.0,Very Good,D,VS1,1.01,IGI,2650.0
2171,Cirrus Gems,2,Pear,2,2,0,19.03,941.02,740.96,927.0,-66.0,1775.0593,15.0,15.0,Super Ideal,G,VS1,1.27,IGI,2550.0
2171,Lotus Creation,2,Pear,1,1,0,22.42,920.75,725.0,907.0,-66.0,1760.5992,15.0,15.0,Super Ideal,G,VS1,1.27,IGI,2550.0
2171,Tamara,2,Pear,1,1,0,16.36,967.14,761.53,953.0,-64.0,1761.5151,15.0,15.0,Super Ideal,G,VS1,1.27,IGI,2550.0
2175,Jane Brear,2,Round,1,1,0,11.86,1965.12,1155.95,1936.0,-16.0,1672.4492,18.0,18.0,Ideal,I,SI1,1.7,IGI,3042.22
2175,Michelle Kennedy,2,Round,1,1,0,13.04,1965.12,1155.95,1936.0,-12.0,1599.5834,17.0,18.0,Ideal,I,SI1,1.7,IGI,3042.22
2178,Temperley,2,Round,1,1,0,13.58,1303.0,1240.95,1283.0,-13.0,1068.4845,18.0,18.0,Super Ideal,I,SI1,1.05,IGI,1698.57
2182,Promenade Jewelry,2,Cushion,1,1,0,19.11,374.0,485.71,368.0,-45.0,428.6669,14.0,15.0,Very Good,E,VVS2,0.77,IGI,1320.0
2183,Taiga Gems,2,Emerald,1,1,0,14.54,1801.0,833.8,1774.0,-62.0,3033.6497,15.0,15.0,Super Ideal,H,VS2,2.16,IGI,5090.0
2188,Blackbird Gems,2,Round,1,1,0,14.67,753.78,685.25,742.0,-58.0,1273.5115,18.0,18.0,Super Ideal,G,VS1,1.1,IGI,2550.77
2188,Jane Brear,2,Round,1,1,0,15.4,885.55,805.05,872.0,-50.0,1271.3594,18.0,18.0,Super Ideal,G,VS1,1.1,IGI,2550.77
2188,Meridian Crafts,2,Round,1,1,0,10.46,768.0,698.18,756.0,-56.0,1249.9198,18.0,18.0,Super Ideal,G,VS1,1.1,IGI,2550.77
2188,Michelle Kennedy,2,Round,1,1,0,17.43,785.63,714.21,774.0,-55.0,1252.3768,18.0,18.0,Super Ideal,G,VS1,1.1,IGI,2550.77
2188,Nebula Stones,2,Round,1,1,0,13.86,773.0,702.73,761.0,-54.0,1197.1981,18.0,18.0,Super Ideal,G,VS1,1.1,IGI,2550.77
2188,Nova Stars,2,Round,1,1,0,13.36,752.0,683.64,741.0,-58.0,1285.7496,18.0,18.0,Super Ideal,G,VS1,1.1,IGI,2550.77
2188,Simetría,2,Round,1,1,0,15.09,770.13,700.12,759.0,-57.0,1279.8678,18.0,18.0,Super Ideal,G,VS1,1.1,IGI,2550.77
2188,Taiga Gems,2,Round,1,1,0,13.22,778.0,707.27,766.0,-56.0,1277.6956,18.0,18.0,Super Ideal,G,VS1,1.1,IGI,2550.77
2188,Temperley,2,Round,1,1,0,15.09,786.0,714.55,774.0,-56.0,1285.7697,18.0,18.0,Super Ideal,G,VS1,1.1,IGI,2550.77
2188,White Lily,2,Round,1,1,0,14.66,790.03,718.21,778.0,-54.0,1217.7367,18.0,18.0,Super Ideal,G,VS1,1.1,IGI,2550.77
2192,Cirrus Gems,2,Round,1,1,0,21.71,1556.79,734.33,1533.0,-62.0,2918.2729,18.0,18.0,Ideal,I,VS1,2.12,IGI,5100.0
2192,Jane Brear,2,Round,1,1,0,19.3,1753.19,826.98,1727.0,-57.0,2899.8708,18.0,18.0,Ideal,I,VS1,2.12,IGI,5100.0
2192,Temperley,2,Round,1,1,0,13.31,3528.27,1664.28,3475.0,-14.0,2946.7283,18.0,18.0,Ideal,I,VS1,2.12,IGI,5100.0
2192,White Lily,2,Round,1,1,0,16.77,1753.19,826.98,1727.0,-57.0,2926.1978,18.0,18.0,Ideal,I,VS1,2.12,IGI,5100.0
2197,Jane Brear,2,Round,1,1,0,19.02,892.76,776.31,879.0,-44.0,1132.3184,18.0,18.0,Ideal,H,VS1,1.15,IGI,2373.33
2197,Lotus Creation,2,Round,1,1,0,19.25,779.0,677.39,767.0,-51.0,1144.0153,18.0,18.0,Ideal,H,VS1,1.15,IGI,2373.33
2198,Jane Brear,2,Round,1,1,0,18.65,1316.0,807.36,1296.0,-53.0,2020.6899,18.0,18.0,Super Ideal,H,VS1,1.63,IGI,4036.67
2198,Temperley,2,Round,1,1,0,20.51,1292.0,792.64,1273.0,-54.0,2017.1163,18.0,18.0,Super Ideal,H,VS1,1.63,IGI,4036.67
2202,Jane Brear,2,Round,1,1,0,15.9,3685.48,1188.86,3630.0,-58.0,6236.4287,18.0,18.0,Super Ideal,H,VS2,3.1,IGI,12670.0
2202,Taiga Gems,2,Round,1,1,0,19.05,3540.0,1141.94,3487.0,-59.0,6202.2065,18.0,18.0,Super Ideal,H,VS2,3.1,IGI,12670.0
2205,Temperley,2,Round,1,1,0,10.86,668.64,857.23,659.0,-8.0,521.9015,18.0,18.0,Ideal,E,VS2,0.78,IGI,1230.0
2206,Clermont Diamonds,2,Round,1,1,0,12.08,1207.0,799.34,1189.0,-58.0,2043.2985,18.0,18.0,Ideal,H,VS1,1.51,IGI,3821.43
2206,Jane Brear,2,Round,1,1,0,14.55,1233.0,816.56,1215.0,-56.0,2000.8468,18.0,18.0,Ideal,H,VS1,1.51,IGI,3821.43
2206,Serene Peaks Diamonds,2,Round,1,1,0,18.54,1243.0,823.18,1224.0,-56.0,2014.9208,18.0,18.0,Ideal,H,VS1,1.51,IGI,3821.43
2206,Temperley,2,Round,1,1,0,20.81,1302.0,862.25,1282.0,-53.0,1976.1456,18.0,18.0,Ideal,H,VS1,1.51,IGI,3821.43
2208,Michelle Kennedy,2,Round,1,1,0,11.2,875.0,673.08,862.0,-58.0,1477.9458,18.0,18.0,Ideal,I,VVS2,1.3,IGI,2388.0
2209,Cirrus Gems,2,Round,1,1,0,23.25,894.0,703.94,881.0,-59.0,1562.7146,18.0,18.0,Super Ideal,H,VVS2,1.27,IGI,2530.0
2209,Michelle Kennedy,2,Round,1,1,0,18.69,1012.0,796.85,997.0,-53.0,1549.0491,18.0,18.0,Super Ideal,H,VVS2,1.27,IGI,2530.0
2209,Taiga Gems,2,Round,1,1,0,19.18,914.0,719.69,900.0,-58.0,1551.5789,18.0,18.0,Super Ideal,H,VVS2,1.27,IGI,2530.0
2212,Century Stones,2,Round,1,1,0,18.67,1374.37,904.19,1354.0,-55.0,2203.1306,18.0,18.0,Super Ideal,G,VS2,1.52,IGI,3960.0
2212,Michelle Kennedy,2,Round,1,1,0,12.38,1242.0,817.11,1223.0,-61.0,2262.9758,18.0,18.0,Super Ideal,G,VS2,1.52,IGI,3960.0
2212,Nova Stars,2,Round,1,1,0,13.14,1187.0,780.92,1169.0,-62.0,2224.0188,18.0,18.0,Super Ideal,G,VS2,1.52,IGI,3960.0
2212,Starlight Crafts,2,Round,1,1,0,12.78,1191.0,783.55,1173.0,-63.0,2280.0393,18.0,18.0,Super Ideal,G,VS2,1.52,IGI,3960.0
2212,Temperley,2,Round,1,1,0,12.88,1229.0,808.55,1211.0,-61.0,2273.4863,18.0,18.0,Super Ideal,G,VS2,1.52,IGI,3960.0
2215,Michelle Kennedy,2,Oval,2,3,0,12.06,325.0,902.78,320.0,-5.0,229.9266,14.0,15.0,Very Good,D,SI1,0.36,IGI,370.0
2220,Albert's Creations,2,Round,1,1,0,14.48,3408.0,1234.78,3357.0,-59.0,6014.9131,18.0,18.0,Super Ideal,F,VS2,2.76,IGI,13660.0
2220,Emilia Sterling,2,Round,1,1,0,15.96,3239.0,1173.55,3190.0,-61.0,5922.1504,18.0,18.0,Super Ideal,F,VS2,2.76,IGI,13660.0
2220,Michelle Kennedy,2,Round,1,1,0,19.12,3420.0,1239.13,3369.0,-58.0,5857.5483,18.0,18.0,Super Ideal,F,VS2,2.76,IGI,13660.0
2220,Temperley,2,Round,1,1,0,9.51,3481.0,1261.23,3429.0,-58.0,5952.4487,18.0,18.0,Super Ideal,F,VS2,2.76,IGI,13660.0
2227,Cirrus Gems,2,Pear,1,1,0,16.99,2265.21,1043.88,2231.0,-61.0,3739.0444,15.0,15.0,Super Ideal,G,VS2,2.17,IGI,6940.0
2227,Jane Brear,2,Pear,1,1,0,19.43,2690.84,1240.02,2650.0,-54.0,3753.9915,15.0,15.0,Super Ideal,G,VS2,2.17,IGI,6940.0
2229,Avignon Diamonds,2,Round,1,1,0,67.85,804.0,773.08,792.0,-55.0,1292.3268,18.0,18.0,Ideal,F,VVS2,1.04,IGI,2726.0
2229,Camden Gems,2,Round,1,1,0,12.57,802.0,771.15,790.0,-58.0,1381.1185,18.0,18.0,Ideal,F,VVS2,1.04,IGI,2726.0
2229,Ember Star,2,Round,1,1,0,13.38,811.0,779.81,799.0,-57.0,1338.4994,18.0,18.0,Ideal,F,VVS2,1.04,IGI,2726.0
2229,Equinox Jewels,2,Round,1,1,0,10.96,806.0,775.0,794.0,-57.0,1328.1018,18.0,18.0,Ideal,F,VVS2,1.04,IGI,2726.0
2229,Hazel Diamonds,2,Round,1,1,0,11.81,797.0,766.35,785.0,-57.0,1330.431,18.0,18.0,Ideal,F,VVS2,1.04,IGI,2726.0
2229,Hoseki,2,Round,1,1,0,13.74,825.85,794.09,813.0,-56.0,1355.6466,18.0,18.0,Ideal,F,VVS2,1.04,IGI,2726.0
2229,Jane Brear,2,Round,1,1,0,11.47,841.0,808.65,828.0,-55.0,1337.8411,18.0,18.0,Ideal,F,VVS2,1.04,IGI,2726.0
2229,Marlowe & Co,2,Round,1,1,0,13.4,821.0,789.42,809.0,-56.0,1338.3167,18.0,18.0,Ideal,F,VVS2,1.04,IGI,2726.0
2229,Michelle Kennedy,2,Round,1,1,0,13.18,841.0,808.65,828.0,-56.0,1364.7999,18.0,18.0,Ideal,F,VVS2,1.04,IGI,2726.0
2229,Nova Stars,2,Round,1,1,0,9.77,806.0,775.0,794.0,-58.0,1374.7637,18.0,18.0,Ideal,F,VVS2,1.04,IGI,2726.0
2229,Oasis Diamonds,2,Round,1,1,0,14.17,840.78,808.44,828.0,-55.0,1349.8444,18.0,18.0,Ideal,F,VVS2,1.04,IGI,2726.0
2229,Roma Diamonds,2,Round,1,1,0,39.22,1008.0,969.23,993.0,-46.0,1331.2944,18.0,18.0,Ideal,F,VVS2,1.04,IGI,2726.0
2229,Serenade Diamonds,2,Round,1,1,0,13.93,785.0,754.81,773.0,-58.0,1344.5021,18.0,18.0,Ideal,F,VVS2,1.04,IGI,2726.0
2229,Starlight Crafts,2,Round,1,1,0,14.77,802.0,771.15,790.0,-57.0,1346.2228,18.0,18.0,Ideal,F,VVS2,1.04,IGI,2726.0
2229,Starlit Stones,2,Round,1,1,0,12.41,805.0,774.04,793.0,-57.0,1355.0137,18.0,18.0,Ideal,F,VVS2,1.04,IGI,2726.0
2229,Taiga Gems,2,Round,1,1,0,13.16,827.0,795.19,815.0,-55.0,1322.1912,18.0,18.0,Ideal,F,VVS2,1.04,IGI,2726.0
2229,Temperley,2,Round,1,1,0,12.45,843.0,810.58,830.0,-54.0,1324.9303,17.0,18.0,Ideal,F,VVS2,1.04,IGI,2726.0
2229,Tierra Mia Diamonds,2,Round,1,1,0,92.41,809.76,778.62,798.0,-56.0,1320.0382,18.0,18.0,Ideal,F,VVS2,1.04,IGI,2726.0
2229,Tilia Diamonds,2,Round,1,1,0,11.7,815.0,783.65,803.0,-56.0,1326.0632,18.0,18.0,Ideal,F,VVS2,1.04,IGI,2726.0
2229,Vespera Gems,2,Round,1,1,0,15.26,805.9,774.9,794.0,-57.0,1327.339,18.0,18.0,Ideal,F,VVS2,1.04,IGI,2726.0
2229,White Lily,2,Round,1,1,0,11.93,839.0,806.73,826.0,-55.0,1322.446,18.0,18.0,Ideal,F,VVS2,1.04,IGI,2726.0
2234,Jane Brear,2,Cushion,1,1,0,7.76,1440.0,960.0,1418.0,-60.0,2296.1301,14.0,15.0,Very Good,E,SI1,1.5,IGI,3440.0
2234,White Lily,2,Cushion,1,1,0,20.45,1370.0,913.33,1349.0,-63.0,2332.7498,14.0,15.0,Very Good,E,SI1,1.5,IGI,3440.0
2236,Cirrus Gems,2,Round,1,1,0,14.71,1694.8,1027.15,1669.0,-60.0,3071.7671,18.0,18.0,Super Ideal,E,VVS2,1.65,IGI,6220.0
2236,Eterna Luxe,2,Round,1,1,0,14.93,1735.0,1051.52,1709.0,-59.0,3026.9961,18.0,18.0,Super Ideal,E,VVS2,1.65,IGI,6220.0
2236,Jane Brear,2,Round,1,1,0,17.39,1873.0,1135.15,1845.0,-54.0,2942.5171,18.0,18.0,Super Ideal,E,VVS2,1.65,IGI,6220.0
2236,Lotus Creation,2,Round,1,1,0,17.9,1706.0,1033.94,1680.0,-59.0,3005.0811,18.0,18.0,Super Ideal,E,VVS2,1.65,IGI,6220.0
2236,Michelle Kennedy,2,Round,1,1,0,12.58,2015.0,1221.21,1985.0,-52.0,3026.0234,18.0,18.0,Super Ideal,E,VVS2,1.65,IGI,6220.0
2236,Oasis Diamonds,2,Round,1,1,0,10.95,1791.0,1085.45,1764.0,-58.0,3084.9717,18.0,18.0,Super Ideal,E,VVS2,1.65,IGI,6220.0
2236,Rosella,2,Round,1,1,0,16.97,1714.11,1038.85,1688.0,-59.0,3023.6936,18.0,18.0,Super Ideal,E,VVS2,1.65,IGI,6220.0
2236,Temperley,2,Round,1,1,0,13.2,1773.0,1074.55,1746.0,-58.0,3022.9397,18.0,18.0,Super Ideal,E,VVS2,1.65,IGI,6220.0
2236,White Lily,2,Round,1,1,0,15.22,1873.0,1135.15,1845.0,-57.0,3104.1973,18.0,18.0,Super Ideal,E,VVS2,1.65,IGI,6220.0
2237,White Lily,2,Oval,1,1,0,13.71,332.33,977.44,327.0,-7.0,241.0632,15.0,15.0,Super Ideal,D,SI1,0.34,IGI,340.0
2239,Bayside Gems,2,Round,1,1,0,15.14,1077.11,1016.14,1061.0,-70.0,2530.3103,18.0,18.0,Super Ideal,D,VVS1,1.06,IGI,4230.0
2239,Diamonds by Zoya,2,Round,1,1,0,13.87,1124.4,1060.75,1108.0,-68.0,2505.936,18.0,18.0,Super Ideal,D,VVS1,1.06,IGI,4230.0
2239,Equinox Jewels,2,Round,1,1,0,12.57,1104.0,1041.51,1087.0,-69.0,2581.6187,18.0,18.0,Super Ideal,D,VVS1,1.06,IGI,4230.0
2239,Eternity Fine Jewelers,2,Round,1,1,0,13.83,1107.0,1044.34,1090.0,-70.0,2598.7004,18.0,18.0,Super Ideal,D,VVS1,1.06,IGI,4230.0
2239,Felicity Diamonds,2,Round,1,1,0,11.54,1123.0,1059.43,1106.0,-68.0,2497.4136,18.0,18.0,Super Ideal,D,VVS1,1.06,IGI,4230.0
2239,Infinity Diamonds,2,Round,1,1,0,19.41,1115.0,1051.89,1098.0,-69.0,2546.7605,18.0,18.0,Super Ideal,D,VVS1,1.06,IGI,4230.0
2239,Jane Brear,2,Round,1,1,0,10.53,1124.0,1060.38,1107.0,-68.0,2493.0596,18.0,18.0,Super Ideal,D,VVS1,1.06,IGI,4230.0
2239,Joan Cooper,2,Round,1,1,0,14.01,1122.36,1058.83,1106.0,-69.0,2585.0349,18.0,18.0,Super Ideal,D,VVS1,1.06,IGI,4230.0
2239,Marlowe & Co,2,Round,1,1,0,13.17,1125.0,1061.32,1108.0,-69.0,2583.4399,18.0,18.0,Super Ideal,D,VVS1,1.06,IGI,4230.0
2239,Meadow & Co,2,Round,1,1,0,11.74,1123.0,1059.43,1106.0,-68.0,2475.0493,18.0,18.0,Super Ideal,D,VVS1,1.06,IGI,4230.0
2239,Michelle Kennedy,2,Round,1,1,0,12.1,1125.0,1061.32,1108.0,-68.0,2550.7024,18.0,18.0,Super Ideal,D,VVS1,1.06,IGI,4230.0
2239,Riviera Jewels,2,Round,1,1,0,12.47,1111.0,1048.11,1094.0,-69.0,2587.2754,18.0,18.0,Super Ideal,D,VVS1,1.06,IGI,4230.0
2239,Sara's Diamonds,2,Round,1,1,0,63.82,1075.0,1014.15,1059.0,-70.0,2588.478,18.0,18.0,Super Ideal,D,VVS1,1.06,IGI,4230.0
2239,Simetría,2,Round,1,1,0,93.49,1111.0,1048.11,1094.0,-69.0,2556.562,18.0,18.0,Super Ideal,D,VVS1,1.06,IGI,4230.0
2239,Starlight Crafts,2,Round,1,1,0,12.15,1114.0,1050.94,1097.0,-69.0,2532.0918,18.0,18.0,Super Ideal,D,VVS1,1.06,IGI,4230.0
2239,Temperley,2,Round,1,1,0,10.62,1116.0,1052.83,1099.0,-68.0,2464.9531,18.0,18.0,Super Ideal,D,VVS1,1.06,IGI,4230.0
2239,Tilia Diamonds,2,Round,1,1,0,14.44,1119.0,1055.66,1102.0,-68.0,2539.1311,18.0,18.0,Super Ideal,D,VVS1,1.06,IGI,4230.0
2239,White Lily,2,Round,1,1,0,12.13,1121.0,1057.55,1104.0,-68.0,2538.7947,18.0,18.0,Super Ideal,D,VVS1,1.06,IGI,4230.0
2241,Clermont Diamonds,2,Round,1,1,0,11.24,1226.84,786.44,1208.0,-58.0,2074.7734,18.0,18.0,Super Ideal,H,VS1,1.56,IGI,3683.75
2241,Jane Brear,2,Round,1,1,0,17.44,1237.78,793.45,1219.0,-58.0,2104.9294,18.0,18.0,Super Ideal,H,VS1,1.56,IGI,3683.75
2241,Marlowe & Co,2,Round,1,1,0,22.84,1220.0,782.05,1202.0,-58.0,2068.3623,18.0,18.0,Super Ideal,H,VS1,1.56,IGI,3683.75
2241,Michelle Kennedy,2,Round,1,1,0,18.86,1235.0,791.67,1216.0,-56.0,1994.9562,18.0,18.0,Super Ideal,H,VS1,1.56,IGI,3683.75
2241,Temperley,2,Round,1,1,0,20.16,1235.0,791.67,1216.0,-56.0,2026.6699,18.0,18.0,Super Ideal,H,VS1,1.56,IGI,3683.75
2246,Bella Gems,2,Round,1,1,0,14.17,380.09,593.89,374.0,-53.0,579.2075,18.0,18.0,Ideal,D,VVS2,0.64,IGI,1137.5
2246,Eternity Fine Jewelers,2,Round,1,1,0,11.16,390.04,609.44,384.0,-57.0,644.4123,18.0,18.0,Ideal,D,VVS2,0.64,IGI,1137.5
2246,Hoseki,2,Round,1,1,0,14.43,369.0,576.56,363.0,-58.0,622.525,18.0,18.0,Ideal,D,VVS2,0.64,IGI,1137.5
2246,Jane Brear,2,Round,1,1,0,27.57,355.0,554.69,350.0,-61.0,650.11,18.0,18.0,Ideal,D,VVS2,0.64,IGI,1137.5
2246,Joan Cooper,2,Round,1,1,0,24.37,337.0,526.56,332.0,-61.0,614.4817,18.0,18.0,Ideal,D,VVS2,0.64,IGI,1137.5
2246,Lotus Creation,2,Round,1,1,0,23.25,364.0,568.75,359.0,-58.0,613.6324,18.0,18.0,Ideal,D,VVS2,0.64,IGI,1137.5
2246,Mei & Co,2,Round,1,1,0,25.37,339.0,529.69,334.0,-64.0,669.8665,18.0,18.0,Ideal,D,VVS2,0.64,IGI,1137.5
2246,Michelle Kennedy,2,Round,1,1,0,11.85,364.0,568.75,359.0,-60.0,647.2036,18.0,18.0,Ideal,D,VVS2,0.64,IGI,1137.5
2246,Promenade Jewelry,2,Round,1,1,0,25.73,344.0,537.5,339.0,-63.0,660.2237,18.0,18.0,Ideal,D,VVS2,0.64,IGI,1137.5
2246,Sara's Diamonds,2,Round,1,1,0,46.56,331.0,517.19,326.0,-62.0,631.662,18.0,18.0,Ideal,D,VVS2,0.64,IGI,1137.5
2246,Serenade Diamonds,2,Round,1,1,0,11.51,345.0,539.06,340.0,-61.0,631.2685,18.0,18.0,Ideal,D,VVS2,0.64,IGI,1137.5
2246,Temperley,2,Round,1,1,0,10.35,368.0,575.0,362.0,-58.0,627.4335,18.0,18.0,Ideal,D,VVS2,0.64,IGI,1137.5
2246,White Lily,2,Round,1,1,0,29.72,355.0,554.69,350.0,-61.0,644.4398,18.0,18.0,Ideal,D,VVS2,0.64,IGI,1137.5
2248,Cirrus Gems,2,Round,1,1,0,22.56,1003.0,668.67,988.0,-63.0,1933.426,18.0,18.0,Ideal,I,VS1,1.5,IGI,2971.11
2248,Michelle Kennedy,2,Round,1,1,0,15.03,1905.0,1270.0,1876.0,-29.0,1908.3879,18.0,18.0,Ideal,I,VS1,1.5,IGI,2971.11
2249,Cirrus Gems,2,Princess,1,1,0,17.26,2671.0,875.74,2631.0,-63.0,4580.8721,15.0,15.0,Super Ideal,I,VS2,3.05,IGI,11090.0
2249,Taiga Gems,2,Princess,1,1,0,13.41,2723.32,892.89,2682.0,-63.0,4613.8574,15.0,15.0,Super Ideal,I,VS2,3.05,IGI,11090.0
2251,Equinox Jewels,2,Round,2,1,0,11.14,307.0,487.3,302.0,-53.0,465.2296,18.0,18.0,Ideal,D,VS2,0.63,IGI,925.0
2251,Eternity Fine Jewelers,2,Round,1,1,0,21.87,317.4,503.81,313.0,-55.0,508.3074,18.0,18.0,Ideal,D,VS2,0.63,IGI,925.0
2251,Hill & Holland,2,Round,1,1,0,23.67,331.34,525.94,326.0,-50.0,471.205,18.0,18.0,Ideal,D,VS2,0.63,IGI,925.0
2251,Jane Brear,2,Round,1,1,0,26.92,331.0,525.4,326.0,-50.0,473.5681,18.0,18.0,Ideal,D,VS2,0.63,IGI,925.0
2251,Michelle Kennedy,2,Round,1,1,0,26.25,339.73,539.25,335.0,-47.0,457.3318,18.0,18.0,Ideal,D,VS2,0.63,IGI,925.0
2251,Promenade Jewelry,2,Round,1,1,0,26.59,322.36,511.68,318.0,-51.0,467.572,18.0,18.0,Ideal,D,VS2,0.63,IGI,925.0
2251,Silva Diamonds,2,Round,1,1,0,11.81,310.0,492.06,305.0,-53.0,469.301,18.0,18.0,Ideal,D,VS2,0.63,IGI,925.0
2251,Temperley,2,Round,1,1,0,18.15,461.68,732.83,455.0,-28.0,462.2183,18.0,18.0,Ideal,D,VS2,0.63,IGI,925.0
2251,White Lily,2,Round,1,2,0,10.41,338.0,536.51,333.0,-49.0,473.3044,18.0,18.0,Ideal,D,VS2,0.63,IGI,925.0
2251,Woodhouse Diamonds,2,Round,1,1,0,21.52,323.38,513.3,319.0,-46.0,428.627,18.0,18.0,Ideal,D,VS2,0.63,IGI,925.0
2254,Diamonds by Zoya,2,Pear,2,3,0,10.9,322.38,608.26,318.0,-53.0,447.9956,13.0,15.0,Very Good,E,VS2,0.53,IGI,790.0
2258,Silva Diamonds,2,Emerald,2,2,0,10.55,304.0,608.0,299.0,-40.0,327.9732,15.0,15.0,Super Ideal,E,SI1,0.5,IGI,510.0
2259,Michelle Kennedy,2,Round,1,1,0,14.56,1875.0,1157.41,1847.0,-15.0,1577.2483,18.0,18.0,Ideal,I,SI1,1.62,IGI,2720.0
2259,White Lily,2,Round,1,2,0,8.86,1134.3,700.19,1117.0,-46.0,1505.7122,18.0,18.0,Ideal,I,SI1,1.62,IGI,2720.0
2263,Albert's Creations,2,Pear,1,1,0,10.79,337.0,468.06,332.0,-56.0,498.4412,15.0,15.0,Super Ideal,E,VS2,0.72,IGI,1130.0
2263,Diamonds by Zoya,2,Pear,2,2,0,11.26,338.0,469.44,333.0,-56.0,493.0327,15.0,15.0,Super Ideal,E,VS2,0.72,IGI,1130.0
2263,Hoseki,2,Pear,1,2,0,15.18,351.0,487.5,346.0,-54.0,491.0149,15.0,15.0,Super Ideal,E,VS2,0.72,IGI,1130.0
2263,Jane Brear,2,Pear,1,1,0,11.98,387.0,537.5,381.0,-54.0,541.9941,15.0,15.0,Super Ideal,E,VS2,0.72,IGI,1130.0
2263,Vega Diamonds,2,Pear,1,1,0,17.58,332.98,462.47,328.0,-55.0,478.7925,15.0,15.0,Super Ideal,E,VS2,0.72,IGI,1130.0
2269,Clermont Diamonds,2,Round,1,1,0,12.12,1752.0,842.31,1726.0,-60.0,3128.6616,18.0,18.0,Ideal,F,SI1,2.08,IGI,6290.0
2269,Nova Stars,2,Round,1,1,0,20.51,1741.25,837.14,1715.0,-60.0,3151.2375,18.0,18.0,Ideal,F,SI1,2.08,IGI,6290.0
2269,Taiga Gems,2,Round,1,1,0,13.11,1743.0,837.98,1717.0,-60.0,3116.1345,18.0,18.0,Ideal,F,SI1,2.08,IGI,6290.0
2269,Thalassa Gems,2,Round,1,1,0,15.51,1744.0,838.46,1718.0,-60.0,3123.9556,18.0,18.0,Ideal,F,SI1,2.08,IGI,6290.0
2269,Vega Diamonds,2,Round,1,1,0,16.96,1728.58,831.05,1703.0,-61.0,3196.9255,18.0,18.0,Ideal,F,SI1,2.08,IGI,6290.0
2269,White Lily,2,Round,1,1,0,19.72,1938.99,932.21,1910.0,-54.0,3003.2798,18.0,18.0,Ideal,F,SI1,2.08,IGI,6290.0
2270,Michelle Kennedy,2,Round,1,1,0,18.15,1507.0,984.97,1484.0,-70.0,3606.4009,18.0,18.0,Super Ideal,I,VVS1,1.53,IGI,3320.0
2279,Marlowe & Co,2,Asscher,1,1,0,11.45,2165.0,1082.5,2133.0,-64.0,3700.6116,14.0,15.0,Very Good,G,VS2,2.0,IGI,5990.0
2288,Avignon Diamonds,2,Round,1,1,0,12.55,385.0,513.33,379.0,-60.0,693.2108,18.0,18.0,Super Ideal,D,VVS2,0.75,IGI,1620.0
2288,Bonsai Gems,2,Round,1,1,0,10.7,423.0,564.0,417.0,-57.0,697.9379,18.0,18.0,Super Ideal,D,VVS2,0.75,IGI,1620.0
2288,Felicity Diamonds,2,Round,1,1,0,10.19,365.0,486.67,360.0,-62.0,683.245,18.0,18.0,Super Ideal,D,VVS2,0.75,IGI,1620.0
2288,Jane Brear,2,Round,1,1,0,13.16,383.0,510.67,377.0,-60.0,686.4829,18.0,18.0,Super Ideal,D,VVS2,0.75,IGI,1620.0
2288,Marble Arch,2,Round,1,1,0,12.35,356.0,474.67,351.0,-63.0,692.704,18.0,18.0,Super Ideal,D,VVS2,0.75,IGI,1620.0
2288,Riviera Jewels,2,Round,1,1,0,14.89,358.0,477.33,353.0,-62.0,672.8969,18.0,18.0,Super Ideal,D,VVS2,0.75,IGI,1620.0
2288,Roma Diamonds,2,Round,1,1,0,34.66,358.0,477.33,353.0,-65.0,738.4561,18.0,18.0,Super Ideal,D,VVS2,0.75,IGI,1620.0
2288,Sara's Diamonds,2,Round,1,1,0,14.34,371.0,494.67,365.0,-63.0,714.1287,18.0,18.0,Super Ideal,D,VVS2,0.75,IGI,1620.0
2288,Temperley,2,Round,1,1,0,14.69,408.0,544.0,402.0,-58.0,698.5367,18.0,18.0,Super Ideal,D,VVS2,0.75,IGI,1620.0
2288,White Lily,2,Round,1,1,0,13.76,383.0,510.67,377.0,-61.0,707.1776,18.0,18.0,Super Ideal,D,VVS2,0.75,IGI,1620.0
2291,Jane Brear,2,Round,1,1,0,85.82,302.48,581.69,298.0,-60.0,542.1544,18.0,18.0,Ideal,F,VVS2,0.52,IGI,756.0
2291,Michelle Kennedy,2,Round,2,1,0,20.31,300.0,576.92,296.0,-61.0,552.5725,18.0,18.0,Ideal,F,VVS2,0.52,IGI,756.0
2291,Temperley,2,Round,1,1,0,14.62,311.0,598.08,306.0,-60.0,556.4012,18.0,18.0,Ideal,F,VVS2,0.52,IGI,756.0
2291,White Lily,2,Round,1,1,0,14.62,311.0,598.08,306.0,-58.0,528.6088,18.0,18.0,Ideal,F,VVS2,0.52,IGI,756.0
2301,Hill & Holland,2,Round,1,1,0,12.33,3402.0,1318.6,3351.0,-61.0,6211.543,18.0,18.0,Ideal,D,VS2,2.58,IGI,12070.0
2301,Jane Brear,2,Round,1,1,0,12.01,3305.0,1281.01,3255.0,-63.0,6440.9702,18.0,18.0,Ideal,D,VS2,2.58,IGI,12070.0
2301,Michelle Kennedy,2,Round,1,1,0,16.22,3236.22,1254.35,3188.0,-64.0,6387.4458,18.0,18.0,Ideal,D,VS2,2.58,IGI,12070.0
2301,Oasis Diamonds,2,Round,1,1,0,16.2,3415.0,1323.64,3364.0,-63.0,6548.3062,18.0,18.0,Ideal,D,VS2,2.58,IGI,12070.0
2301,Periwinkle Stones,2,Round,1,1,0,13.27,3355.0,1300.39,3305.0,-61.0,6224.9219,18.0,18.0,Ideal,D,VS2,2.58,IGI,12070.0
2301,Vega Diamonds,2,Round,1,1,0,14.88,3206.0,1242.64,3158.0,-65.0,6502.1392,18.0,18.0,Ideal,D,VS2,2.58,IGI,12070.0
2301,White Lily,2,Round,1,1,0,20.9,3336.0,1293.02,3286.0,-61.0,6119.4224,18.0,18.0,Ideal,D,VS2,2.58,IGI,12070.0
2303,Jane Brear,2,Round,1,1,0,17.25,1305.0,745.71,1285.0,-41.0,1594.4591,18.0,18.0,Super Ideal,I,VS2,1.75,IGI,3290.0
2311,Emilia Sterling,2,Round,1,1,0,13.55,1392.0,903.9,1371.0,-55.0,2229.9675,18.0,18.0,Ideal,I,VVS2,1.54,IGI,3130.0
2311,Taiga Gems,2,Round,1,1,0,12.38,1207.93,784.37,1190.0,-61.0,2196.7253,18.0,18.0,Ideal,I,VVS2,1.54,IGI,3130.0
2320,Jane Brear,2,Round,1,1,0,15.53,3061.0,1530.5,3015.0,-9.0,2398.4917,13.0,18.0,Very Good,J,VS1,2.0,IGI,3891.25
2320,Michelle Kennedy,2,Round,1,1,0,13.25,3061.0,1530.5,3015.0,-5.0,2299.4919,15.0,18.0,Very Good,J,VS1,2.0,IGI,3891.25
2320,White Lily,2,Round,1,1,0,10.92,3061.0,1530.5,3015.0,-5.0,2311.8313,16.0,18.0,Very Good,J,VS1,2.0,IGI,3891.25
2323,Michelle Kennedy,2,Round,1,1,0,22.3,4692.0,1884.34,4622.0,-65.0,9712.9531,18.0,18.0,Super Ideal,D,VVS1,2.49,IGI,18900.0
2323,Sara's Diamonds,2,Round,1,1,0,15.81,4590.0,1843.37,4521.0,-73.0,12256.3184,18.0,18.0,Super Ideal,D,VVS1,2.49,IGI,18900.0
2325,Eternity Fine Jewelers,2,Round,1,1,0,15.94,772.0,683.19,760.0,-65.0,1576.3815,18.0,18.0,Super Ideal,D,VS2,1.13,IGI,2506.67
2325,Michelle Kennedy,2,Round,1,1,0,21.36,774.0,684.96,762.0,-65.0,1598.5773,18.0,18.0,Super Ideal,D,VS2,1.13,IGI,2506.67
2325,Roma Diamonds,2,Round,1,1,0,15.51,770.0,681.42,758.0,-66.0,1618.4454,18.0,18.0,Super Ideal,D,VS2,1.13,IGI,2506.67
2325,Silva Diamonds,2,Round,1,1,0,14.11,759.0,671.68,748.0,-66.0,1582.7987,18.0,18.0,Super Ideal,D,VS2,1.13,IGI,2506.67
2325,Simetría,2,Round,1,1,0,11.71,776.1,686.81,764.0,-65.0,1607.6256,18.0,18.0,Super Ideal,D,VS2,1.13,IGI,2506.67
2325,Temperley,2,Round,1,1,0,15.66,816.0,722.12,804.0,-64.0,1619.751,18.0,18.0,Super Ideal,D,VS2,1.13,IGI,2506.67
2325,White Lily,2,Round,1,1,0,13.24,856.09,757.6,843.0,-62.0,1630.9115,18.0,18.0,Super Ideal,D,VS2,1.13,IGI,2506.67
2326,Bayside Gems,2,Emerald,1,1,0,17.19,794.0,735.19,782.0,-63.0,1387.6173,15.0,15.0,Super Ideal,G,VS1,1.08,IGI,2190.0
2326,Cirrus Gems,2,Emerald,2,2,0,19.4,801.07,741.73,789.0,-62.0,1348.8153,15.0,15.0,Super Ideal,G,VS1,1.08,IGI,2190.0
2326,Diamonds by Zoya,2,Emerald,1,1,0,13.13,784.06,725.98,772.0,-63.0,1358.9794,15.0,15.0,Super Ideal,G,VS1,1.08,IGI,2190.0
2326,Hoseki,2,Emerald,1,1,0,14.08,808.94,749.02,797.0,-63.0,1386.8063,15.0,15.0,Super Ideal,G,VS1,1.08,IGI,2190.0
2326,Jane Brear,2,Emerald,1,1,0,12.03,816.0,755.56,804.0,-62.0,1366.7988,15.0,15.0,Super Ideal,G,VS1,1.08,IGI,2190.0
2326,N. B. Diamonds,2,Emerald,1,1,0,19.24,806.87,747.1,795.0,-64.0,1457.9113,15.0,15.0,Super Ideal,G,VS1,1.08,IGI,2190.0
2326,Serene Peaks Diamonds,2,Emerald,1,1,0,16.95,792.0,733.33,780.0,-61.0,1321.1799,15.0,15.0,Super Ideal,G,VS1,1.08,IGI,2190.0
2326,Sonata Gems,2,Emerald,1,1,0,13.34,812.0,751.85,800.0,-62.0,1366.8368,15.0,15.0,Super Ideal,G,VS1,1.08,IGI,2190.0
2326,Taiga Gems,2,Emerald,1,1,0,16.46,761.0,704.63,750.0,-64.0,1367.2296,15.0,15.0,Super Ideal,G,VS1,1.08,IGI,2190.0
2326,White Lily,2,Emerald,1,2,0,17.98,904.0,837.04,890.0,-57.0,1340.3086,15.0,15.0,Super Ideal,G,VS1,1.08,IGI,2190.0
2332,Artemis Stones,2,Round,1,1,0,18.15,2899.03,1154.99,2856.0,-64.0,5701.7891,18.0,18.0,Super Ideal,G,VS1,2.51,IGI,9770.0
2332,Cirrus Gems,2,Round,1,1,0,20.49,2897.0,1154.18,2854.0,-65.0,5868.0986,18.0,18.0,Super Ideal,G,VS1,2.51,IGI,9770.0
2332,Ember Star,2,Round,1,1,0,12.34,2991.0,1191.63,2946.0,-62.0,5703.5229,18.0,18.0,Super Ideal,G,VS1,2.51,IGI,9770.0
2332,Jane Brear,2,Round,1,1,0,15.27,3052.0,1215.94,3006.0,-62.0,5689.0361,18.0,18.0,Super Ideal,G,VS1,2.51,IGI,9770.0
2332,Meridian Crafts,2,Round,1,1,0,11.34,2996.0,1193.63,2951.0,-63.0,5857.8496,18.0,18.0,Super Ideal,G,VS1,2.51,IGI,9770.0
2332,Michelle Kennedy,2,Round,1,1,0,14.3,3075.0,1225.1,3029.0,-62.0,5777.0083,18.0,18.0,Super Ideal,G,VS1,2.51,IGI,9770.0
2332,Nebula Stones,2,Round,1,1,0,16.51,3056.64,1217.78,3011.0,-62.0,5769.1899,18.0,18.0,Super Ideal,G,VS1,2.51,IGI,9770.0
2332,Sonata Gems,2,Round,1,1,0,14.51,3000.0,1195.22,2955.0,-63.0,5763.2607,18.0,18.0,Super Ideal,G,VS1,2.51,IGI,9770.0
2332,Temperley,2,Round,1,1,0,14.78,3026.79,1205.89,2981.0,-62.0,5739.3149,18.0,18.0,Super Ideal,G,VS1,2.51,IGI,9770.0
2332,White Lily,2,Round,1,1,0,11.49,2994.95,1193.21,2950.0,-62.0,5600.4727,18.0,18.0,Super Ideal,G,VS1,2.51,IGI,9770.0
2333,Michelle Kennedy,2,Asscher,1,1,0,15.62,810.0,757.01,798.0,-69.0,1626.8932,14.0,15.0,Very Good,E,VS2,1.07,IGI,2270.0
2336,Michelle Kennedy,2,Oval,1,2,0,17.26,1107.0,1216.48,1090.0,-19.0,916.6974,15.0,15.0,Super Ideal,I,SI1,0.91,IGI,1260.0
2339,Magnolia,2,Round,1,1,0,10.71,744.0,695.33,733.0,-53.0,1124.8527,18.0,18.0,Super Ideal,H,VS1,1.07,IGI,1980.0
2339,Michelle Kennedy,2,Round,1,1,0,13.05,744.0,695.33,733.0,-53.0,1138.1296,18.0,18.0,Super Ideal,H,VS1,1.07,IGI,1980.0
2341,Albert's Creations,2,Round,1,1,0,15.45,576.0,632.97,567.0,-54.0,889.5876,18.0,18.0,Ideal,E,SI2,0.91,IGI,1400.0
2347,Artemis Stones,2,Round,1,1,0,20.38,894.0,698.44,881.0,-65.0,1804.9087,18.0,18.0,Ideal,G,VVS2,1.28,IGI,3135.0
2347,Jane Brear,2,Round,1,1,0,12.43,955.0,746.09,941.0,-63.0,1823.4178,18.0,18.0,Ideal,G,VVS2,1.28,IGI,3135.0
2347,Michelle Kennedy,2,Round,2,1,0,12.23,997.98,779.67,983.0,-61.0,1826.5599,18.0,18.0,Ideal,G,VVS2,1.28,IGI,3135.0
2347,Taiga Gems,2,Round,1,1,0,15.14,888.0,693.75,875.0,-65.0,1801.0713,18.0,18.0,Ideal,G,VVS2,1.28,IGI,3135.0
2347,White Lily,2,Round,1,1,0,10.69,931.0,727.34,917.0,-65.0,1889.2499,18.0,18.0,Ideal,G,VVS2,1.28,IGI,3135.0
2354,Promenade Jewelry,2,Radiant,1,1,0,18.76,334.0,422.78,329.0,-64.0,600.5436,15.0,15.0,Super Ideal,F,VVS2,0.79,IGI,1310.0
2355,Avignon Diamonds,2,Round,1,1,0,14.31,1408.0,932.45,1387.0,-58.0,2406.2412,18.0,18.0,Ideal,E,VS1,1.51,IGI,5247.5
2355,CV Diamonds,2,Round,1,1,0,93.36,1389.0,919.87,1368.0,-59.0,2455.2551,18.0,18.0,Ideal,E,VS1,1.51,IGI,5247.5
2355,Camden Gems,2,Round,1,1,0,12.33,1391.0,921.19,1370.0,-59.0,2415.3103,18.0,18.0,Ideal,E,VS1,1.51,IGI,5247.5
2355,Ember Star,2,Round,1,1,0,12.78,1391.0,921.19,1370.0,-59.0,2427.3904,18.0,18.0,Ideal,E,VS1,1.51,IGI,5247.5
2355,Fiona Clément,2,Round,1,1,0,13.33,1384.0,916.56,1363.0,-59.0,2393.929,18.0,18.0,Ideal,E,VS1,1.51,IGI,5247.5
2355,Hazel Diamonds,2,Round,1,1,0,12.18,1366.0,904.64,1346.0,-60.0,2426.5107,18.0,18.0,Ideal,E,VS1,1.51,IGI,5247.5
2355,Jane Brear,2,Round,1,1,0,13.05,1411.0,934.44,1390.0,-59.0,2441.585,18.0,18.0,Ideal,E,VS1,1.51,IGI,5247.5
2355,Marlowe & Co,2,Round,1,1,0,15.09,1404.0,929.8,1383.0,-58.0,2386.0566,17.0,18.0,Ideal,E,VS1,1.51,IGI,5247.5
2355,Mei & Co,2,Round,1,1,0,16.5,1382.0,915.23,1361.0,-60.0,2447.532,18.0,18.0,Ideal,E,VS1,1.51,IGI,5247.5
2355,Meridian Crafts,2,Round,1,1,0,10.3,1400.0,927.15,1379.0,-59.0,2422.7341,18.0,18.0,Ideal,E,VS1,1.51,IGI,5247.5
2355,Michelle Kennedy,2,Round,1,1,0,11.38,1411.0,934.44,1390.0,-59.0,2461.3259,18.0,18.0,Ideal,E,VS1,1.51,IGI,5247.5
2355,Nova Stars,2,Round,1,1,0,13.79,1391.0,921.19,1370.0,-59.0,2452.5068,18.0,18.0,Ideal,E,VS1,1.51,IGI,5247.5
2355,Riley Stones,2,Round,1,1,0,11.48,1383.0,915.89,1362.0,-59.0,2426.0686,18.0,18.0,Ideal,E,VS1,1.51,IGI,5247.5
2355,Roma Diamonds,2,Round,1,1,0,47.91,1394.0,923.18,1373.0,-59.0,2435.3254,18.0,18.0,Ideal,E,VS1,1.51,IGI,5247.5
2355,Serenade Diamonds,2,Round,1,1,0,10.94,1349.0,893.38,1329.0,-59.0,2357.3936,18.0,18.0,Ideal,E,VS1,1.51,IGI,5247.5
2355,Serene Peaks Diamonds,2,Round,1,1,0,12.0,1405.0,930.46,1384.0,-58.0,2376.3391,18.0,18.0,Ideal,E,VS1,1.51,IGI,5247.5
2355,Sigma Diamonds,2,Round,1,1,0,15.89,1382.0,915.23,1361.0,-59.0,2386.4412,18.0,18.0,Ideal,E,VS1,1.51,IGI,5247.5
2355,Silva Diamonds,2,Round,1,1,0,10.65,1382.0,915.23,1361.0,-58.0,2359.3628,17.0,18.0,Ideal,E,VS1,1.51,IGI,5247.5
2355,Starlight Crafts,2,Round,1,1,0,14.21,1391.0,921.19,1370.0,-58.0,2393.0051,18.0,18.0,Ideal,E,VS1,1.51,IGI,5247.5
2355,Stellar Radiance,2,Round,1,1,0,11.77,1385.0,917.22,1364.0,-60.0,2460.2195,18.0,18.0,Ideal,E,VS1,1.51,IGI,5247.5
2355,Temperley,2,Round,1,1,0,11.19,1409.0,933.11,1388.0,-58.0,2394.1809,17.0,18.0,Ideal,E,VS1,1.51,IGI,5247.5
2355,Thalassa Gems,2,Round,1,1,0,12.62,1386.0,917.88,1365.0,-60.0,2485.3459,18.0,18.0,Ideal,E,VS1,1.51,IGI,5247.5
2355,Verve Jewels,2,Round,1,1,0,16.22,1370.0,907.28,1349.0,-59.0,2383.7371,18.0,18.0,Ideal,E,VS1,1.51,IGI,5247.5
2355,Vespera Gems,2,Round,1,1,0,13.22,1376.3,911.46,1356.0,-59.0,2430.4304,18.0,18.0,Ideal,E,VS1,1.51,IGI,5247.5
2355,White Lily,2,Round,1,1,0,93.92,1416.0,937.75,1395.0,-58.0,2430.0037,18.0,18.0,Ideal,E,VS1,1.51,IGI,5247.5
2355,Woodhouse Diamonds,2,Round,1,1,0,13.44,1383.0,915.89,1362.0,-60.0,2459.3145,18.0,18.0,Ideal,E,VS1,1.51,IGI,5247.5
2365,Periwinkle Stones,2,Oval,1,1,0,17.13,2576.0,1018.18,2537.0,-66.0,5115.2983,14.0,15.0,Very Good,G,VS2,2.53,IGI,8690.0
2365,White Lily,2,Oval,1,1,0,15.17,2565.0,1013.83,2527.0,-67.0,5199.4839,14.0,15.0,Very Good,G,VS2,2.53,IGI,8690.0
2367,Taiga Gems,2,Round,1,1,0,10.5,1845.72,858.47,1818.0,-59.0,3186.9441,18.0,18.0,Ideal,I,VVS2,2.15,IGI,5710.0
2367,White Lily,2,Round,1,1,0,13.26,4039.7,1878.93,3979.0,-10.0,3215.8843,17.0,18.0,Ideal,I,VVS2,2.15,IGI,5710.0
2370,Elmwood Diamonds,2,Cushion,1,2,0,18.17,4616.48,1533.71,4547.0,-55.0,6459.144,14.0,15.0,Very Good,H,VS2,3.01,IGI,9040.0
2372,Clermont Diamonds,2,Round,1,1,0,13.33,920.0,676.47,906.0,-58.0,1555.6416,18.0,18.0,Super Ideal,G,VS2,1.36,IGI,2950.0
2372,Jane Brear,2,Round,1,1,0,19.14,945.0,694.85,931.0,-57.0,1573.3805,18.0,18.0,Super Ideal,G,VS2,1.36,IGI,2950.0
2372,Meridian Crafts,2,Round,1,1,0,10.83,937.0,688.97,923.0,-57.0,1576.0988,18.0,18.0,Super Ideal,G,VS2,1.36,IGI,2950.0
2372,Michelle Kennedy,2,Round,1,1,0,17.85,950.0,698.53,936.0,-58.0,1610.1635,18.0,18.0,Super Ideal,G,VS2,1.36,IGI,2950.0
2372,Taiga Gems,2,Round,1,1,0,16.64,935.0,687.5,921.0,-58.0,1600.7939,18.0,18.0,Super Ideal,G,VS2,1.36,IGI,2950.0
2372,White Lily,2,Round,1,1,0,23.05,925.0,680.15,911.0,-58.0,1586.4012,18.0,18.0,Super Ideal,G,VS2,1.36,IGI,2950.0
2377,Blackbird Gems,2,Round,1,1,0,17.27,3532.25,1158.11,3479.0,-65.0,7231.1821,18.0,18.0,Super Ideal,G,VS2,3.05,IGI,14900.0
2377,Jane Brear,2,Round,1,1,0,14.11,3703.39,1214.23,3648.0,-63.0,7263.4951,18.0,18.0,Super Ideal,G,VS2,3.05,IGI,14900.0
2377,Mei & Co,2,Round,1,1,0,12.4,3513.0,1151.8,3460.0,-65.0,7187.7622,18.0,18.0,Super Ideal,G,VS2,3.05,IGI,14900.0
2377,Meridian Crafts,2,Round,1,1,0,13.65,3526.0,1156.07,3473.0,-64.0,7092.4414,18.0,18.0,Super Ideal,G,VS2,3.05,IGI,14900.0
2377,Taiga Gems,2,Round,1,1,0,10.14,3570.0,1170.49,3516.0,-64.0,7101.8638,18.0,18.0,Super Ideal,G,VS2,3.05,IGI,14900.0
2377,Temperley,2,Round,1,1,0,14.6,3559.0,1166.89,3506.0,-66.0,7580.4756,18.0,18.0,Super Ideal,G,VS2,3.05,IGI,14900.0
2377,Westport Jewelry,2,Round,1,1,0,15.76,3435.0,1126.23,3383.0,-65.0,6939.4893,18.0,18.0,Super Ideal,G,VS2,3.05,IGI,14900.0
2377,White Lily,2,Round,1,1,0,11.57,3552.0,1164.59,3499.0,-65.0,7169.5732,18.0,18.0,Super Ideal,G,VS2,3.05,IGI,14900.0
2379,BonDiam,2,Round,1,1,0,20.52,331.0,542.62,326.0,-48.0,456.9055,18.0,18.0,Ideal,D,VS2,0.61,IGI,895.0
2379,Jane Brear,2,Round,1,1,0,24.35,341.66,560.1,337.0,-47.0,460.3236,18.0,18.0,Ideal,D,VS2,0.61,IGI,895.0
2379,Michelle Kennedy,2,Round,1,1,0,22.25,409.0,670.49,403.0,-38.0,473.1987,18.0,18.0,Ideal,D,VS2,0.61,IGI,895.0
2379,Promenade Jewelry,2,Round,1,1,0,13.84,307.0,503.28,302.0,-54.0,475.6306,18.0,18.0,Ideal,D,VS2,0.61,IGI,895.0
2379,Silva Diamonds,2,Round,1,1,0,12.75,308.0,504.92,303.0,-55.0,493.9749,18.0,18.0,Ideal,D,VS2,0.61,IGI,895.0
2379,Temperley,2,Round,1,1,0,23.52,341.66,560.1,337.0,-52.0,511.4817,17.0,18.0,Ideal,D,VS2,0.61,IGI,895.0
2379,White Lily,2,Round,1,1,0,24.64,341.66,560.1,337.0,-41.0,417.9718,18.0,18.0,Ideal,D,VS2,0.61,IGI,895.0
2380,Cornerstone,2,Oval,2,2,0,13.71,392.0,544.44,386.0,-67.0,791.2564,14.0,15.0,Very Good,D,VVS2,0.72,IGI,1410.0
2380,Jane Brear,2,Oval,1,1,0,16.86,397.64,552.28,392.0,-59.0,653.3942,15.0,15.0,Very Good,D,VVS2,0.72,IGI,1410.0
2380,Michelle Kennedy,2,Oval,1,2,0,12.88,408.94,567.97,403.0,-61.0,713.3799,14.0,15.0,Very Good,D,VVS2,0.72,IGI,1410.0
2380,Rosella,2,Oval,2,3,0,13.93,354.0,491.67,349.0,-65.0,680.1132,14.0,15.0,Very Good,D,VVS2,0.72,IGI,1410.0
2380,Temperley,2,Oval,1,1,0,14.46,397.64,552.28,392.0,-62.0,706.6371,15.0,15.0,Very Good,D,VVS2,0.72,IGI,1410.0
2380,Vega Diamonds,2,Oval,2,1,0,18.99,363.86,505.36,358.0,-62.0,648.6934,15.0,15.0,Very Good,D,VVS2,0.72,IGI,1410.0
2380,White Lily,2,Oval,2,2,0,10.69,379.0,526.39,373.0,-66.0,741.4926,15.0,15.0,Very Good,D,VVS2,0.72,IGI,1410.0
2383,Avignon Diamonds,2,Round,1,1,0,12.06,2106.0,1037.44,2074.0,-64.0,4159.8589,18.0,18.0,Ideal,F,VS1,2.03,IGI,8130.0
2383,Camden Gems,2,Round,1,1,0,14.25,2108.0,1038.42,2076.0,-63.0,4040.708,18.0,18.0,Ideal,F,VS1,2.03,IGI,8130.0
2383,Clermont Diamonds,2,Round,1,1,0,12.71,2118.0,1043.35,2086.0,-64.0,4156.9756,18.0,18.0,Ideal,F,VS1,2.03,IGI,8130.0
2383,Eccles Diamonds,2,Round,1,1,0,15.33,2114.0,1041.38,2082.0,-62.0,3994.416,18.0,18.0,Ideal,F,VS1,2.03,IGI,8130.0
2383,Fuji Diamonds,2,Round,1,1,0,11.49,2108.0,1038.42,2076.0,-63.0,4107.2305,18.0,18.0,Ideal,F,VS1,2.03,IGI,8130.0
2383,Gemstone Harmony,2,Round,1,1,0,11.12,2104.0,1036.45,2072.0,-64.0,4148.4199,18.0,18.0,Ideal,F,VS1,2.03,IGI,8130.0
2383,Grace Brooks,2,Round,1,1,0,17.34,2148.42,1058.33,2116.0,-62.0,4066.2976,18.0,18.0,Ideal,F,VS1,2.03,IGI,8130.0
2383,Hazel Diamonds,2,Round,1,1,0,14.33,2065.0,1017.24,2034.0,-65.0,4189.5347,18.0,18.0,Ideal,F,VS1,2.03,IGI,8130.0
2383,Jane Brear,2,Round,1,1,0,16.06,2197.0,1082.27,2164.0,-61.0,4027.7195,18.0,18.0,Ideal,F,VS1,2.03,IGI,8130.0
2383,Kenmare Diamonds,2,Round,1,1,0,16.55,2112.0,1040.39,2080.0,-63.0,4098.1133,18.0,18.0,Ideal,F,VS1,2.03,IGI,8130.0
2383,Marlowe & Co,2,Round,1,1,0,16.35,2144.0,1056.16,2112.0,-63.0,4177.2764,18.0,18.0,Ideal,F,VS1,2.03,IGI,8130.0
2383,Mei & Co,2,Round,2,1,0,15.28,2101.0,1034.98,2069.0,-63.0,4071.2803,18.0,18.0,Ideal,F,VS1,2.03,IGI,8130.0
2383,Michelle Kennedy,2,Round,1,1,0,12.83,2204.92,1086.17,2172.0,-62.0,4125.5122,18.0,18.0,Ideal,F,VS1,2.03,IGI,8130.0
2383,N. B. Diamonds,2,Round,1,1,0,12.89,2099.0,1033.99,2068.0,-63.0,4097.8594,18.0,18.0,Ideal,F,VS1,2.03,IGI,8130.0
2383,Nebula Stones,2,Round,1,1,0,13.59,2188.0,1077.83,2155.0,-62.0,4070.3875,18.0,18.0,Ideal,F,VS1,2.03,IGI,8130.0
2383,Oasis Diamonds,2,Round,1,1,0,12.25,2192.98,1080.29,2160.0,-61.0,4047.7192,18.0,18.0,Ideal,F,VS1,2.03,IGI,8130.0
2383,Periwinkle Stones,2,Round,1,1,0,10.17,2154.0,1061.08,2122.0,-62.0,4023.1328,18.0,18.0,Ideal,F,VS1,2.03,IGI,8130.0
2383,Roma Diamonds,2,Round,1,1,0,44.13,2127.0,1047.78,2095.0,-64.0,4188.2021,18.0,18.0,Ideal,F,VS1,2.03,IGI,8130.0
2383,Stellar Radiance,2,Round,1,1,0,11.81,2132.28,1050.38,2100.0,-63.0,4173.7656,18.0,18.0,Ideal,F,VS1,2.03,IGI,8130.0
2383,Temperley,2,Round,1,1,0,11.37,2174.0,1070.94,2141.0,-61.0,3997.7759,18.0,18.0,Ideal,F,VS1,2.03,IGI,8130.0
2383,Vespera Gems,2,Round,1,1,0,11.15,2099.0,1033.99,2068.0,-64.0,4153.1636,18.0,18.0,Ideal,F,VS1,2.03,IGI,8130.0
2383,Westport Jewelry,2,Round,1,1,0,13.37,2077.0,1023.15,2046.0,-64.0,4121.0571,18.0,18.0,Ideal,F,VS1,2.03,IGI,8130.0
2383,White Lily,2,Round,1,1,0,13.14,2174.0,1070.94,2141.0,-62.0,4073.7185,18.0,18.0,Ideal,F,VS1,2.03,IGI,8130.0
2385,Meridian Crafts,2,Princess,1,1,0,13.83,386.0,521.62,380.0,-61.0,634.5672,15.0,15.0,Very Good,F,VS1,0.74,IGI,1190.0
2386,Jane Brear,2,Round,1,1,0,18.2,3121.32,1458.56,3075.0,-14.0,2584.9055,18.0,18.0,Super Ideal,J,VS1,2.14,IGI,4160.0
2386,Michelle Kennedy,2,Round,1,1,0,18.39,1785.0,834.11,1758.0,-50.0,2546.4836,18.0,18.0,Super Ideal,J,VS1,2.14,IGI,4160.0
2388,Jane Brear,2,Round,2,1,0,16.48,311.0,438.03,306.0,-58.0,536.4335,15.0,18.0,Very Good,F,VS1,0.71,IGI,1150.0
2388,Temperley,2,Round,2,2,0,14.44,311.0,438.03,306.0,-61.0,568.0464,15.0,18.0,Very Good,F,VS1,0.71,IGI,1150.0
2389,Jane Brear,2,Round,1,1,0,10.31,320.0,615.38,315.0,-50.0,453.7475,18.0,18.0,Ideal,D,VS2,0.52,IGI,760.0
2389,Michelle Kennedy,2,Round,1,1,0,11.02,324.37,623.79,320.0,-48.0,447.8244,18.0,18.0,Ideal,D,VS2,0.52,IGI,760.0
2389,Temperley,2,Round,1,1,0,11.38,322.0,619.23,317.0,-47.0,433.982,18.0,18.0,Ideal,D,VS2,0.52,IGI,760.0
2389,Tilia Diamonds,2,Round,1,1,0,22.27,302.0,580.77,297.0,-52.0,453.71,18.0,18.0,Ideal,D,VS2,0.52,IGI,760.0
2389,White Lily,2,Round,1,1,0,11.2,324.37,623.79,320.0,-49.0,456.474,18.0,18.0,Ideal,D,VS2,0.52,IGI,760.0
2390,Meridian Crafts,2,Round,1,1,0,10.06,375.0,446.43,369.0,-51.0,553.0603,18.0,18.0,Super Ideal,H,VVS2,0.84,IGI,1590.0
2396,White Lily,2,Round,1,1,0,11.51,803.96,699.1,792.0,-49.0,1132.1503,18.0,18.0,Ideal,H,VS2,1.15,IGI,2430.0
2398,Jane Brear,2,Round,1,1,0,21.2,327.36,654.72,322.0,-48.0,454.5449,14.0,18.0,Very Good,E,SI1,0.5,IGI,595.0
2398,Michelle Kennedy,2,Round,3,2,0,23.56,405.0,810.0,399.0,-17.0,347.6495,15.0,18.0,Very Good,E,SI1,0.5,IGI,595.0
2398,White Lily,2,Round,1,2,0,11.05,314.0,628.0,309.0,-43.0,392.2857,17.0,18.0,Very Good,E,SI1,0.5,IGI,595.0
2411,Albert's Creations,2,Round,1,1,0,11.32,322.0,392.68,317.0,-65.0,662.7066,18.0,18.0,Ideal,E,VVS2,0.82,IGI,1550.0
2411,Jane Brear,2,Round,1,1,0,11.02,344.0,419.51,339.0,-62.0,655.6314,18.0,18.0,Ideal,E,VVS2,0.82,IGI,1550.0
2411,Meadow & Co,2,Round,1,1,0,10.54,340.0,414.63,335.0,-63.0,663.142,18.0,18.0,Ideal,E,VVS2,0.82,IGI,1550.0
2411,Starlight Crafts,2,Round,1,1,0,11.4,320.0,390.24,315.0,-65.0,647.672,18.0,18.0,Ideal,E,VVS2,0.82,IGI,1550.0
2411,Temperley,2,Round,1,1,0,13.3,360.0,439.02,355.0,-61.0,668.7731,18.0,18.0,Ideal,E,VVS2,0.82,IGI,1550.0
2411,Tilia Diamonds,2,Round,1,1,0,13.34,329.0,401.22,324.0,-64.0,655.1246,18.0,18.0,Ideal,E,VVS2,0.82,IGI,1550.0
2412,Artemis Stones,2,Round,1,1,0,20.16,2252.66,1072.7,2219.0,-62.0,4299.1782,18.0,18.0,Super Ideal,G,VVS2,2.1,IGI,8480.0
2412,Avignon Diamonds,2,Round,1,1,0,12.31,2261.0,1076.67,2227.0,-63.0,4398.3594,18.0,18.0,Super Ideal,G,VVS2,2.1,IGI,8480.0
2412,Cirrus Gems,2,Round,2,2,0,19.52,2231.0,1062.38,2198.0,-65.0,4577.2246,18.0,18.0,Super Ideal,G,VVS2,2.1,IGI,8480.0
2412,Clermont Diamonds,2,Round,1,1,0,11.5,2285.52,1088.34,2251.0,-63.0,4400.1201,18.0,18.0,Super Ideal,G,VVS2,2.1,IGI,8480.0
2412,Diamonds by Zoya,2,Round,1,1,0,94.55,2275.0,1083.33,2241.0,-63.0,4400.4077,18.0,18.0,Super Ideal,G,VVS2,2.1,IGI,8480.0
2412,Hoseki,2,Round,1,1,0,14.27,2333.0,1110.95,2298.0,-62.0,4434.6182,18.0,18.0,Super Ideal,G,VVS2,2.1,IGI,8480.0
2412,Jane Brear,2,Round,1,1,0,10.28,2309.0,1099.52,2274.0,-62.0,4349.6597,18.0,18.0,Super Ideal,G,VVS2,2.1,IGI,8480.0
2412,Meridian Crafts,2,Round,1,1,0,10.7,2276.0,1083.81,2242.0,-63.0,4359.5645,18.0,18.0,Super Ideal,G,VVS2,2.1,IGI,8480.0
2412,Michelle Kennedy,2,Round,1,1,0,10.11,2319.0,1104.29,2284.0,-63.0,4429.0317,18.0,18.0,Super Ideal,G,VVS2,2.1,IGI,8480.0
2412,Nova Stars,2,Round,1,1,0,58.56,2267.0,1079.52,2233.0,-63.0,4374.5532,18.0,18.0,Super Ideal,G,VVS2,2.1,IGI,8480.0
2412,Taiga Gems,2,Round,1,1,0,19.25,2256.52,1074.53,2223.0,-63.0,4379.7139,18.0,18.0,Super Ideal,G,VVS2,2.1,IGI,8480.0
2412,Temperley,2,Round,1,1,0,13.47,2319.0,1104.29,2284.0,-62.0,4384.6104,18.0,18.0,Super Ideal,G,VVS2,2.1,IGI,8480.0
2412,White Lily,2,Round,1,1,0,17.11,2315.0,1102.38,2280.0,-62.0,4386.4639,18.0,18.0,Super Ideal,G,VVS2,2.1,IGI,8480.0
2413,Jane Brear,2,Round,1,1,0,86.28,326.0,582.14,321.0,-57.0,538.2965,18.0,18.0,Super Ideal,E,VVS2,0.56,IGI,930.0
2413,La Marquise,2,Round,1,1,0,27.08,325.26,580.82,320.0,-57.0,545.6939,18.0,18.0,Super Ideal,E,VVS2,0.56,IGI,930.0
2413,Marble Arch,2,Round,1,1,0,26.65,303.0,541.07,298.0,-61.0,555.6204,18.0,18.0,Super Ideal,E,VVS2,0.56,IGI,930.0
2413,Marlowe & Co,2,Round,1,1,0,26.26,307.46,549.04,303.0,-59.0,537.1396,18.0,18.0,Super Ideal,E,VVS2,0.56,IGI,930.0
2413,Meadow & Co,2,Round,1,1,0,10.19,303.0,541.07,298.0,-61.0,554.2678,18.0,18.0,Super Ideal,E,VVS2,0.56,IGI,930.0
2413,Michelle Kennedy,2,Round,1,1,0,25.89,319.0,569.64,314.0,-60.0,569.1678,18.0,18.0,Super Ideal,E,VVS2,0.56,IGI,930.0
2413,Temperley,2,Round,1,1,0,25.17,322.0,575.0,317.0,-58.0,550.1036,18.0,18.0,Super Ideal,E,VVS2,0.56,IGI,930.0
2413,Vespera Gems,2,Round,1,1,0,13.75,302.0,539.29,297.0,-59.0,525.7022,18.0,18.0,Super Ideal,E,VVS2,0.56,IGI,930.0
2413,White Lily,2,Round,1,1,0,24.28,319.0,569.64,314.0,-58.0,538.9664,18.0,18.0,Super Ideal,E,VVS2,0.56,IGI,930.0
2415,Taiga Gems,2,Round,1,1,0,16.16,4238.0,1332.7,4174.0,-67.0,9089.9756,18.0,18.0,Super Ideal,G,VS1,3.18,IGI,16990.0
2415,White Lily,2,Round,1,1,0,13.03,4255.0,1338.05,4191.0,-66.0,9035.6113,18.0,18.0,Super Ideal,G,VS1,3.18,IGI,16990.0
2417,White Lily,2,Oval,1,1,0,12.14,748.24,705.89,737.0,-58.0,1194.7637,15.0,15.0,Very Good,E,SI1,1.06,IGI,1830.0
2418,Albert's Creations,2,Asscher,1,1,0,14.37,869.0,860.4,856.0,-61.0,1372.7189,15.0,15.0,Super Ideal,D,SI1,1.01,IGI,2150.0
2418,Roma Diamonds,2,Asscher,1,1,0,12.49,858.0,849.5,845.0,-61.0,1367.8446,15.0,15.0,Super Ideal,D,SI1,1.01,IGI,2150.0
2424,Emilia Sterling,2,Cushion,1,1,0,16.84,851.26,834.57,838.0,-62.0,1428.6561,14.0,15.0,Very Good,D,VS2,1.02,IGI,2310.0
2424,Jane Brear,2,Cushion,1,1,0,19.37,899.0,881.37,886.0,-63.0,1539.9694,15.0,15.0,Very Good,D,VS2,1.02,IGI,2310.0
2424,Marlowe & Co,2,Cushion,1,1,0,15.75,881.0,863.73,868.0,-60.0,1398.5497,14.0,15.0,Very Good,D,VS2,1.02,IGI,2310.0
2424,Mei & Co,2,Cushion,1,1,0,17.14,850.72,834.04,838.0,-64.0,1484.0057,14.0,15.0,Very Good,D,VS2,1.02,IGI,2310.0
2424,Michelle Kennedy,2,Cushion,1,1,0,18.59,891.0,873.53,878.0,-63.0,1525.568,14.0,15.0,Very Good,D,VS2,1.02,IGI,2310.0
2424,Sigma Diamonds,2,Cushion,1,1,0,16.53,854.0,837.25,841.0,-63.0,1445.7272,14.0,15.0,Very Good,D,VS2,1.02,IGI,2310.0
2424,White Lily,2,Cushion,1,1,0,16.09,899.0,881.37,886.0,-63.0,1532.8879,15.0,15.0,Very Good,D,VS2,1.02,IGI,2310.0
2426,Jane Brear,2,Round,1,1,0,13.87,630.0,577.98,621.0,-57.0,1057.3352,18.0,18.0,Ideal,F,SI1,1.09,IGI,2075.0
2426,Temperley,2,Round,1,1,0,11.04,663.0,608.26,653.0,-56.0,1088.6932,18.0,18.0,Ideal,F,SI1,1.09,IGI,2075.0
2430,Michelle Kennedy,2,Round,2,2,0,11.98,308.0,592.31,303.0,-44.0,394.0378,18.0,18.0,Super Ideal,E,SI1,0.52,IGI,748.75
2430,Roma Diamonds,2,Round,1,1,0,40.96,404.0,776.92,398.0,-34.0,437.1114,18.0,18.0,Super Ideal,E,SI1,0.52,IGI,748.75
2430,Temperley,2,Round,1,1,0,10.96,322.0,619.23,317.0,-47.0,435.653,18.0,18.0,Super Ideal,E,SI1,0.52,IGI,748.75
2430,White Lily,2,Round,1,1,0,20.63,332.0,638.46,327.0,-46.0,440.1867,18.0,18.0,Super Ideal,E,SI1,0.52,IGI,748.75
2434,Clermont Diamonds,2,Round,1,1,0,13.99,1653.0,826.5,1628.0,-59.0,2887.79,18.0,18.0,Ideal,G,SI1,2.0,IGI,5840.0
2434,White Lily,2,Round,1,1,0,21.91,1696.0,848.0,1671.0,-58.0,2920.3179,18.0,18.0,Ideal,G,SI1,2.0,IGI,5840.0
2435,Diamonds by Zoya,2,Oval,2,2,0,16.28,338.3,573.39,333.0,-58.0,540.648,14.0,15.0,Very Good,E,VVS2,0.59,IGI,790.0
2435,Promenade Jewelry,2,Oval,1,1,0,16.25,328.15,556.19,323.0,-59.0,533.2497,15.0,15.0,Very Good,E,VVS2,0.59,IGI,790.0
2435,Rosella,2,Oval,2,2,0,13.84,324.29,549.64,319.0,-56.0,498.8919,15.0,15.0,Very Good,E,VVS2,0.59,IGI,790.0
2435,Vega Diamonds,2,Oval,1,2,0,18.76,328.15,556.19,323.0,-57.0,509.8584,14.0,15.0,Very Good,E,VVS2,0.59,IGI,790.0
2438,Diamonds by Zoya,2,Oval,2,2,0,18.81,315.42,563.25,311.0,-19.0,261.1898,14.0,15.0,Very Good,E,VS1,0.56,IGI,730.0
2438,Rosella,2,Oval,2,2,0,15.96,301.13,537.73,297.0,-48.0,392.6163,15.0,15.0,Very Good,E,VS1,0.56,IGI,730.0
2438,Vega Diamonds,2,Oval,2,1,0,23.22,306.92,548.07,302.0,-51.0,425.4856,14.0,15.0,Very Good,E,VS1,0.56,IGI,730.0
2439,Ithaca Diamonds,2,Emerald,1,2,0,10.89,641.0,712.22,631.0,-55.0,924.0253,14.0,15.0,Very Good,E,SI1,0.9,IGI,1446.67
2439,Lunar Diamonds,2,Emerald,1,1,0,14.66,641.0,712.22,631.0,-55.0,915.9051,14.0,15.0,Very Good,E,SI1,0.9,IGI,1446.67
2441,Cirrus Gems,2,Round,1,1,0,19.04,739.0,626.27,728.0,-56.0,1212.8407,18.0,18.0,Super Ideal,H,VVS2,1.18,IGI,2325.0
2441,Michelle Kennedy,2,Round,1,1,0,18.58,787.0,666.95,775.0,-52.0,1179.334,18.0,18.0,Super Ideal,H,VVS2,1.18,IGI,2325.0
2441,Sunset Gems,2,Round,1,1,0,19.65,736.0,623.73,725.0,-56.0,1204.3867,18.0,18.0,Super Ideal,H,VVS2,1.18,IGI,2325.0
2441,Taiga Gems,2,Round,1,1,0,13.88,733.51,621.62,723.0,-58.0,1249.6133,18.0,18.0,Super Ideal,H,VVS2,1.18,IGI,2325.0
2447,Cirrus Gems,2,Round,1,1,0,20.03,3347.02,1253.57,3297.0,-63.0,6440.2432,18.0,18.0,Ideal,G,VVS2,2.67,IGI,11530.0
2447,Jane Brear,2,Round,1,1,0,13.55,3506.0,1313.11,3453.0,-62.0,6545.3525,18.0,18.0,Ideal,G,VVS2,2.67,IGI,11530.0
2447,Tamara,2,Round,1,1,0,12.94,3500.0,1310.86,3448.0,-61.0,6415.5249,18.0,18.0,Ideal,G,VVS2,2.67,IGI,11530.0
2447,Temperley,2,Round,1,1,0,17.43,3500.41,1311.01,3448.0,-60.0,6338.4624,18.0,18.0,Ideal,G,VVS2,2.67,IGI,11530.0
2447,White Lily,2,Round,1,1,0,18.02,3801.0,1423.6,3744.0,-58.0,6524.6582,18.0,18.0,Ideal,G,VVS2,2.67,IGI,11530.0
2451,Sunset Gems,2,Pear,1,1,0,20.73,401.0,483.13,395.0,1.0,256.4763,15.0,15.0,Super Ideal,I,VS2,0.83,IGI,860.0
2453,Cirrus Gems,2,Princess,1,1,0,14.69,2302.85,1076.1,2268.0,-68.0,4564.4502,15.0,15.0,Super Ideal,G,VVS2,2.14,IGI,7330.0
2453,Fabiola,2,Princess,1,1,0,13.36,2355.0,1100.47,2320.0,-66.0,4461.103,15.0,15.0,Super Ideal,G,VVS2,2.14,IGI,7330.0
2455,Albert's Creations,2,Round,1,1,0,12.22,310.0,430.56,305.0,-64.0,620.9937,18.0,18.0,Ideal,E,VVS2,0.72,IGI,1353.33
2455,Eternity Fine Jewelers,2,Round,1,1,0,24.89,317.0,440.28,312.0,-63.0,610.8865,18.0,18.0,Ideal,E,VVS2,0.72,IGI,1353.33
2455,Hoseki,2,Round,1,2,0,24.7,324.0,450.0,319.0,-61.0,594.6141,18.0,18.0,Ideal,E,VVS2,0.72,IGI,1353.33
2455,Jane Brear,2,Round,1,1,0,25.15,338.3,469.86,333.0,-61.0,620.3229,18.0,18.0,Ideal,E,VVS2,0.72,IGI,1353.33
2455,Lotus Creation,2,Round,1,1,0,24.95,326.22,453.08,321.0,-58.0,562.4082,18.0,18.0,Ideal,E,VVS2,0.72,IGI,1353.33
2455,Marlowe & Co,2,Round,1,1,0,11.67,327.0,454.17,322.0,-63.0,625.3423,18.0,18.0,Ideal,E,VVS2,0.72,IGI,1353.33
2455,Meadow & Co,2,Round,1,1,0,10.31,327.0,454.17,322.0,-62.0,621.8981,18.0,18.0,Ideal,E,VVS2,0.72,IGI,1353.33
2455,Michelle Kennedy,2,Round,2,1,0,25.0,338.3,469.86,333.0,-60.0,605.2666,18.0,18.0,Ideal,E,VVS2,0.72,IGI,1353.33
2455,Nova Stars,2,Round,1,1,0,24.08,313.42,435.31,309.0,-63.0,606.0804,18.0,18.0,Ideal,E,VVS2,0.72,IGI,1353.33
2455,Temperley,2,Round,1,1,0,14.83,342.0,475.0,337.0,-61.0,626.2928,18.0,18.0,Ideal,E,VVS2,0.72,IGI,1353.33
2455,White Lily,2,Round,1,1,0,12.58,333.0,462.5,328.0,-61.0,614.0708,18.0,18.0,Ideal,E,VVS2,0.72,IGI,1353.33
2457,Temperley,2,Round,1,1,0,13.98,322.0,585.45,317.0,-49.0,455.8014,18.0,18.0,Ideal,G,VS1,0.55,IGI,725.0
2458,Michelle Kennedy,2,Round,1,1,0,13.92,1675.0,1101.97,1650.0,-30.0,1723.2084,18.0,18.0,Ideal,J,VS1,1.52,IGI,2720.0
2458,White Lily,2,Round,1,1,0,14.57,1215.0,799.34,1197.0,-50.0,1747.0234,18.0,18.0,Ideal,J,VS1,1.52,IGI,2720.0
2460,Albert's Creations,2,Oval,1,1,0,20.92,338.0,469.44,333.0,-37.0,359.7278,15.0,15.0,Super Ideal,E,SI1,0.72,IGI,1000.0
2460,Vega Diamonds,2,Oval,1,2,0,22.04,328.0,455.56,323.0,-51.0,451.3936,15.0,15.0,Super Ideal,E,SI1,0.72,IGI,1000.0
2466,Michelle Kennedy,2,Round,1,1,0,12.81,700.48,769.76,690.0,-41.0,845.7896,18.0,18.0,Ideal,F,SI2,0.91,IGI,1445.0
2471,Hoseki,2,Pear,2,1,0,16.77,351.0,494.37,346.0,-51.0,464.4655,14.0,15.0,Very Good,F,VS2,0.71,IGI,1070.0
2471,Michelle Kennedy,2,Pear,2,2,0,10.55,364.0,512.68,359.0,-44.0,421.2816,14.0,15.0,Very Good,F,VS2,0.71,IGI,1070.0
2475,Jane Brear,2,Pear,1,1,0,11.77,362.0,476.32,357.0,-49.0,459.555,15.0,15.0,Very Good,G,VS1,0.76,IGI,1240.0
2476,Adalyn Jewelry,2,Oval,1,1,0,16.86,921.0,852.78,907.0,-67.0,1889.3181,15.0,15.0,Super Ideal,E,VVS2,1.08,IGI,2750.0
2476,Albert's Creations,2,Oval,1,1,0,13.43,924.0,855.56,910.0,-67.0,1911.3942,15.0,15.0,Super Ideal,E,VVS2,1.08,IGI,2750.0
2476,Avignon Diamonds,2,Oval,1,1,0,11.19,915.0,847.22,901.0,-68.0,1917.8584,15.0,15.0,Super Ideal,E,VVS2,1.08,IGI,2750.0
2476,Bayside Gems,2,Oval,1,1,0,19.02,929.33,860.49,915.0,-67.0,1894.4773,15.0,15.0,Super Ideal,E,VVS2,1.08,IGI,2750.0
2476,Cirrus Gems,2,Oval,1,1,0,22.65,903.0,836.11,889.0,-69.0,1935.7981,15.0,15.0,Super Ideal,E,VVS2,1.08,IGI,2750.0
2476,Clermont Diamonds,2,Oval,1,1,0,19.4,931.32,862.33,917.0,-68.0,1936.4148,15.0,15.0,Super Ideal,E,VVS2,1.08,IGI,2750.0
2476,Hazel Diamonds,2,Oval,1,1,0,11.71,916.0,848.15,902.0,-68.0,1925.847,15.0,15.0,Super Ideal,E,VVS2,1.08,IGI,2750.0
2476,KIYO,2,Oval,1,1,0,21.38,895.0,828.7,882.0,-68.0,1881.2869,15.0,15.0,Super Ideal,E,VVS2,1.08,IGI,2750.0
2476,Knox Diamonds,2,Oval,1,1,0,11.45,930.0,861.11,916.0,-66.0,1857.3694,15.0,15.0,Super Ideal,E,VVS2,1.08,IGI,2750.0
2476,Mei & Co,2,Oval,1,1,0,17.6,914.4,846.67,901.0,-68.0,1933.5459,15.0,15.0,Super Ideal,E,VVS2,1.08,IGI,2750.0
2476,Meridian Crafts,2,Oval,1,1,0,10.43,915.0,847.22,901.0,-68.0,1897.864,15.0,15.0,Super Ideal,E,VVS2,1.08,IGI,2750.0
2476,Rosella,2,Oval,1,1,0,12.55,897.0,830.56,884.0,-68.0,1863.1921,15.0,15.0,Super Ideal,E,VVS2,1.08,IGI,2750.0
2476,Serene Peaks Diamonds,2,Oval,1,1,0,12.29,926.0,857.41,912.0,-67.0,1878.8677,15.0,15.0,Super Ideal,E,VVS2,1.08,IGI,2750.0
2476,Sigma Diamonds,2,Oval,1,1,0,16.13,926.34,857.72,912.0,-67.0,1919.6591,15.0,15.0,Super Ideal,E,VVS2,1.08,IGI,2750.0
2476,Sonata Gems,2,Oval,1,1,0,13.2,932.0,862.96,918.0,-67.0,1888.7014,15.0,15.0,Super Ideal,E,VVS2,1.08,IGI,2750.0
2476,Taiga Gems,2,Oval,1,1,0,11.97,928.0,859.26,914.0,-68.0,1933.8987,15.0,15.0,Super Ideal,E,VVS2,1.08,IGI,2750.0
2476,Tierra Mia Diamonds,2,Oval,1,1,0,12.84,909.0,841.67,895.0,-67.0,1865.2189,15.0,15.0,Super Ideal,E,VVS2,1.08,IGI,2750.0
2476,Vega Diamonds,2,Oval,1,1,0,20.11,898.55,831.99,885.0,-68.0,1876.2067,15.0,15.0,Super Ideal,E,VVS2,1.08,IGI,2750.0
2477,Clermont Diamonds,2,Round,1,1,0,13.21,1709.0,813.81,1683.0,-60.0,3027.0071,18.0,18.0,Ideal,G,SI1,2.1,IGI,5490.0
2477,White Lily,2,Round,1,1,0,13.24,2056.0,979.05,2025.0,-50.0,2961.9473,18.0,18.0,Ideal,G,SI1,2.1,IGI,5490.0
2482,Jane Brear,2,Round,1,1,0,12.25,319.4,499.06,315.0,-52.0,478.9024,18.0,18.0,Super Ideal,F,VS1,0.64,IGI,960.0
2482,Michelle Kennedy,2,Round,1,1,0,18.08,324.0,506.25,319.0,-51.0,473.811,18.0,18.0,Super Ideal,F,VS1,0.64,IGI,960.0
2487,Diamonds by Zoya,2,Emerald,1,1,0,16.37,2265.62,1048.9,2232.0,-63.0,3893.3379,15.0,15.0,Super Ideal,G,VS1,2.16,IGI,7540.0
2487,Jane Brear,2,Emerald,1,1,0,14.78,2384.0,1103.7,2348.0,-59.0,3781.6375,15.0,15.0,Super Ideal,G,VS1,2.16,IGI,7540.0
2487,Michelle Kennedy,2,Emerald,1,1,0,20.83,2263.0,1047.69,2229.0,-62.0,3856.3203,15.0,15.0,Super Ideal,G,VS1,2.16,IGI,7540.0
2487,N. B. Diamonds,2,Emerald,1,1,0,19.83,2292.0,1061.11,2258.0,-61.0,3825.4377,15.0,15.0,Super Ideal,G,VS1,2.16,IGI,7540.0
2487,Sonata Gems,2,Emerald,1,1,0,16.05,2303.42,1066.4,2269.0,-61.0,3800.052,15.0,15.0,Super Ideal,G,VS1,2.16,IGI,7540.0
2487,Taiga Gems,2,Emerald,1,1,0,20.56,2263.62,1047.97,2230.0,-62.0,3799.6592,15.0,15.0,Super Ideal,G,VS1,2.16,IGI,7540.0
2487,White Lily,2,Emerald,1,1,0,21.27,2250.0,1041.67,2216.0,-62.0,3800.4907,15.0,15.0,Super Ideal,G,VS1,2.16,IGI,7540.0
2489,Jane Brear,2,Round,1,1,0,18.1,1350.22,818.32,1330.0,-52.0,2011.7863,18.0,18.0,Super Ideal,G,SI1,1.65,IGI,4080.0
2489,Sunset Gems,2,Round,1,1,0,18.64,1311.0,794.55,1291.0,-52.0,1970.8705,18.0,18.0,Super Ideal,G,SI1,1.65,IGI,4080.0
2492,Avignon Diamonds,2,Round,1,1,0,70.93,688.0,631.19,678.0,-60.0,1241.1519,18.0,18.0,Super Ideal,F,VS2,1.09,IGI,2115.0
2492,Clermont Diamonds,2,Round,1,1,0,12.83,659.0,604.59,649.0,-63.0,1280.7255,18.0,18.0,Super Ideal,F,VS2,1.09,IGI,2115.0
2492,Jane Brear,2,Round,1,1,0,13.48,697.0,639.45,687.0,-58.0,1192.8284,18.0,18.0,Super Ideal,F,VS2,1.09,IGI,2115.0
2492,Marlowe & Co,2,Round,1,1,0,14.27,677.0,621.1,667.0,-62.0,1279.7301,18.0,18.0,Super Ideal,F,VS2,1.09,IGI,2115.0
2492,Michelle Kennedy,2,Round,1,1,0,12.46,699.48,641.72,689.0,-61.0,1296.865,18.0,18.0,Super Ideal,F,VS2,1.09,IGI,2115.0
2492,Nova Stars,2,Round,1,1,0,10.27,658.0,603.67,648.0,-64.0,1307.7898,18.0,18.0,Super Ideal,F,VS2,1.09,IGI,2115.0
2492,Rosella,2,Round,1,1,0,12.78,663.0,608.26,653.0,-63.0,1272.5376,18.0,18.0,Super Ideal,F,VS2,1.09,IGI,2115.0
2492,Taiga Gems,2,Round,1,1,0,14.72,663.0,608.26,653.0,-62.0,1250.7457,18.0,18.0,Super Ideal,F,VS2,1.09,IGI,2115.0
2492,Temperley,2,Round,1,1,0,11.88,699.48,641.72,689.0,-59.0,1232.2762,18.0,18.0,Super Ideal,F,VS2,1.09,IGI,2115.0
2492,Thalassa Gems,2,Round,1,1,0,15.28,668.0,612.84,658.0,-62.0,1258.1797,18.0,18.0,Super Ideal,F,VS2,1.09,IGI,2115.0
2492,White Lily,2,Round,1,1,0,55.5,692.0,634.86,682.0,-61.0,1268.0009,18.0,18.0,Super Ideal,F,VS2,1.09,IGI,2115.0
2495,Jane Brear,2,Round,1,1,0,12.99,664.0,632.38,654.0,-54.0,1041.9696,18.0,18.0,Super Ideal,G,SI1,1.05,IGI,1730.0
2495,Temperley,2,Round,1,1,0,11.65,669.0,637.14,659.0,-53.0,1018.4761,18.0,18.0,Super Ideal,G,SI1,1.05,IGI,1730.0
2499,Albert's Creations,2,Round,1,1,0,11.19,302.0,549.09,297.0,-52.0,453.4172,18.0,18.0,Super Ideal,E,SI1,0.55,IGI,880.0
2499,Marlowe & Co,2,Round,1,1,0,24.06,307.0,558.18,302.0,-51.0,449.6209,18.0,18.0,Super Ideal,E,SI1,0.55,IGI,880.0
2499,Michelle Kennedy,2,Round,1,1,0,12.2,324.0,589.09,319.0,-49.0,454.3119,18.0,18.0,Super Ideal,E,SI1,0.55,IGI,880.0
2499,Seraphina Gems,2,Round,1,1,0,19.65,311.0,565.45,306.0,-50.0,443.9919,18.0,18.0,Super Ideal,E,SI1,0.55,IGI,880.0
