index,retailer,lab,shape,polish,symmetry,fluorescence,discount_%,retail_price,price_carat,wire_price,fair_price_diif,hidden_price,qualityScore,qualityMaxScore,cut,color,clarity,carat,report,price
3,Avignon Diamonds,2,Round,1,1,0,11.48,2842.0,1359.81,2799.0,-64.0,5664.373,18.0,18.0,Super Ideal,E,VVS2,2.09,IGI,11520.0
3,Cirrus Gems,2,Round,1,1,0,94.8,2797.0,1338.28,2755.0,-63.0,5384.3765,18.0,18.0,Super Ideal,E,VVS2,2.09,IGI,11520.0
3,Ember Star,2,Round,1,1,0,13.46,2794.11,1336.89,2752.0,-65.0,5664.1978,18.0,18.0,Super Ideal,E,VVS2,2.09,IGI,11520.0
3,Jane Brear,2,Round,1,1,0,11.29,2805.0,1342.11,2763.0,-63.0,5499.7104,18.0,18.0,Super Ideal,E,VVS2,2.09,IGI,11520.0
3,KIYO,2,Round,1,1,0,16.26,2789.0,1334.45,2747.0,-64.0,5599.2236,18.0,18.0,Super Ideal,E,VVS2,2.09,IGI,11520.0
3,Michelle Kennedy,2,Round,1,1,0,13.91,2830.78,1354.44,2788.0,-64.0,5603.1479,18.0,18.0,Super Ideal,E,VVS2,2.09,IGI,11520.0
3,Simetría,2,Round,1,1,0,13.42,2809.55,1344.28,2767.0,-65.0,5702.1787,18.0,18.0,Super Ideal,E,VVS2,2.09,IGI,11520.0
3,Taiga Gems,2,Round,1,1,0,14.58,2848.0,1362.68,2805.0,-63.0,5448.3501,18.0,18.0,Super Ideal,E,VVS2,2.09,IGI,11520.0
3,Temperley,2,Round,1,1,0,13.3,2831.75,1354.9,2789.0,-63.0,5464.9551,18.0,18.0,Super Ideal,E,VVS2,2.09,IGI,11520.0
3,Tierra Mia Diamonds,2,Round,1,1,0,17.61,2863.6,1370.14,2821.0,-62.0,5446.2993,18.0,18.0,Super Ideal,E,VVS2,2.09,IGI,11520.0
3,Verve Jewels,2,Round,1,1,0,17.39,2822.0,1350.24,2780.0,-63.0,5428.9399,18.0,18.0,Super Ideal,E,VVS2,2.09,IGI,11520.0
3,Vespera Gems,2,Round,1,1,0,10.44,2810.0,1344.5,2768.0,-64.0,5525.2651,18.0,18.0,Super Ideal,E,VVS2,2.09,IGI,11520.0
3,White Lily,2,Round,1,1,0,17.35,2830.78,1354.44,2788.0,-63.0,5442.127,18.0,18.0,Super Ideal,E,VVS2,2.09,IGI,11520.0
4,Diamonds by Zoya,2,Oval,2,2,0,82.37,312.0,557.14,307.0,-56.0,474.1293,15.0,15.0,Super Ideal,F,VS1,0.56,IGI,680.0
12,Cirrus Gems,2,Round,1,1,0,19.4,1358.0,771.59,1338.0,-57.0,2243.9026,18.0,18.0,Ideal,G,VS2,1.76,IGI,4710.0
12,Fabiola,2,Round,1,1,0,17.53,1380.0,784.09,1359.0,-54.0,2160.2183,18.0,18.0,Ideal,G,VS2,1.76,IGI,4710.0
12,Periwinkle Stones,2,Round,1,1,0,17.67,1389.0,789.2,1368.0,-55.0,2192.0496,18.0,18.0,Ideal,G,VS2,1.76,IGI,4710.0
12,White Lily,2,Round,1,1,0,17.58,1660.0,943.18,1635.0,-47.0,2227.2078,18.0,18.0,Ideal,G,VS2,1.76,IGI,4710.0
13,Albert's Creations,2,Round,1,1,0,13.74,3730.0,1492.0,3674.0,-63.0,7276.5879,18.0,18.0,Super Ideal,E,VS1,2.5,IGI,13200.0
13,Atkinson Crafts,2,Round,1,1,0,13.47,3802.0,1520.8,3745.0,-62.0,7167.293,18.0,18.0,Super Ideal,E,VS1,2.5,IGI,13200.0
13,Avignon Diamonds,2,Round,1,1,0,16.79,3620.0,1448.0,3566.0,-63.0,7058.2676,18.0,18.0,Super Ideal,E,VS1,2.5,IGI,13200.0
13,Diamonds by Zoya,2,Round,1,1,0,11.91,3549.0,1419.6,3496.0,-64.0,7123.3906,18.0,18.0,Super Ideal,E,VS1,2.5,IGI,13200.0
13,Ember Star,2,Round,1,1,0,14.64,3573.0,1429.2,3519.0,-65.0,7335.1895,18.0,18.0,Super Ideal,E,VS1,2.5,IGI,13200.0
13,Jane Brear,2,Round,1,1,0,10.97,3722.0,1488.8,3666.0,-62.0,7038.9224,18.0,18.0,Super Ideal,E,VS1,2.5,IGI,13200.0
13,Marlowe & Co,2,Round,1,1,0,14.23,3718.0,1487.2,3662.0,-64.0,7383.9326,18.0,18.0,Super Ideal,E,VS1,2.5,IGI,13200.0
13,Michelle Kennedy,2,Round,1,1,0,14.42,3755.13,1502.05,3699.0,-64.0,7441.957,18.0,18.0,Super Ideal,E,VS1,2.5,IGI,13200.0
13,N. B. Diamonds,2,Round,1,1,0,12.13,3607.0,1442.8,3553.0,-64.0,7244.5142,18.0,18.0,Super Ideal,E,VS1,2.5,IGI,13200.0
13,Periwinkle Stones,2,Round,1,1,0,16.74,3749.0,1499.6,3693.0,-63.0,7324.9561,18.0,18.0,Super Ideal,E,VS1,2.5,IGI,13200.0
13,Serenade Diamonds,2,Round,1,1,0,13.45,3549.0,1419.6,3496.0,-65.0,7219.5938,18.0,18.0,Super Ideal,E,VS1,2.5,IGI,13200.0
13,Starlit Stones,2,Round,1,1,0,65.19,3714.0,1485.6,3658.0,-64.0,7355.0332,18.0,18.0,Super Ideal,E,VS1,2.5,IGI,13200.0
13,Tamara,2,Round,1,1,0,12.4,3737.0,1494.8,3681.0,-64.0,7469.9932,18.0,18.0,Super Ideal,E,VS1,2.5,IGI,13200.0
13,Temperley,2,Round,1,1,0,11.22,3737.22,1494.89,3681.0,-62.0,7097.6934,18.0,18.0,Super Ideal,E,VS1,2.5,IGI,13200.0
13,Tierra Mia Diamonds,2,Round,1,1,0,17.05,3625.0,1450.0,3571.0,-65.0,7311.6826,18.0,18.0,Super Ideal,E,VS1,2.5,IGI,13200.0
13,White Lily,2,Round,1,1,0,12.37,3720.0,1488.0,3664.0,-62.0,7076.8462,18.0,18.0,Super Ideal,E,VS1,2.5,IGI,13200.0
15,Jane Brear,2,Princess,1,1,0,13.94,890.83,832.55,877.0,-65.0,1598.0775,15.0,15.0,Super Ideal,F,VVS2,1.07,IGI,2460.0
15,Lotus Creation,2,Princess,1,1,0,17.74,849.33,793.77,837.0,-66.0,1566.5746,15.0,15.0,Super Ideal,F,VVS2,1.07,IGI,2460.0
15,Meridian Crafts,2,Princess,1,1,0,14.85,866.0,809.35,853.0,-66.0,1604.4448,15.0,15.0,Super Ideal,F,VVS2,1.07,IGI,2460.0
15,Michelle Kennedy,2,Princess,1,1,0,16.18,890.83,832.55,877.0,-63.0,1544.6166,15.0,15.0,Super Ideal,F,VVS2,1.07,IGI,2460.0
15,Simetría,2,Princess,1,1,0,15.19,851.26,795.57,838.0,-66.0,1570.7812,15.0,15.0,Super Ideal,F,VVS2,1.07,IGI,2460.0
15,Temperley,2,Princess,1,1,0,15.92,901.0,842.06,887.0,-64.0,1602.324,15.0,15.0,Super Ideal,F,VVS2,1.07,IGI,2460.0
15,White Lily,2,Princess,1,1,0,17.01,890.83,832.55,877.0,-64.0,1576.0776,15.0,15.0,Super Ideal,F,VVS2,1.07,IGI,2460.0
16,Temperley,2,Round,2,1,0,12.45,357.0,425.0,352.0,-61.0,658.0423,17.0,18.0,Very Good,E,VVS2,0.84,IGI,1570.0
17,Rosella,2,Oval,2,2,0,19.67,320.43,572.2,316.0,-56.0,487.454,15.0,15.0,Very Good,E,VVS2,0.56,IGI,750.0
17,Vega Diamonds,2,Oval,1,1,0,16.14,325.26,580.82,320.0,-57.0,515.2702,14.0,15.0,Very Good,E,VVS2,0.56,IGI,750.0
18,Michelle Kennedy,2,Round,1,1,0,16.11,820.0,803.92,808.0,-51.0,1205.0916,18.0,18.0,Ideal,G,VS2,1.02,IGI,2020.0
18,Nova Stars,2,Round,1,1,0,11.78,646.0,633.33,636.0,-62.0,1214.7946,18.0,18.0,Ideal,G,VS2,1.02,IGI,2020.0
18,Temperley,2,Round,1,1,0,11.11,675.0,661.76,665.0,-61.0,1235.3457,18.0,18.0,Ideal,G,VS2,1.02,IGI,2020.0
20,Michelle Kennedy,2,Round,1,1,0,17.96,345.0,584.75,340.0,-37.0,389.6052,18.0,18.0,Ideal,H,VS1,0.59,IGI,750.0
22,Avignon Diamonds,2,Round,1,1,0,12.82,1377.0,810.0,1356.0,-54.0,2158.6001,18.0,18.0,Ideal,G,VS2,1.7,IGI,4482.5
22,Clermont Diamonds,2,Round,1,1,0,18.17,1374.0,808.24,1353.0,-55.0,2181.6812,18.0,18.0,Ideal,G,VS2,1.7,IGI,4482.5
22,Fabiola,2,Round,1,1,0,11.1,1381.0,812.35,1360.0,-55.0,2200.0203,18.0,18.0,Ideal,G,VS2,1.7,IGI,4482.5
22,Periwinkle Stones,2,Round,1,1,0,20.52,1384.0,814.12,1363.0,-56.0,2270.2058,18.0,18.0,Ideal,G,VS2,1.7,IGI,4482.5
23,Albert's Creations,2,Round,1,1,0,10.28,1204.0,802.67,1186.0,-55.0,1905.4545,18.0,18.0,Ideal,E,SI1,1.5,IGI,3693.33
23,Clermont Diamonds,2,Round,1,1,0,15.32,1197.0,798.0,1179.0,-55.0,1912.5394,18.0,18.0,Ideal,E,SI1,1.5,IGI,3693.33
23,Equinox Jewels,2,Round,1,1,0,11.95,1168.0,778.67,1150.0,-56.0,1913.0729,18.0,18.0,Ideal,E,SI1,1.5,IGI,3693.33
23,Fabiola,2,Round,1,1,0,14.39,1187.0,791.33,1169.0,-56.0,1911.5811,18.0,18.0,Ideal,E,SI1,1.5,IGI,3693.33
23,Infinity Diamonds,2,Round,1,1,0,23.24,1173.0,782.0,1155.0,-57.0,1947.9222,18.0,18.0,Ideal,E,SI1,1.5,IGI,3693.33
23,Jane Brear,2,Round,1,1,0,16.46,1190.0,793.33,1172.0,-57.0,1965.1349,17.0,18.0,Ideal,E,SI1,1.5,IGI,3693.33
23,Michelle Kennedy,2,Round,1,2,0,16.25,1245.0,830.0,1226.0,-54.0,1927.9235,18.0,18.0,Ideal,E,SI1,1.5,IGI,3693.33
23,Periwinkle Stones,2,Round,1,1,0,18.51,1203.0,802.0,1185.0,-55.0,1906.2173,18.0,18.0,Ideal,E,SI1,1.5,IGI,3693.33
23,Sigma Diamonds,2,Round,1,1,0,14.1,1188.0,792.0,1170.0,-56.0,1936.2815,18.0,18.0,Ideal,E,SI1,1.5,IGI,3693.33
23,Silva Diamonds,2,Round,1,1,0,10.84,1178.0,785.33,1160.0,-56.0,1900.0603,18.0,18.0,Ideal,E,SI1,1.5,IGI,3693.33
23,Starlit Stones,2,Round,1,1,0,59.39,1221.0,814.0,1203.0,-55.0,1954.7301,17.0,18.0,Ideal,E,SI1,1.5,IGI,3693.33
23,Taiga Gems,2,Round,1,1,0,14.98,1204.0,802.67,1186.0,-55.0,1895.28,18.0,18.0,Ideal,E,SI1,1.5,IGI,3693.33
23,Temperley,2,Round,1,1,0,21.71,1209.0,806.0,1191.0,-53.0,1857.2672,18.0,18.0,Ideal,E,SI1,1.5,IGI,3693.33
23,Thalassa Gems,2,Round,1,1,0,17.96,1177.0,784.67,1159.0,-56.0,1919.8933,18.0,18.0,Ideal,E,SI1,1.5,IGI,3693.33
23,White Lily,2,Round,1,1,0,20.02,1229.0,819.33,1211.0,-54.0,1918.705,18.0,18.0,Ideal,E,SI1,1.5,IGI,3693.33
24,Albert's Creations,2,Round,1,1,0,14.49,348.0,483.33,343.0,-61.0,642.8513,18.0,18.0,Super Ideal,D,VS1,0.72,IGI,1464.0
24,Bella Gems,2,Round,1,1,0,22.27,337.3,468.47,332.0,-58.0,571.4556,18.0,18.0,Super Ideal,D,VS1,0.72,IGI,1464.0
24,Ember Star,2,Round,1,1,0,11.48,351.0,487.5,346.0,-58.0,600.121,18.0,18.0,Super Ideal,D,VS1,0.72,IGI,1464.0
24,Eternity Fine Jewelers,2,Round,1,1,0,24.98,347.26,482.31,342.0,-62.0,648.6174,18.0,18.0,Super Ideal,D,VS1,0.72,IGI,1464.0
24,Hazel Diamonds,2,Round,1,1,0,23.86,346.49,481.24,341.0,-61.0,632.9198,18.0,18.0,Super Ideal,D,VS1,0.72,IGI,1464.0
24,Hoseki,2,Round,1,2,0,24.79,354.22,491.97,349.0,-58.0,604.0115,18.0,18.0,Super Ideal,D,VS1,0.72,IGI,1464.0
24,Jane Brear,2,Round,1,1,0,15.54,377.0,523.61,371.0,-59.0,651.4426,18.0,18.0,Super Ideal,D,VS1,0.72,IGI,1464.0
24,Knox Diamonds,2,Round,1,1,0,10.8,347.0,481.94,342.0,-60.0,626.7411,18.0,18.0,Super Ideal,D,VS1,0.72,IGI,1464.0
24,Marlowe & Co,2,Round,1,1,0,24.01,396.01,550.01,390.0,-53.0,606.8942,18.0,18.0,Super Ideal,D,VS1,0.72,IGI,1464.0
24,Mei & Co,2,Round,1,1,0,25.02,344.27,478.15,339.0,-61.0,628.2414,18.0,18.0,Super Ideal,D,VS1,0.72,IGI,1464.0
24,Michelle Kennedy,2,Round,1,1,0,10.4,383.0,531.94,377.0,-56.0,620.1819,18.0,18.0,Super Ideal,D,VS1,0.72,IGI,1464.0
24,Promenade Jewelry,2,Round,1,1,0,22.43,366.16,508.56,361.0,-57.0,613.4501,18.0,18.0,Super Ideal,D,VS1,0.72,IGI,1464.0
24,Roma Diamonds,2,Round,2,1,0,14.58,351.0,487.5,346.0,-56.0,577.431,18.0,18.0,Super Ideal,D,VS1,0.72,IGI,1464.0
24,Serenade Diamonds,2,Round,1,1,0,21.49,343.28,476.78,338.0,-59.0,596.2167,18.0,18.0,Super Ideal,D,VS1,0.72,IGI,1464.0
24,Simetría,2,Round,1,1,0,27.24,330.08,458.44,325.0,-60.0,592.2445,18.0,18.0,Super Ideal,D,VS1,0.72,IGI,1464.0
24,Temperley,2,Round,1,1,0,10.01,372.0,516.67,366.0,-57.0,621.6492,18.0,18.0,Super Ideal,D,VS1,0.72,IGI,1464.0
24,White Lily,2,Round,1,1,0,21.49,367.16,509.94,362.0,-58.0,633.2197,18.0,18.0,Super Ideal,D,VS1,0.72,IGI,1464.0
32,Taiga Gems,2,Round,1,1,0,12.22,820.88,646.36,809.0,-58.0,1397.3804,18.0,18.0,Super Ideal,H,VS1,1.27,IGI,2850.0
33,Bayside Gems,2,Pear,1,1,0,18.73,3751.15,1667.18,3695.0,-62.0,6322.4497,15.0,15.0,Super Ideal,D,VVS2,2.25,IGI,13620.0
33,Michelle Kennedy,2,Pear,1,1,0,16.49,3540.0,1573.33,3487.0,-63.0,6194.2715,15.0,15.0,Super Ideal,D,VVS2,2.25,IGI,13620.0
33,Promenade Jewelry,2,Pear,1,1,0,21.93,3533.28,1570.35,3480.0,-64.0,6287.6045,15.0,15.0,Super Ideal,D,VVS2,2.25,IGI,13620.0
33,Temperley,2,Pear,1,1,0,12.03,3563.0,1583.56,3510.0,-64.0,6332.937,15.0,15.0,Super Ideal,D,VVS2,2.25,IGI,13620.0
42,Temperley,2,Round,1,1,0,22.32,673.0,580.17,663.0,-55.0,1075.7302,18.0,18.0,Super Ideal,I,SI1,1.16,IGI,1930.0
42,White Lily,2,Round,1,1,0,20.72,673.0,580.17,663.0,-53.0,1014.9162,18.0,18.0,Super Ideal,I,SI1,1.16,IGI,1930.0
43,Cornerstone,2,Round,3,3,0,11.05,919.0,883.65,905.0,-63.0,1755.4506,15.0,18.0,Very Good,D,VVS2,1.04,IGI,3070.0
43,Michelle Kennedy,2,Round,1,1,0,15.21,902.0,867.31,888.0,-63.0,1761.6934,16.0,18.0,Very Good,D,VVS2,1.04,IGI,3070.0
44,Cirrus Gems,2,Round,1,1,0,20.24,1225.0,770.44,1207.0,-57.0,2040.8,18.0,18.0,Ideal,H,VS1,1.59,IGI,4080.0
44,Clermont Diamonds,2,Round,1,1,0,17.49,1218.88,766.59,1201.0,-55.0,1959.0428,18.0,18.0,Ideal,H,VS1,1.59,IGI,4080.0
44,Jane Brear,2,Round,1,1,0,20.98,1233.8,775.97,1215.0,-56.0,2014.9924,18.0,18.0,Ideal,H,VS1,1.59,IGI,4080.0
47,Jane Brear,2,Round,1,1,0,13.99,1782.63,869.58,1756.0,-48.0,2457.1733,18.0,18.0,Super Ideal,H,SI1,2.05,IGI,5670.0
47,Michelle Kennedy,2,Round,1,2,0,22.11,1490.0,726.83,1468.0,-58.0,2524.7078,18.0,18.0,Super Ideal,H,SI1,2.05,IGI,5670.0
49,Ember Star,2,Round,1,1,0,14.13,852.0,747.37,839.0,-54.0,1333.2358,18.0,18.0,Super Ideal,G,VVS2,1.14,IGI,2715.0
49,Eternity Fine Jewelers,2,Round,1,1,0,17.85,880.0,771.93,867.0,-52.0,1320.059,18.0,18.0,Super Ideal,G,VVS2,1.14,IGI,2715.0
49,Fabiola,2,Round,1,1,0,11.11,874.0,766.67,861.0,-53.0,1334.1394,18.0,18.0,Super Ideal,G,VVS2,1.14,IGI,2715.0
49,Jane Brear,2,Round,1,1,0,19.41,895.66,785.67,882.0,-50.0,1292.0499,18.0,18.0,Super Ideal,G,VVS2,1.14,IGI,2715.0
49,Sunset Gems,2,Round,1,1,0,19.99,867.0,760.53,854.0,-52.0,1280.6205,18.0,18.0,Super Ideal,G,VVS2,1.14,IGI,2715.0
57,Fabiola,2,Princess,1,1,0,13.81,1202.0,864.75,1184.0,-60.0,1898.8909,15.0,15.0,Super Ideal,E,VS2,1.39,IGI,3360.0
57,Michelle Kennedy,2,Princess,1,1,0,21.3,1234.0,887.77,1215.0,-58.0,1872.829,15.0,15.0,Super Ideal,E,VS2,1.39,IGI,3360.0
57,Temperley,2,Princess,1,1,0,19.71,1207.0,868.35,1189.0,-60.0,1895.125,15.0,15.0,Super Ideal,E,VS2,1.39,IGI,3360.0
57,Vega Diamonds,2,Princess,1,1,0,21.88,1175.0,845.32,1157.0,-59.0,1836.6523,15.0,15.0,Super Ideal,E,VS2,1.39,IGI,3360.0
59,White Lily,2,Oval,2,1,0,14.01,379.0,701.85,373.0,-12.0,290.4233,15.0,15.0,Super Ideal,F,VS2,0.54,IGI,603.33
60,Cirrus Gems,2,Pear,1,1,0,20.98,1282.0,854.67,1263.0,-61.0,2151.4602,15.0,15.0,Super Ideal,H,VS1,1.5,IGI,3410.0
60,Mei & Co,2,Pear,1,1,0,10.52,1273.0,848.67,1254.0,-62.0,2170.1675,15.0,15.0,Super Ideal,H,VS1,1.5,IGI,3410.0
60,Oasis Diamonds,2,Pear,1,1,0,17.42,1305.44,870.29,1286.0,-60.0,2137.4385,15.0,15.0,Super Ideal,H,VS1,1.5,IGI,3410.0
60,Taiga Gems,2,Pear,1,1,0,20.05,1256.0,837.33,1237.0,-62.0,2149.8787,15.0,15.0,Super Ideal,H,VS1,1.5,IGI,3410.0
60,Temperley,2,Pear,1,1,0,17.97,1340.0,893.33,1320.0,-59.0,2141.125,15.0,15.0,Super Ideal,H,VS1,1.5,IGI,3410.0
61,Magnolia,2,Round,2,2,0,10.16,676.0,696.91,666.0,-62.0,1277.9259,17.0,18.0,Very Good,D,VS1,0.97,IGI,2180.0
61,Michelle Kennedy,2,Round,2,2,0,19.55,718.0,740.21,707.0,-61.0,1316.3794,15.0,18.0,Very Good,D,VS1,0.97,IGI,2180.0
61,Roma Diamonds,2,Round,1,1,0,14.92,673.0,693.81,663.0,-63.0,1310.5923,17.0,18.0,Very Good,D,VS1,0.97,IGI,2180.0
64,Magnolia,2,Oval,2,2,0,8.2,355.0,669.81,350.0,-54.0,520.7167,15.0,15.0,Super Ideal,E,VVS2,0.53,IGI,710.0
64,Rosella,2,Oval,2,2,0,13.35,337.0,635.85,332.0,-53.0,479.0119,15.0,15.0,Super Ideal,E,VVS2,0.53,IGI,710.0
64,Vega Diamonds,2,Oval,2,2,0,17.96,321.39,606.4,317.0,-57.0,501.3476,15.0,15.0,Super Ideal,E,VVS2,0.53,IGI,710.0
71,Jane Brear,2,Round,1,1,0,16.43,3767.07,1494.87,3711.0,-19.0,3310.3628,18.0,18.0,Super Ideal,J,VS1,2.52,IGI,5560.0
71,Michelle Kennedy,2,Round,1,1,0,15.45,3767.07,1494.87,3711.0,-17.0,3247.7439,18.0,18.0,Super Ideal,J,VS1,2.52,IGI,5560.0
71,N. B. Diamonds,2,Round,1,1,0,17.67,1989.0,789.29,1959.0,-56.0,3227.5801,18.0,18.0,Super Ideal,J,VS1,2.52,IGI,5560.0
71,White Lily,2,Round,1,1,0,15.48,2003.0,794.84,1973.0,-56.0,3271.7627,18.0,18.0,Super Ideal,J,VS1,2.52,IGI,5560.0
72,Albert's Creations,2,Pear,2,2,0,18.94,350.24,625.43,345.0,-49.0,446.8524,15.0,15.0,Super Ideal,D,VS1,0.56,IGI,830.0
72,Diamonds by Zoya,2,Pear,1,2,0,18.62,358.2,639.64,353.0,-52.0,484.0719,15.0,15.0,Super Ideal,D,VS1,0.56,IGI,830.0
72,Vega Diamonds,2,Pear,1,1,0,21.35,339.73,606.66,335.0,-57.0,516.7198,15.0,15.0,Super Ideal,D,VS1,0.56,IGI,830.0
72,White Lily,2,Pear,2,2,0,11.45,368.0,657.14,362.0,-55.0,525.6696,15.0,15.0,Super Ideal,D,VS1,0.56,IGI,830.0
76,Michelle Kennedy,2,Oval,1,1,0,20.77,812.0,796.08,800.0,-63.0,1485.2716,15.0,15.0,Super Ideal,H,VVS2,1.02,IGI,1820.0
76,Taiga Gems,2,Oval,1,1,0,20.75,786.0,770.59,774.0,-51.0,1076.5294,15.0,15.0,Super Ideal,H,VVS2,1.02,IGI,1820.0
76,Westminster Diamonds,2,Oval,1,1,0,18.46,800.98,785.27,789.0,-64.0,1491.8041,15.0,15.0,Super Ideal,H,VVS2,1.02,IGI,1820.0
78,Temperley,2,Round,1,1,0,9.56,1325.0,736.11,1305.0,-51.0,1953.1522,18.0,18.0,Super Ideal,J,VS2,1.8,IGI,2893.33
78,White Lily,2,Round,1,1,0,7.98,1325.0,736.11,1305.0,-52.0,1967.0327,18.0,18.0,Super Ideal,J,VS2,1.8,IGI,2893.33
81,Meridian Crafts,2,Princess,1,1,0,13.65,364.0,449.38,359.0,-67.0,691.189,15.0,15.0,Super Ideal,F,VVS2,0.81,IGI,1380.0
81,Temperley,2,Princess,2,1,0,16.58,373.0,460.49,367.0,-66.0,695.5817,15.0,15.0,Super Ideal,F,VVS2,0.81,IGI,1380.0
82,Cirrus Gems,2,Round,1,1,0,21.56,1681.0,747.11,1656.0,-64.0,3376.7739,18.0,18.0,Super Ideal,I,VS1,2.25,IGI,5430.0
82,Jane Brear,2,Round,1,1,0,16.02,1734.28,770.79,1708.0,-63.0,3346.6758,18.0,18.0,Super Ideal,I,VS1,2.25,IGI,5430.0
82,Temperley,2,Round,1,1,0,16.73,1737.0,772.0,1711.0,-64.0,3440.2256,18.0,18.0,Super Ideal,I,VS1,2.25,IGI,5430.0
82,Vega Diamonds,2,Round,1,1,0,18.28,1681.0,747.11,1656.0,-64.0,3371.1895,18.0,18.0,Super Ideal,I,VS1,2.25,IGI,5430.0
82,White Lily,2,Round,1,1,0,14.92,1953.46,868.2,1924.0,-59.0,3383.6162,18.0,18.0,Super Ideal,I,VS1,2.25,IGI,5430.0
84,Temperley,2,Round,1,1,0,14.19,2555.0,1419.44,2517.0,-33.0,2728.01,18.0,18.0,Super Ideal,I,VVS2,1.8,IGI,3920.0
84,White Lily,2,Round,1,1,0,18.61,1395.0,775.0,1374.0,-64.0,2780.1794,18.0,18.0,Super Ideal,I,VVS2,1.8,IGI,3920.0
88,Temperley,2,Round,2,3,0,13.47,311.0,565.45,306.0,-60.0,562.6579,16.0,18.0,Very Good,E,VVS2,0.55,IGI,876.67
91,Avignon Diamonds,2,Oval,1,1,0,17.88,5935.0,1952.3,5846.0,-64.0,11017.6865,15.0,15.0,Super Ideal,D,VS1,3.04,IGI,19145.0
91,Bonsai Gems,2,Oval,1,1,0,20.34,6005.0,1975.33,5915.0,-63.0,10881.3271,15.0,15.0,Super Ideal,D,VS1,3.04,IGI,19145.0
91,Cut and Craft,2,Oval,1,1,0,18.29,5959.0,1960.2,5870.0,-63.0,10846.2158,15.0,15.0,Super Ideal,D,VS1,3.04,IGI,19145.0
91,Diamonds by Zoya,2,Oval,1,1,0,94.58,6004.0,1975.0,5914.0,-64.0,11096.8867,15.0,15.0,Super Ideal,D,VS1,3.04,IGI,19145.0
91,Jane Brear,2,Oval,1,1,0,21.48,5875.78,1932.82,5788.0,-65.0,11171.7764,15.0,15.0,Super Ideal,D,VS1,3.04,IGI,19145.0
91,Pegasus Diamonds,2,Oval,1,1,0,19.92,6359.94,2092.09,6265.0,-62.0,11342.2471,15.0,15.0,Super Ideal,D,VS1,3.04,IGI,19145.0
91,Periwinkle Stones,2,Oval,1,1,0,17.92,6051.0,1990.46,5960.0,-63.0,11045.3584,15.0,15.0,Super Ideal,D,VS1,3.04,IGI,19145.0
91,Serenade Diamonds,2,Oval,1,1,0,20.24,5692.0,1872.37,5607.0,-66.0,11123.6445,15.0,15.0,Super Ideal,D,VS1,3.04,IGI,19145.0
91,Taiga Gems,2,Oval,1,1,0,21.0,5951.0,1957.57,5862.0,-63.0,10911.4346,15.0,15.0,Super Ideal,D,VS1,3.04,IGI,19145.0
91,Temperley,2,Oval,1,1,0,16.06,5927.0,1949.67,5838.0,-63.0,10896.7305,15.0,15.0,Super Ideal,D,VS1,3.04,IGI,19145.0
91,Vega Diamonds,2,Oval,1,1,0,19.93,5900.0,1940.79,5812.0,-64.0,11031.1133,15.0,15.0,Super Ideal,D,VS1,3.04,IGI,19145.0
91,Vespera Gems,2,Oval,1,2,0,19.14,5907.88,1943.38,5819.0,-64.0,11022.957,15.0,15.0,Super Ideal,D,VS1,3.04,IGI,19145.0
91,White Lily,2,Oval,1,1,0,18.16,5875.78,1932.82,5788.0,-65.0,11221.0938,15.0,15.0,Super Ideal,D,VS1,3.04,IGI,19145.0
96,Albert's Creations,2,Cushion,1,1,0,14.19,348.0,483.33,343.0,-49.0,433.7998,15.0,15.0,Super Ideal,D,VS1,0.72,IGI,1320.0
96,Hoseki,2,Cushion,1,1,0,15.18,360.0,500.0,355.0,-65.0,644.0798,15.0,15.0,Super Ideal,D,VS1,0.72,IGI,1320.0
96,Promenade Jewelry,2,Cushion,1,1,0,14.55,348.0,483.33,343.0,-66.0,645.4782,15.0,15.0,Super Ideal,D,VS1,0.72,IGI,1320.0
101,Artemis Stones,2,Round,1,1,0,17.61,1889.76,944.88,1861.0,-62.0,3551.4192,16.0,18.0,Very Good,G,VS1,2.0,IGI,7572.5
101,Michelle Kennedy,2,Round,3,1,0,10.0,1909.0,954.5,1880.0,-63.0,3691.9727,16.0,18.0,Very Good,G,VS1,2.0,IGI,7572.5
101,White Lily,2,Round,1,1,0,15.8,1956.17,978.09,1927.0,-61.0,3564.0466,15.0,18.0,Very Good,G,VS1,2.0,IGI,7572.5
102,Albert's Creations,2,Oval,1,1,0,10.98,1556.0,997.44,1533.0,-56.0,2398.9426,15.0,15.0,Super Ideal,E,VS2,1.56,IGI,4595.0
102,Clermont Diamonds,2,Oval,1,1,0,15.66,1551.2,994.36,1528.0,-57.0,2437.1021,15.0,15.0,Super Ideal,E,VS2,1.56,IGI,4595.0
102,Genesis Stones,2,Oval,1,1,0,15.5,1666.0,1067.95,1641.0,-53.0,2389.7087,15.0,15.0,Super Ideal,E,VS2,1.56,IGI,4595.0
102,Hill & Holland,2,Oval,1,1,0,12.71,1583.04,1014.77,1559.0,-56.0,2411.0537,15.0,15.0,Super Ideal,E,VS2,1.56,IGI,4595.0
102,KIYO,2,Oval,1,1,0,15.99,1509.0,967.31,1486.0,-58.0,2416.1138,15.0,15.0,Super Ideal,E,VS2,1.56,IGI,4595.0
102,Mei & Co,2,Oval,1,1,0,14.44,1550.0,993.59,1527.0,-58.0,2463.3726,15.0,15.0,Super Ideal,E,VS2,1.56,IGI,4595.0
102,Michelle Kennedy,2,Oval,1,1,0,12.92,1558.17,998.83,1535.0,-56.0,2403.3633,15.0,15.0,Super Ideal,E,VS2,1.56,IGI,4595.0
102,Periwinkle Stones,2,Oval,1,1,0,15.21,1607.92,1030.72,1584.0,-55.0,2389.0918,15.0,15.0,Super Ideal,E,VS2,1.56,IGI,4595.0
102,Rosella,2,Oval,1,1,0,13.8,1497.0,959.62,1475.0,-59.0,2472.5029,15.0,15.0,Super Ideal,E,VS2,1.56,IGI,4595.0
102,Taiga Gems,2,Oval,1,1,0,10.41,1536.0,984.62,1513.0,-58.0,2459.7947,15.0,15.0,Super Ideal,E,VS2,1.56,IGI,4595.0
102,Temperley,2,Oval,1,1,0,11.16,1570.0,1006.41,1546.0,-57.0,2448.2644,15.0,15.0,Super Ideal,E,VS2,1.56,IGI,4595.0
102,The Diamond Source,2,Oval,1,1,0,12.95,1527.0,978.85,1504.0,-58.0,2441.8181,15.0,15.0,Super Ideal,E,VS2,1.56,IGI,4595.0
102,Vega Diamonds,2,Oval,1,1,0,19.79,1509.0,967.31,1486.0,-57.0,2391.4585,15.0,15.0,Super Ideal,E,VS2,1.56,IGI,4595.0
102,White Lily,2,Oval,1,1,0,12.34,1544.0,989.74,1521.0,-57.0,2421.1084,15.0,15.0,Super Ideal,E,VS2,1.56,IGI,4595.0
104,Thalassa Gems,2,Princess,2,2,0,16.84,1853.0,917.33,1825.0,-65.0,3395.207,13.0,15.0,Very Good,G,SI1,2.02,IGI,5190.0
109,Taiga Gems,2,Oval,1,1,0,12.31,793.0,701.77,781.0,-53.0,1138.4169,15.0,15.0,Super Ideal,G,SI1,1.13,IGI,1820.0
110,Eterna Luxe,2,Round,1,1,0,15.28,762.0,777.55,751.0,-54.0,1176.282,18.0,18.0,Ideal,E,VVS2,0.98,IGI,2440.0
110,Michelle Kennedy,2,Round,1,1,0,15.19,821.0,837.76,809.0,-49.0,1162.7871,18.0,18.0,Ideal,E,VVS2,0.98,IGI,2440.0
110,Nova Stars,2,Round,1,1,0,48.9,747.24,762.49,736.0,-54.0,1164.0012,18.0,18.0,Ideal,E,VVS2,0.98,IGI,2440.0
110,Roma Diamonds,2,Round,1,1,0,12.76,747.0,762.24,736.0,-55.0,1195.1115,18.0,18.0,Ideal,E,VVS2,0.98,IGI,2440.0
110,Taiga Gems,2,Round,1,1,0,10.65,760.0,775.51,749.0,-53.0,1163.4301,18.0,18.0,Ideal,E,VVS2,0.98,IGI,2440.0
110,Tamara,2,Round,1,1,0,18.34,758.0,773.47,747.0,-54.0,1172.2682,18.0,18.0,Ideal,E,VVS2,0.98,IGI,2440.0
110,White Lily,2,Round,1,1,0,11.87,821.0,837.76,809.0,-49.0,1156.3546,18.0,18.0,Ideal,E,VVS2,0.98,IGI,2440.0
112,Alicia & Juno,2,Round,1,1,0,10.96,912.0,829.09,898.0,-65.0,1860.3058,18.0,18.0,Super Ideal,D,VVS2,1.1,IGI,3360.0
112,Bayside Gems,2,Round,1,1,0,17.46,885.0,804.55,872.0,-65.0,1829.5646,18.0,18.0,Super Ideal,D,VVS2,1.1,IGI,3360.0
112,Camden Gems,2,Round,1,1,0,15.08,899.0,817.27,886.0,-65.0,1822.1912,18.0,18.0,Super Ideal,D,VVS2,1.1,IGI,3360.0
112,Cascade Diamonds,2,Round,1,1,0,14.14,915.4,832.18,902.0,-64.0,1801.2482,18.0,18.0,Super Ideal,D,VVS2,1.1,IGI,3360.0
112,Diamonds by Zoya,2,Round,1,1,0,13.33,891.8,810.73,878.0,-65.0,1815.7362,18.0,18.0,Super Ideal,D,VVS2,1.1,IGI,3360.0
112,Emilia Sterling,2,Round,1,1,0,93.46,879.0,799.09,866.0,-66.0,1848.7166,18.0,18.0,Super Ideal,D,VVS2,1.1,IGI,3360.0
112,Equinox Jewels,2,Round,1,1,0,10.57,902.0,820.0,888.0,-64.0,1811.7094,18.0,18.0,Super Ideal,D,VVS2,1.1,IGI,3360.0
112,Eternity Fine Jewelers,2,Round,1,1,0,14.21,915.0,831.82,901.0,-63.0,1785.2396,18.0,18.0,Super Ideal,D,VVS2,1.1,IGI,3360.0
112,Hoseki,2,Round,2,1,0,15.08,914.0,830.91,900.0,-64.0,1824.3547,18.0,18.0,Super Ideal,D,VVS2,1.1,IGI,3360.0
112,Iris Diamonds,2,Round,1,1,0,93.56,900.0,818.18,886.0,-65.0,1846.9741,18.0,18.0,Super Ideal,D,VVS2,1.1,IGI,3360.0
112,Joan Cooper,2,Round,1,1,0,10.62,903.0,820.91,889.0,-65.0,1853.7747,18.0,18.0,Super Ideal,D,VVS2,1.1,IGI,3360.0
112,Knox Diamonds,2,Round,1,1,0,11.11,899.0,817.27,886.0,-65.0,1843.4908,18.0,18.0,Super Ideal,D,VVS2,1.1,IGI,3360.0
112,Lunar Diamonds,2,Round,1,1,0,93.73,905.0,822.73,891.0,-64.0,1787.4968,18.0,18.0,Super Ideal,D,VVS2,1.1,IGI,3360.0
112,Marlene Crafts,2,Round,1,1,0,13.8,896.0,814.55,883.0,-65.0,1817.3022,18.0,18.0,Super Ideal,D,VVS2,1.1,IGI,3360.0
112,Marlowe & Co,2,Round,1,1,0,12.5,913.0,830.0,899.0,-64.0,1829.3529,18.0,18.0,Super Ideal,D,VVS2,1.1,IGI,3360.0
112,Mei & Co,2,Round,1,1,0,14.36,906.0,823.64,892.0,-64.0,1825.2976,18.0,18.0,Super Ideal,D,VVS2,1.1,IGI,3360.0
112,Michelle Kennedy,2,Round,1,1,0,21.64,903.0,820.91,889.0,-65.0,1835.4633,18.0,18.0,Super Ideal,D,VVS2,1.1,IGI,3360.0
112,Montmartre Gems,2,Round,1,1,0,12.77,899.0,817.27,886.0,-64.0,1793.7377,18.0,18.0,Super Ideal,D,VVS2,1.1,IGI,3360.0
112,Riviera Jewels,2,Round,1,1,0,12.92,904.0,821.82,890.0,-65.0,1847.5703,18.0,18.0,Super Ideal,D,VVS2,1.1,IGI,3360.0
112,Roma Diamonds,2,Round,2,1,0,11.05,907.0,824.55,893.0,-65.0,1842.3862,18.0,18.0,Super Ideal,D,VVS2,1.1,IGI,3360.0
112,Rosella,2,Round,1,1,0,14.44,910.0,827.27,896.0,-65.0,1843.5037,18.0,18.0,Super Ideal,D,VVS2,1.1,IGI,3360.0
112,Serenade Diamonds,2,Round,1,1,0,13.69,906.0,823.64,892.0,-65.0,1845.7762,18.0,18.0,Super Ideal,D,VVS2,1.1,IGI,3360.0
112,Silva Diamonds,2,Round,1,1,0,11.2,905.0,822.73,891.0,-65.0,1846.8689,18.0,18.0,Super Ideal,D,VVS2,1.1,IGI,3360.0
112,Stellar Radiance,2,Round,1,1,0,12.92,908.0,825.45,894.0,-65.0,1841.6987,18.0,18.0,Super Ideal,D,VVS2,1.1,IGI,3360.0
112,Summit Gems,2,Round,1,1,0,11.76,904.0,821.82,890.0,-64.0,1790.8571,18.0,18.0,Super Ideal,D,VVS2,1.1,IGI,3360.0
112,Taiga Gems,2,Round,1,1,0,18.03,908.0,825.45,894.0,-65.0,1834.597,18.0,18.0,Super Ideal,D,VVS2,1.1,IGI,3360.0
112,Temperley,2,Round,1,1,0,12.65,912.0,829.09,898.0,-64.0,1827.1423,18.0,18.0,Super Ideal,D,VVS2,1.1,IGI,3360.0
112,Thalassa Gems,2,Round,1,1,0,14.06,906.0,823.64,892.0,-65.0,1829.178,18.0,18.0,Super Ideal,D,VVS2,1.1,IGI,3360.0
112,Vega Diamonds,2,Round,1,1,0,10.83,880.0,800.0,867.0,-66.0,1858.1731,18.0,18.0,Super Ideal,D,VVS2,1.1,IGI,3360.0
112,White Lily,2,Round,1,1,0,14.4,913.0,830.0,899.0,-64.0,1811.2167,18.0,18.0,Super Ideal,D,VVS2,1.1,IGI,3360.0
113,Michelle Kennedy,2,Round,1,1,0,11.59,305.46,803.84,301.0,-29.0,309.2716,18.0,18.0,Ideal,E,VS2,0.38,IGI,430.0
116,Jane Brear,2,Round,1,1,0,14.59,647.74,647.74,638.0,-58.0,1105.8669,18.0,18.0,Ideal,I,VS1,1.0,IGI,1626.94
116,Michelle Kennedy,2,Round,1,1,0,12.53,657.7,657.7,648.0,-57.0,1106.5485,18.0,18.0,Ideal,I,VS1,1.0,IGI,1626.94
117,55 E Diamonds,2,Pear,2,1,0,23.92,643.0,714.44,633.0,-56.0,945.6165,15.0,15.0,Super Ideal,F,VS2,0.9,IGI,1460.0
117,CV Diamonds,2,Pear,1,1,0,15.95,721.38,801.53,711.0,-53.0,989.8614,15.0,15.0,Super Ideal,F,VS2,0.9,IGI,1460.0
117,Eternity Fine Jewelers,2,Pear,1,1,0,20.51,665.0,738.89,655.0,-56.0,973.7032,15.0,15.0,Super Ideal,F,VS2,0.9,IGI,1460.0
117,Hoseki,2,Pear,1,2,0,20.94,663.0,736.67,653.0,-52.0,899.7371,15.0,15.0,Super Ideal,F,VS2,0.9,IGI,1460.0
117,Irene Jewelry,2,Pear,2,2,0,18.96,660.0,733.33,650.0,-57.0,991.9311,15.0,15.0,Super Ideal,F,VS2,0.9,IGI,1460.0
117,Jane Brear,2,Pear,1,1,0,19.5,676.0,751.11,666.0,-53.0,932.2034,15.0,15.0,Super Ideal,F,VS2,0.9,IGI,1460.0
117,Lotus Creation,2,Pear,1,1,0,19.77,668.0,742.22,658.0,-56.0,974.239,15.0,15.0,Super Ideal,F,VS2,0.9,IGI,1460.0
117,Mei & Co,2,Pear,1,1,0,12.55,696.0,773.33,686.0,-55.0,1005.3028,15.0,15.0,Super Ideal,F,VS2,0.9,IGI,1460.0
117,Michelle Kennedy,2,Pear,1,1,0,20.89,752.82,836.47,742.0,-50.0,974.7607,15.0,15.0,Super Ideal,F,VS2,0.9,IGI,1460.0
117,Sonata Gems,2,Pear,1,2,0,18.23,667.0,741.11,657.0,-54.0,945.6165,15.0,15.0,Super Ideal,F,VS2,0.9,IGI,1460.0
117,Sunset Gems,2,Pear,1,1,0,21.64,664.99,738.88,655.0,-55.0,967.1121,15.0,15.0,Super Ideal,F,VS2,0.9,IGI,1460.0
117,Temperley,2,Pear,1,1,0,15.2,704.46,782.73,694.0,-54.0,997.7459,15.0,15.0,Super Ideal,F,VS2,0.9,IGI,1460.0
117,White Lily,2,Pear,1,1,0,15.47,667.0,741.11,657.0,-52.0,898.2402,15.0,15.0,Super Ideal,F,VS2,0.9,IGI,1460.0
123,Diamonds by Zoya,2,Cushion,1,1,0,18.96,2609.0,1266.5,2570.0,-63.0,4432.0996,15.0,15.0,Super Ideal,F,VVS2,2.06,IGI,8640.0
123,Ember Star,2,Cushion,1,1,0,20.69,2622.0,1272.82,2583.0,-65.0,4657.3477,15.0,15.0,Super Ideal,F,VVS2,2.06,IGI,8640.0
123,Emilia Sterling,2,Cushion,1,1,0,16.99,2636.79,1280.0,2597.0,-64.0,4570.3428,15.0,15.0,Super Ideal,F,VVS2,2.06,IGI,8640.0
123,Eterna Luxe,2,Cushion,1,1,0,13.11,2713.0,1316.99,2672.0,-63.0,4590.0049,15.0,15.0,Super Ideal,F,VVS2,2.06,IGI,8640.0
123,Fuji Diamonds,2,Cushion,1,1,0,17.52,2681.19,1301.55,2641.0,-63.0,4552.6841,15.0,15.0,Super Ideal,F,VVS2,2.06,IGI,8640.0
123,Jane Brear,2,Cushion,1,1,0,17.99,2767.0,1343.2,2725.0,-62.0,4581.3511,15.0,15.0,Super Ideal,F,VVS2,2.06,IGI,8640.0
123,Lunar Diamonds,2,Cushion,1,1,0,10.96,2685.0,1303.4,2645.0,-63.0,4569.8804,15.0,15.0,Super Ideal,F,VVS2,2.06,IGI,8640.0
123,Marlowe & Co,2,Cushion,1,1,0,11.75,2771.08,1345.18,2730.0,-60.0,4422.1172,15.0,15.0,Super Ideal,F,VVS2,2.06,IGI,8640.0
123,Michelle Kennedy,2,Cushion,1,1,0,10.87,2786.0,1352.43,2744.0,-62.0,4573.8223,15.0,15.0,Super Ideal,F,VVS2,2.06,IGI,8640.0
123,Nebula Stones,2,Cushion,1,1,0,14.55,2754.0,1336.89,2713.0,-60.0,4359.9746,15.0,15.0,Super Ideal,F,VVS2,2.06,IGI,8640.0
123,Periwinkle Stones,2,Cushion,1,1,0,13.87,2740.0,1330.1,2699.0,-62.0,4499.9492,15.0,15.0,Super Ideal,F,VVS2,2.06,IGI,8640.0
123,Rosella,2,Cushion,1,1,0,19.93,2624.24,1273.9,2585.0,-66.0,4916.9668,15.0,15.0,Super Ideal,F,VVS2,2.06,IGI,8640.0
123,Sunset Gems,2,Cushion,1,1,0,15.6,2666.0,1294.17,2626.0,-63.0,4539.2222,15.0,15.0,Super Ideal,F,VVS2,2.06,IGI,8640.0
123,Temperley,2,Cushion,1,1,0,18.24,2729.28,1324.89,2688.0,-62.0,4541.9707,15.0,15.0,Super Ideal,F,VVS2,2.06,IGI,8640.0
123,Verve Jewels,2,Cushion,1,1,0,18.69,2650.0,1286.41,2610.0,-64.0,4582.042,15.0,15.0,Super Ideal,F,VVS2,2.06,IGI,8640.0
123,White Lily,2,Cushion,1,1,0,17.16,2729.28,1324.89,2688.0,-62.0,4541.9707,15.0,15.0,Super Ideal,F,VVS2,2.06,IGI,8640.0
126,Albert's Creations,2,Oval,1,1,0,10.43,4754.0,1574.17,4683.0,-64.0,9015.6279,15.0,15.0,Very Good,E,VS2,3.02,IGI,18410.0
126,Avignon Diamonds,2,Oval,1,1,0,27.73,4502.81,1491.0,4435.0,-67.0,9178.9971,15.0,15.0,Very Good,E,VS2,3.02,IGI,18410.0
126,Bayside Gems,2,Oval,1,1,0,27.63,4697.67,1555.52,4627.0,-65.0,9033.5479,15.0,15.0,Very Good,E,VS2,3.02,IGI,18410.0
126,Jane Brear,2,Oval,1,1,0,24.43,4681.48,1550.16,4611.0,-65.0,8914.5557,15.0,15.0,Very Good,E,VS2,3.02,IGI,18410.0
126,Michelle Kennedy,2,Oval,1,1,0,13.21,4715.3,1561.36,4645.0,-65.0,9110.1611,15.0,15.0,Very Good,E,VS2,3.02,IGI,18410.0
126,Rosella,2,Oval,1,1,0,11.27,4575.0,1514.9,4506.0,-66.0,8950.9805,15.0,15.0,Very Good,E,VS2,3.02,IGI,18410.0
126,Taiga Gems,2,Oval,1,1,0,13.15,4743.0,1570.53,4672.0,-64.0,8962.4395,15.0,15.0,Very Good,E,VS2,3.02,IGI,18410.0
126,Temperley,2,Oval,1,1,0,13.83,4746.0,1571.52,4675.0,-64.0,8963.3594,15.0,15.0,Very Good,E,VS2,3.02,IGI,18410.0
126,The Diamond Source,2,Oval,1,1,0,10.73,4694.0,1554.3,4624.0,-65.0,8961.6045,14.0,15.0,Very Good,E,VS2,3.02,IGI,18410.0
126,Vega Diamonds,2,Oval,1,1,0,11.07,4564.0,1511.26,4496.0,-65.0,8856.6328,15.0,15.0,Very Good,E,VS2,3.02,IGI,18410.0
127,CV Diamonds,2,Round,1,1,0,16.96,1175.0,870.37,1157.0,-57.0,1945.4619,18.0,18.0,Super Ideal,E,VVS2,1.35,IGI,4020.0
127,Cornerstone,2,Round,1,1,0,10.14,1183.0,876.3,1165.0,-56.0,1930.4038,18.0,18.0,Super Ideal,E,VVS2,1.35,IGI,4020.0
127,Ember Star,2,Round,1,1,0,15.2,1127.0,834.81,1110.0,-58.0,1923.8495,18.0,18.0,Super Ideal,E,VVS2,1.35,IGI,4020.0
127,Emilia Sterling,2,Round,1,1,0,12.83,1140.0,844.44,1123.0,-56.0,1875.9401,18.0,18.0,Super Ideal,E,VVS2,1.35,IGI,4020.0
127,Eternity Fine Jewelers,2,Round,1,1,0,14.52,1174.1,869.7,1156.0,-56.0,1920.4558,18.0,18.0,Super Ideal,E,VVS2,1.35,IGI,4020.0
127,Jane Brear,2,Round,1,1,0,11.79,1215.0,900.0,1197.0,-54.0,1899.3907,18.0,18.0,Super Ideal,E,VVS2,1.35,IGI,4020.0
127,Knox Diamonds,2,Round,1,1,0,15.98,1156.19,856.44,1139.0,-56.0,1901.8719,18.0,18.0,Super Ideal,E,VVS2,1.35,IGI,4020.0
127,Marlowe & Co,2,Round,1,1,0,12.06,1172.0,868.15,1154.0,-57.0,1955.0714,18.0,18.0,Super Ideal,E,VVS2,1.35,IGI,4020.0
127,Mei & Co,2,Round,1,1,0,14.84,1160.0,859.26,1143.0,-57.0,1939.3832,18.0,18.0,Super Ideal,E,VVS2,1.35,IGI,4020.0
127,Michelle Kennedy,2,Round,1,1,0,18.1,1188.0,880.0,1170.0,-55.0,1883.1461,18.0,18.0,Super Ideal,E,VVS2,1.35,IGI,4020.0
127,Nebula Stones,2,Round,1,1,0,14.68,1185.04,877.81,1167.0,-57.0,1958.5309,18.0,18.0,Super Ideal,E,VVS2,1.35,IGI,4020.0
127,Oasis Diamonds,2,Round,1,1,0,14.69,1213.9,899.19,1196.0,-54.0,1876.8496,18.0,18.0,Super Ideal,E,VVS2,1.35,IGI,4020.0
127,Periwinkle Stones,2,Round,1,1,0,10.56,1204.0,891.85,1186.0,-56.0,1944.0656,18.0,18.0,Super Ideal,E,VVS2,1.35,IGI,4020.0
127,Promenade Jewelry,2,Round,1,1,0,16.79,1150.46,852.19,1133.0,-57.0,1937.2577,18.0,18.0,Super Ideal,E,VVS2,1.35,IGI,4020.0
127,Sigma Diamonds,2,Round,1,1,0,17.64,1157.18,857.17,1140.0,-57.0,1923.9802,18.0,18.0,Super Ideal,E,VVS2,1.35,IGI,4020.0
127,Silva Diamonds,2,Round,1,1,0,11.84,1148.0,850.37,1131.0,-57.0,1904.9255,18.0,18.0,Super Ideal,E,VVS2,1.35,IGI,4020.0
127,Simetría,2,Round,1,1,0,20.16,1118.0,828.15,1101.0,-58.0,1889.2753,18.0,18.0,Super Ideal,E,VVS2,1.35,IGI,4020.0
127,Taiga Gems,2,Round,1,1,0,10.01,1173.0,868.89,1155.0,-56.0,1928.7714,18.0,18.0,Super Ideal,E,VVS2,1.35,IGI,4020.0
127,Tamara,2,Round,1,1,0,12.55,1166.0,863.7,1149.0,-56.0,1916.652,18.0,18.0,Super Ideal,E,VVS2,1.35,IGI,4020.0
127,Temperley,2,Round,1,1,0,16.69,1207.93,894.76,1190.0,-55.0,1915.3286,18.0,18.0,Super Ideal,E,VVS2,1.35,IGI,4020.0
127,Tilia Diamonds,2,Round,1,1,0,14.14,1165.14,863.07,1148.0,-56.0,1908.1538,18.0,18.0,Super Ideal,E,VVS2,1.35,IGI,4020.0
127,Vega Diamonds,2,Round,1,1,0,15.88,1129.23,836.47,1112.0,-59.0,1981.7072,18.0,18.0,Super Ideal,E,VVS2,1.35,IGI,4020.0
127,White Lily,2,Round,1,1,0,13.75,1215.0,900.0,1197.0,-55.0,1940.3528,18.0,18.0,Super Ideal,E,VVS2,1.35,IGI,4020.0
128,Marlowe & Co,2,Round,1,1,0,16.34,364.17,638.89,359.0,-51.0,528.3739,18.0,18.0,Super Ideal,G,VVS2,0.57,IGI,760.0
134,Avignon Diamonds,2,Round,1,1,0,58.71,1977.0,1156.14,1947.0,-44.0,2549.2344,18.0,18.0,Ideal,D,VS1,1.71,IGI,7690.0
134,Camden Gems,2,Round,1,1,0,13.8,1941.0,1135.09,1912.0,-47.0,2603.6062,18.0,18.0,Ideal,D,VS1,1.71,IGI,7690.0
134,Equinox Jewels,2,Round,1,1,0,11.86,1941.0,1135.09,1912.0,-46.0,2595.0254,18.0,18.0,Ideal,D,VS1,1.71,IGI,7690.0
134,Eternity Fine Jewelers,2,Round,1,1,0,15.25,1977.0,1156.14,1947.0,-46.0,2641.5754,18.0,18.0,Ideal,D,VS1,1.71,IGI,7690.0
134,Infinity Diamonds,2,Round,1,1,0,16.8,1968.0,1150.88,1938.0,-45.0,2557.5437,18.0,18.0,Ideal,D,VS1,1.71,IGI,7690.0
134,Jane Brear,2,Round,2,1,0,12.78,1993.98,1166.07,1964.0,-45.0,2599.9048,18.0,18.0,Ideal,D,VS1,1.71,IGI,7690.0
134,Marlowe & Co,2,Round,1,1,0,15.76,2017.0,1179.53,1987.0,-45.0,2613.3069,17.0,18.0,Ideal,D,VS1,1.71,IGI,7690.0
134,Mei & Co,2,Round,2,1,0,15.26,1968.11,1150.94,1939.0,-47.0,2651.978,18.0,18.0,Ideal,D,VS1,1.71,IGI,7690.0
134,Michelle Kennedy,2,Round,1,1,0,12.53,1993.0,1165.5,1963.0,-45.0,2616.2161,18.0,18.0,Ideal,D,VS1,1.71,IGI,7690.0
134,N. B. Diamonds,2,Round,1,1,0,13.85,1944.0,1136.84,1915.0,-47.0,2622.397,18.0,18.0,Ideal,D,VS1,1.71,IGI,7690.0
134,Nebula Stones,2,Round,1,1,0,14.23,2003.93,1171.89,1974.0,-46.0,2661.7065,18.0,18.0,Ideal,D,VS1,1.71,IGI,7690.0
134,Oasis Diamonds,2,Round,1,1,0,13.61,2047.0,1197.08,2016.0,-44.0,2613.4919,18.0,18.0,Ideal,D,VS1,1.71,IGI,7690.0
134,Riley Stones,2,Round,1,1,0,12.96,1961.0,1146.78,1932.0,-47.0,2662.6992,18.0,18.0,Ideal,D,VS1,1.71,IGI,7690.0
134,Riviera Jewels,2,Round,1,1,0,15.64,1986.0,1161.4,1956.0,-45.0,2590.2031,18.0,18.0,Ideal,D,VS1,1.71,IGI,7690.0
134,Roma Diamonds,2,Round,1,1,0,12.67,1975.0,1154.97,1945.0,-46.0,2604.6426,18.0,18.0,Ideal,D,VS1,1.71,IGI,7690.0
134,Sigma Diamonds,2,Round,1,1,0,14.32,1941.0,1135.09,1912.0,-47.0,2611.6201,18.0,18.0,Ideal,D,VS1,1.71,IGI,7690.0
134,Silva Diamonds,2,Round,1,1,0,13.07,1941.0,1135.09,1912.0,-46.0,2557.6851,18.0,18.0,Ideal,D,VS1,1.71,IGI,7690.0
134,Simetría,2,Round,1,1,0,18.69,1937.06,1132.78,1908.0,-47.0,2606.0212,18.0,18.0,Ideal,D,VS1,1.71,IGI,7690.0
134,Summit Gems,2,Round,1,1,0,12.52,1968.0,1150.88,1938.0,-47.0,2645.9985,18.0,18.0,Ideal,D,VS1,1.71,IGI,7690.0
134,Temperley,2,Round,1,1,0,17.37,2037.0,1191.23,2006.0,-45.0,2644.0898,18.0,18.0,Ideal,D,VS1,1.71,IGI,7690.0
134,Tilia Diamonds,2,Round,1,1,0,11.77,1985.02,1160.83,1955.0,-46.0,2611.1555,18.0,18.0,Ideal,D,VS1,1.71,IGI,7690.0
134,White Lily,2,Round,1,1,0,12.64,1993.0,1165.5,1963.0,-45.0,2611.5046,18.0,18.0,Ideal,D,VS1,1.71,IGI,7690.0
136,Temperley,2,Round,1,1,0,11.27,1895.48,1070.89,1867.0,2.0,1327.7622,18.0,18.0,Super Ideal,I,SI2,1.77,IGI,2880.0
147,Cirrus Gems,2,Round,1,1,0,18.44,3335.0,1272.9,3285.0,-64.0,6699.9736,18.0,18.0,Ideal,G,VVS2,2.62,IGI,11590.0
147,Jane Brear,2,Round,1,1,0,15.81,3516.33,1342.11,3464.0,-61.0,6524.9736,18.0,18.0,Ideal,G,VVS2,2.62,IGI,11590.0
147,Michelle Kennedy,2,Round,1,1,0,15.62,3503.0,1337.02,3450.0,-62.0,6559.5581,18.0,18.0,Ideal,G,VVS2,2.62,IGI,11590.0
147,N. B. Diamonds,2,Round,1,1,0,19.2,3382.0,1290.84,3331.0,-63.0,6474.1025,18.0,18.0,Ideal,G,VVS2,2.62,IGI,11590.0
147,Temperley,2,Round,1,1,0,17.25,3503.0,1337.02,3450.0,-61.0,6489.4756,18.0,18.0,Ideal,G,VVS2,2.62,IGI,11590.0
147,White Lily,2,Round,1,1,0,15.43,3495.0,1333.97,3443.0,-62.0,6518.0454,18.0,18.0,Ideal,G,VVS2,2.62,IGI,11590.0
148,Cirrus Gems,2,Round,1,1,0,19.63,1083.0,746.9,1067.0,-53.0,1643.7135,18.0,18.0,Ideal,F,VS2,1.45,IGI,3610.0
148,Fabiola,2,Round,1,1,0,14.39,1088.0,750.34,1072.0,-53.0,1647.2404,18.0,18.0,Ideal,F,VS2,1.45,IGI,3610.0
148,Jane Brear,2,Round,1,1,0,22.51,1109.92,765.46,1093.0,-53.0,1673.6829,18.0,18.0,Ideal,F,VS2,1.45,IGI,3610.0
148,Michelle Kennedy,2,Round,1,1,0,19.78,1109.92,765.46,1093.0,-51.0,1610.7119,18.0,18.0,Ideal,F,VS2,1.45,IGI,3610.0
148,Serene Peaks Diamonds,2,Round,1,1,0,16.32,1106.0,762.76,1089.0,-52.0,1644.1676,17.0,18.0,Ideal,F,VS2,1.45,IGI,3610.0
148,Sigma Diamonds,2,Round,1,1,0,12.82,1092.0,753.1,1076.0,-52.0,1627.697,18.0,18.0,Ideal,F,VS2,1.45,IGI,3610.0
148,Temperley,2,Round,1,1,0,18.36,1109.92,765.46,1093.0,-52.0,1656.4485,18.0,18.0,Ideal,F,VS2,1.45,IGI,3610.0
148,White Lily,2,Round,1,1,0,20.78,1109.92,765.46,1093.0,-53.0,1701.4077,18.0,18.0,Ideal,F,VS2,1.45,IGI,3610.0
151,Michelle Kennedy,2,Round,1,1,0,19.43,1540.0,747.57,1517.0,-63.0,3005.5549,18.0,18.0,Ideal,I,VS1,2.06,IGI,4995.0
151,White Lily,2,Round,1,1,0,13.43,3422.0,1661.17,3371.0,-17.0,2952.4507,18.0,18.0,Ideal,I,VS1,2.06,IGI,4995.0
156,Fabiola,2,Cushion,1,1,0,17.59,699.48,679.11,689.0,-62.0,1169.3502,14.0,15.0,Very Good,F,SI1,1.03,IGI,1700.0
156,Moyie,2,Cushion,1,1,0,17.72,723.0,701.94,712.0,-63.0,1228.2954,15.0,15.0,Very Good,F,SI1,1.03,IGI,1700.0
158,Albert's Creations,2,Round,1,1,0,11.7,4387.0,1733.99,4321.0,-64.0,8765.0,18.0,18.0,Super Ideal,D,VVS2,2.53,IGI,17000.0
158,Avignon Diamonds,2,Round,1,1,0,10.75,4255.0,1681.82,4191.0,-66.0,8850.3564,18.0,18.0,Super Ideal,D,VVS2,2.53,IGI,17000.0
158,CV Diamonds,2,Round,1,1,0,10.57,4411.0,1743.48,4345.0,-63.0,8561.5244,18.0,18.0,Super Ideal,D,VVS2,2.53,IGI,17000.0
158,Felicity Diamonds,2,Round,1,1,0,11.36,4411.0,1743.48,4345.0,-64.0,8867.6162,18.0,18.0,Super Ideal,D,VVS2,2.53,IGI,17000.0
158,Jane Brear,2,Round,1,1,0,16.74,4409.0,1742.69,4343.0,-64.0,8774.582,18.0,18.0,Super Ideal,D,VVS2,2.53,IGI,17000.0
158,La Marquise,2,Round,1,1,0,16.6,4388.0,1734.39,4322.0,-64.0,8655.5547,18.0,18.0,Super Ideal,D,VVS2,2.53,IGI,17000.0
158,Meridian Gems,2,Round,1,1,0,11.37,4605.0,1820.16,4536.0,-62.0,8650.9492,18.0,18.0,Super Ideal,D,VVS2,2.53,IGI,17000.0
158,Michelle Kennedy,2,Round,1,1,0,14.19,4411.0,1743.48,4345.0,-65.0,8944.0342,18.0,18.0,Super Ideal,D,VVS2,2.53,IGI,17000.0
158,Sara's Diamonds,2,Round,1,1,0,62.52,4546.0,1796.84,4478.0,-64.0,8946.1465,18.0,18.0,Super Ideal,D,VVS2,2.53,IGI,17000.0
158,Serenade Diamonds,2,Round,1,1,0,14.5,4191.0,1656.52,4128.0,-66.0,8776.4248,18.0,18.0,Super Ideal,D,VVS2,2.53,IGI,17000.0
158,Temperley,2,Round,1,1,0,13.78,4411.0,1743.48,4345.0,-65.0,9028.1787,18.0,18.0,Super Ideal,D,VVS2,2.53,IGI,17000.0
162,Jane Brear,2,Round,1,1,0,16.45,2457.0,1101.79,2420.0,-62.0,4689.0122,18.0,18.0,Super Ideal,E,VS2,2.23,IGI,9090.0
162,Michelle Kennedy,2,Round,1,1,0,15.15,2433.77,1091.38,2397.0,-62.0,4590.0869,18.0,18.0,Super Ideal,E,VS2,2.23,IGI,9090.0
162,Periwinkle Stones,2,Round,1,1,0,17.38,2459.0,1102.69,2422.0,-63.0,4751.9873,18.0,18.0,Super Ideal,E,VS2,2.23,IGI,9090.0
162,White Lily,2,Round,1,1,0,17.84,2433.77,1091.38,2397.0,-62.0,4592.314,18.0,18.0,Super Ideal,E,VS2,2.23,IGI,9090.0
166,Jane Brear,2,Round,1,1,0,10.06,344.0,430.0,339.0,-51.0,499.8397,18.0,18.0,Super Ideal,G,VS1,0.8,IGI,1270.0
173,Temperley,2,Round,1,1,0,14.45,1866.0,1072.41,1838.0,-24.0,1758.9639,18.0,18.0,Super Ideal,J,VS1,1.74,IGI,3090.0
174,Clermont Diamonds,2,Round,1,1,0,11.35,896.0,722.58,883.0,-65.0,1814.0237,18.0,18.0,Ideal,G,VVS2,1.24,IGI,3013.33
174,Michelle Kennedy,2,Round,1,2,0,17.11,915.4,738.23,902.0,-64.0,1846.1003,18.0,18.0,Ideal,G,VVS2,1.24,IGI,3013.33
174,Roma Diamonds,2,Round,1,1,0,12.42,903.0,728.23,889.0,-64.0,1815.3163,18.0,18.0,Ideal,G,VVS2,1.24,IGI,3013.33
174,Sunset Gems,2,Round,1,1,0,20.58,890.83,718.41,877.0,-65.0,1826.3656,18.0,18.0,Ideal,G,VVS2,1.24,IGI,3013.33
174,Taiga Gems,2,Round,1,1,0,17.36,888.9,716.85,876.0,-65.0,1841.2343,18.0,18.0,Ideal,G,VVS2,1.24,IGI,3013.33
174,Temperley,2,Round,1,1,0,15.72,962.16,775.94,948.0,-60.0,1727.1899,18.0,18.0,Ideal,G,VVS2,1.24,IGI,3013.33
175,Silva Diamonds,2,Radiant,1,1,0,15.2,322.0,644.0,317.0,-66.0,613.5491,15.0,15.0,Very Good,D,SI1,0.5,IGI,600.0
179,Bella Gems,2,Round,1,1,0,11.36,1717.0,1066.46,1691.0,-59.0,2985.6018,18.0,18.0,Super Ideal,E,VVS2,1.61,IGI,6110.0
179,Clermont Diamonds,2,Round,1,1,0,14.34,1723.0,1070.19,1697.0,-60.0,3081.625,18.0,18.0,Super Ideal,E,VVS2,1.61,IGI,6110.0
179,Ember Star,2,Round,1,1,0,15.26,1726.32,1072.25,1700.0,-60.0,3087.0469,18.0,18.0,Super Ideal,E,VVS2,1.61,IGI,6110.0
179,Equinox Jewels,2,Round,1,1,0,11.27,1769.0,1098.76,1742.0,-58.0,3051.4185,18.0,18.0,Super Ideal,E,VVS2,1.61,IGI,6110.0
179,Eternity Fine Jewelers,2,Round,1,1,0,15.51,1721.0,1068.94,1695.0,-59.0,2998.228,18.0,18.0,Super Ideal,E,VVS2,1.61,IGI,6110.0
179,Fiona Clément,2,Round,1,1,0,14.33,1713.0,1063.98,1687.0,-59.0,2992.4458,18.0,18.0,Super Ideal,E,VVS2,1.61,IGI,6110.0
179,Jane Brear,2,Round,1,1,0,11.25,2003.0,1244.1,1973.0,-53.0,3060.4341,18.0,18.0,Super Ideal,E,VVS2,1.61,IGI,6110.0
179,Michelle Kennedy,2,Round,1,1,0,16.45,1749.82,1086.84,1724.0,-58.0,3007.7534,18.0,18.0,Super Ideal,E,VVS2,1.61,IGI,6110.0
179,Rosella,2,Round,1,1,0,13.39,1708.0,1060.87,1682.0,-61.0,3136.0842,18.0,18.0,Super Ideal,E,VVS2,1.61,IGI,6110.0
179,Summit Gems,2,Round,1,1,0,15.26,1721.35,1069.16,1696.0,-59.0,2994.8938,18.0,18.0,Super Ideal,E,VVS2,1.61,IGI,6110.0
179,Tamara,2,Round,1,1,0,16.93,1736.0,1078.26,1710.0,-60.0,3082.0125,18.0,18.0,Super Ideal,E,VVS2,1.61,IGI,6110.0
179,Temperley,2,Round,1,1,0,12.93,1761.15,1093.88,1735.0,-58.0,3019.4131,18.0,18.0,Super Ideal,E,VVS2,1.61,IGI,6110.0
179,Thalassa Gems,2,Round,1,1,0,14.42,1713.0,1063.98,1687.0,-60.0,3055.9309,18.0,18.0,Super Ideal,E,VVS2,1.61,IGI,6110.0
179,Vega Diamonds,2,Round,1,1,0,13.02,1670.0,1037.27,1645.0,-61.0,3099.6414,18.0,18.0,Super Ideal,E,VVS2,1.61,IGI,6110.0
179,White Lily,2,Round,1,1,0,11.59,1756.0,1090.68,1730.0,-58.0,3021.9849,18.0,18.0,Super Ideal,E,VVS2,1.61,IGI,6110.0
186,Cornerstone,2,Oval,2,2,0,14.84,363.0,684.91,358.0,-58.0,577.5008,15.0,15.0,Super Ideal,D,VVS2,0.53,IGI,852.5
186,Eternal Flame,2,Oval,2,2,0,16.2,371.0,700.0,365.0,-61.0,643.071,15.0,15.0,Super Ideal,D,VVS2,0.53,IGI,852.5
186,Magnolia,2,Oval,2,2,0,10.11,357.0,673.58,352.0,-63.0,655.3676,15.0,15.0,Super Ideal,D,VVS2,0.53,IGI,852.5
186,Meadow & Co,2,Oval,1,1,0,14.13,373.0,703.77,367.0,-58.0,596.4844,15.0,15.0,Super Ideal,D,VVS2,0.53,IGI,852.5
186,Michelle Kennedy,2,Oval,1,2,0,16.01,369.65,697.45,364.0,-54.0,541.934,15.0,15.0,Super Ideal,D,VVS2,0.53,IGI,852.5
186,Promenade Jewelry,2,Oval,1,2,0,15.04,346.0,652.83,341.0,-56.0,534.0332,15.0,15.0,Super Ideal,D,VVS2,0.53,IGI,852.5
186,Rosella,2,Oval,2,2,0,13.43,346.0,652.83,341.0,-65.0,662.7573,15.0,15.0,Super Ideal,D,VVS2,0.53,IGI,852.5
186,Silva Diamonds,2,Oval,1,1,0,12.11,362.0,683.02,357.0,107.0,117.548,15.0,15.0,Super Ideal,D,VVS2,0.53,IGI,852.5
186,Temperley,2,Oval,1,1,0,11.59,387.0,730.19,381.0,-57.0,610.207,15.0,15.0,Super Ideal,D,VVS2,0.53,IGI,852.5
189,Bayside Gems,2,Round,1,1,0,17.13,859.95,811.27,847.0,-66.0,1792.1049,18.0,18.0,Super Ideal,D,VVS2,1.06,IGI,3163.33
189,Cascade Diamonds,2,Round,1,1,0,15.07,890.0,839.62,877.0,-64.0,1748.0112,18.0,18.0,Super Ideal,D,VVS2,1.06,IGI,3163.33
189,Ember Star,2,Round,1,1,0,13.73,873.46,824.02,860.0,-65.0,1767.3645,18.0,18.0,Super Ideal,D,VVS2,1.06,IGI,3163.33
189,Equinox Jewels,2,Round,1,1,0,10.32,887.0,836.79,874.0,-65.0,1817.3192,18.0,18.0,Super Ideal,D,VVS2,1.06,IGI,3163.33
189,Eternity Fine Jewelers,2,Round,1,1,0,11.96,886.54,836.36,873.0,-64.0,1743.0889,18.0,18.0,Super Ideal,D,VVS2,1.06,IGI,3163.33
189,Hazel Diamonds,2,Round,1,1,0,13.11,881.0,831.13,868.0,-65.0,1778.0029,18.0,18.0,Super Ideal,D,VVS2,1.06,IGI,3163.33
189,Iris Diamonds,2,Round,1,1,0,93.2,886.0,835.85,873.0,-64.0,1749.432,18.0,18.0,Super Ideal,D,VVS2,1.06,IGI,3163.33
189,Joan Cooper,2,Round,1,1,0,14.14,872.62,823.23,860.0,-64.0,1757.7007,18.0,18.0,Super Ideal,D,VVS2,1.06,IGI,3163.33
189,Knox Diamonds,2,Round,1,1,0,13.07,878.58,828.85,865.0,-64.0,1753.0874,18.0,18.0,Super Ideal,D,VVS2,1.06,IGI,3163.33
189,Michelle Kennedy,2,Round,1,1,0,13.49,885.0,834.91,872.0,-64.0,1754.2679,18.0,18.0,Super Ideal,D,VVS2,1.06,IGI,3163.33
189,N. B. Diamonds,2,Round,1,1,0,10.64,888.0,837.74,875.0,-65.0,1793.7836,18.0,18.0,Super Ideal,D,VVS2,1.06,IGI,3163.33
189,Promenade Jewelry,2,Round,1,1,0,13.51,878.0,828.3,865.0,-65.0,1785.2242,18.0,18.0,Super Ideal,D,VVS2,1.06,IGI,3163.33
189,Riviera Jewels,2,Round,1,1,0,13.73,889.0,838.68,876.0,-64.0,1757.7061,18.0,18.0,Super Ideal,D,VVS2,1.06,IGI,3163.33
189,Roma Diamonds,2,Round,1,2,0,14.45,886.0,835.85,873.0,-65.0,1794.9965,18.0,18.0,Super Ideal,D,VVS2,1.06,IGI,3163.33
189,Serenade Diamonds,2,Round,1,1,0,15.15,888.0,837.74,875.0,-64.0,1769.4586,18.0,18.0,Super Ideal,D,VVS2,1.06,IGI,3163.33
189,Silva Diamonds,2,Round,1,1,0,11.63,885.0,834.91,872.0,-64.0,1771.5114,18.0,18.0,Super Ideal,D,VVS2,1.06,IGI,3163.33
189,Simetría,2,Round,1,1,0,10.55,884.56,834.49,871.0,-64.0,1769.1342,18.0,18.0,Super Ideal,D,VVS2,1.06,IGI,3163.33
189,Temperley,2,Round,1,1,0,17.08,870.57,821.29,858.0,-64.0,1754.5801,18.0,18.0,Super Ideal,D,VVS2,1.06,IGI,3163.33
189,Tilia Diamonds,2,Round,1,1,0,15.27,881.57,831.67,868.0,-64.0,1760.0217,18.0,18.0,Super Ideal,D,VVS2,1.06,IGI,3163.33
189,Westport Jewelry,2,Round,1,1,0,13.61,884.0,833.96,871.0,-64.0,1751.4343,18.0,18.0,Super Ideal,D,VVS2,1.06,IGI,3163.33
189,White Lily,2,Round,1,1,0,15.25,879.25,829.48,866.0,-66.0,1830.1759,18.0,18.0,Super Ideal,D,VVS2,1.06,IGI,3163.33
189,Zimmerman Diamonds,2,Round,1,1,0,13.11,887.54,837.3,874.0,-64.0,1751.8467,18.0,18.0,Super Ideal,D,VVS2,1.06,IGI,3163.33
191,Albert's Creations,2,Oval,1,1,0,17.71,824.86,749.87,812.0,-54.0,1195.1432,15.0,15.0,Super Ideal,E,SI1,1.1,IGI,1880.0
191,Michelle Kennedy,2,Oval,1,1,0,18.46,837.79,761.63,825.0,-56.0,1272.8805,15.0,15.0,Super Ideal,E,SI1,1.1,IGI,1880.0
191,Periwinkle Stones,2,Oval,1,1,0,18.02,831.0,755.45,819.0,-54.0,1220.8666,15.0,15.0,Super Ideal,E,SI1,1.1,IGI,1880.0
191,Taiga Gems,2,Oval,1,1,0,19.02,813.0,739.09,801.0,-55.0,1209.0128,15.0,15.0,Super Ideal,E,SI1,1.1,IGI,1880.0
191,Temperley,2,Oval,1,1,0,18.19,844.0,767.27,831.0,-53.0,1205.3135,15.0,15.0,Super Ideal,E,SI1,1.1,IGI,1880.0
191,Vega Diamonds,2,Oval,1,1,0,16.91,800.11,727.37,788.0,-56.0,1228.4349,15.0,15.0,Super Ideal,E,SI1,1.1,IGI,1880.0
191,White Lily,2,Oval,1,1,0,13.48,827.84,752.58,815.0,-54.0,1200.9125,15.0,15.0,Super Ideal,E,SI1,1.1,IGI,1880.0
194,Meridian Crafts,2,Round,1,1,0,10.58,604.0,671.11,595.0,-58.0,1019.5461,18.0,18.0,Super Ideal,G,VS1,0.9,IGI,1673.33
194,Nova Stars,2,Round,1,1,0,12.26,577.0,641.11,568.0,-57.0,961.8353,18.0,18.0,Super Ideal,G,VS1,0.9,IGI,1673.33
194,Periwinkle Stones,2,Round,1,1,0,22.65,606.95,674.39,598.0,-52.0,907.4232,18.0,18.0,Super Ideal,G,VS1,0.9,IGI,1673.33
194,White Lily,2,Round,1,1,0,19.92,743.26,825.84,732.0,-47.0,995.8341,18.0,18.0,Super Ideal,G,VS1,0.9,IGI,1673.33
196,Simetría,2,Cushion,1,1,0,19.55,841.0,832.67,828.0,-63.0,1418.3505,14.0,15.0,Good,E,VS1,1.01,IGI,2300.0
198,Jane Brear,2,Emerald,1,1,0,16.66,340.7,486.71,336.0,-54.0,473.5909,15.0,15.0,Super Ideal,E,VS2,0.7,IGI,1080.0
198,Michelle Kennedy,2,Emerald,1,1,0,20.74,340.7,486.71,336.0,-50.0,441.9435,15.0,15.0,Super Ideal,E,VS2,0.7,IGI,1080.0
198,Sunset Gems,2,Emerald,1,2,0,19.62,328.0,468.57,323.0,-58.0,496.5793,15.0,15.0,Super Ideal,E,VS2,0.7,IGI,1080.0
198,Temperley,2,Emerald,1,1,0,16.8,340.7,486.71,336.0,-58.0,524.2167,15.0,15.0,Super Ideal,E,VS2,0.7,IGI,1080.0
198,White Lily,2,Emerald,1,1,0,19.72,340.7,486.71,336.0,-53.0,470.7404,15.0,15.0,Super Ideal,E,VS2,0.7,IGI,1080.0
200,Cirrus Gems,2,Emerald,1,2,0,20.3,615.0,615.0,606.0,-59.0,953.7314,15.0,15.0,Super Ideal,J,VS2,1.0,IGI,1120.0
200,White Lily,2,Emerald,1,1,0,85.29,634.0,634.0,624.0,-58.0,965.1373,15.0,15.0,Super Ideal,J,VS2,1.0,IGI,1120.0
203,Marlowe & Co,2,Round,1,1,0,3.94,327.0,594.55,322.0,-56.0,531.8379,18.0,18.0,Super Ideal,G,VVS2,0.55,IGI,736.67
204,Jane Brear,2,Oval,1,1,0,11.5,306.92,697.55,302.0,-32.0,305.0824,15.0,15.0,Very Good,D,VS2,0.44,IGI,460.0
204,Michelle Kennedy,2,Oval,1,1,0,14.09,306.92,697.55,302.0,-33.0,309.0467,15.0,15.0,Very Good,D,VS2,0.44,IGI,460.0
205,White Lily,2,Round,1,1,0,15.25,1907.42,840.27,1879.0,-60.0,3380.3889,18.0,18.0,Ideal,H,VS2,2.27,IGI,6560.0
206,Cirrus Gems,2,Round,1,1,0,18.45,1832.0,832.73,1805.0,-65.0,3718.7622,18.0,18.0,Super Ideal,I,VVS2,2.2,IGI,5810.0
206,Oasis Diamonds,2,Round,1,2,0,15.38,1889.0,858.64,1861.0,-63.0,3689.9434,18.0,18.0,Super Ideal,I,VVS2,2.2,IGI,5810.0
207,Genesis Stones,2,Pear,1,1,0,14.97,1535.55,971.87,1513.0,-59.0,2422.5505,15.0,15.0,Super Ideal,F,VS2,1.58,IGI,4410.0
207,Jane Brear,2,Pear,1,1,0,14.58,1415.0,895.57,1394.0,-62.0,2437.0081,15.0,15.0,Super Ideal,F,VS2,1.58,IGI,4410.0
207,Michelle Kennedy,2,Pear,1,1,0,13.53,1465.0,927.22,1443.0,-60.0,2399.3489,15.0,15.0,Super Ideal,F,VS2,1.58,IGI,4410.0
207,Starlit Stones,2,Pear,1,1,0,59.58,1450.0,917.72,1428.0,-61.0,2385.7446,15.0,15.0,Super Ideal,F,VS2,1.58,IGI,4410.0
207,Taiga Gems,2,Pear,1,1,0,14.61,1401.4,886.96,1380.0,-62.0,2423.1675,15.0,15.0,Super Ideal,F,VS2,1.58,IGI,4410.0
207,Vega Diamonds,2,Pear,1,1,0,14.79,1395.61,883.3,1375.0,-63.0,2422.6958,15.0,15.0,Super Ideal,F,VS2,1.58,IGI,4410.0
209,Diamonds by Zoya,2,Pear,2,2,0,79.76,356.0,712.0,351.0,-45.0,420.8418,15.0,15.0,Super Ideal,E,VVS2,0.5,IGI,670.0
209,Eternal Flame,2,Pear,2,2,0,13.19,371.0,742.0,365.0,-44.0,429.9055,15.0,15.0,Super Ideal,E,VVS2,0.5,IGI,670.0
209,Hoseki,2,Pear,1,2,0,13.81,337.3,674.6,332.0,-50.0,435.3756,15.0,15.0,Super Ideal,E,VVS2,0.5,IGI,670.0
209,Jane Brear,2,Pear,2,2,0,17.29,349.24,698.48,344.0,-54.0,494.9378,15.0,15.0,Super Ideal,E,VVS2,0.5,IGI,670.0
209,Michelle Kennedy,2,Pear,1,1,0,13.45,347.45,694.9,342.0,-52.0,472.8021,15.0,15.0,Super Ideal,E,VVS2,0.5,IGI,670.0
209,Promenade Jewelry,2,Pear,1,1,0,10.55,316.0,632.0,311.0,-54.0,441.7547,15.0,15.0,Super Ideal,E,VVS2,0.5,IGI,670.0
209,Rosella,2,Pear,2,2,0,11.43,306.0,612.0,301.0,-59.0,488.256,15.0,15.0,Super Ideal,E,VVS2,0.5,IGI,670.0
210,Jane Brear,2,Radiant,1,1,0,14.66,4681.48,1519.96,4611.0,-66.0,8929.5898,15.0,15.0,Super Ideal,G,VVS2,3.08,IGI,16070.0
210,Michelle Kennedy,2,Radiant,1,1,0,18.92,4505.0,1462.66,4437.0,-68.0,9265.0225,15.0,15.0,Super Ideal,G,VVS2,3.08,IGI,16070.0
210,Taiga Gems,2,Radiant,1,1,0,12.29,4692.0,1523.38,4622.0,-67.0,9115.6533,15.0,15.0,Super Ideal,G,VVS2,3.08,IGI,16070.0
210,Temperley,2,Radiant,1,1,0,16.61,4529.56,1470.64,4462.0,-67.0,8940.374,15.0,15.0,Super Ideal,G,VVS2,3.08,IGI,16070.0
210,White Lily,2,Radiant,1,1,0,11.78,4686.0,1521.43,4616.0,-66.0,8916.6064,15.0,15.0,Super Ideal,G,VVS2,3.08,IGI,16070.0
213,Cirrus Gems,2,Round,1,1,0,23.11,705.52,665.58,695.0,-58.0,1196.5312,18.0,18.0,Ideal,I,VVS2,1.06,IGI,1810.77
213,White Lily,2,Round,1,1,0,14.04,711.0,670.75,700.0,-55.0,1127.0963,18.0,18.0,Ideal,I,VVS2,1.06,IGI,1810.77
215,Blackbird Gems,2,Round,1,2,0,17.67,3546.18,1182.06,3493.0,-65.0,7288.2417,17.0,18.0,Ideal,G,VS2,3.0,IGI,15010.0
215,Jane Brear,2,Round,1,1,0,14.98,3553.0,1184.33,3500.0,-65.0,7207.3184,18.0,18.0,Ideal,G,VS2,3.0,IGI,15010.0
215,Mei & Co,2,Round,1,1,0,15.34,3551.0,1183.67,3498.0,-64.0,6991.8315,18.0,18.0,Ideal,G,VS2,3.0,IGI,15010.0
215,Michelle Kennedy,2,Round,1,1,0,11.36,3553.0,1184.33,3500.0,-65.0,7270.0288,18.0,18.0,Ideal,G,VS2,3.0,IGI,15010.0
215,Periwinkle Stones,2,Round,1,1,0,16.36,3540.0,1180.0,3487.0,-65.0,7165.3965,18.0,18.0,Ideal,G,VS2,3.0,IGI,15010.0
215,Roma Diamonds,2,Round,1,1,0,11.78,3526.0,1175.33,3473.0,-64.0,7035.3281,18.0,18.0,Ideal,G,VS2,3.0,IGI,15010.0
215,Temperley,2,Round,1,1,0,13.44,3544.0,1181.33,3491.0,-64.0,7054.1294,18.0,18.0,Ideal,G,VS2,3.0,IGI,15010.0
215,White Lily,2,Round,1,1,0,17.4,3591.95,1197.32,3538.0,-64.0,7057.0762,18.0,18.0,Ideal,G,VS2,3.0,IGI,15010.0
217,Temperley,2,Round,1,1,0,11.79,1300.0,802.47,1280.0,-54.0,2021.0759,18.0,18.0,Ideal,H,VS1,1.62,IGI,3640.0
235,Eterna Luxe,2,Oval,1,1,0,14.69,2245.0,1053.99,2211.0,-62.0,3949.0107,15.0,15.0,Super Ideal,G,VS1,2.13,IGI,8960.0
235,Jane Brear,2,Oval,1,1,0,16.75,2195.72,1030.85,2163.0,-62.0,3873.5542,15.0,15.0,Super Ideal,G,VS1,2.13,IGI,8960.0
235,Kaylin Crafts,2,Oval,1,1,0,13.73,2187.0,1026.76,2154.0,-63.0,3980.0989,15.0,15.0,Super Ideal,G,VS1,2.13,IGI,8960.0
235,Michelle Kennedy,2,Oval,1,1,0,16.92,2199.58,1032.67,2167.0,-62.0,3917.6392,15.0,15.0,Super Ideal,G,VS1,2.13,IGI,8960.0
235,Temperley,2,Oval,1,1,0,17.08,2197.65,1031.76,2165.0,-64.0,4081.9658,15.0,15.0,Super Ideal,G,VS1,2.13,IGI,8960.0
235,White Lily,2,Oval,1,1,0,18.11,2211.16,1038.1,2178.0,-62.0,3920.8284,15.0,15.0,Super Ideal,G,VS1,2.13,IGI,8960.0
236,White Lily,2,Cushion,1,1,0,12.89,818.0,801.96,806.0,-59.0,1269.194,13.0,15.0,Good,E,VS2,1.02,IGI,2165.0
238,Jane Brear,2,Oval,1,2,0,13.46,491.53,983.06,484.0,-6.0,352.1496,14.0,15.0,Very Good,H,VS2,0.5,IGI,506.67
238,Temperley,2,Oval,1,2,0,13.89,491.53,983.06,484.0,-14.0,386.5205,15.0,15.0,Very Good,H,VS2,0.5,IGI,506.67
245,Cirrus Gems,2,Round,1,1,0,14.81,1197.0,757.59,1179.0,-62.0,2281.8984,18.0,18.0,Super Ideal,I,VVS2,1.58,IGI,3170.0
245,Jane Brear,2,Round,1,1,0,11.96,1268.62,802.92,1250.0,-61.0,2323.5166,18.0,18.0,Super Ideal,I,VVS2,1.58,IGI,3170.0
245,Michelle Kennedy,2,Round,1,1,0,,2026.82,1282.8,1996.0,-37.0,2287.4766,18.0,18.0,Super Ideal,I,VVS2,1.58,IGI,3170.0
246,Cirrus Gems,2,Round,1,1,0,95.03,2586.0,1208.41,2547.0,-61.0,4752.6675,18.0,18.0,Ideal,D,VS1,2.14,IGI,9930.0
246,Jane Brear,2,Round,1,1,0,15.53,2701.42,1262.35,2661.0,-60.0,4783.6631,18.0,18.0,Ideal,D,VS1,2.14,IGI,9930.0
246,Marble Arch,2,Round,1,1,0,95.98,2681.0,1252.8,2641.0,-59.0,4678.9224,17.0,18.0,Ideal,D,VS1,2.14,IGI,9930.0
246,Michelle Kennedy,2,Round,1,1,0,10.73,2663.0,1244.39,2623.0,-59.0,4636.2256,18.0,18.0,Ideal,D,VS1,2.14,IGI,9930.0
246,Temperley,2,Round,1,1,0,10.36,2650.0,1238.32,2610.0,-60.0,4778.0078,18.0,18.0,Ideal,D,VS1,2.14,IGI,9930.0
246,Tierra Mia Diamonds,2,Round,1,1,0,17.09,2626.0,1227.1,2587.0,-61.0,4813.8135,18.0,18.0,Ideal,D,VS1,2.14,IGI,9930.0
246,White Lily,2,Round,1,1,0,14.09,2701.42,1262.35,2661.0,-59.0,4663.6084,18.0,18.0,Ideal,D,VS1,2.14,IGI,9930.0
250,Albert's Creations,2,Princess,1,1,0,11.49,1019.0,926.36,1004.0,-64.0,1810.2871,15.0,15.0,Super Ideal,E,VVS2,1.1,IGI,2980.0
250,CV Diamonds,2,Princess,1,2,0,15.83,1051.0,955.45,1035.0,-63.0,1798.8151,15.0,15.0,Super Ideal,E,VVS2,1.1,IGI,2980.0
250,Hoseki,2,Princess,1,1,0,17.53,1034.0,940.0,1018.0,-64.0,1826.1113,15.0,15.0,Super Ideal,E,VVS2,1.1,IGI,2980.0
250,Jane Brear,2,Princess,1,1,0,14.99,1059.68,963.35,1044.0,-63.0,1829.1785,15.0,15.0,Super Ideal,E,VVS2,1.1,IGI,2980.0
250,Lotus Creation,2,Princess,1,1,0,15.44,1008.58,916.89,993.0,-65.0,1856.1576,15.0,15.0,Super Ideal,E,VVS2,1.1,IGI,2980.0
250,Marlowe & Co,2,Princess,1,1,0,14.85,1059.0,962.73,1043.0,-64.0,1858.7181,15.0,15.0,Super Ideal,E,VVS2,1.1,IGI,2980.0
250,Nebula Stones,2,Princess,1,1,0,16.77,1029.0,935.45,1014.0,-63.0,1785.2362,15.0,15.0,Super Ideal,E,VVS2,1.1,IGI,2980.0
250,Periwinkle Stones,2,Princess,1,1,0,10.08,1046.0,950.91,1030.0,-63.0,1780.0281,15.0,15.0,Super Ideal,E,VVS2,1.1,IGI,2980.0
250,Rosella,2,Princess,1,1,0,15.05,997.97,907.25,983.0,-65.0,1807.8901,15.0,15.0,Super Ideal,E,VVS2,1.1,IGI,2980.0
250,Sigma Diamonds,2,Princess,1,1,0,15.86,1019.0,926.36,1004.0,-64.0,1781.9199,15.0,15.0,Super Ideal,E,VVS2,1.1,IGI,2980.0
250,Simetría,2,Princess,1,1,0,19.11,1003.0,911.82,988.0,-65.0,1806.1632,15.0,15.0,Super Ideal,E,VVS2,1.1,IGI,2980.0
250,Taiga Gems,2,Princess,1,1,0,13.01,996.0,905.45,981.0,-64.0,1750.4589,15.0,15.0,Super Ideal,E,VVS2,1.1,IGI,2980.0
250,Temperley,2,Princess,1,1,0,14.24,1070.62,973.29,1055.0,-62.0,1780.0281,15.0,15.0,Super Ideal,E,VVS2,1.1,IGI,2980.0
250,Thalassa Gems,2,Princess,1,1,0,10.22,1019.0,926.36,1004.0,-65.0,1837.5834,15.0,15.0,Super Ideal,E,VVS2,1.1,IGI,2980.0
250,Tierra Mia Diamonds,2,Princess,1,1,0,13.3,1009.0,917.27,994.0,-65.0,1809.7144,15.0,15.0,Super Ideal,E,VVS2,1.1,IGI,2980.0
250,White Lily,2,Princess,1,1,0,15.82,1059.68,963.35,1044.0,-63.0,1832.6444,15.0,15.0,Super Ideal,E,VVS2,1.1,IGI,2980.0
251,Bayside Gems,2,Emerald,1,1,0,15.28,649.0,713.19,639.0,-47.0,789.1384,15.0,15.0,Super Ideal,F,SI1,0.91,IGI,1420.0
251,Jane Brear,2,Emerald,1,1,0,16.75,610.94,671.36,602.0,-53.0,827.3062,15.0,15.0,Super Ideal,F,SI1,0.91,IGI,1420.0
251,Michelle Kennedy,2,Emerald,1,1,0,22.45,606.0,665.93,597.0,-52.0,812.2679,15.0,15.0,Super Ideal,F,SI1,0.91,IGI,1420.0
255,Promenade Jewelry,2,Radiant,1,2,0,17.4,326.22,627.35,321.0,-58.0,504.036,13.0,15.0,Very Good,G,VS1,0.52,IGI,590.0
257,Albert's Creations,2,Oval,1,1,0,14.15,4054.0,1621.6,3993.0,-64.0,7625.8267,15.0,15.0,Super Ideal,D,VS1,2.5,IGI,12945.0
257,Avignon Diamonds,2,Oval,1,1,0,10.53,4018.0,1607.2,3958.0,-65.0,7630.6938,15.0,15.0,Super Ideal,D,VS1,2.5,IGI,12945.0
257,Felicity Diamonds,2,Oval,1,1,0,12.29,4067.0,1626.8,4006.0,-64.0,7641.23,15.0,15.0,Super Ideal,D,VS1,2.5,IGI,12945.0
257,Hill & Holland,2,Oval,1,1,0,11.11,4309.34,1723.74,4245.0,-63.0,7804.7437,15.0,15.0,Super Ideal,D,VS1,2.5,IGI,12945.0
257,Jane Brear,2,Oval,1,1,0,14.95,4284.47,1713.79,4220.0,-63.0,7888.0874,15.0,15.0,Super Ideal,D,VS1,2.5,IGI,12945.0
257,Michelle Kennedy,2,Oval,1,2,0,15.62,4051.0,1620.4,3990.0,-65.0,7790.9395,15.0,15.0,Super Ideal,D,VS1,2.5,IGI,12945.0
257,Periwinkle Stones,2,Oval,1,1,0,9.32,4059.0,1623.6,3998.0,-65.0,7800.7432,15.0,15.0,Super Ideal,D,VS1,2.5,IGI,12945.0
259,Taiga Gems,2,Emerald,1,1,0,18.48,2099.45,990.31,2068.0,-64.0,3793.0994,15.0,15.0,Super Ideal,H,VVS2,2.12,IGI,7140.0
262,Taiga Gems,2,Round,1,1,0,16.06,949.23,663.8,935.0,-51.0,1397.1234,18.0,18.0,Super Ideal,H,VS2,1.43,IGI,2980.0
268,55 E Diamonds,2,Round,1,1,0,11.76,1042.0,1021.57,1026.0,-50.0,1502.49,18.0,18.0,Ideal,F,VVS1,1.02,IGI,3110.0
268,Camden Gems,2,Round,1,1,0,11.19,1013.0,993.14,998.0,-55.0,1606.9949,18.0,18.0,Ideal,F,VVS1,1.02,IGI,3110.0
268,Hoseki,2,Round,1,1,0,18.66,1050.0,1029.41,1034.0,-53.0,1596.3358,18.0,18.0,Ideal,F,VVS1,1.02,IGI,3110.0
268,Jane Brear,2,Round,1,1,0,20.5,1066.0,1045.1,1050.0,-50.0,1523.2733,18.0,18.0,Ideal,F,VVS1,1.02,IGI,3110.0
268,Marlowe & Co,2,Round,1,1,0,10.65,1056.0,1035.29,1040.0,-49.0,1488.4489,18.0,18.0,Ideal,F,VVS1,1.02,IGI,3110.0
268,Michelle Kennedy,2,Round,1,1,0,16.93,1060.0,1039.22,1044.0,-50.0,1508.3616,18.0,18.0,Ideal,F,VVS1,1.02,IGI,3110.0
268,Temperley,2,Round,1,1,0,13.54,1114.0,1092.16,1097.0,-47.0,1513.0526,18.0,18.0,Ideal,F,VVS1,1.02,IGI,3110.0
268,White Lily,2,Round,1,1,0,18.53,1068.0,1047.06,1052.0,-53.0,1611.0138,18.0,18.0,Ideal,F,VVS1,1.02,IGI,3110.0
269,Albert's Creations,2,Oval,1,1,0,14.43,2468.0,1221.78,2431.0,-57.0,3860.9292,15.0,15.0,Super Ideal,E,VS2,2.02,IGI,8840.0
269,Avignon Diamonds,2,Oval,1,1,0,17.1,2436.04,1205.96,2399.0,-60.0,4066.3926,15.0,15.0,Super Ideal,E,VS2,2.02,IGI,8840.0
269,Genesis Stones,2,Oval,1,1,0,20.54,2617.49,1295.79,2578.0,-56.0,3991.0359,15.0,15.0,Super Ideal,E,VS2,2.02,IGI,8840.0
269,Hill & Holland,2,Oval,1,1,0,11.54,2527.3,1251.14,2489.0,-56.0,3868.9177,15.0,15.0,Super Ideal,E,VS2,2.02,IGI,8840.0
269,Jane Brear,2,Oval,1,1,0,11.61,2450.0,1212.87,2413.0,-60.0,4090.5276,15.0,15.0,Super Ideal,E,VS2,2.02,IGI,8840.0
269,Mei & Co,2,Oval,1,1,0,10.86,2471.58,1223.55,2435.0,-57.0,3898.8594,15.0,15.0,Super Ideal,E,VS2,2.02,IGI,8840.0
269,Michelle Kennedy,2,Oval,1,1,0,16.08,2502.0,1238.61,2464.0,-57.0,3962.2512,15.0,15.0,Super Ideal,E,VS2,2.02,IGI,8840.0
269,Periwinkle Stones,2,Oval,1,1,0,10.1,2481.0,1228.22,2444.0,-58.0,3977.1152,15.0,15.0,Super Ideal,E,VS2,2.02,IGI,8840.0
269,Taiga Gems,2,Oval,1,1,0,13.54,2443.0,1209.41,2406.0,-58.0,3927.7974,15.0,15.0,Super Ideal,E,VS2,2.02,IGI,8840.0
269,Tamara,2,Oval,1,1,0,15.71,2445.0,1210.4,2408.0,-60.0,4157.8936,15.0,15.0,Super Ideal,E,VS2,2.02,IGI,8840.0
269,Temperley,2,Oval,1,1,0,11.11,2440.0,1207.92,2403.0,-57.0,3834.6716,15.0,15.0,Super Ideal,E,VS2,2.02,IGI,8840.0
269,Vega Diamonds,2,Oval,1,1,0,12.47,2394.0,1185.15,2358.0,-59.0,3952.7803,15.0,15.0,Super Ideal,E,VS2,2.02,IGI,8840.0
269,White Lily,2,Oval,1,1,0,12.81,2444.0,1209.9,2407.0,-58.0,3946.8481,15.0,15.0,Super Ideal,E,VS2,2.02,IGI,8840.0
269,Zimmerman Diamonds,2,Oval,1,1,0,13.07,2443.0,1209.41,2406.0,-59.0,4000.0876,15.0,15.0,Super Ideal,E,VS2,2.02,IGI,8840.0
271,White Lily,2,Oval,1,2,0,13.71,2737.0,1140.42,2696.0,-30.0,2627.4829,15.0,15.0,Super Ideal,I,SI1,2.4,IGI,5400.0
272,Albert's Creations,2,Radiant,1,1,0,12.25,340.0,478.87,335.0,-67.0,672.3386,15.0,15.0,Super Ideal,E,VS2,0.71,IGI,1120.0
272,Jane Brear,2,Radiant,1,1,0,16.13,470.0,661.97,463.0,-57.0,716.795,15.0,15.0,Super Ideal,E,VS2,0.71,IGI,1120.0
272,Marble Arch,2,Radiant,1,1,0,13.41,379.0,533.8,373.0,-64.0,681.1273,15.0,15.0,Super Ideal,E,VS2,0.71,IGI,1120.0
272,Promenade Jewelry,2,Radiant,1,1,0,17.48,332.01,467.62,327.0,-71.0,749.1953,15.0,15.0,Super Ideal,E,VS2,0.71,IGI,1120.0
272,Vega Diamonds,2,Radiant,1,1,0,18.13,333.94,470.34,329.0,-70.0,719.816,15.0,15.0,Super Ideal,E,VS2,0.71,IGI,1120.0
273,Bayside Gems,2,Round,1,1,0,25.77,800.11,740.84,788.0,-57.0,1341.139,18.0,18.0,Ideal,E,VVS2,1.08,IGI,3080.0
273,Camden Gems,2,Round,1,1,0,11.64,805.0,745.37,793.0,-56.0,1308.052,18.0,18.0,Ideal,E,VVS2,1.08,IGI,3080.0
273,Cirrus Gems,2,Round,1,1,0,24.47,799.0,739.81,787.0,-56.0,1311.0841,18.0,18.0,Ideal,E,VVS2,1.08,IGI,3080.0
273,Equinox Jewels,2,Round,1,1,0,14.88,808.0,748.15,796.0,-56.0,1300.9805,18.0,18.0,Ideal,E,VVS2,1.08,IGI,3080.0
273,Eternity Fine Jewelers,2,Round,1,1,0,23.96,812.92,752.7,801.0,-55.0,1302.6865,18.0,18.0,Ideal,E,VVS2,1.08,IGI,3080.0
273,Fabiola,2,Round,1,1,0,14.64,806.0,746.3,794.0,-56.0,1303.4185,18.0,18.0,Ideal,E,VVS2,1.08,IGI,3080.0
273,Fuji Diamonds,2,Round,1,1,0,22.91,820.0,759.26,808.0,-55.0,1292.9794,18.0,18.0,Ideal,E,VVS2,1.08,IGI,3080.0
273,Hazel Diamonds,2,Round,1,1,0,10.25,804.0,744.44,792.0,-55.0,1293.0879,18.0,18.0,Ideal,E,VVS2,1.08,IGI,3080.0
273,Jane Brear,2,Round,1,1,0,25.12,820.0,759.26,808.0,-55.0,1309.4578,18.0,18.0,Ideal,E,VVS2,1.08,IGI,3080.0
273,Lotus Creation,2,Round,1,1,0,22.76,819.0,758.33,807.0,-55.0,1300.3428,18.0,18.0,Ideal,E,VVS2,1.08,IGI,3080.0
273,Magnolia,2,Round,1,1,0,14.38,808.0,748.15,796.0,-56.0,1313.172,18.0,18.0,Ideal,E,VVS2,1.08,IGI,3080.0
273,Marlene Crafts,2,Round,1,1,0,15.68,804.0,744.44,792.0,-56.0,1305.8135,18.0,18.0,Ideal,E,VVS2,1.08,IGI,3080.0
273,Marlowe & Co,2,Round,1,2,0,14.81,812.0,751.85,800.0,-56.0,1315.8628,18.0,18.0,Ideal,E,VVS2,1.08,IGI,3080.0
273,Michelle Kennedy,2,Round,1,1,0,20.61,816.52,756.04,804.0,-56.0,1316.8489,18.0,18.0,Ideal,E,VVS2,1.08,IGI,3080.0
273,N. B. Diamonds,2,Round,1,1,0,10.39,815.0,754.63,803.0,-56.0,1314.5586,18.0,18.0,Ideal,E,VVS2,1.08,IGI,3080.0
273,Riviera Jewels,2,Round,1,1,0,10.74,808.0,748.15,796.0,-56.0,1317.1528,18.0,18.0,Ideal,E,VVS2,1.08,IGI,3080.0
273,Rosella,2,Round,1,1,0,14.37,816.0,755.56,804.0,-55.0,1310.8809,18.0,18.0,Ideal,E,VVS2,1.08,IGI,3080.0
273,Serenade Diamonds,2,Round,1,1,0,12.74,814.0,753.7,802.0,-55.0,1288.8322,18.0,18.0,Ideal,E,VVS2,1.08,IGI,3080.0
273,Silva Diamonds,2,Round,1,1,0,11.73,808.0,748.15,796.0,-54.0,1267.5154,18.0,18.0,Ideal,E,VVS2,1.08,IGI,3080.0
273,Simetría,2,Round,1,1,0,93.66,810.0,750.0,798.0,-56.0,1319.4215,18.0,18.0,Ideal,E,VVS2,1.08,IGI,3080.0
273,Stellar Radiance,2,Round,1,1,0,12.05,813.0,752.78,801.0,-55.0,1302.2032,18.0,18.0,Ideal,E,VVS2,1.08,IGI,3080.0
273,Summit Gems,2,Round,1,1,0,21.33,811.92,751.78,800.0,-55.0,1287.9781,18.0,18.0,Ideal,E,VVS2,1.08,IGI,3080.0
273,Taiga Gems,2,Round,1,1,0,23.58,807.0,747.22,795.0,-57.0,1332.0912,18.0,18.0,Ideal,E,VVS2,1.08,IGI,3080.0
273,Temperley,2,Round,1,1,0,19.17,816.52,756.04,804.0,-57.0,1352.8405,18.0,18.0,Ideal,E,VVS2,1.08,IGI,3080.0
273,Thalassa Gems,2,Round,1,1,0,12.19,812.0,751.85,800.0,-55.0,1284.9965,18.0,18.0,Ideal,E,VVS2,1.08,IGI,3080.0
273,Vespera Gems,2,Round,1,1,0,14.24,801.0,741.67,789.0,-57.0,1324.735,18.0,18.0,Ideal,E,VVS2,1.08,IGI,3080.0
273,White Lily,2,Round,1,1,0,22.52,816.52,756.04,804.0,-56.0,1315.3766,18.0,18.0,Ideal,E,VVS2,1.08,IGI,3080.0
279,White Lily,2,Round,1,1,0,13.76,3683.49,1637.11,3628.0,-12.0,2996.033,18.0,18.0,Super Ideal,I,VS2,2.25,IGI,6090.0
280,Adalyn Jewelry,2,Pear,1,1,0,18.36,3290.0,1645.0,3241.0,-61.0,5517.27,15.0,15.0,Super Ideal,D,VVS2,2.0,IGI,9700.0
280,Bayside Gems,2,Pear,1,1,0,17.39,3394.0,1697.0,3343.0,-59.0,5381.6558,15.0,15.0,Super Ideal,D,VVS2,2.0,IGI,9700.0
280,Bella Gems,2,Pear,1,1,0,16.09,3392.0,1696.0,3341.0,-60.0,5438.269,15.0,15.0,Super Ideal,D,VVS2,2.0,IGI,9700.0
280,Dagenham Diamonds,2,Pear,1,1,0,19.67,3214.0,1607.0,3166.0,-62.0,5479.2427,15.0,15.0,Super Ideal,D,VVS2,2.0,IGI,9700.0
280,Jane Brear,2,Pear,1,1,0,21.18,3294.0,1647.0,3245.0,-61.0,5475.8325,15.0,15.0,Super Ideal,D,VVS2,2.0,IGI,9700.0
280,Michelle Kennedy,2,Pear,1,1,0,20.53,3294.0,1647.0,3245.0,-60.0,5360.4565,15.0,15.0,Super Ideal,D,VVS2,2.0,IGI,9700.0
280,Periwinkle Stones,2,Pear,1,1,0,21.77,3217.0,1608.5,3169.0,-61.0,5347.6543,15.0,15.0,Super Ideal,D,VVS2,2.0,IGI,9700.0
280,Promenade Jewelry,2,Pear,1,1,0,18.52,3086.0,1543.0,3040.0,-64.0,5496.6553,15.0,15.0,Super Ideal,D,VVS2,2.0,IGI,9700.0
280,Serenade Diamonds,2,Pear,1,1,0,10.33,3058.0,1529.0,3012.0,-64.0,5476.5244,15.0,15.0,Super Ideal,D,VVS2,2.0,IGI,9700.0
280,Taiga Gems,2,Pear,1,1,0,13.33,3066.0,1533.0,3020.0,-63.0,5377.0166,15.0,15.0,Super Ideal,D,VVS2,2.0,IGI,9700.0
280,Temperley,2,Pear,1,1,0,22.03,3294.0,1647.0,3245.0,-60.0,5369.5308,15.0,15.0,Super Ideal,D,VVS2,2.0,IGI,9700.0
280,White Lily,2,Pear,1,1,0,18.5,3161.0,1580.5,3114.0,-62.0,5423.1357,15.0,15.0,Super Ideal,D,VVS2,2.0,IGI,9700.0
281,Cirrus Gems,2,Round,1,1,0,22.23,941.99,677.69,928.0,-60.0,1671.8235,18.0,18.0,Ideal,G,VS1,1.39,IGI,3040.0
281,Clermont Diamonds,2,Round,1,1,0,13.93,951.22,684.33,937.0,-58.0,1632.9783,18.0,18.0,Ideal,G,VS1,1.39,IGI,3040.0
281,Jane Brear,2,Round,1,1,0,16.95,966.14,695.06,952.0,-60.0,1724.2961,18.0,18.0,Ideal,G,VS1,1.39,IGI,3040.0
281,Michelle Kennedy,2,Round,1,1,0,16.45,965.0,694.24,951.0,-58.0,1641.0695,18.0,18.0,Ideal,G,VS1,1.39,IGI,3040.0
281,Starlit Stones,2,Round,1,1,0,69.5,957.0,688.49,943.0,-59.0,1656.4333,18.0,18.0,Ideal,G,VS1,1.39,IGI,3040.0
281,Taiga Gems,2,Round,1,1,0,14.27,932.33,670.74,918.0,-60.0,1674.1705,18.0,18.0,Ideal,G,VS1,1.39,IGI,3040.0
281,Temperley,2,Round,1,1,0,17.43,976.1,702.23,961.0,-60.0,1727.9285,18.0,18.0,Ideal,G,VS1,1.39,IGI,3040.0
281,White Lily,2,Round,1,1,0,18.21,976.1,702.23,961.0,-58.0,1656.0712,18.0,18.0,Ideal,G,VS1,1.39,IGI,3040.0
285,Bayside Gems,2,Pear,1,1,0,21.25,1112.0,1100.99,1095.0,-65.0,2062.2688,15.0,15.0,Super Ideal,E,VVS1,1.01,IGI,3010.0
285,Hoseki,2,Pear,1,1,0,17.06,1194.0,1182.18,1176.0,-62.0,2046.5385,15.0,15.0,Super Ideal,E,VVS1,1.01,IGI,3010.0
285,Infinity Diamonds,2,Pear,1,1,0,23.63,1153.0,1141.58,1136.0,-64.0,2062.8857,15.0,15.0,Super Ideal,E,VVS1,1.01,IGI,3010.0
285,Jane Brear,2,Pear,1,1,0,12.31,1159.0,1147.52,1142.0,-64.0,2078.5081,15.0,15.0,Super Ideal,E,VVS1,1.01,IGI,3010.0
285,La Marquise,2,Pear,1,1,0,19.11,1199.68,1187.8,1182.0,-62.0,2057.146,15.0,15.0,Super Ideal,E,VVS1,1.01,IGI,3010.0
285,Marlowe & Co,2,Pear,1,1,0,18.37,1174.1,1162.48,1156.0,-63.0,2035.9454,15.0,15.0,Super Ideal,E,VVS1,1.01,IGI,3010.0
285,Michelle Kennedy,2,Pear,1,1,0,19.1,1165.0,1153.47,1148.0,-63.0,2050.5229,15.0,15.0,Super Ideal,E,VVS1,1.01,IGI,3010.0
285,Periwinkle Stones,2,Pear,1,1,0,23.05,1190.0,1178.22,1172.0,-63.0,2064.9866,15.0,15.0,Super Ideal,E,VVS1,1.01,IGI,3010.0
285,Promenade Jewelry,2,Pear,1,1,0,23.2,1137.0,1125.74,1120.0,-64.0,2026.3029,15.0,15.0,Super Ideal,E,VVS1,1.01,IGI,3010.0
285,Roma Diamonds,2,Pear,1,1,0,13.27,1744.0,1726.73,1718.0,-45.0,2039.4684,15.0,15.0,Super Ideal,E,VVS1,1.01,IGI,3010.0
285,Sigma Diamonds,2,Pear,1,1,0,19.26,1148.0,1136.63,1131.0,-64.0,2071.9758,15.0,15.0,Super Ideal,E,VVS1,1.01,IGI,3010.0
285,Taiga Gems,2,Pear,1,1,0,10.08,1146.0,1134.65,1129.0,-64.0,2073.593,15.0,15.0,Super Ideal,E,VVS1,1.01,IGI,3010.0
285,Temperley,2,Pear,1,1,0,11.64,1175.0,1163.37,1157.0,-63.0,2058.3025,15.0,15.0,Super Ideal,E,VVS1,1.01,IGI,3010.0
285,Thalassa Gems,2,Pear,1,2,0,12.96,1134.0,1122.77,1117.0,-65.0,2122.8657,15.0,15.0,Super Ideal,E,VVS1,1.01,IGI,3010.0
285,Vespera Gems,2,Pear,1,1,0,17.38,1122.47,1111.36,1106.0,-65.0,2057.7629,15.0,15.0,Super Ideal,E,VVS1,1.01,IGI,3010.0
285,White Lily,2,Pear,1,1,0,13.62,1171.0,1159.41,1153.0,-63.0,2027.2781,15.0,15.0,Super Ideal,E,VVS1,1.01,IGI,3010.0
286,Jane Brear,2,Round,1,1,0,13.49,1940.0,1284.77,1911.0,-60.0,3505.0249,18.0,18.0,Ideal,F,VVS1,1.51,IGI,6140.0
286,Marlowe & Co,2,Round,1,1,0,14.78,1917.0,1269.54,1888.0,-60.0,3437.501,18.0,18.0,Ideal,F,VVS1,1.51,IGI,6140.0
286,Roma Diamonds,2,Round,1,1,0,13.25,1908.0,1263.58,1879.0,-60.0,3450.311,18.0,18.0,Ideal,F,VVS1,1.51,IGI,6140.0
286,Rosella,2,Round,1,1,0,14.82,1885.0,1248.34,1857.0,-62.0,3519.6108,18.0,18.0,Ideal,F,VVS1,1.51,IGI,6140.0
286,Temperley,2,Round,1,1,0,12.69,1928.0,1276.82,1899.0,-61.0,3566.7371,18.0,18.0,Ideal,F,VVS1,1.51,IGI,6140.0
286,White Lily,2,Round,1,1,0,14.09,1943.24,1286.91,1914.0,-61.0,3541.4409,18.0,18.0,Ideal,F,VVS1,1.51,IGI,6140.0
292,Jane Brear,2,Oval,2,2,0,12.87,304.0,980.65,299.0,-50.0,407.6241,15.0,15.0,Super Ideal,D,VS1,0.31,IGI,330.0
292,Michelle Kennedy,2,Oval,1,2,0,12.3,319.4,1030.32,315.0,-41.0,362.2113,15.0,15.0,Super Ideal,D,VS1,0.31,IGI,330.0
292,Temperley,2,Oval,1,2,0,12.62,314.42,1014.26,310.0,-30.0,302.7588,15.0,15.0,Super Ideal,D,VS1,0.31,IGI,330.0
292,White Lily,2,Oval,1,2,0,12.72,314.0,1012.9,309.0,-33.0,315.9471,15.0,15.0,Super Ideal,D,VS1,0.31,IGI,330.0
294,Artemis Stones,2,Round,1,1,0,17.05,1895.55,924.66,1867.0,-63.0,3716.5881,18.0,18.0,Ideal,G,VS1,2.05,IGI,7266.67
294,Avignon Diamonds,2,Round,1,1,0,11.76,1923.0,938.05,1894.0,-63.0,3678.7373,18.0,18.0,Ideal,G,VS1,2.05,IGI,7266.67
294,CV Diamonds,2,Round,1,1,0,14.8,1944.23,948.4,1915.0,-63.0,3716.375,18.0,18.0,Ideal,G,VS1,2.05,IGI,7266.67
294,Clermont Diamonds,2,Round,1,1,0,12.64,1909.0,931.22,1880.0,-63.0,3662.5054,18.0,18.0,Ideal,G,VS1,2.05,IGI,7266.67
294,Jane Brear,2,Round,1,1,0,15.63,1962.14,957.14,1933.0,-62.0,3693.9663,17.0,18.0,Ideal,G,VS1,2.05,IGI,7266.67
294,Meridian Crafts,2,Round,1,1,0,13.22,1917.0,935.12,1888.0,-62.0,3589.1018,18.0,18.0,Ideal,G,VS1,2.05,IGI,7266.67
294,Michelle Kennedy,2,Round,1,1,0,10.52,1954.0,953.17,1925.0,-63.0,3740.4072,18.0,18.0,Ideal,G,VS1,2.05,IGI,7266.67
294,Rosella,2,Round,1,1,0,13.4,1888.0,920.98,1860.0,-63.0,3687.3269,18.0,18.0,Ideal,G,VS1,2.05,IGI,7266.67
294,Taiga Gems,2,Round,1,1,0,12.92,1916.0,934.63,1887.0,-63.0,3662.5762,18.0,18.0,Ideal,G,VS1,2.05,IGI,7266.67
294,Temperley,2,Round,1,1,0,16.25,1963.14,957.63,1934.0,-62.0,3665.7031,18.0,18.0,Ideal,G,VS1,2.05,IGI,7266.67
294,Vespera Gems,2,Round,1,1,0,13.25,1953.46,952.91,1924.0,-63.0,3794.0999,18.0,18.0,Ideal,G,VS1,2.05,IGI,7266.67
294,Westport Jewelry,2,Round,1,1,0,13.41,1895.0,924.39,1867.0,-64.0,3763.6038,18.0,18.0,Ideal,G,VS1,2.05,IGI,7266.67
294,White Lily,2,Round,1,1,0,14.77,1947.0,949.76,1918.0,-63.0,3743.3777,18.0,18.0,Ideal,G,VS1,2.05,IGI,7266.67
295,Temperley,2,Round,1,1,0,10.75,695.5,755.98,685.0,-45.0,897.4039,18.0,18.0,Ideal,I,VS2,0.92,IGI,1315.0
296,Clermont Diamonds,2,Emerald,1,1,0,19.81,5371.41,1738.32,5291.0,-65.0,9846.7656,14.0,15.0,Very Good,E,VS1,3.09,IGI,17070.0
297,Diamonds by Zoya,2,Princess,1,1,0,15.94,1747.22,1046.24,1721.0,-61.0,2875.8699,15.0,15.0,Super Ideal,E,VS1,1.67,IGI,5570.0
297,Fiona Clément,2,Princess,1,1,0,12.79,1727.32,1034.32,1701.0,-63.0,2938.8396,15.0,15.0,Super Ideal,E,VS1,1.67,IGI,5570.0
297,Jane Brear,2,Princess,1,1,0,18.54,1740.0,1041.92,1714.0,-62.0,2928.3389,15.0,15.0,Super Ideal,E,VS1,1.67,IGI,5570.0
297,Michelle Kennedy,2,Princess,1,1,0,13.24,1733.0,1037.72,1707.0,-61.0,2827.1147,15.0,15.0,Super Ideal,E,VS1,1.67,IGI,5570.0
301,KIYO,2,Oval,1,1,0,25.12,672.0,738.46,662.0,-54.0,987.7915,15.0,15.0,Very Good,F,VS1,0.91,IGI,2370.0
316,Clermont Diamonds,2,Round,1,1,0,10.64,838.0,675.81,825.0,-63.0,1629.9139,18.0,18.0,Ideal,F,VS1,1.24,IGI,2946.67
316,Eterna Luxe,2,Round,1,1,0,11.59,855.0,689.52,842.0,-63.0,1645.0421,18.0,18.0,Ideal,F,VS1,1.24,IGI,2946.67
316,Jane Brear,2,Round,1,1,0,18.51,843.54,680.27,831.0,-64.0,1663.8499,18.0,18.0,Ideal,F,VS1,1.24,IGI,2946.67
316,Lotus Creation,2,Round,1,1,0,16.9,847.0,683.06,834.0,-63.0,1633.8739,18.0,18.0,Ideal,F,VS1,1.24,IGI,2946.67
316,Marlowe & Co,2,Round,1,1,0,16.78,851.0,686.29,838.0,-63.0,1657.6633,18.0,18.0,Ideal,F,VS1,1.24,IGI,2946.67
316,Oasis Diamonds,2,Round,2,1,0,15.55,875.6,706.13,862.0,-62.0,1665.3307,18.0,18.0,Ideal,F,VS1,1.24,IGI,2946.67
316,Roma Diamonds,2,Round,1,1,0,14.94,1578.0,1272.58,1554.0,-30.0,1618.1604,18.0,18.0,Ideal,F,VS1,1.24,IGI,2946.67
316,Serene Peaks Diamonds,2,Round,1,1,0,17.83,844.76,681.26,832.0,-62.0,1580.6045,18.0,18.0,Ideal,F,VS1,1.24,IGI,2946.67
316,Temperley,2,Round,1,1,0,11.43,861.0,694.35,848.0,-62.0,1605.5127,18.0,18.0,Ideal,F,VS1,1.24,IGI,2946.67
316,Vega Diamonds,2,Round,1,1,0,14.91,823.0,663.71,811.0,-64.0,1626.7859,18.0,18.0,Ideal,F,VS1,1.24,IGI,2946.67
316,White Lily,2,Round,1,1,0,12.79,872.0,703.23,859.0,-61.0,1612.397,18.0,18.0,Ideal,F,VS1,1.24,IGI,2946.67
323,Diamonds by Zoya,2,Oval,2,2,0,17.66,317.0,587.04,312.0,-47.0,405.9422,15.0,15.0,Super Ideal,D,VS1,0.54,IGI,800.0
323,Eternal Flame,2,Oval,2,2,0,12.28,329.0,609.26,324.0,-47.0,416.6317,15.0,15.0,Super Ideal,D,VS1,0.54,IGI,800.0
323,Promenade Jewelry,2,Oval,1,2,0,20.24,309.81,573.72,305.0,-46.0,385.2072,15.0,15.0,Super Ideal,D,VS1,0.54,IGI,800.0
323,Rosella,2,Oval,2,2,0,8.87,328.0,607.41,323.0,-52.0,465.1451,15.0,15.0,Super Ideal,D,VS1,0.54,IGI,800.0
323,Vega Diamonds,2,Oval,2,1,0,17.47,328.0,607.41,323.0,-44.0,392.1797,15.0,15.0,Super Ideal,D,VS1,0.54,IGI,800.0
323,White Lily,2,Oval,1,1,0,11.44,341.0,631.48,336.0,-44.0,413.5648,15.0,15.0,Super Ideal,D,VS1,0.54,IGI,800.0
325,Temperley,2,Pear,2,1,0,16.33,392.03,466.7,386.0,-59.0,626.0907,14.0,15.0,Very Good,E,VVS2,0.84,IGI,1430.0
325,White Lily,2,Pear,1,1,0,12.23,418.9,498.69,413.0,-63.0,728.3102,14.0,15.0,Very Good,E,VVS2,0.84,IGI,1430.0
326,Cascade Diamonds,2,Round,1,1,0,16.61,1105.0,850.0,1088.0,-57.0,1843.9932,18.0,18.0,Super Ideal,D,VS2,1.3,IGI,3560.0
326,Infinity Diamonds,2,Round,1,1,0,22.51,1107.0,851.54,1090.0,-58.0,1865.8909,18.0,18.0,Super Ideal,D,VS2,1.3,IGI,3560.0
326,Jane Brear,2,Round,1,1,0,13.12,1121.0,862.31,1104.0,-56.0,1810.4562,18.0,18.0,Super Ideal,D,VS2,1.3,IGI,3560.0
326,Marlowe & Co,2,Round,1,1,0,12.48,1118.0,860.0,1101.0,-57.0,1846.6512,18.0,18.0,Super Ideal,D,VS2,1.3,IGI,3560.0
326,Mei & Co,2,Round,1,1,0,17.03,1093.5,841.15,1077.0,-57.0,1827.4591,18.0,18.0,Super Ideal,D,VS2,1.3,IGI,3560.0
326,Michelle Kennedy,2,Round,1,1,0,15.94,1110.0,853.85,1093.0,-56.0,1792.1489,18.0,18.0,Super Ideal,D,VS2,1.3,IGI,3560.0
326,Montmartre Gems,2,Round,1,1,0,14.0,1071.0,823.85,1055.0,-58.0,1816.6979,18.0,18.0,Super Ideal,D,VS2,1.3,IGI,3560.0
326,Silva Diamonds,2,Round,1,1,0,12.22,1092.0,840.0,1076.0,-58.0,1840.4646,18.0,18.0,Super Ideal,D,VS2,1.3,IGI,3560.0
326,Temperley,2,Round,1,1,0,11.56,1116.0,858.46,1099.0,-55.0,1770.7655,18.0,18.0,Super Ideal,D,VS2,1.3,IGI,3560.0
326,White Lily,2,Round,1,1,0,17.7,1143.0,879.23,1126.0,-56.0,1849.6711,18.0,18.0,Super Ideal,D,VS2,1.3,IGI,3560.0
329,Jane Brear,2,Round,1,1,0,12.12,3068.58,1526.66,3023.0,-19.0,2696.1841,18.0,18.0,Super Ideal,J,VS1,2.01,IGI,3951.67
329,Michelle Kennedy,2,Round,1,1,0,13.96,1809.66,900.33,1783.0,-50.0,2585.073,18.0,18.0,Super Ideal,J,VS1,2.01,IGI,3951.67
330,Equinox Jewels,2,Round,1,1,0,15.02,307.0,495.16,302.0,-49.0,431.0226,18.0,18.0,Super Ideal,E,SI1,0.62,IGI,780.0
330,White Lily,2,Round,1,1,0,21.34,440.0,709.68,433.0,-32.0,462.5185,18.0,18.0,Super Ideal,E,SI1,0.62,IGI,780.0
334,Albert's Creations,2,Round,1,1,0,10.77,1409.0,853.94,1388.0,-56.0,2273.1445,18.0,18.0,Ideal,E,VS2,1.65,IGI,4845.0
334,Emilia Sterling,2,Round,1,1,0,93.8,1364.0,826.67,1344.0,-57.0,2264.3328,18.0,18.0,Ideal,E,VS2,1.65,IGI,4845.0
334,Eterna Luxe,2,Round,1,1,0,14.37,1409.0,853.94,1388.0,-57.0,2323.6799,18.0,18.0,Ideal,E,VS2,1.65,IGI,4845.0
334,Iris Diamonds,2,Round,1,1,0,21.9,1387.0,840.61,1366.0,-56.0,2244.2461,18.0,18.0,Ideal,E,VS2,1.65,IGI,4845.0
334,Meridian Crafts,2,Round,1,1,0,12.32,1392.0,843.64,1371.0,-55.0,2211.2395,18.0,18.0,Ideal,E,VS2,1.65,IGI,4845.0
334,Michelle Kennedy,2,Round,1,1,0,20.87,1438.0,871.52,1416.0,-55.0,2276.2253,18.0,18.0,Ideal,E,VS2,1.65,IGI,4845.0
334,Silva Diamonds,2,Round,1,1,0,14.77,1384.0,838.79,1363.0,-56.0,2258.9607,18.0,18.0,Ideal,E,VS2,1.65,IGI,4845.0
334,Temperley,2,Round,1,1,0,18.94,1406.0,852.12,1385.0,-54.0,2199.832,18.0,18.0,Ideal,E,VS2,1.65,IGI,4845.0
334,White Lily,2,Round,1,1,0,12.14,1423.0,862.42,1402.0,-56.0,2311.927,18.0,18.0,Ideal,E,VS2,1.65,IGI,4845.0
336,Artemis Stones,2,Round,1,1,0,20.38,894.0,698.44,881.0,-65.0,1804.9087,18.0,18.0,Super Ideal,G,VVS2,1.28,IGI,3030.0
336,Jane Brear,2,Round,1,1,0,12.43,955.0,746.09,941.0,-63.0,1823.4178,18.0,18.0,Super Ideal,G,VVS2,1.28,IGI,3030.0
336,Nova Stars,2,Round,1,1,0,13.62,892.0,696.88,879.0,-65.0,1841.578,18.0,18.0,Super Ideal,G,VVS2,1.28,IGI,3030.0
336,Sunset Gems,2,Round,1,1,0,20.41,896.0,700.0,883.0,-66.0,1860.1902,18.0,18.0,Super Ideal,G,VVS2,1.28,IGI,3030.0
336,Taiga Gems,2,Round,1,1,0,19.27,891.0,696.09,878.0,-66.0,1872.3934,18.0,18.0,Super Ideal,G,VVS2,1.28,IGI,3030.0
336,White Lily,2,Round,1,1,0,10.69,931.0,727.34,917.0,-65.0,1889.2499,18.0,18.0,Super Ideal,G,VVS2,1.28,IGI,3030.0
338,Taiga Gems,2,Oval,1,1,0,17.0,1076.59,815.6,1060.0,-47.0,1359.837,15.0,15.0,Super Ideal,H,VS2,1.32,IGI,2410.0
338,Vega Diamonds,2,Oval,1,1,0,15.31,1067.46,808.68,1051.0,-48.0,1382.4624,15.0,15.0,Super Ideal,H,VS2,1.32,IGI,2410.0
342,Diamonds by Zoya,2,Round,1,1,0,94.5,2023.0,991.67,1993.0,-60.0,3643.0234,18.0,18.0,Super Ideal,F,VS2,2.04,IGI,7420.0
342,Hoseki,2,Round,1,1,0,12.74,2112.38,1035.48,2081.0,-58.0,3614.0413,18.0,18.0,Super Ideal,F,VS2,2.04,IGI,7420.0
342,Jane Brear,2,Round,1,1,0,12.16,2044.0,1001.96,2013.0,-59.0,3602.6787,18.0,18.0,Super Ideal,F,VS2,2.04,IGI,7420.0
342,Meridian Crafts,2,Round,1,1,0,12.99,2024.0,992.16,1994.0,-61.0,3679.769,18.0,18.0,Super Ideal,F,VS2,2.04,IGI,7420.0
342,Michelle Kennedy,2,Round,1,1,0,11.78,2052.0,1005.88,2021.0,-61.0,3800.6995,18.0,18.0,Super Ideal,F,VS2,2.04,IGI,7420.0
342,Temperley,2,Round,1,1,0,15.0,2087.51,1023.29,2056.0,-59.0,3608.5674,18.0,18.0,Super Ideal,F,VS2,2.04,IGI,7420.0
342,Thalassa Gems,2,Round,1,1,0,13.75,2026.0,993.14,1996.0,-60.0,3602.6667,18.0,18.0,Super Ideal,F,VS2,2.04,IGI,7420.0
342,White Lily,2,Round,1,1,0,10.77,2060.0,1009.8,2029.0,-60.0,3676.3848,18.0,18.0,Super Ideal,F,VS2,2.04,IGI,7420.0
346,Kara,2,Round,1,1,0,11.92,4581.98,1558.5,4513.0,-66.0,9642.2334,18.0,18.0,Super Ideal,E,VS1,2.94,IGI,19400.0
346,Periwinkle Stones,2,Round,1,1,0,14.95,4572.02,1555.11,4503.0,-65.0,9417.1543,18.0,18.0,Super Ideal,E,VS1,2.94,IGI,19400.0
352,Michelle Kennedy,2,Round,1,1,0,22.39,1279.0,835.95,1260.0,-58.0,2177.5146,18.0,18.0,Super Ideal,D,SI1,1.53,IGI,4110.0
352,Taiga Gems,2,Round,1,1,0,17.11,1270.0,830.07,1251.0,-59.0,2205.781,18.0,18.0,Super Ideal,D,SI1,1.53,IGI,4110.0
352,Vega Diamonds,2,Round,1,1,0,18.99,1276.89,834.57,1258.0,-60.0,2271.9067,18.0,18.0,Super Ideal,D,SI1,1.53,IGI,4110.0
352,White Lily,2,Round,1,1,0,12.37,1339.27,875.34,1319.0,-57.0,2243.5295,18.0,18.0,Super Ideal,D,SI1,1.53,IGI,4110.0
363,Promenade Jewelry,2,Cushion,1,2,0,16.77,372.0,502.7,366.0,-64.0,659.476,15.0,15.0,Super Ideal,F,VVS2,0.74,IGI,1220.0
363,Temperley,2,Cushion,1,1,0,15.33,398.61,538.66,393.0,-44.0,447.1653,15.0,15.0,Super Ideal,F,VVS2,0.74,IGI,1220.0
364,Taiga Gems,2,Round,1,1,0,15.0,813.91,630.94,802.0,-59.0,1428.861,18.0,18.0,Ideal,H,VS1,1.29,IGI,2525.0
364,White Lily,2,Round,1,1,0,16.15,900.48,698.05,887.0,-54.0,1408.3883,18.0,18.0,Ideal,H,VS1,1.29,IGI,2525.0
368,Bonsai Gems,2,Cushion,1,1,0,17.96,2196.0,1454.3,2163.0,-60.0,3436.3962,14.0,15.0,Very Good,D,VVS2,1.51,IGI,5860.0
368,Ember Star,2,Cushion,1,1,0,15.74,2057.7,1362.72,2027.0,-62.0,3416.9041,14.0,15.0,Very Good,D,VVS2,1.51,IGI,5860.0
368,Emilia Sterling,2,Cushion,1,1,0,19.38,2045.0,1354.3,2014.0,-62.0,3408.3628,14.0,15.0,Very Good,D,VVS2,1.51,IGI,5860.0
368,Equinox Jewels,2,Cushion,1,1,0,10.98,2089.0,1383.44,2058.0,-61.0,3354.5837,15.0,15.0,Very Good,D,VVS2,1.51,IGI,5860.0
368,Hill & Holland,2,Cushion,1,1,0,13.65,2232.0,1478.15,2199.0,-59.0,3446.8411,14.0,15.0,Very Good,D,VVS2,1.51,IGI,5860.0
368,Jane Brear,2,Cushion,1,1,0,10.68,2113.0,1399.34,2081.0,-60.0,3306.1355,14.0,15.0,Very Good,D,VVS2,1.51,IGI,5860.0
368,Joan Cooper,2,Cushion,1,1,0,16.46,2091.0,1384.77,2060.0,-62.0,3437.9868,14.0,15.0,Very Good,D,VVS2,1.51,IGI,5860.0
368,Marlowe & Co,2,Cushion,1,1,0,18.45,2159.0,1429.8,2127.0,-60.0,3421.2805,14.0,15.0,Very Good,D,VVS2,1.51,IGI,5860.0
368,Mei & Co,2,Cushion,1,1,0,13.58,2156.16,1427.92,2124.0,-60.0,3434.251,14.0,15.0,Very Good,D,VVS2,1.51,IGI,5860.0
368,Michelle Kennedy,2,Cushion,1,1,0,18.56,2212.0,1464.9,2179.0,-59.0,3429.6707,14.0,15.0,Very Good,D,VVS2,1.51,IGI,5860.0
368,Roma Diamonds,2,Cushion,1,1,0,12.58,2096.0,1388.08,2065.0,-62.0,3438.459,14.0,15.0,Very Good,D,VVS2,1.51,IGI,5860.0
368,Sigma Diamonds,2,Cushion,1,1,0,12.85,2100.44,1391.02,2069.0,-61.0,3427.7007,14.0,15.0,Very Good,D,VVS2,1.51,IGI,5860.0
368,Temperley,2,Cushion,1,1,0,16.67,2160.01,1430.47,2128.0,-60.0,3425.6379,14.0,15.0,Very Good,D,VVS2,1.51,IGI,5860.0
368,Tilia Diamonds,2,Cushion,1,1,0,13.42,2136.26,1414.74,2104.0,-60.0,3397.6589,14.0,15.0,Very Good,D,VVS2,1.51,IGI,5860.0
368,United Diam,2,Cushion,1,1,0,17.19,2041.0,1351.66,2010.0,-63.0,3437.9868,14.0,15.0,Very Good,D,VVS2,1.51,IGI,5860.0
368,White Lily,2,Cushion,1,1,0,16.77,2107.0,1395.36,2075.0,-61.0,3433.1184,14.0,15.0,Very Good,D,VVS2,1.51,IGI,5860.0
371,Michelle Kennedy,2,Round,1,1,0,16.56,1582.05,735.84,1558.0,-62.0,2989.2446,17.0,18.0,Ideal,I,VS1,2.15,IGI,5506.67
371,Oasis Diamonds,2,Round,1,1,0,16.03,1639.76,762.68,1615.0,-59.0,2886.5125,18.0,18.0,Ideal,I,VS1,2.15,IGI,5506.67
371,Temperley,2,Round,1,1,0,15.7,1605.93,746.94,1582.0,-61.0,2930.0381,18.0,18.0,Ideal,I,VS1,2.15,IGI,5506.67
373,Jane Brear,2,Round,1,1,0,14.37,3305.0,1530.09,3255.0,-8.0,2576.8123,18.0,18.0,Ideal,I,VS2,2.16,IGI,4780.0
374,Vega Diamonds,2,Round,1,1,0,20.19,1263.0,779.63,1244.0,-54.0,1968.3065,18.0,18.0,Super Ideal,F,SI1,1.62,IGI,3540.0
380,Lotus Creation,2,Princess,1,1,0,22.37,710.35,676.52,700.0,-64.0,1248.1848,15.0,15.0,Super Ideal,H,VS1,1.05,IGI,1945.0
380,Roma Diamonds,2,Princess,1,1,0,51.81,763.0,726.67,752.0,-62.0,1271.533,15.0,15.0,Super Ideal,H,VS1,1.05,IGI,1945.0
380,Vega Diamonds,2,Princess,1,1,0,22.18,710.35,676.52,700.0,-62.0,1180.9263,15.0,15.0,Super Ideal,H,VS1,1.05,IGI,1945.0
381,Cirrus Gems,2,Round,1,1,0,17.32,803.97,664.44,792.0,-59.0,1393.0105,18.0,18.0,Super Ideal,H,VS1,1.21,IGI,2438.18
381,Montmartre Gems,2,Round,1,1,0,13.94,819.88,677.59,808.0,-57.0,1371.7911,18.0,18.0,Super Ideal,H,VS1,1.21,IGI,2438.18
381,Taiga Gems,2,Round,1,1,0,12.58,809.93,669.36,798.0,-59.0,1412.6873,18.0,18.0,Super Ideal,H,VS1,1.21,IGI,2438.18
382,Jane Brear,2,Emerald,2,2,0,79.91,434.0,818.87,427.0,-57.0,651.0723,13.0,15.0,Very Good,D,VVS2,0.53,IGI,850.0
382,Silva Diamonds,2,Emerald,1,2,0,10.21,425.0,801.89,419.0,-53.0,581.0322,14.0,15.0,Very Good,D,VVS2,0.53,IGI,850.0
388,Jane Brear,2,Round,1,1,0,13.9,1322.0,875.5,1302.0,-58.0,2263.4177,14.0,18.0,Very Good,E,VS2,1.51,IGI,4400.0
388,Riviera Jewels,2,Round,1,1,0,15.66,1298.48,859.92,1279.0,-59.0,2289.1467,15.0,18.0,Very Good,E,VS2,1.51,IGI,4400.0
388,Temperley,2,Round,1,1,0,14.78,1323.35,876.39,1303.0,-58.0,2244.9016,17.0,18.0,Very Good,E,VS2,1.51,IGI,4400.0
388,White Lily,2,Round,1,2,0,14.0,1310.0,867.55,1290.0,-58.0,2222.876,16.0,18.0,Very Good,E,VS2,1.51,IGI,4400.0
393,Oasis Diamonds,2,Pear,1,1,0,11.6,1148.0,850.37,1131.0,-57.0,1731.3542,15.0,15.0,Super Ideal,G,VS2,1.35,IGI,2940.0
396,Cornerstone,5,Heart,2,2,0,16.88,2070.0,1101.06,2039.0,-57.0,2906.3372,15.0,15.0,Very Good,H,VS1,1.88,GCAL,4590.0
397,Eternity Fine Jewelers,2,Round,1,1,0,24.05,304.0,506.67,299.0,-62.0,579.1418,18.0,18.0,Super Ideal,E,VVS2,0.6,IGI,930.0
397,Jane Brear,2,Round,1,1,0,14.04,306.0,510.0,301.0,-63.0,599.4965,18.0,18.0,Super Ideal,E,VVS2,0.6,IGI,930.0
397,Promenade Jewelry,2,Round,1,1,0,16.85,302.0,503.33,297.0,-62.0,564.6747,18.0,18.0,Super Ideal,E,VVS2,0.6,IGI,930.0
405,Cirrus Gems,2,Round,1,1,0,16.29,1903.28,928.43,1875.0,-59.0,3348.2522,18.0,18.0,Ideal,H,VVS2,2.05,IGI,7120.0
405,Jane Brear,2,Round,1,1,0,12.07,1911.4,932.39,1883.0,-59.0,3340.8074,18.0,18.0,Ideal,H,VVS2,2.05,IGI,7120.0
405,Marlowe & Co,2,Round,1,1,0,12.82,1920.35,936.76,1892.0,-60.0,3449.1711,18.0,18.0,Ideal,H,VVS2,2.05,IGI,7120.0
405,Mei & Co,2,Round,1,1,0,10.92,1902.0,927.8,1873.0,-59.0,3321.1531,18.0,18.0,Ideal,H,VVS2,2.05,IGI,7120.0
405,Michelle Kennedy,2,Round,1,1,0,13.21,1925.32,939.18,1896.0,-58.0,3320.7893,18.0,18.0,Ideal,H,VVS2,2.05,IGI,7120.0
405,Oasis Diamonds,2,Round,1,1,0,13.98,1950.2,951.32,1921.0,-58.0,3339.3953,18.0,18.0,Ideal,H,VVS2,2.05,IGI,7120.0
405,Taiga Gems,2,Round,1,1,0,14.84,1912.39,932.87,1884.0,-59.0,3302.8481,18.0,18.0,Ideal,H,VVS2,2.05,IGI,7120.0
405,Temperley,2,Round,1,1,0,11.91,1928.0,940.49,1899.0,-59.0,3353.2625,17.0,18.0,Ideal,H,VVS2,2.05,IGI,7120.0
405,White Lily,2,Round,1,1,0,12.88,1905.0,929.27,1876.0,-60.0,3396.071,18.0,18.0,Ideal,H,VVS2,2.05,IGI,7120.0
406,Diamonds by Zoya,2,Cushion,1,1,0,11.41,346.26,524.64,341.0,14.0,192.0126,13.0,15.0,Very Good,E,VS1,0.66,IGI,860.0
407,Cirrus Gems,2,Round,1,1,0,24.22,878.0,731.67,865.0,-60.0,1565.9148,18.0,18.0,Ideal,H,VVS2,1.2,IGI,2436.67
407,Roma Diamonds,2,Round,1,1,0,10.36,1629.0,1357.5,1605.0,-25.0,1544.8461,18.0,18.0,Ideal,H,VVS2,1.2,IGI,2436.67
407,Sunset Gems,2,Round,1,1,0,19.01,884.0,736.67,871.0,-60.0,1582.3411,18.0,18.0,Ideal,H,VVS2,1.2,IGI,2436.67
407,Temperley,2,Round,1,1,0,20.29,922.0,768.33,908.0,-57.0,1546.0531,18.0,18.0,Ideal,H,VVS2,1.2,IGI,2436.67
409,Cirrus Gems,2,Round,1,1,0,13.85,1398.5,724.61,1378.0,-56.0,2251.9993,18.0,18.0,Super Ideal,H,VS2,1.93,IGI,5020.0
410,Jane Brear,2,Pear,1,2,0,16.75,781.77,781.77,770.0,-57.0,1169.8999,15.0,15.0,Very Good,I,VS1,1.0,IGI,1520.0
410,Oasis Diamonds,2,Pear,1,2,0,13.74,777.0,777.0,765.0,-60.0,1245.2568,15.0,15.0,Very Good,I,VS1,1.0,IGI,1520.0
410,Serenity Stones,2,Pear,1,1,0,13.15,778.09,778.09,766.0,-53.0,1076.4827,15.0,15.0,Very Good,I,VS1,1.0,IGI,1520.0
413,Cirrus Gems,2,Round,2,2,0,17.49,2645.0,1058.0,2605.0,-63.0,5158.0532,18.0,18.0,Super Ideal,G,VS2,2.5,IGI,8870.0
413,Fuji Diamonds,2,Round,1,1,0,13.74,2650.0,1060.0,2610.0,-65.0,5353.7432,18.0,18.0,Super Ideal,G,VS2,2.5,IGI,8870.0
413,Jane Brear,2,Round,1,1,0,18.89,2913.36,1165.34,2870.0,-61.0,5291.0103,18.0,18.0,Super Ideal,G,VS2,2.5,IGI,8870.0
413,Michelle Kennedy,2,Round,1,1,0,13.18,2643.55,1057.42,2604.0,-63.0,5137.9707,18.0,18.0,Super Ideal,G,VS2,2.5,IGI,8870.0
413,Sonata Gems,2,Round,1,1,0,14.7,2659.0,1063.6,2619.0,-64.0,5296.0317,18.0,18.0,Super Ideal,G,VS2,2.5,IGI,8870.0
414,Atkinson Crafts,2,Round,1,1,0,14.24,1348.0,858.6,1328.0,-57.0,2269.8892,18.0,18.0,Ideal,E,VS2,1.57,IGI,4590.0
414,Hazel Diamonds,2,Round,1,1,0,11.7,1266.0,806.37,1247.0,-59.0,2231.0925,18.0,18.0,Ideal,E,VS2,1.57,IGI,4590.0
414,Hill & Holland,2,Round,1,1,0,14.85,1329.0,846.5,1309.0,-58.0,2267.644,18.0,18.0,Ideal,E,VS2,1.57,IGI,4590.0
414,Jane Brear,2,Round,1,1,0,14.01,1322.36,842.27,1303.0,-58.0,2254.9521,18.0,18.0,Ideal,E,VS2,1.57,IGI,4590.0
414,La Marquise,2,Round,1,1,0,16.75,1438.0,915.92,1416.0,-55.0,2283.8979,18.0,18.0,Ideal,E,VS2,1.57,IGI,4590.0
414,Marlowe & Co,2,Round,1,1,0,10.64,1327.33,845.43,1307.0,-58.0,2266.9189,18.0,18.0,Ideal,E,VS2,1.57,IGI,4590.0
414,Mei & Co,2,Round,1,1,0,11.37,1317.0,838.85,1297.0,-59.0,2282.3943,18.0,18.0,Ideal,E,VS2,1.57,IGI,4590.0
414,Michelle Kennedy,2,Round,1,1,0,11.78,1292.0,822.93,1273.0,-59.0,2277.9592,18.0,18.0,Ideal,E,VS2,1.57,IGI,4590.0
414,Periwinkle Stones,2,Round,1,1,0,13.88,1327.0,845.22,1307.0,-58.0,2286.5239,18.0,18.0,Ideal,E,VS2,1.57,IGI,4590.0
414,Rosella,2,Round,1,1,0,10.12,1289.0,821.02,1270.0,-59.0,2256.4622,18.0,18.0,Ideal,E,VS2,1.57,IGI,4590.0
414,Silva Diamonds,2,Round,1,1,0,12.28,1290.0,821.66,1271.0,-59.0,2256.8889,18.0,18.0,Ideal,E,VS2,1.57,IGI,4590.0
414,Taiga Gems,2,Round,1,1,0,15.48,1295.0,824.84,1276.0,-58.0,2185.7446,18.0,18.0,Ideal,E,VS2,1.57,IGI,4590.0
414,Temperley,2,Round,1,1,0,11.85,1321.0,841.4,1301.0,-58.0,2239.4016,17.0,18.0,Ideal,E,VS2,1.57,IGI,4590.0
414,Thalassa Gems,2,Round,1,1,0,15.43,1300.46,828.32,1281.0,-57.0,2183.2947,18.0,18.0,Ideal,E,VS2,1.57,IGI,4590.0
414,Vega Diamonds,2,Round,1,1,0,16.0,1273.03,810.85,1254.0,-60.0,2276.2295,18.0,18.0,Ideal,E,VS2,1.57,IGI,4590.0
414,White Lily,2,Round,1,1,0,17.53,1451.59,924.58,1430.0,-53.0,2211.2959,18.0,18.0,Ideal,E,VS2,1.57,IGI,4590.0
417,Michelle Kennedy,2,Princess,1,1,0,16.63,1234.8,762.22,1216.0,-62.0,2056.3474,15.0,15.0,Super Ideal,H,SI1,1.62,IGI,3620.0
417,Sonata Gems,2,Princess,1,1,0,15.43,1251.0,772.22,1232.0,-61.0,2040.6351,15.0,15.0,Super Ideal,H,SI1,1.62,IGI,3620.0
418,Albert's Creations,2,Pear,1,1,0,17.68,1353.0,902.0,1333.0,-60.0,2193.3828,15.0,15.0,Super Ideal,E,SI1,1.5,IGI,3810.0
418,Bayside Gems,2,Pear,1,1,0,20.29,1374.1,916.07,1353.0,-59.0,2189.23,15.0,15.0,Super Ideal,E,SI1,1.5,IGI,3810.0
418,Fuji Diamonds,2,Pear,1,1,0,20.29,1334.0,889.33,1314.0,-60.0,2182.8123,15.0,15.0,Super Ideal,E,SI1,1.5,IGI,3810.0
418,Hill & Holland,2,Pear,1,1,0,20.16,1360.0,906.67,1340.0,-60.0,2208.6724,15.0,15.0,Super Ideal,E,SI1,1.5,IGI,3810.0
418,Jane Brear,2,Pear,1,1,0,17.59,1334.0,889.33,1314.0,-61.0,2221.6777,15.0,15.0,Super Ideal,E,SI1,1.5,IGI,3810.0
418,Montmartre Gems,2,Pear,1,1,0,13.22,1313.0,875.33,1293.0,-61.0,2195.7097,15.0,15.0,Super Ideal,E,SI1,1.5,IGI,3810.0
418,Nebula Stones,2,Pear,1,1,0,19.43,1386.04,924.03,1365.0,-60.0,2266.5723,15.0,15.0,Super Ideal,E,SI1,1.5,IGI,3810.0
418,Promenade Jewelry,2,Pear,1,1,0,17.21,1338.0,892.0,1318.0,-61.0,2207.8782,15.0,15.0,Super Ideal,E,SI1,1.5,IGI,3810.0
418,Rosella,2,Pear,1,1,0,14.63,1291.0,860.67,1272.0,-62.0,2181.0801,15.0,15.0,Super Ideal,E,SI1,1.5,IGI,3810.0
418,Starlit Stones,2,Pear,1,1,0,55.86,1372.0,914.67,1351.0,-60.0,2223.3748,15.0,15.0,Super Ideal,E,SI1,1.5,IGI,3810.0
418,Sunset Gems,2,Pear,1,1,0,22.03,1342.0,894.67,1322.0,-61.0,2225.144,15.0,15.0,Super Ideal,E,SI1,1.5,IGI,3810.0
418,Taiga Gems,2,Pear,1,1,0,20.5,1325.0,883.33,1305.0,-61.0,2187.6387,15.0,15.0,Super Ideal,E,SI1,1.5,IGI,3810.0
418,Temperley,2,Pear,1,1,0,16.52,1379.07,919.38,1358.0,-59.0,2188.4487,15.0,15.0,Super Ideal,E,SI1,1.5,IGI,3810.0
418,Thalassa Gems,2,Pear,1,1,0,16.93,1337.28,891.52,1317.0,-60.0,2182.2285,15.0,15.0,Super Ideal,E,SI1,1.5,IGI,3810.0
418,The Diamond Source,2,Pear,1,2,0,18.38,1313.0,875.33,1293.0,-61.0,2189.23,15.0,15.0,Super Ideal,E,SI1,1.5,IGI,3810.0
418,Vega Diamonds,2,Pear,1,1,0,21.66,1312.0,874.67,1292.0,-61.0,2201.3713,15.0,15.0,Super Ideal,E,SI1,1.5,IGI,3810.0
425,White Lily,2,Round,1,1,0,14.45,1916.0,1161.21,1887.0,-21.0,1736.2321,18.0,18.0,Super Ideal,J,VS1,1.65,IGI,2722.5
434,Temperley,2,Round,1,1,0,20.48,763.0,620.33,752.0,-56.0,1250.2061,18.0,18.0,Ideal,F,SI2,1.23,IGI,1990.0
441,Sunset Gems,2,Round,1,1,0,16.2,1192.0,726.83,1174.0,-46.0,1581.9354,18.0,18.0,Super Ideal,H,SI1,1.64,IGI,4570.0
442,Cirrus Gems,2,Round,1,1,0,22.41,1918.0,852.44,1889.0,-63.0,3698.9243,18.0,18.0,Ideal,H,VS1,2.25,IGI,7750.0
442,White Lily,2,Round,1,1,0,17.99,2015.87,895.94,1986.0,-60.0,3607.033,18.0,18.0,Ideal,H,VS1,2.25,IGI,7750.0
447,Bayside Gems,2,Round,1,1,0,10.83,3997.0,1737.83,3937.0,-56.0,6515.0547,18.0,18.0,Ideal,D,VVS2,2.3,IGI,14810.0
447,Jane Brear,2,Round,1,1,0,11.76,3821.0,1661.3,3764.0,-66.0,8091.0098,18.0,18.0,Ideal,D,VVS2,2.3,IGI,14810.0
447,Michelle Kennedy,2,Round,1,1,0,12.17,3804.0,1653.91,3747.0,-59.0,6566.3486,18.0,18.0,Ideal,D,VVS2,2.3,IGI,14810.0
447,Promenade Jewelry,2,Round,1,1,0,20.18,3743.43,1627.58,3687.0,-59.0,6616.3086,18.0,18.0,Ideal,D,VVS2,2.3,IGI,14810.0
447,White Lily,2,Round,1,1,0,14.35,3822.79,1662.08,3765.0,-58.0,6484.1875,18.0,18.0,Ideal,D,VVS2,2.3,IGI,14810.0
448,Avignon Diamonds,2,Round,1,1,0,17.7,3314.0,1289.49,3264.0,-63.0,6470.0649,18.0,18.0,Ideal,F,VS1,2.57,IGI,11740.0
448,Cirrus Gems,2,Round,1,1,0,93.93,3262.0,1269.26,3213.0,-64.0,6410.751,18.0,18.0,Ideal,F,VS1,2.57,IGI,11740.0
448,Emilia Sterling,2,Round,1,1,0,18.69,3259.0,1268.09,3210.0,-62.0,6133.2988,18.0,18.0,Ideal,F,VS1,2.57,IGI,11740.0
448,Genesis Stones,2,Round,1,1,0,11.92,3515.0,1367.7,3462.0,-61.0,6376.1074,18.0,18.0,Ideal,F,VS1,2.57,IGI,11740.0
448,La Marquise,2,Round,1,1,0,10.83,3511.0,1366.15,3458.0,-60.0,6339.1909,18.0,18.0,Ideal,F,VS1,2.57,IGI,11740.0
448,Marlowe & Co,2,Round,1,1,0,11.4,3425.0,1332.68,3374.0,-61.0,6209.5957,18.0,18.0,Ideal,F,VS1,2.57,IGI,11740.0
448,N. B. Diamonds,2,Round,1,1,0,18.95,3296.4,1282.65,3247.0,-62.0,6250.4717,18.0,18.0,Ideal,F,VS1,2.57,IGI,11740.0
448,Pegasus Diamonds,2,Round,1,1,0,13.92,3804.88,1480.5,3748.0,-57.0,6334.9375,18.0,18.0,Ideal,F,VS1,2.57,IGI,11740.0
448,Periwinkle Stones,2,Round,1,1,0,11.9,3431.0,1335.02,3380.0,-62.0,6423.5552,18.0,18.0,Ideal,F,VS1,2.57,IGI,11740.0
448,Seraphina Gems,2,Round,1,1,0,13.8,4202.88,1635.36,4140.0,-53.0,6425.04,18.0,18.0,Ideal,F,VS1,2.57,IGI,11740.0
448,Tamara,2,Round,1,1,0,17.05,3403.0,1324.12,3352.0,-60.0,6166.3931,18.0,18.0,Ideal,F,VS1,2.57,IGI,11740.0
448,Temperley,2,Round,1,1,0,16.55,3503.0,1363.04,3450.0,-61.0,6373.5151,18.0,18.0,Ideal,F,VS1,2.57,IGI,11740.0
448,Vespera Gems,2,Round,1,1,0,17.02,3313.0,1289.11,3263.0,-63.0,6394.7822,18.0,18.0,Ideal,F,VS1,2.57,IGI,11740.0
448,White Lily,2,Round,1,1,0,16.53,3296.0,1282.49,3247.0,-63.0,6399.543,18.0,18.0,Ideal,F,VS1,2.57,IGI,11740.0
450,Ember Star,2,Round,1,1,0,13.83,1326.0,784.62,1306.0,-57.0,2199.925,18.0,18.0,Ideal,F,VS2,1.69,IGI,5685.0
450,Emilia Sterling,2,Round,1,1,0,10.12,1348.0,797.63,1328.0,-56.0,2217.874,18.0,18.0,Ideal,F,VS2,1.69,IGI,5685.0
450,Fabiola,2,Round,1,1,0,14.99,1365.0,807.69,1345.0,-57.0,2294.2769,18.0,18.0,Ideal,F,VS2,1.69,IGI,5685.0
450,Jane Brear,2,Round,1,1,0,19.46,1515.0,896.45,1492.0,-51.0,2211.8748,18.0,18.0,Ideal,F,VS2,1.69,IGI,5685.0
450,Temperley,2,Round,1,1,0,17.38,1515.0,896.45,1492.0,-51.0,2223.1584,18.0,18.0,Ideal,F,VS2,1.69,IGI,5685.0
450,White Lily,2,Round,1,1,0,15.12,1418.0,839.05,1397.0,-54.0,2201.1726,18.0,18.0,Ideal,F,VS2,1.69,IGI,5685.0
451,Albert's Creations,2,Oval,2,2,0,24.62,329.34,522.76,324.0,-37.0,351.6488,15.0,15.0,Super Ideal,E,VS2,0.63,IGI,770.0
451,Promenade Jewelry,2,Oval,1,1,0,27.06,311.74,494.83,307.0,-45.0,381.7572,15.0,15.0,Super Ideal,E,VS2,0.63,IGI,770.0
451,Vega Diamonds,2,Oval,1,1,0,25.58,319.46,507.08,315.0,-40.0,360.6126,15.0,15.0,Super Ideal,E,VS2,0.63,IGI,770.0
453,Cirrus Gems,2,Round,1,1,0,17.08,1545.21,764.96,1522.0,-58.0,2612.0791,18.0,18.0,Ideal,J,VS1,2.02,IGI,4000.0
453,Jane Brear,2,Round,1,1,0,14.45,3077.54,1523.53,3031.0,-16.0,2619.6748,18.0,18.0,Ideal,J,VS1,2.02,IGI,4000.0
453,Temperley,2,Round,1,1,0,12.69,3077.54,1523.53,3031.0,-23.0,2866.5361,18.0,18.0,Ideal,J,VS1,2.02,IGI,4000.0
454,Jane Brear,2,Pear,1,2,0,19.74,393.78,504.85,388.0,-59.0,623.0474,15.0,15.0,Good,D,VS1,0.78,IGI,1440.0
461,Albert's Creations,2,Round,1,1,0,13.76,759.18,665.95,748.0,-51.0,1107.2878,18.0,18.0,Ideal,E,SI1,1.14,IGI,2000.0
461,Jane Brear,2,Round,1,1,0,13.96,781.0,685.09,769.0,-48.0,1074.2848,18.0,18.0,Ideal,E,SI1,1.14,IGI,2000.0
461,Michelle Kennedy,2,Round,1,1,0,15.19,774.0,678.95,762.0,-50.0,1116.5068,18.0,18.0,Ideal,E,SI1,1.14,IGI,2000.0
461,Rosella,2,Round,1,1,0,16.9,745.1,653.6,734.0,-50.0,1063.0873,18.0,18.0,Ideal,E,SI1,1.14,IGI,2000.0
466,Cirrus Gems,2,Round,1,1,0,23.27,995.07,737.09,980.0,-63.0,1917.4823,18.0,18.0,Super Ideal,G,VVS2,1.35,IGI,3350.0
466,Fabiola,2,Round,1,1,0,14.1,1009.0,747.41,994.0,-60.0,1814.78,18.0,18.0,Super Ideal,G,VVS2,1.35,IGI,3350.0
466,Jane Brear,2,Round,1,1,0,11.79,1057.68,783.47,1042.0,-60.0,1906.0193,18.0,18.0,Super Ideal,G,VVS2,1.35,IGI,3350.0
466,Mei & Co,2,Round,1,1,0,19.81,1002.96,742.93,988.0,-63.0,1918.4305,18.0,18.0,Super Ideal,G,VVS2,1.35,IGI,3350.0
466,Michelle Kennedy,2,Round,1,1,0,12.15,1062.0,786.67,1046.0,-60.0,1908.2949,18.0,18.0,Super Ideal,G,VVS2,1.35,IGI,3350.0
466,Sunset Gems,2,Round,1,1,0,21.83,1014.37,751.39,999.0,-61.0,1880.2335,18.0,18.0,Super Ideal,G,VVS2,1.35,IGI,3350.0
466,Taiga Gems,2,Round,1,1,0,15.68,998.0,739.26,983.0,-61.0,1853.0192,18.0,18.0,Super Ideal,G,VVS2,1.35,IGI,3350.0
466,Temperley,2,Round,1,1,0,19.52,1034.8,766.52,1019.0,-61.0,1913.9719,18.0,18.0,Super Ideal,G,VVS2,1.35,IGI,3350.0
466,White Lily,2,Round,1,1,0,22.09,1057.68,783.47,1042.0,-60.0,1893.8518,18.0,18.0,Super Ideal,G,VVS2,1.35,IGI,3350.0
469,Albert's Creations,2,Radiant,1,1,0,12.44,353.0,490.28,348.0,-71.0,779.4641,15.0,15.0,Super Ideal,E,VS1,0.72,IGI,1215.0
469,Jane Brear,2,Radiant,1,1,0,12.78,393.0,545.83,387.0,-64.0,715.2044,15.0,15.0,Super Ideal,E,VS1,0.72,IGI,1215.0
469,Michelle Kennedy,2,Radiant,1,1,0,15.26,373.12,518.22,368.0,-63.0,646.9893,15.0,15.0,Super Ideal,E,VS1,0.72,IGI,1215.0
469,Temperley,2,Radiant,1,1,0,17.81,363.0,504.17,358.0,-64.0,647.9214,15.0,15.0,Super Ideal,E,VS1,0.72,IGI,1215.0
469,Vega Diamonds,2,Radiant,1,1,0,19.23,343.59,477.21,338.0,-66.0,658.5411,15.0,15.0,Super Ideal,E,VS1,0.72,IGI,1215.0
469,White Lily,2,Radiant,1,1,0,16.94,399.57,554.96,394.0,-59.0,636.6708,15.0,15.0,Super Ideal,E,VS1,0.72,IGI,1215.0
471,Avignon Diamonds,2,Round,1,1,0,56.76,3313.0,1304.33,3263.0,-62.0,6314.6021,18.0,18.0,Super Ideal,F,VS1,2.54,IGI,11615.0
471,BonDiam,2,Round,1,1,0,17.15,3538.0,1392.91,3485.0,-59.0,6194.6069,18.0,18.0,Super Ideal,F,VS1,2.54,IGI,11615.0
471,Emilia Sterling,2,Round,1,1,0,93.84,3297.0,1298.03,3248.0,-63.0,6346.5625,18.0,18.0,Super Ideal,F,VS1,2.54,IGI,11615.0
471,Genesis Stones,2,Round,1,1,0,13.63,3509.0,1381.5,3456.0,-61.0,6411.2949,18.0,18.0,Super Ideal,F,VS1,2.54,IGI,11615.0
471,Grace Brooks,2,Round,1,1,0,18.84,3330.0,1311.02,3280.0,-62.0,6224.9653,18.0,18.0,Super Ideal,F,VS1,2.54,IGI,11615.0
471,Jane Brear,2,Round,1,1,0,11.14,3405.0,1340.55,3354.0,-61.0,6193.2422,18.0,18.0,Super Ideal,F,VS1,2.54,IGI,11615.0
471,La Marquise,2,Round,1,1,0,12.87,3571.0,1405.91,3517.0,-59.0,6235.5933,18.0,18.0,Super Ideal,F,VS1,2.54,IGI,11615.0
471,Marble Arch,2,Round,1,1,0,12.53,3319.0,1306.69,3269.0,-63.0,6394.3735,18.0,18.0,Super Ideal,F,VS1,2.54,IGI,11615.0
471,Michelle Kennedy,2,Round,1,1,0,11.76,3392.0,1335.43,3341.0,-62.0,6309.3628,18.0,18.0,Super Ideal,F,VS1,2.54,IGI,11615.0
471,N. B. Diamonds,2,Round,1,1,0,16.04,3292.57,1296.29,3243.0,-63.0,6389.4282,18.0,18.0,Super Ideal,F,VS1,2.54,IGI,11615.0
471,Periwinkle Stones,2,Round,1,1,0,10.09,3427.0,1349.21,3376.0,-62.0,6448.9541,18.0,18.0,Super Ideal,F,VS1,2.54,IGI,11615.0
471,Seraphina Gems,2,Round,1,1,0,12.49,4189.94,1649.58,4127.0,-52.0,6258.6899,18.0,18.0,Super Ideal,F,VS1,2.54,IGI,11615.0
471,Temperley,2,Round,1,1,0,14.25,3494.44,1375.76,3442.0,-61.0,6472.6626,18.0,18.0,Super Ideal,F,VS1,2.54,IGI,11615.0
471,White Lily,2,Round,1,1,0,19.83,3293.0,1296.46,3244.0,-63.0,6288.0312,18.0,18.0,Super Ideal,F,VS1,2.54,IGI,11615.0
471,Zimmerman Diamonds,2,Round,1,1,0,17.64,3374.0,1328.35,3323.0,-62.0,6284.8848,18.0,18.0,Super Ideal,F,VS1,2.54,IGI,11615.0
473,Rosella,2,Round,1,1,0,21.47,899.0,665.93,886.0,-62.0,1686.1072,18.0,18.0,Super Ideal,D,SI1,1.35,IGI,3070.0
473,Silva Diamonds,2,Round,1,1,0,12.6,901.0,667.41,887.0,-61.0,1657.6981,18.0,18.0,Super Ideal,D,SI1,1.35,IGI,3070.0
473,White Lily,2,Round,1,1,0,24.15,895.66,663.45,882.0,-62.0,1685.0233,18.0,18.0,Super Ideal,D,SI1,1.35,IGI,3070.0
476,Temperley,2,Round,1,1,0,11.4,896.5,896.5,883.0,-53.0,1378.1193,18.0,18.0,Ideal,H,VVS1,1.0,IGI,2220.0
477,Jane Brear,2,Oval,1,1,0,14.8,2621.82,1024.15,2582.0,-65.0,5008.0845,15.0,15.0,Super Ideal,G,VS2,2.56,IGI,8480.0
477,Michelle Kennedy,2,Oval,1,1,0,14.92,2593.0,1012.89,2554.0,-66.0,5078.7861,15.0,15.0,Super Ideal,G,VS2,2.56,IGI,8480.0
477,Periwinkle Stones,2,Oval,1,1,0,13.26,2579.0,1007.42,2540.0,-65.0,5016.0732,15.0,15.0,Super Ideal,G,VS2,2.56,IGI,8480.0
477,Taiga Gems,2,Oval,1,1,0,17.6,2466.0,963.28,2429.0,-67.0,5087.3984,15.0,15.0,Super Ideal,G,VS2,2.56,IGI,8480.0
477,Temperley,2,Oval,1,1,0,13.69,2803.76,1095.22,2762.0,-62.0,4995.1802,15.0,15.0,Super Ideal,G,VS2,2.56,IGI,8480.0
483,Diamonds by Zoya,2,Pear,2,3,0,11.45,358.0,596.67,353.0,-50.0,467.3365,14.0,15.0,Very Good,E,VVS2,0.6,IGI,800.0
483,Jane Brear,2,Pear,2,2,0,20.18,344.56,574.27,339.0,-53.0,479.3192,14.0,15.0,Very Good,E,VVS2,0.6,IGI,800.0
487,White Lily,2,Round,1,1,0,23.53,833.0,640.77,821.0,-55.0,1332.8307,18.0,18.0,Ideal,I,VS1,1.3,IGI,2166.0
489,Michelle Kennedy,2,Round,2,1,0,14.37,351.24,566.52,346.0,-46.0,466.2862,18.0,18.0,Super Ideal,E,VS2,0.62,IGI,920.0
489,Roma Diamonds,2,Round,1,1,0,14.19,331.0,533.87,326.0,-50.0,474.2623,18.0,18.0,Super Ideal,E,VS2,0.62,IGI,920.0
489,Silva Diamonds,2,Round,1,1,0,12.49,330.0,532.26,325.0,-50.0,473.2349,18.0,18.0,Super Ideal,E,VS2,0.62,IGI,920.0
489,White Lily,2,Round,1,1,0,11.54,414.0,667.74,408.0,-36.0,466.7024,18.0,18.0,Super Ideal,E,VS2,0.62,IGI,920.0
492,Avignon Diamonds,2,Round,1,1,0,14.6,2025.0,1012.5,1995.0,-59.0,3549.5562,18.0,18.0,Super Ideal,F,VS2,2.0,IGI,7268.33
492,Camden Gems,2,Round,1,1,0,10.35,2037.0,1018.5,2006.0,-59.0,3562.5049,18.0,18.0,Super Ideal,F,VS2,2.0,IGI,7268.33
492,Clermont Diamonds,2,Round,1,2,0,15.31,2030.0,1015.0,2000.0,-59.0,3532.1372,18.0,18.0,Super Ideal,F,VS2,2.0,IGI,7268.33
492,Jane Brear,2,Round,1,1,0,13.02,2056.0,1028.0,2025.0,-60.0,3676.9963,18.0,18.0,Super Ideal,F,VS2,2.0,IGI,7268.33
492,Mei & Co,2,Round,1,1,0,11.06,2045.0,1022.5,2014.0,-58.0,3525.4985,18.0,18.0,Super Ideal,F,VS2,2.0,IGI,7268.33
492,Michelle Kennedy,2,Round,1,1,0,12.56,2076.56,1038.28,2045.0,-59.0,3609.8638,18.0,18.0,Super Ideal,F,VS2,2.0,IGI,7268.33
492,Periwinkle Stones,2,Round,1,1,0,10.83,2069.0,1034.5,2038.0,-58.0,3548.6477,18.0,18.0,Super Ideal,F,VS2,2.0,IGI,7268.33
492,Riviera Jewels,2,Round,1,1,0,11.73,2109.4,1054.7,2078.0,-57.0,3531.646,18.0,18.0,Super Ideal,F,VS2,2.0,IGI,7268.33
492,Serene Peaks Diamonds,2,Round,1,1,0,12.43,2048.0,1024.0,2017.0,-59.0,3536.8022,18.0,18.0,Super Ideal,F,VS2,2.0,IGI,7268.33
492,Tamara,2,Round,1,1,0,11.28,2060.64,1030.32,2030.0,-59.0,3572.0435,18.0,18.0,Super Ideal,F,VS2,2.0,IGI,7268.33
492,Temperley,2,Round,1,1,0,11.37,2082.54,1041.27,2051.0,-58.0,3547.9919,18.0,18.0,Super Ideal,F,VS2,2.0,IGI,7268.33
492,White Lily,2,Round,1,1,0,15.29,2091.0,1045.5,2060.0,-58.0,3548.5566,18.0,18.0,Super Ideal,F,VS2,2.0,IGI,7268.33
494,Avignon Diamonds,2,Round,1,1,0,15.42,335.87,610.67,331.0,-50.0,476.2394,18.0,18.0,Ideal,E,VS1,0.55,IGI,805.0
494,Jane Brear,2,Round,1,1,0,14.01,324.0,589.09,319.0,-51.0,473.3105,18.0,18.0,Ideal,E,VS1,0.55,IGI,805.0
494,Lotus Creation,2,Round,1,1,0,20.45,300.0,545.45,296.0,-55.0,477.0205,18.0,18.0,Ideal,E,VS1,0.55,IGI,805.0
494,Marlowe & Co,2,Round,1,1,0,14.15,305.0,554.55,300.0,-53.0,463.6601,18.0,18.0,Ideal,E,VS1,0.55,IGI,805.0
494,Michelle Kennedy,2,Round,1,1,0,14.46,346.26,629.56,341.0,-49.0,486.254,18.0,18.0,Ideal,E,VS1,0.55,IGI,805.0
494,Temperley,2,Round,1,1,0,18.61,320.0,581.82,315.0,-54.0,495.5971,18.0,18.0,Ideal,E,VS1,0.55,IGI,805.0
494,White Lily,2,Round,1,1,0,10.86,346.26,629.56,341.0,-48.0,476.0151,18.0,18.0,Ideal,E,VS1,0.55,IGI,805.0
495,Cirrus Gems,2,Round,1,1,0,91.29,1342.0,741.44,1322.0,-60.0,2420.0105,18.0,18.0,Ideal,I,VS1,1.81,IGI,3742.0
495,Jane Brear,2,Round,1,1,0,14.6,2526.3,1395.75,2488.0,-25.0,2421.4397,17.0,18.0,Ideal,I,VS1,1.81,IGI,3742.0
495,Michelle Kennedy,2,Round,1,1,0,12.99,2526.3,1395.75,2488.0,-26.0,2432.2542,18.0,18.0,Ideal,I,VS1,1.81,IGI,3742.0
497,Avignon Diamonds,2,Cushion,1,1,0,16.18,5323.0,1762.58,5243.0,-61.0,8553.9873,15.0,15.0,Super Ideal,E,VS1,3.02,IGI,16730.0
497,Bella Gems,2,Cushion,1,1,0,17.35,5413.0,1792.38,5332.0,-56.0,7828.269,15.0,15.0,Super Ideal,E,VS1,3.02,IGI,16730.0
497,Bonsai Gems,2,Cushion,1,1,0,15.26,5454.0,1805.96,5372.0,-59.0,8362.749,15.0,15.0,Super Ideal,E,VS1,3.02,IGI,16730.0
497,Clermont Diamonds,2,Cushion,1,1,0,17.73,5430.0,1798.01,5349.0,-58.0,8074.3052,15.0,15.0,Super Ideal,E,VS1,3.02,IGI,16730.0
497,Diamonds by Zoya,2,Cushion,1,1,0,20.86,5447.0,1803.64,5365.0,-57.0,8074.3052,15.0,15.0,Super Ideal,E,VS1,3.02,IGI,16730.0
497,Eternal Flame,2,Cushion,1,1,0,25.52,5260.0,1741.72,5181.0,-61.0,8572.4912,15.0,15.0,Super Ideal,E,VS1,3.02,IGI,16730.0
497,Genesis Stones,2,Cushion,1,1,0,16.94,5613.0,1858.61,5529.0,-56.0,7985.1235,15.0,15.0,Super Ideal,E,VS1,3.02,IGI,16730.0
497,Grace Brooks,2,Cushion,1,1,0,23.38,5388.0,1784.11,5307.0,-61.0,8659.9326,15.0,15.0,Super Ideal,E,VS1,3.02,IGI,16730.0
497,Hill & Holland,2,Cushion,1,1,0,22.88,5666.0,1876.16,5581.0,-55.0,7985.1235,15.0,15.0,Super Ideal,E,VS1,3.02,IGI,16730.0
497,Hoseki,2,Cushion,1,1,0,22.22,5514.33,1825.94,5432.0,-59.0,8564.792,15.0,15.0,Super Ideal,E,VS1,3.02,IGI,16730.0
497,Jane Brear,2,Cushion,1,1,0,21.44,5381.41,1781.92,5301.0,-61.0,8694.9492,15.0,15.0,Super Ideal,E,VS1,3.02,IGI,16730.0
497,Michelle Kennedy,2,Cushion,1,1,0,21.73,5256.6,1740.6,5178.0,-61.0,8554.4541,15.0,15.0,Super Ideal,E,VS1,3.02,IGI,16730.0
497,Periwinkle Stones,2,Cushion,1,1,0,20.77,5608.62,1857.16,5524.0,-56.0,7969.4663,15.0,15.0,Super Ideal,E,VS1,3.02,IGI,16730.0
497,Temperley,2,Cushion,1,1,0,22.32,5207.05,1724.19,5129.0,-59.0,7978.5288,15.0,15.0,Super Ideal,E,VS1,3.02,IGI,16730.0
497,Verve Jewels,2,Cushion,1,1,0,24.36,5330.0,1764.9,5250.0,-58.0,7996.5503,15.0,15.0,Super Ideal,E,VS1,3.02,IGI,16730.0
497,Vespera Gems,2,Cushion,1,1,0,23.08,5251.0,1738.74,5172.0,-61.0,8568.7471,15.0,15.0,Super Ideal,E,VS1,3.02,IGI,16730.0
497,Westport Jewelry,2,Cushion,1,1,0,19.59,5237.0,1734.11,5158.0,-59.0,8064.2744,15.0,15.0,Super Ideal,E,VS1,3.02,IGI,16730.0
497,White Lily,2,Cushion,1,1,0,15.65,5481.0,1814.9,5399.0,-59.0,8375.8301,15.0,15.0,Super Ideal,E,VS1,3.02,IGI,16730.0
501,Taiga Gems,2,Oval,1,1,0,12.76,1643.74,838.64,1619.0,-49.0,2172.3645,15.0,15.0,Super Ideal,I,VS2,1.96,IGI,4200.0
505,Bayside Gems,2,Round,1,1,0,19.12,2659.95,1122.34,2620.0,-60.0,4795.6333,18.0,18.0,Super Ideal,F,VS1,2.37,IGI,10410.0
505,Cirrus Gems,2,Round,1,1,0,95.0,2556.0,1078.48,2518.0,-61.0,4704.147,18.0,18.0,Super Ideal,F,VS1,2.37,IGI,10410.0
505,Emilia Sterling,2,Round,1,1,0,15.62,2566.0,1082.7,2528.0,-61.0,4712.9727,18.0,18.0,Super Ideal,F,VS1,2.37,IGI,10410.0
505,Eternity Fine Jewelers,2,Round,1,1,0,16.51,2658.0,1121.52,2618.0,-60.0,4802.0825,18.0,18.0,Super Ideal,F,VS1,2.37,IGI,10410.0
505,Jane Brear,2,Round,1,1,0,17.0,2649.0,1117.72,2609.0,-60.0,4732.9316,18.0,18.0,Super Ideal,F,VS1,2.37,IGI,10410.0
505,Michelle Kennedy,2,Round,1,1,0,14.66,2689.48,1134.8,2649.0,-60.0,4831.2002,18.0,18.0,Super Ideal,F,VS1,2.37,IGI,10410.0
505,N. B. Diamonds,2,Round,1,1,0,16.98,2597.0,1095.78,2558.0,-60.0,4592.0903,18.0,18.0,Super Ideal,F,VS1,2.37,IGI,10410.0
505,Nebula Stones,2,Round,1,1,0,14.39,2730.28,1152.02,2689.0,-57.0,4534.9717,18.0,18.0,Super Ideal,F,VS1,2.37,IGI,10410.0
505,Periwinkle Stones,2,Round,1,1,0,12.28,2691.0,1135.44,2651.0,-59.0,4736.9678,18.0,18.0,Super Ideal,F,VS1,2.37,IGI,10410.0
505,Seraphina Gems,2,Round,1,1,0,15.48,3403.0,1435.86,3352.0,-50.0,4841.3149,18.0,18.0,Super Ideal,F,VS1,2.37,IGI,10410.0
505,Sigma Diamonds,2,Round,1,1,0,12.71,2662.0,1123.21,2622.0,-59.0,4639.9438,18.0,18.0,Super Ideal,F,VS1,2.37,IGI,10410.0
505,Sonata Gems,2,Round,1,1,0,13.4,2637.0,1112.66,2597.0,-61.0,4799.7715,18.0,18.0,Super Ideal,F,VS1,2.37,IGI,10410.0
505,Tamara,2,Round,1,1,0,10.23,2665.0,1124.47,2625.0,-59.0,4628.689,18.0,18.0,Super Ideal,F,VS1,2.37,IGI,10410.0
505,Temperley,2,Round,1,1,0,14.41,2689.48,1134.8,2649.0,-60.0,4761.583,18.0,18.0,Super Ideal,F,VS1,2.37,IGI,10410.0
505,Tierra Mia Diamonds,2,Round,1,1,0,16.59,2621.0,1105.91,2582.0,-61.0,4822.5137,18.0,18.0,Super Ideal,F,VS1,2.37,IGI,10410.0
505,White Lily,2,Round,1,1,0,15.36,2656.0,1120.68,2616.0,-59.0,4598.6201,18.0,18.0,Super Ideal,F,VS1,2.37,IGI,10410.0
506,Michelle Kennedy,2,Round,1,1,0,13.87,1156.0,750.65,1139.0,-50.0,1661.8613,18.0,18.0,Super Ideal,H,VS2,1.54,IGI,3496.67
506,Temperley,2,Round,1,1,0,11.15,1140.27,740.44,1123.0,-54.0,1766.7128,18.0,18.0,Super Ideal,H,VS2,1.54,IGI,3496.67
510,Jane Brear,2,Oval,1,2,0,14.64,1496.0,880.0,1474.0,-35.0,1544.9889,15.0,15.0,Very Good,J,SI1,1.7,IGI,2760.0
510,Michelle Kennedy,2,Oval,1,1,0,15.42,1496.0,880.0,1474.0,-39.0,1657.9611,14.0,15.0,Very Good,J,SI1,1.7,IGI,2760.0
510,Temperley,2,Oval,1,1,0,14.78,1496.0,880.0,1474.0,-44.0,1786.6843,14.0,15.0,Very Good,J,SI1,1.7,IGI,2760.0
510,White Lily,2,Oval,1,2,0,15.12,1496.0,880.0,1474.0,-38.0,1620.3977,15.0,15.0,Very Good,J,SI1,1.7,IGI,2760.0
511,Eterna Luxe,2,Oval,1,1,0,10.47,2493.0,1159.53,2456.0,-59.0,4111.2661,15.0,15.0,Super Ideal,F,VS1,2.15,IGI,7600.0
511,Jane Brear,2,Oval,1,1,0,12.73,2496.46,1161.14,2459.0,-59.0,4077.6121,15.0,15.0,Super Ideal,F,VS1,2.15,IGI,7600.0
511,Michelle Kennedy,2,Oval,1,1,0,12.62,2508.4,1166.7,2471.0,-59.0,4151.3003,15.0,15.0,Super Ideal,F,VS1,2.15,IGI,7600.0
511,Periwinkle Stones,2,Oval,1,1,0,14.22,2588.99,1204.18,2550.0,-57.0,4049.7312,15.0,15.0,Super Ideal,F,VS1,2.15,IGI,7600.0
511,Tamara,2,Oval,1,1,0,13.37,2511.0,1167.91,2473.0,-59.0,4081.4807,15.0,15.0,Super Ideal,F,VS1,2.15,IGI,7600.0
511,Temperley,2,Oval,1,1,0,17.32,2604.0,1211.16,2565.0,-56.0,3946.866,15.0,15.0,Super Ideal,F,VS1,2.15,IGI,7600.0
511,White Lily,2,Oval,1,1,0,17.44,2448.0,1138.6,2411.0,-59.0,4011.6165,15.0,15.0,Super Ideal,F,VS1,2.15,IGI,7600.0
513,Michelle Kennedy,2,Round,1,1,0,12.85,672.0,640.0,662.0,-62.0,1262.4729,18.0,18.0,Ideal,G,VS2,1.05,IGI,1960.0
513,Nova Stars,2,Round,1,1,0,12.13,665.0,633.33,655.0,-60.0,1200.4703,18.0,18.0,Ideal,G,VS2,1.05,IGI,1960.0
513,Temperley,2,Round,1,1,0,12.26,686.0,653.33,676.0,-60.0,1239.2957,18.0,18.0,Ideal,G,VS2,1.05,IGI,1960.0
514,Avignon Diamonds,2,Round,1,1,0,14.6,2025.0,1012.5,1995.0,-59.0,3549.5562,18.0,18.0,Ideal,F,VS2,2.0,IGI,8702.0
514,Camden Gems,2,Round,1,1,0,10.35,2037.0,1018.5,2006.0,-59.0,3562.5049,18.0,18.0,Ideal,F,VS2,2.0,IGI,8702.0
514,Clermont Diamonds,2,Round,1,2,0,15.31,2030.0,1015.0,2000.0,-59.0,3532.1372,18.0,18.0,Ideal,F,VS2,2.0,IGI,8702.0
514,Jane Brear,2,Round,1,1,0,13.02,2056.0,1028.0,2025.0,-60.0,3676.9963,18.0,18.0,Ideal,F,VS2,2.0,IGI,8702.0
514,Mei & Co,2,Round,1,1,0,11.06,2045.0,1022.5,2014.0,-58.0,3525.4985,18.0,18.0,Ideal,F,VS2,2.0,IGI,8702.0
514,Michelle Kennedy,2,Round,1,1,0,12.56,2076.56,1038.28,2045.0,-59.0,3609.8638,18.0,18.0,Ideal,F,VS2,2.0,IGI,8702.0
514,Periwinkle Stones,2,Round,1,1,0,10.83,2069.0,1034.5,2038.0,-58.0,3548.6477,18.0,18.0,Ideal,F,VS2,2.0,IGI,8702.0
514,Riviera Jewels,2,Round,1,1,0,11.73,2109.4,1054.7,2078.0,-57.0,3531.646,18.0,18.0,Ideal,F,VS2,2.0,IGI,8702.0
514,Serene Peaks Diamonds,2,Round,1,1,0,12.43,2048.0,1024.0,2017.0,-59.0,3536.8022,18.0,18.0,Ideal,F,VS2,2.0,IGI,8702.0
514,Tamara,2,Round,1,1,0,11.28,2060.64,1030.32,2030.0,-59.0,3572.0435,18.0,18.0,Ideal,F,VS2,2.0,IGI,8702.0
514,Temperley,2,Round,1,1,0,11.37,2082.54,1041.27,2051.0,-58.0,3547.9919,18.0,18.0,Ideal,F,VS2,2.0,IGI,8702.0
514,White Lily,2,Round,1,1,0,15.29,2091.0,1045.5,2060.0,-58.0,3548.5566,18.0,18.0,Ideal,F,VS2,2.0,IGI,8702.0
518,KIYO,2,Emerald,1,1,0,38.51,387.03,444.86,381.0,-47.0,470.3167,15.0,15.0,Super Ideal,H,VS1,0.87,IGI,1210.0
523,Camden Gems,2,Round,1,1,0,18.89,1658.0,910.99,1633.0,-62.0,3096.5969,18.0,18.0,Ideal,G,VS1,1.82,IGI,5050.0
523,Cirrus Gems,2,Round,1,1,0,19.84,1607.0,882.97,1583.0,-64.0,3165.9417,18.0,18.0,Ideal,G,VS1,1.82,IGI,5050.0
523,Ember Star,2,Round,1,1,0,18.81,1612.0,885.71,1588.0,-63.0,3118.7666,18.0,18.0,Ideal,G,VS1,1.82,IGI,5050.0
523,Eterna Luxe,2,Round,1,1,0,11.04,1662.0,913.19,1637.0,-62.0,3136.2781,18.0,18.0,Ideal,G,VS1,1.82,IGI,5050.0
523,Fabiola,2,Round,1,1,0,18.87,1646.0,904.4,1621.0,-62.0,3071.0647,18.0,18.0,Ideal,G,VS1,1.82,IGI,5050.0
523,Mei & Co,2,Round,1,1,0,14.49,1668.0,916.48,1643.0,-60.0,3022.2275,18.0,18.0,Ideal,G,VS1,1.82,IGI,5050.0
523,Serene Peaks Diamonds,2,Round,1,1,0,15.72,1677.0,921.43,1652.0,-62.0,3136.9294,18.0,18.0,Ideal,G,VS1,1.82,IGI,5050.0
523,Taiga Gems,2,Round,1,1,0,14.31,1627.0,893.96,1603.0,-62.0,3078.4546,18.0,18.0,Ideal,G,VS1,1.82,IGI,5050.0
523,Temperley,2,Round,1,1,0,15.51,1669.0,917.03,1644.0,-61.0,3080.6567,18.0,18.0,Ideal,G,VS1,1.82,IGI,5050.0
523,Voyage Diamonds,2,Round,1,1,0,21.03,1739.0,955.49,1713.0,-59.0,3037.2065,18.0,18.0,Ideal,G,VS1,1.82,IGI,5050.0
523,Westport Jewelry,2,Round,1,1,0,14.75,1631.0,896.15,1607.0,-62.0,3075.4385,18.0,18.0,Ideal,G,VS1,1.82,IGI,5050.0
523,White Lily,2,Round,1,1,0,15.68,1717.0,943.41,1691.0,-61.0,3116.1313,18.0,18.0,Ideal,G,VS1,1.82,IGI,5050.0
524,Jane Brear,2,Round,1,1,0,11.55,1433.0,884.57,1412.0,-55.0,2279.0068,18.0,18.0,Ideal,E,VS2,1.62,IGI,4795.0
524,Silva Diamonds,2,Round,1,1,0,13.42,1381.0,852.47,1360.0,-57.0,2306.6304,18.0,18.0,Ideal,E,VS2,1.62,IGI,4795.0
524,Temperley,2,Round,1,1,0,18.48,1434.0,885.19,1412.0,-55.0,2270.2061,18.0,18.0,Ideal,E,VS2,1.62,IGI,4795.0
524,Vega Diamonds,2,Round,1,1,0,23.6,1363.0,841.36,1343.0,-58.0,2297.1248,18.0,18.0,Ideal,E,VS2,1.62,IGI,4795.0
527,Nova Stars,2,Round,1,1,0,13.81,305.0,406.67,300.0,-60.0,551.1412,18.0,18.0,Ideal,F,VS1,0.75,IGI,1230.0
531,Fuji Diamonds,2,Pear,1,2,0,17.86,1338.66,892.44,1319.0,-63.0,2324.8159,15.0,15.0,Very Good,H,VVS2,1.5,IGI,3660.0
531,Jane Brear,2,Pear,1,2,0,16.52,1340.0,893.33,1320.0,-63.0,2324.2979,15.0,15.0,Very Good,H,VVS2,1.5,IGI,3660.0
536,Temperley,2,Emerald,1,1,0,14.63,1041.0,937.84,1025.0,-64.0,1862.9541,14.0,15.0,Very Good,E,VVS2,1.11,IGI,2810.0
536,White Lily,2,Emerald,2,2,0,18.5,1029.0,927.03,1014.0,-64.0,1822.7275,13.0,15.0,Very Good,E,VVS2,1.11,IGI,2810.0
537,White Lily,2,Round,2,2,0,14.19,741.0,823.33,730.0,-43.0,934.7977,17.0,18.0,Very Good,D,SI2,0.9,IGI,1370.0
539,Michelle Kennedy,2,Round,2,1,0,13.97,331.34,543.18,326.0,-47.0,444.4372,18.0,18.0,Ideal,E,VS2,0.61,IGI,825.0
539,Silva Diamonds,2,Round,1,1,0,14.48,329.0,539.34,324.0,-52.0,487.7426,18.0,18.0,Ideal,E,VS2,0.61,IGI,825.0
539,Temperley,2,Round,1,1,0,14.18,351.0,575.41,346.0,-47.0,470.8956,18.0,18.0,Ideal,E,VS2,0.61,IGI,825.0
543,Avignon Diamonds,2,Round,1,1,0,17.38,4508.54,1449.69,4441.0,-66.0,9550.7578,18.0,18.0,Super Ideal,F,VS1,3.11,IGI,19280.0
543,Emilia Sterling,2,Round,1,1,0,12.81,4521.0,1453.7,4453.0,-65.0,9292.248,18.0,18.0,Super Ideal,F,VS1,3.11,IGI,19280.0
543,Jane Brear,2,Round,1,1,0,10.51,4713.0,1515.43,4642.0,-63.0,9190.5732,18.0,18.0,Super Ideal,F,VS1,3.11,IGI,19280.0
543,Phoenix Crafts,2,Round,1,1,0,13.57,4709.0,1514.15,4638.0,-64.0,9462.1719,18.0,18.0,Super Ideal,F,VS1,3.11,IGI,19280.0
543,Tamara,2,Round,1,1,0,13.36,4683.0,1505.79,4613.0,-65.0,9589.7959,18.0,18.0,Super Ideal,F,VS1,3.11,IGI,19280.0
546,Atkinson Crafts,2,Round,1,1,0,11.91,2734.0,1283.57,2693.0,-58.0,4644.2368,18.0,18.0,Super Ideal,E,VS1,2.13,IGI,9840.0
546,Camden Gems,2,Round,1,1,0,10.4,2586.0,1214.08,2547.0,-60.0,4662.7275,18.0,18.0,Super Ideal,E,VS1,2.13,IGI,9840.0
546,Cirrus Gems,2,Round,1,1,0,94.86,2525.0,1185.45,2487.0,-61.0,4660.0322,18.0,18.0,Super Ideal,E,VS1,2.13,IGI,9840.0
546,Eccles Diamonds,2,Round,1,1,0,15.79,2606.9,1223.9,2568.0,-60.0,4688.7041,18.0,18.0,Super Ideal,E,VS1,2.13,IGI,9840.0
546,Eterna Luxe,2,Round,1,1,0,13.69,2601.0,1221.13,2562.0,-61.0,4722.3638,18.0,18.0,Super Ideal,E,VS1,2.13,IGI,9840.0
546,Fiona Clément,2,Round,1,1,0,11.39,2572.0,1207.51,2533.0,-60.0,4594.2764,18.0,18.0,Super Ideal,E,VS1,2.13,IGI,9840.0
546,Jane Brear,2,Round,1,1,0,15.79,2644.71,1241.65,2605.0,-59.0,4615.3574,18.0,18.0,Super Ideal,E,VS1,2.13,IGI,9840.0
546,Michelle Kennedy,2,Round,1,1,0,19.29,2624.81,1232.31,2585.0,-59.0,4587.853,18.0,18.0,Super Ideal,E,VS1,2.13,IGI,9840.0
546,Olympus Diamonds,2,Round,1,1,0,94.85,2594.0,1217.84,2555.0,-60.0,4587.2007,18.0,18.0,Super Ideal,E,VS1,2.13,IGI,9840.0
546,Tamara,2,Round,1,1,0,19.46,2614.0,1227.23,2575.0,-60.0,4633.2407,18.0,18.0,Super Ideal,E,VS1,2.13,IGI,9840.0
546,Temperley,2,Round,1,1,0,16.56,2616.0,1228.17,2577.0,-60.0,4717.4873,18.0,18.0,Super Ideal,E,VS1,2.13,IGI,9840.0
546,Tierra Mia Diamonds,2,Round,1,1,0,21.1,2581.0,1211.74,2542.0,-61.0,4744.9282,18.0,18.0,Super Ideal,E,VS1,2.13,IGI,9840.0
546,White Lily,2,Round,1,1,0,16.51,2635.76,1237.45,2596.0,-59.0,4646.4453,18.0,18.0,Super Ideal,E,VS1,2.13,IGI,9840.0
547,Hazel Diamonds,2,Round,1,1,0,13.06,796.0,772.82,784.0,-57.0,1339.9321,18.0,18.0,Super Ideal,F,VVS2,1.03,IGI,2694.29
547,Hoseki,2,Round,1,1,0,10.97,824.86,800.83,812.0,-56.0,1338.0596,18.0,18.0,Super Ideal,F,VVS2,1.03,IGI,2694.29
547,Jane Brear,2,Round,1,1,0,14.69,836.0,811.65,823.0,-54.0,1308.0276,18.0,18.0,Super Ideal,F,VVS2,1.03,IGI,2694.29
547,Marlowe & Co,2,Round,1,1,0,12.66,832.0,807.77,820.0,-54.0,1292.2479,18.0,18.0,Super Ideal,F,VVS2,1.03,IGI,2694.29
547,Michelle Kennedy,2,Round,1,1,0,92.52,839.0,814.56,826.0,-53.0,1279.0481,18.0,18.0,Super Ideal,F,VVS2,1.03,IGI,2694.29
547,Nova Stars,2,Round,1,1,0,11.57,806.0,782.52,794.0,-58.0,1367.8097,18.0,18.0,Super Ideal,F,VVS2,1.03,IGI,2694.29
547,Oasis Diamonds,2,Round,1,1,0,14.97,840.0,815.53,827.0,-55.0,1333.6123,18.0,18.0,Super Ideal,F,VVS2,1.03,IGI,2694.29
547,Rosella,2,Round,1,1,0,14.93,806.0,782.52,794.0,-56.0,1323.0602,18.0,18.0,Super Ideal,F,VVS2,1.03,IGI,2694.29
547,Temperley,2,Round,1,1,0,92.26,839.0,814.56,826.0,-55.0,1330.0831,18.0,18.0,Super Ideal,F,VVS2,1.03,IGI,2694.29
547,Thalassa Gems,2,Round,1,1,0,10.87,809.0,785.44,797.0,-57.0,1349.7892,18.0,18.0,Super Ideal,F,VVS2,1.03,IGI,2694.29
547,Tierra Mia Diamonds,2,Round,1,1,0,92.29,809.0,785.44,797.0,-56.0,1321.1963,18.0,18.0,Super Ideal,F,VVS2,1.03,IGI,2694.29
547,Vespera Gems,2,Round,1,1,0,13.22,804.94,781.5,793.0,-58.0,1358.4929,18.0,18.0,Super Ideal,F,VVS2,1.03,IGI,2694.29
547,White Lily,2,Round,1,1,0,14.89,836.0,811.65,823.0,-55.0,1334.3164,18.0,18.0,Super Ideal,F,VVS2,1.03,IGI,2694.29
552,Cirrus Gems,2,Round,1,1,0,21.43,856.0,744.35,843.0,-54.0,1333.9908,18.0,18.0,Super Ideal,G,VVS2,1.15,IGI,2723.33
552,Fabiola,2,Round,1,1,0,12.64,875.0,760.87,862.0,-51.0,1291.55,18.0,18.0,Super Ideal,G,VVS2,1.15,IGI,2723.33
552,Jane Brear,2,Round,1,1,0,17.46,885.0,769.57,872.0,-51.0,1286.5745,18.0,18.0,Super Ideal,G,VVS2,1.15,IGI,2723.33
552,Meridian Gems,2,Round,1,1,0,19.62,852.0,740.87,839.0,-52.0,1281.9011,18.0,18.0,Super Ideal,G,VVS2,1.15,IGI,2723.33
552,Sunset Gems,2,Round,1,1,0,21.29,868.0,754.78,855.0,-52.0,1306.5425,18.0,18.0,Super Ideal,G,VVS2,1.15,IGI,2723.33
552,Taiga Gems,2,Round,1,1,0,14.65,855.0,743.48,842.0,-54.0,1326.5366,18.0,18.0,Super Ideal,G,VVS2,1.15,IGI,2723.33
560,Jane Brear,2,Radiant,2,2,0,14.9,874.0,801.83,861.0,-68.0,1753.1816,14.0,15.0,Very Good,D,VS1,1.09,IGI,2660.0
560,Marlowe & Co,2,Radiant,1,1,0,12.05,894.5,820.64,881.0,-66.0,1711.9369,14.0,15.0,Very Good,D,VS1,1.09,IGI,2660.0
560,Michelle Kennedy,2,Radiant,1,1,0,16.16,897.0,822.94,884.0,-67.0,1779.3337,14.0,15.0,Very Good,D,VS1,1.09,IGI,2660.0
565,Albert's Creations,2,Round,1,1,0,14.71,1528.32,926.25,1505.0,-55.0,2448.835,18.0,18.0,Super Ideal,E,VS1,1.65,IGI,5460.0
565,Cirrus Gems,2,Round,1,1,0,16.31,1482.47,898.47,1460.0,-57.0,2449.6479,18.0,18.0,Super Ideal,E,VS1,1.65,IGI,5460.0
565,Ember Star,2,Round,1,1,0,15.73,1474.75,893.79,1453.0,-56.0,2411.9363,18.0,18.0,Super Ideal,E,VS1,1.65,IGI,5460.0
565,Eterna Luxe,2,Round,1,1,0,14.18,1529.0,926.67,1506.0,-55.0,2422.0532,18.0,18.0,Super Ideal,E,VS1,1.65,IGI,5460.0
565,Eternity Fine Jewelers,2,Round,1,1,0,14.96,1548.22,938.32,1525.0,-53.0,2362.1343,18.0,18.0,Super Ideal,E,VS1,1.65,IGI,5460.0
565,Genesis Stones,2,Round,1,1,0,10.99,1656.0,1003.64,1631.0,-51.0,2420.8921,18.0,18.0,Super Ideal,E,VS1,1.65,IGI,5460.0
565,Jane Brear,2,Round,1,1,0,14.84,1630.0,987.88,1606.0,-51.0,2377.998,18.0,18.0,Super Ideal,E,VS1,1.65,IGI,5460.0
565,Michelle Kennedy,2,Round,1,1,0,16.52,1630.0,987.88,1606.0,-53.0,2460.5051,18.0,18.0,Super Ideal,E,VS1,1.65,IGI,5460.0
565,Oasis Diamonds,2,Round,1,1,0,12.03,1580.06,957.61,1556.0,-53.0,2404.9692,18.0,18.0,Super Ideal,E,VS1,1.65,IGI,5460.0
565,Roma Diamonds,2,Round,1,1,0,12.49,2490.0,1509.09,2453.0,-27.0,2445.9651,18.0,18.0,Super Ideal,E,VS1,1.65,IGI,5460.0
565,Silva Diamonds,2,Round,1,1,0,10.64,1523.0,923.03,1500.0,-55.0,2420.7725,18.0,18.0,Super Ideal,E,VS1,1.65,IGI,5460.0
565,Tamara,2,Round,1,1,0,15.06,1556.18,943.14,1533.0,-55.0,2489.8652,18.0,18.0,Super Ideal,E,VS1,1.65,IGI,5460.0
565,Temperley,2,Round,1,1,0,14.81,1630.0,987.88,1606.0,-52.0,2450.7598,18.0,18.0,Super Ideal,E,VS1,1.65,IGI,5460.0
565,Tilia Diamonds,2,Round,1,1,0,15.05,1532.0,928.48,1509.0,-55.0,2432.5583,18.0,18.0,Super Ideal,E,VS1,1.65,IGI,5460.0
565,White Lily,2,Round,1,1,0,15.68,1630.0,987.88,1606.0,-52.0,2427.3657,18.0,18.0,Super Ideal,E,VS1,1.65,IGI,5460.0
566,Avignon Diamonds,2,Oval,1,1,0,10.27,3619.0,1436.11,3565.0,-65.0,7055.7812,15.0,15.0,Super Ideal,E,VS1,2.52,IGI,12045.0
566,Jane Brear,2,Oval,1,1,0,13.42,3969.0,1575.0,3909.0,-63.0,7162.0635,15.0,15.0,Super Ideal,E,VS1,2.52,IGI,12045.0
566,Michelle Kennedy,2,Oval,1,1,0,13.12,3931.0,1559.92,3872.0,-62.0,6922.6938,15.0,15.0,Super Ideal,E,VS1,2.52,IGI,12045.0
566,Periwinkle Stones,2,Oval,1,1,0,12.33,3699.0,1467.86,3644.0,-65.0,7162.0635,15.0,15.0,Super Ideal,E,VS1,2.52,IGI,12045.0
566,Rose Valley,2,Oval,1,1,0,12.58,3966.07,1573.84,3907.0,-63.0,7168.8066,15.0,15.0,Super Ideal,E,VS1,2.52,IGI,12045.0
566,Temperley,2,Oval,1,1,0,14.36,3969.0,1575.0,3909.0,-62.0,7014.9448,15.0,15.0,Super Ideal,E,VS1,2.52,IGI,12045.0
566,White Lily,2,Oval,1,1,0,14.04,3931.0,1559.92,3872.0,-62.0,7003.6865,15.0,15.0,Super Ideal,E,VS1,2.52,IGI,12045.0
567,KIYO,2,Cushion,1,1,0,17.81,376.41,482.58,371.0,-66.0,695.6655,14.0,15.0,Very Good,E,VS1,0.78,IGI,1310.0
575,Rosella,2,Round,2,2,0,10.05,329.0,438.67,324.0,-53.0,505.853,18.0,18.0,Ideal,E,VS2,0.75,IGI,1130.0
577,Tamara,2,Emerald,1,1,0,12.71,654.0,718.68,644.0,-52.0,878.1332,15.0,15.0,Good,E,SI1,0.91,IGI,1450.0
578,Cirrus Gems,2,Cushion,1,1,0,24.14,1157.21,766.36,1140.0,-61.0,1872.6217,14.0,15.0,Very Good,I,VS1,1.51,IGI,2840.0
590,Diamonds by Zoya,2,Cushion,2,2,0,11.16,354.0,484.93,349.0,-29.0,315.3188,14.0,15.0,Very Good,E,VS2,0.73,IGI,1120.0
594,White Lily,2,Round,1,1,0,12.78,1547.22,1017.91,1524.0,-25.0,1481.2501,18.0,18.0,Super Ideal,I,SI2,1.52,IGI,2390.0
597,Marlowe & Co,2,Round,1,1,0,14.65,361.0,515.71,356.0,-52.0,535.8757,18.0,18.0,Super Ideal,F,VS1,0.7,IGI,1124.29
600,White Lily,2,Round,1,1,0,13.75,307.0,959.38,302.0,-38.0,356.7874,18.0,18.0,Ideal,E,VVS2,0.32,IGI,380.0
602,White Lily,2,Asscher,1,1,0,21.79,1290.0,832.26,1271.0,-67.0,2430.0991,14.0,15.0,Very Good,E,SI1,1.55,IGI,3580.0
603,Cornerstone,2,Princess,1,1,0,19.77,4122.0,1272.22,4060.0,-64.0,7272.895,15.0,15.0,Super Ideal,G,VS2,3.24,IGI,16390.0
603,Roma Diamonds,2,Princess,1,1,0,12.44,4185.0,1291.67,4122.0,-63.0,7099.3145,15.0,15.0,Super Ideal,G,VS2,3.24,IGI,16390.0
607,White Lily,2,Radiant,1,1,0,12.36,505.46,692.41,498.0,-54.0,717.4842,15.0,15.0,Super Ideal,G,VVS2,0.73,IGI,1140.0
608,Jane Brear,2,Round,1,1,0,16.98,1716.04,1065.86,1690.0,-10.0,1360.3999,18.0,18.0,Ideal,J,SI1,1.61,IGI,2538.0
608,Temperley,2,Round,1,1,0,11.47,1638.76,1017.86,1614.0,-11.0,1317.2739,18.0,18.0,Ideal,J,SI1,1.61,IGI,2538.0
609,Cornerstone,2,Round,2,2,0,12.33,726.0,672.22,715.0,-66.0,1527.8732,17.0,18.0,Very Good,D,VS2,1.08,IGI,2710.0
611,Jane Brear,2,Round,1,1,0,11.19,319.0,550.0,314.0,-47.0,434.0344,18.0,18.0,Ideal,F,VS2,0.58,IGI,800.0
613,Clermont Diamonds,2,Emerald,1,1,0,12.26,1603.94,1062.21,1580.0,-63.0,2770.3354,14.0,15.0,Very Good,E,VS1,1.51,IGI,4875.0
613,Diamonds by Zoya,2,Emerald,1,1,0,12.67,1561.0,1033.77,1538.0,-64.0,2798.4258,14.0,15.0,Very Good,E,VS1,1.51,IGI,4875.0
613,Fuji Diamonds,2,Emerald,1,1,0,13.47,1592.0,1054.3,1568.0,-63.0,2736.0422,14.0,15.0,Very Good,E,VS1,1.51,IGI,4875.0
613,Hoseki,2,Emerald,1,1,0,13.25,1635.78,1083.3,1611.0,-62.0,2762.4346,14.0,15.0,Very Good,E,VS1,1.51,IGI,4875.0
613,Jane Brear,2,Emerald,1,1,0,14.3,1639.0,1085.43,1614.0,-63.0,2839.9927,14.0,15.0,Very Good,E,VS1,1.51,IGI,4875.0
613,Rosella,2,Emerald,1,1,0,12.58,1541.0,1020.53,1518.0,-63.0,2694.8577,14.0,15.0,Very Good,E,VS1,1.51,IGI,4875.0
613,Tierra Mia Diamonds,2,Emerald,1,1,0,12.78,1576.0,1043.71,1552.0,-64.0,2845.8481,14.0,15.0,Very Good,E,VS1,1.51,IGI,4875.0
613,Vespera Gems,2,Emerald,1,1,0,15.88,1590.0,1052.98,1566.0,-63.0,2763.9749,14.0,15.0,Very Good,E,VS1,1.51,IGI,4875.0
613,White Lily,2,Emerald,1,1,0,12.48,1622.0,1074.17,1598.0,-62.0,2752.2864,14.0,15.0,Very Good,E,VS1,1.51,IGI,4875.0
614,Jane Brear,2,Round,1,1,0,12.79,1860.0,1075.14,1832.0,-22.0,1700.7582,18.0,18.0,Ideal,J,VS1,1.73,IGI,3036.67
618,Bayside Gems,2,Round,1,1,0,17.23,860.91,804.59,848.0,-66.0,1811.1012,18.0,18.0,Super Ideal,D,VVS2,1.07,IGI,3200.0
618,Hazel Diamonds,2,Round,1,1,0,13.11,882.0,824.3,869.0,-64.0,1737.2649,18.0,18.0,Super Ideal,D,VVS2,1.07,IGI,3200.0
618,Jane Brear,2,Round,1,1,0,14.43,871.53,814.51,858.0,-65.0,1770.0514,18.0,18.0,Super Ideal,D,VVS2,1.07,IGI,3200.0
618,Joan Cooper,2,Round,1,1,0,13.59,873.61,816.46,861.0,-64.0,1750.9006,18.0,18.0,Super Ideal,D,VVS2,1.07,IGI,3200.0
618,Knox Diamonds,2,Round,1,1,0,12.47,885.0,827.1,872.0,-64.0,1743.9264,18.0,18.0,Super Ideal,D,VVS2,1.07,IGI,3200.0
618,Marlene Crafts,2,Round,1,1,0,17.5,881.0,823.36,868.0,-65.0,1779.9213,18.0,18.0,Super Ideal,D,VVS2,1.07,IGI,3200.0
618,Michelle Kennedy,2,Round,1,1,0,15.08,871.53,814.51,858.0,-65.0,1764.9878,18.0,18.0,Super Ideal,D,VVS2,1.07,IGI,3200.0
618,Sigma Diamonds,2,Round,1,1,0,15.31,883.0,825.23,870.0,-65.0,1799.1312,18.0,18.0,Super Ideal,D,VVS2,1.07,IGI,3200.0
618,Simetría,2,Round,1,1,0,12.34,884.56,826.69,871.0,-64.0,1754.9059,18.0,18.0,Super Ideal,D,VVS2,1.07,IGI,3200.0
618,Summit Gems,2,Round,1,1,0,10.6,885.55,827.62,872.0,-64.0,1737.4402,18.0,18.0,Super Ideal,D,VVS2,1.07,IGI,3200.0
618,Temperley,2,Round,1,1,0,14.54,874.43,817.22,861.0,-65.0,1773.2291,18.0,18.0,Super Ideal,D,VVS2,1.07,IGI,3200.0
618,Tilia Diamonds,2,Round,1,1,0,12.84,882.56,824.82,869.0,-65.0,1788.3954,18.0,18.0,Super Ideal,D,VVS2,1.07,IGI,3200.0
618,Vega Diamonds,2,Round,1,1,0,13.37,866.0,809.35,853.0,-65.0,1785.2242,18.0,18.0,Super Ideal,D,VVS2,1.07,IGI,3200.0
618,Vespera Gems,2,Round,1,1,0,10.74,884.0,826.17,871.0,-64.0,1752.4446,18.0,18.0,Super Ideal,D,VVS2,1.07,IGI,3200.0
618,White Lily,2,Round,1,1,0,16.96,871.53,814.51,858.0,-64.0,1739.4983,18.0,18.0,Super Ideal,D,VVS2,1.07,IGI,3200.0
623,Diamonds by Zoya,2,Pear,2,3,0,14.74,365.0,439.76,360.0,-49.0,460.7694,13.0,15.0,Very Good,F,VS1,0.83,IGI,1340.0
623,Kara,2,Pear,1,1,0,18.85,379.0,456.63,373.0,-47.0,466.2526,15.0,15.0,Very Good,F,VS1,0.83,IGI,1340.0
625,Avignon Diamonds,2,Round,1,2,0,24.51,312.71,590.02,308.0,-50.0,447.8715,17.0,18.0,Very Good,D,VS2,0.53,IGI,773.33
629,Dahlia Diamonds,2,Round,1,1,0,,7574.0,7353.4,7460.0,371.0,1150.707,18.0,18.0,Ideal,H,VS1,1.03,IGI,2203.33
629,Temperley,2,Round,1,1,0,18.56,1101.0,1068.93,1084.0,-33.0,1174.5497,18.0,18.0,Ideal,H,VS1,1.03,IGI,2203.33
632,KIYO,2,Oval,1,1,0,11.38,1489.23,860.83,1467.0,-56.0,2276.416,15.0,15.0,Super Ideal,H,VS1,1.73,IGI,4250.0
632,Michelle Kennedy,2,Oval,1,1,0,18.92,1508.0,871.68,1485.0,-54.0,2215.5205,15.0,15.0,Super Ideal,H,VS1,1.73,IGI,4250.0
632,Nebula Stones,2,Oval,1,1,0,17.71,1561.16,902.4,1538.0,-53.0,2214.2751,15.0,15.0,Super Ideal,H,VS1,1.73,IGI,4250.0
632,Taiga Gems,2,Oval,1,1,0,19.36,1503.44,869.04,1481.0,-54.0,2218.3999,15.0,15.0,Super Ideal,H,VS1,1.73,IGI,4250.0
632,Temperley,2,Oval,1,1,0,16.92,1558.17,900.68,1535.0,-53.0,2226.5317,15.0,15.0,Super Ideal,H,VS1,1.73,IGI,4250.0
632,Voyage Diamonds,2,Oval,2,1,0,19.23,1608.91,930.01,1585.0,-52.0,2261.6299,15.0,15.0,Super Ideal,H,VS1,1.73,IGI,4250.0
638,Roma Diamonds,2,Round,1,1,0,13.03,1540.0,1212.6,1517.0,-31.0,1595.0651,18.0,18.0,Ideal,G,VS2,1.27,IGI,2520.0
640,Blackbird Gems,2,Round,1,1,0,12.1,928.34,821.54,914.0,-52.0,1383.6255,18.0,18.0,Ideal,E,VVS2,1.13,IGI,3223.33
640,Cirrus Gems,2,Round,1,1,0,16.24,878.0,776.99,865.0,-55.0,1392.2056,18.0,18.0,Ideal,E,VVS2,1.13,IGI,3223.33
640,Emilia Sterling,2,Round,1,1,0,11.71,881.0,779.65,868.0,-53.0,1356.1443,18.0,18.0,Ideal,E,VVS2,1.13,IGI,3223.33
640,Equinox Jewels,2,Round,1,1,0,12.52,893.0,790.27,880.0,-56.0,1443.1577,18.0,18.0,Ideal,E,VVS2,1.13,IGI,3223.33
640,Eterna Luxe,2,Round,1,1,0,13.51,915.0,809.73,901.0,-54.0,1422.744,18.0,18.0,Ideal,E,VVS2,1.13,IGI,3223.33
640,Eternity Fine Jewelers,2,Round,1,1,0,15.04,910.0,805.31,896.0,-53.0,1388.4286,18.0,18.0,Ideal,E,VVS2,1.13,IGI,3223.33
640,Hoseki,2,Round,1,1,0,16.05,913.0,807.96,899.0,-53.0,1387.8848,18.0,18.0,Ideal,E,VVS2,1.13,IGI,3223.33
640,Iris Diamonds,2,Round,1,1,0,14.66,891.0,788.5,878.0,-55.0,1405.1151,18.0,18.0,Ideal,E,VVS2,1.13,IGI,3223.33
640,Jane Brear,2,Round,1,1,0,11.29,938.0,830.09,924.0,-52.0,1392.7909,18.0,18.0,Ideal,E,VVS2,1.13,IGI,3223.33
640,Magnolia,2,Round,1,1,0,15.21,909.43,804.81,896.0,-53.0,1390.6752,18.0,18.0,Ideal,E,VVS2,1.13,IGI,3223.33
640,Michelle Kennedy,2,Round,1,1,0,12.62,922.36,816.25,909.0,-52.0,1372.259,18.0,18.0,Ideal,E,VVS2,1.13,IGI,3223.33
640,Oasis Diamonds,2,Round,1,1,0,11.63,948.24,839.15,934.0,-51.0,1380.2993,18.0,18.0,Ideal,E,VVS2,1.13,IGI,3223.33
640,Silva Diamonds,2,Round,1,1,0,11.39,893.0,790.27,880.0,-54.0,1402.5607,18.0,18.0,Ideal,E,VVS2,1.13,IGI,3223.33
640,Temperley,2,Round,1,1,0,12.35,955.0,845.13,941.0,-50.0,1377.0098,18.0,18.0,Ideal,E,VVS2,1.13,IGI,3223.33
640,White Lily,2,Round,1,1,0,13.89,938.28,830.34,924.0,-51.0,1375.183,18.0,18.0,Ideal,E,VVS2,1.13,IGI,3223.33
643,Cirrus Gems,2,Emerald,1,2,0,16.96,879.0,791.89,866.0,-63.0,1528.37,15.0,15.0,Very Good,E,VS1,1.11,IGI,2510.0
643,White Lily,2,Emerald,2,2,0,14.38,919.0,827.93,905.0,-60.0,1494.1022,13.0,15.0,Very Good,E,VS1,1.11,IGI,2510.0
651,Jane Brear,2,Round,1,1,0,11.44,1867.0,1060.8,1839.0,2.0,1311.5199,18.0,18.0,Super Ideal,J,VS2,1.76,IGI,2770.0
651,Temperley,2,Round,1,1,0,11.37,1867.0,1060.8,1839.0,-6.0,1419.0924,18.0,18.0,Super Ideal,J,VS2,1.76,IGI,2770.0
652,Rosella,2,Round,2,2,0,10.85,374.0,656.14,368.0,-79.0,1291.3368,16.0,18.0,Very Good,D,VVS1,0.57,IGI,1470.0
652,White Lily,2,Round,2,2,0,21.63,388.05,680.79,382.0,-61.0,706.5534,16.0,18.0,Very Good,D,VVS1,0.57,IGI,1470.0
657,Fabiola,2,Round,1,1,0,12.95,1199.0,778.57,1181.0,-60.0,2148.7874,18.0,18.0,Ideal,G,VS2,1.54,IGI,3760.0
657,Marlowe & Co,2,Round,1,1,0,11.88,1202.0,780.52,1184.0,-61.0,2186.9683,18.0,18.0,Ideal,G,VS2,1.54,IGI,3760.0
657,Mei & Co,2,Round,1,1,0,9.98,1210.0,785.71,1192.0,-61.0,2241.8821,18.0,18.0,Ideal,G,VS2,1.54,IGI,3760.0
657,Meridian Crafts,2,Round,1,1,0,12.21,1207.0,783.77,1189.0,-61.0,2235.8572,18.0,18.0,Ideal,G,VS2,1.54,IGI,3760.0
657,Nova Stars,2,Round,1,1,0,14.63,1187.0,770.78,1169.0,-64.0,2350.0361,18.0,18.0,Ideal,G,VS2,1.54,IGI,3760.0
657,Temperley,2,Round,1,1,0,51.07,1228.0,797.4,1210.0,-60.0,2203.9412,17.0,18.0,Ideal,G,VS2,1.54,IGI,3760.0
659,Adalyn Jewelry,2,Oval,1,1,0,15.07,378.0,540.0,372.0,-40.0,427.269,15.0,15.0,Super Ideal,D,VS2,0.7,IGI,1240.0
659,Jane Brear,2,Oval,1,1,0,11.7,399.99,571.41,394.0,-49.0,524.9219,15.0,15.0,Super Ideal,D,VS2,0.7,IGI,1240.0
659,Michelle Kennedy,2,Oval,1,2,0,14.2,385.09,550.13,379.0,-46.0,478.6649,15.0,15.0,Super Ideal,D,VS2,0.7,IGI,1240.0
659,Promenade Jewelry,2,Oval,1,2,0,15.01,360.19,514.56,355.0,-44.0,429.9861,15.0,15.0,Super Ideal,D,VS2,0.7,IGI,1240.0
659,Roma Diamonds,2,Oval,1,2,0,14.93,365.0,521.43,360.0,-44.0,441.5942,15.0,15.0,Super Ideal,D,VS2,0.7,IGI,1240.0
659,Rosella,2,Oval,2,2,0,14.83,333.0,475.71,328.0,-48.0,434.7137,15.0,15.0,Super Ideal,D,VS2,0.7,IGI,1240.0
659,Temperley,2,Oval,1,2,0,16.15,385.09,550.13,379.0,-46.0,477.6731,15.0,15.0,Super Ideal,D,VS2,0.7,IGI,1240.0
659,Vega Diamonds,2,Oval,1,1,0,21.71,339.0,484.29,334.0,-50.0,452.6787,15.0,15.0,Super Ideal,D,VS2,0.7,IGI,1240.0
659,Westminster Diamonds,2,Oval,1,2,0,11.34,373.12,533.03,368.0,-43.0,438.5874,15.0,15.0,Super Ideal,D,VS2,0.7,IGI,1240.0
659,White Lily,2,Oval,1,2,0,10.41,384.0,548.57,378.0,-36.0,405.8949,15.0,15.0,Super Ideal,D,VS2,0.7,IGI,1240.0
660,Temperley,2,Round,1,1,0,15.27,1045.0,933.04,1029.0,-52.0,1567.9052,18.0,18.0,Super Ideal,F,VVS1,1.12,IGI,3430.0
664,Michelle Kennedy,2,Round,1,1,0,16.41,5533.19,1838.27,5450.0,-20.0,4965.6089,18.0,18.0,Ideal,J,VS2,3.01,IGI,7620.0
664,Temperley,2,Round,1,1,0,11.0,2409.89,800.63,2374.0,-64.0,4856.1621,18.0,18.0,Ideal,J,VS2,3.01,IGI,7620.0
666,Cornerstone,2,Pear,3,2,0,14.6,812.0,803.96,800.0,-64.0,1469.5016,14.0,15.0,Very Good,E,VS2,1.01,IGI,2300.0
666,Ember Star,2,Pear,1,1,0,18.52,761.0,753.47,750.0,-65.0,1419.7651,15.0,15.0,Very Good,E,VS2,1.01,IGI,2300.0
666,Fabiola,2,Pear,1,1,0,12.3,779.0,771.29,767.0,-65.0,1424.4541,15.0,15.0,Very Good,E,VS2,1.01,IGI,2300.0
666,Fuji Diamonds,2,Pear,1,1,0,15.86,781.0,773.27,769.0,-66.0,1477.4435,14.0,15.0,Very Good,E,VS2,1.01,IGI,2300.0
666,Grace Brooks,2,Pear,2,2,0,13.82,807.83,799.83,796.0,-65.0,1493.1495,15.0,15.0,Very Good,E,VS2,1.01,IGI,2300.0
666,Hoseki,2,Pear,1,1,0,10.58,820.88,812.75,809.0,-62.0,1399.7859,15.0,15.0,Very Good,E,VS2,1.01,IGI,2300.0
666,Infinity Diamonds,2,Pear,1,1,0,17.03,819.41,811.3,807.0,-63.0,1435.6055,15.0,15.0,Very Good,E,VS2,1.01,IGI,2300.0
666,Jane Brear,2,Pear,1,1,0,14.68,855.0,846.53,842.0,-63.0,1501.0529,14.0,15.0,Very Good,E,VS2,1.01,IGI,2300.0
666,Mei & Co,2,Pear,2,2,0,15.13,789.0,781.19,777.0,-65.0,1467.392,14.0,15.0,Very Good,E,VS2,1.01,IGI,2300.0
666,Michelle Kennedy,2,Pear,1,1,0,10.72,795.0,787.13,783.0,-63.0,1410.3562,15.0,15.0,Very Good,E,VS2,1.01,IGI,2300.0
666,Rosella,2,Pear,1,1,0,13.54,766.0,758.42,755.0,-67.0,1498.9003,15.0,15.0,Very Good,E,VS2,1.01,IGI,2300.0
666,Sonata Gems,2,Pear,1,2,0,11.81,800.0,792.08,788.0,-65.0,1498.9003,15.0,15.0,Very Good,E,VS2,1.01,IGI,2300.0
666,Starlit Stones,2,Pear,1,1,0,57.14,842.0,833.66,829.0,-62.0,1443.094,15.0,15.0,Very Good,E,VS2,1.01,IGI,2300.0
666,Taiga Gems,2,Pear,1,1,0,13.33,781.0,773.27,769.0,-65.0,1431.1659,15.0,15.0,Very Good,E,VS2,1.01,IGI,2300.0
666,Temperley,2,Pear,1,1,0,11.89,808.0,800.0,796.0,-65.0,1498.9092,14.0,15.0,Very Good,E,VS2,1.01,IGI,2300.0
666,Vega Diamonds,2,Pear,1,1,0,15.11,766.0,758.42,755.0,-65.0,1424.2411,15.0,15.0,Very Good,E,VS2,1.01,IGI,2300.0
668,Albert's Creations,2,Pear,1,1,0,15.06,360.19,507.31,355.0,-57.0,541.3835,15.0,15.0,Super Ideal,D,VS2,0.71,IGI,1260.0
668,Diamonds by Zoya,2,Pear,2,1,0,88.26,361.0,508.45,356.0,-61.0,595.624,15.0,15.0,Super Ideal,D,VS2,0.71,IGI,1260.0
668,Hoseki,2,Pear,1,1,0,19.27,371.14,522.73,366.0,-55.0,534.0958,15.0,15.0,Super Ideal,D,VS2,0.71,IGI,1260.0
668,Infinity Diamonds,2,Pear,1,1,0,18.16,353.24,497.52,348.0,-59.0,551.9902,15.0,15.0,Super Ideal,D,VS2,0.71,IGI,1260.0
668,Michelle Kennedy,2,Pear,1,1,0,20.4,407.95,574.58,402.0,-52.0,549.5135,15.0,15.0,Super Ideal,D,VS2,0.71,IGI,1260.0
668,Vega Diamonds,2,Pear,1,1,0,19.19,349.38,492.08,344.0,-61.0,578.5369,15.0,15.0,Super Ideal,D,VS2,0.71,IGI,1260.0
669,Temperley,2,Round,1,1,0,14.33,3410.0,1092.95,3359.0,-52.0,5117.7959,18.0,18.0,Super Ideal,J,VS1,3.12,IGI,8430.0
671,Avignon Diamonds,2,Cushion,1,1,0,19.38,2842.0,1400.0,2799.0,-62.0,4666.0137,15.0,15.0,Super Ideal,E,VVS2,2.03,IGI,8600.0
671,Bayside Gems,2,Cushion,1,1,0,22.0,2936.0,1446.31,2892.0,-62.0,4867.2847,15.0,15.0,Super Ideal,E,VVS2,2.03,IGI,8600.0
671,Bonsai Gems,2,Cushion,1,1,0,23.05,2883.0,1420.2,2840.0,-63.0,4919.1108,15.0,15.0,Super Ideal,E,VVS2,2.03,IGI,8600.0
671,Eternal Flame,2,Cushion,1,1,0,19.21,2815.0,1386.7,2773.0,-65.0,5008.0942,15.0,15.0,Super Ideal,E,VVS2,2.03,IGI,8600.0
671,Fuji Diamonds,2,Cushion,1,1,0,20.0,2846.0,1401.97,2803.0,-61.0,4645.4727,15.0,15.0,Super Ideal,E,VVS2,2.03,IGI,8600.0
671,Genesis Stones,2,Cushion,1,1,0,20.23,3032.0,1493.6,2987.0,-60.0,4831.2646,15.0,15.0,Super Ideal,E,VVS2,2.03,IGI,8600.0
671,Hazel Diamonds,2,Cushion,1,1,0,19.58,2806.0,1382.27,2764.0,-64.0,4867.2847,15.0,15.0,Super Ideal,E,VVS2,2.03,IGI,8600.0
671,Hoseki,2,Cushion,1,1,0,18.55,2920.0,1438.42,2876.0,-60.0,4629.4175,15.0,15.0,Super Ideal,E,VVS2,2.03,IGI,8600.0
671,Jane Brear,2,Cushion,1,1,0,20.15,2943.0,1449.75,2899.0,-62.0,4903.5176,15.0,15.0,Super Ideal,E,VVS2,2.03,IGI,8600.0
671,La Marquise,2,Cushion,1,1,0,21.19,3045.0,1500.0,2999.0,-60.0,4829.0083,15.0,15.0,Super Ideal,E,VVS2,2.03,IGI,8600.0
671,Marlowe & Co,2,Cushion,1,1,0,15.66,2861.0,1409.36,2818.0,-62.0,4795.5391,15.0,15.0,Super Ideal,E,VVS2,2.03,IGI,8600.0
671,Michelle Kennedy,2,Cushion,1,1,0,17.94,2877.0,1417.24,2834.0,-63.0,4886.6523,15.0,15.0,Super Ideal,E,VVS2,2.03,IGI,8600.0
671,Periwinkle Stones,2,Cushion,1,1,0,18.47,2903.0,1430.05,2859.0,-62.0,4871.0298,15.0,15.0,Super Ideal,E,VVS2,2.03,IGI,8600.0
671,Promenade Jewelry,2,Cushion,1,1,0,22.17,2784.0,1371.43,2742.0,-64.0,4938.125,15.0,15.0,Super Ideal,E,VVS2,2.03,IGI,8600.0
671,Rosella,2,Cushion,1,1,0,21.94,2780.0,1369.46,2738.0,-62.0,4654.4346,15.0,15.0,Super Ideal,E,VVS2,2.03,IGI,8600.0
671,Taiga Gems,2,Cushion,1,1,0,11.17,2876.0,1416.75,2833.0,-61.0,4656.4663,15.0,15.0,Super Ideal,E,VVS2,2.03,IGI,8600.0
671,Temperley,2,Cushion,1,1,0,14.65,2901.0,1429.06,2857.0,-61.0,4683.8633,15.0,15.0,Super Ideal,E,VVS2,2.03,IGI,8600.0
671,White Lily,2,Cushion,1,1,0,14.73,2912.0,1434.48,2868.0,-61.0,4686.4414,15.0,15.0,Super Ideal,E,VVS2,2.03,IGI,8600.0
673,Artemis Stones,2,Round,1,1,0,19.19,1554.86,878.45,1532.0,-53.0,2361.063,18.0,18.0,Super Ideal,G,VS1,1.77,IGI,5300.0
673,Cirrus Gems,2,Round,1,1,0,19.33,1545.21,873.0,1522.0,-54.0,2428.2561,18.0,18.0,Super Ideal,G,VS1,1.77,IGI,5300.0
673,Diamonds by Zoya,2,Round,1,1,0,11.52,1537.0,868.36,1514.0,-54.0,2416.4082,18.0,18.0,Super Ideal,G,VS1,1.77,IGI,5300.0
673,Jane Brear,2,Round,1,1,0,14.1,1606.92,907.86,1583.0,-54.0,2475.8682,18.0,18.0,Super Ideal,G,VS1,1.77,IGI,5300.0
673,Temperley,2,Round,1,1,0,16.21,1602.94,905.62,1579.0,-54.0,2485.2771,18.0,18.0,Super Ideal,G,VS1,1.77,IGI,5300.0
673,Voyage Diamonds,2,Round,1,1,0,19.1,1647.51,930.8,1623.0,-51.0,2411.0449,18.0,18.0,Super Ideal,G,VS1,1.77,IGI,5300.0
673,Westport Jewelry,2,Round,1,1,0,17.25,1540.0,870.06,1517.0,-55.0,2456.3474,18.0,18.0,Super Ideal,G,VS1,1.77,IGI,5300.0
673,White Lily,2,Round,1,1,0,17.63,1622.84,916.86,1598.0,-53.0,2454.593,18.0,18.0,Super Ideal,G,VS1,1.77,IGI,5300.0
674,Emilia Sterling,2,Emerald,1,1,0,17.12,1657.0,969.01,1632.0,-57.0,2457.6829,15.0,15.0,Super Ideal,G,VS1,1.71,IGI,4780.0
674,Jane Brear,2,Emerald,1,1,0,12.8,1747.0,1021.64,1721.0,-54.0,2466.6924,15.0,15.0,Super Ideal,G,VS1,1.71,IGI,4780.0
674,Marlowe & Co,2,Emerald,1,1,0,10.96,1753.19,1025.26,1727.0,-53.0,2402.1252,15.0,15.0,Super Ideal,G,VS1,1.71,IGI,4780.0
674,Michelle Kennedy,2,Emerald,1,1,0,16.29,1708.0,998.83,1682.0,-55.0,2453.9915,15.0,15.0,Super Ideal,G,VS1,1.71,IGI,4780.0
674,Nebula Stones,2,Emerald,1,1,0,10.72,1792.99,1048.53,1766.0,-53.0,2440.3508,15.0,15.0,Super Ideal,G,VS1,1.71,IGI,4780.0
674,Rosella,2,Emerald,1,1,0,17.67,1668.74,975.87,1644.0,-56.0,2454.5571,15.0,15.0,Super Ideal,G,VS1,1.71,IGI,4780.0
674,Serene Peaks Diamonds,2,Emerald,1,1,0,11.78,1725.33,1008.96,1699.0,-54.0,2423.8291,15.0,15.0,Super Ideal,G,VS1,1.71,IGI,4780.0
674,Sonata Gems,2,Emerald,1,1,0,12.04,1757.17,1027.58,1731.0,-54.0,2438.7019,15.0,15.0,Super Ideal,G,VS1,1.71,IGI,4780.0
674,Taiga Gems,2,Emerald,1,1,0,11.52,1708.42,999.08,1683.0,-56.0,2485.8081,15.0,15.0,Super Ideal,G,VS1,1.71,IGI,4780.0
674,Temperley,2,Emerald,1,2,0,16.26,1715.0,1002.92,1689.0,-55.0,2438.9617,15.0,15.0,Super Ideal,G,VS1,1.71,IGI,4780.0
674,Tierra Mia Diamonds,2,Emerald,1,1,0,10.46,1788.0,1045.61,1761.0,-53.0,2444.2422,15.0,15.0,Super Ideal,G,VS1,1.71,IGI,4780.0
682,Jane Brear,2,Round,1,1,0,13.2,712.42,672.09,702.0,-51.0,1034.551,18.0,18.0,Ideal,E,SI1,1.06,IGI,2020.0
682,Michelle Kennedy,2,Round,1,1,0,11.35,700.0,660.38,690.0,-55.0,1105.8047,18.0,18.0,Ideal,E,SI1,1.06,IGI,2020.0
682,Periwinkle Stones,2,Round,1,1,0,15.35,716.4,675.85,706.0,-53.0,1098.0654,18.0,18.0,Ideal,E,SI1,1.06,IGI,2020.0
682,Roma Diamonds,2,Round,1,1,0,13.75,1317.0,1242.45,1297.0,-15.0,1103.3441,18.0,18.0,Ideal,E,SI1,1.06,IGI,2020.0
682,Sigma Diamonds,2,Round,1,1,0,12.53,665.0,627.36,655.0,-57.0,1099.1735,18.0,18.0,Ideal,E,SI1,1.06,IGI,2020.0
682,Silva Diamonds,2,Round,1,1,0,12.27,681.0,642.45,671.0,-56.0,1101.2903,18.0,18.0,Ideal,E,SI1,1.06,IGI,2020.0
682,Taiga Gems,2,Round,1,1,0,13.69,688.0,649.06,678.0,-52.0,1036.7668,18.0,18.0,Ideal,E,SI1,1.06,IGI,2020.0
682,Temperley,2,Round,1,1,0,11.93,713.42,673.04,703.0,-53.0,1084.6747,18.0,18.0,Ideal,E,SI1,1.06,IGI,2020.0
682,Thalassa Gems,2,Round,1,1,0,11.97,675.6,637.36,665.0,-56.0,1106.2163,18.0,18.0,Ideal,E,SI1,1.06,IGI,2020.0
682,White Lily,2,Round,1,1,0,12.44,700.0,660.38,690.0,-53.0,1065.9458,18.0,18.0,Ideal,E,SI1,1.06,IGI,2020.0
683,Jane Brear,2,Round,1,1,0,19.56,1302.46,757.24,1283.0,-42.0,1612.8995,18.0,18.0,Super Ideal,I,VS2,1.72,IGI,3242.86
684,Sunset Gems,2,Round,1,1,0,10.77,838.0,630.08,825.0,-60.0,1488.1918,18.0,18.0,Ideal,I,VVS2,1.33,IGI,2450.0
684,White Lily,2,Round,1,1,0,12.64,895.5,673.31,882.0,-56.0,1463.3657,18.0,18.0,Ideal,I,VVS2,1.33,IGI,2450.0
687,Albert's Creations,2,Round,1,1,0,10.86,713.0,672.64,702.0,-60.0,1290.0419,18.0,18.0,Super Ideal,F,VS1,1.06,IGI,2417.5
687,Avignon Diamonds,2,Round,1,1,0,12.19,728.0,686.79,717.0,-57.0,1213.1477,18.0,18.0,Super Ideal,F,VS1,1.06,IGI,2417.5
687,Fabiola,2,Round,1,1,0,13.4,703.0,663.21,692.0,-59.0,1238.0298,18.0,18.0,Super Ideal,F,VS1,1.06,IGI,2417.5
687,Jane Brear,2,Round,1,1,0,16.54,744.0,701.89,733.0,-56.0,1210.0452,18.0,18.0,Super Ideal,F,VS1,1.06,IGI,2417.5
687,Marlowe & Co,2,Round,1,1,0,10.1,722.0,681.13,711.0,-60.0,1296.2761,18.0,18.0,Super Ideal,F,VS1,1.06,IGI,2417.5
687,Mei & Co,2,Round,1,1,0,12.96,697.0,657.55,687.0,-61.0,1275.075,18.0,18.0,Super Ideal,F,VS1,1.06,IGI,2417.5
687,Meridian Crafts,2,Round,1,1,0,12.12,711.0,670.75,700.0,-58.0,1205.9182,18.0,18.0,Super Ideal,F,VS1,1.06,IGI,2417.5
687,Michelle Kennedy,2,Round,1,1,0,13.07,735.0,693.4,724.0,-57.0,1218.5051,18.0,18.0,Super Ideal,F,VS1,1.06,IGI,2417.5
687,Nova Stars,2,Round,1,1,0,13.5,698.0,658.49,688.0,-60.0,1263.2457,18.0,18.0,Super Ideal,F,VS1,1.06,IGI,2417.5
687,Temperley,2,Round,1,1,0,11.34,723.0,682.08,712.0,-59.0,1258.132,18.0,18.0,Super Ideal,F,VS1,1.06,IGI,2417.5
687,White Lily,2,Round,1,1,0,13.21,730.0,688.68,719.0,-57.0,1220.7867,18.0,18.0,Super Ideal,F,VS1,1.06,IGI,2417.5
690,Cirrus Gems,2,Round,1,1,0,16.74,743.0,624.37,732.0,-59.0,1309.4961,18.0,18.0,Ideal,F,VS1,1.19,IGI,2850.0
690,Ember Star,2,Round,1,1,0,14.63,745.0,626.05,734.0,-59.0,1286.2468,18.0,18.0,Ideal,F,VS1,1.19,IGI,2850.0
690,Emilia Sterling,2,Round,1,1,0,12.16,748.0,628.57,737.0,-56.0,1210.5204,18.0,18.0,Ideal,F,VS1,1.19,IGI,2850.0
690,Equinox Jewels,2,Round,1,1,0,13.05,760.0,638.66,749.0,-58.0,1295.6262,18.0,18.0,Ideal,F,VS1,1.19,IGI,2850.0
690,Fabiola,2,Round,1,1,0,12.64,760.0,638.66,749.0,-59.0,1318.4598,18.0,18.0,Ideal,F,VS1,1.19,IGI,2850.0
690,Jane Brear,2,Round,1,1,0,11.68,791.0,664.71,779.0,-57.0,1314.5527,18.0,18.0,Ideal,F,VS1,1.19,IGI,2850.0
690,Magnolia,2,Round,1,1,0,12.27,765.16,642.99,754.0,-57.0,1287.3402,18.0,18.0,Ideal,F,VS1,1.19,IGI,2850.0
690,Marlowe & Co,2,Round,1,1,0,12.78,781.0,656.3,769.0,-57.0,1295.7219,18.0,18.0,Ideal,F,VS1,1.19,IGI,2850.0
690,Michelle Kennedy,2,Round,1,1,0,12.95,840.0,705.88,827.0,-52.0,1265.666,18.0,18.0,Ideal,F,VS1,1.19,IGI,2850.0
690,Silva Diamonds,2,Round,1,1,0,14.66,762.0,640.34,751.0,-58.0,1313.5994,18.0,18.0,Ideal,F,VS1,1.19,IGI,2850.0
690,Temperley,2,Round,1,1,0,14.95,840.0,705.88,827.0,-55.0,1324.0416,18.0,18.0,Ideal,F,VS1,1.19,IGI,2850.0
690,White Lily,2,Round,1,1,0,11.47,806.94,678.1,795.0,-55.0,1298.0026,18.0,18.0,Ideal,F,VS1,1.19,IGI,2850.0
692,White Lily,2,Round,2,2,0,14.71,427.85,737.67,421.0,-50.0,608.3505,16.0,18.0,Very Good,F,VVS1,0.58,IGI,890.0
696,Temperley,2,Round,1,1,0,11.89,2387.0,1037.83,2351.0,-44.0,3028.5264,18.0,18.0,Super Ideal,J,VVS2,2.3,IGI,5090.0
702,Taiga Gems,2,Round,1,1,0,16.28,2141.0,829.84,2109.0,-65.0,4425.3184,18.0,18.0,Super Ideal,H,SI1,2.58,IGI,6990.0
709,Jane Brear,2,Oval,1,1,0,19.53,3011.0,1368.64,2966.0,-54.0,4363.9233,15.0,15.0,Very Good,F,VS1,2.2,IGI,8420.0
709,Roma Diamonds,2,Oval,1,1,0,12.04,2665.0,1211.36,2625.0,-58.0,4255.3096,15.0,15.0,Very Good,F,VS1,2.2,IGI,8420.0
709,Serene Peaks Diamonds,2,Oval,1,1,0,14.78,2665.0,1211.36,2625.0,-59.0,4393.9531,14.0,15.0,Very Good,F,VS1,2.2,IGI,8420.0
709,Temperley,2,Oval,1,1,0,10.07,2653.0,1205.91,2613.0,-59.0,4404.5059,14.0,15.0,Very Good,F,VS1,2.2,IGI,8420.0
709,White Lily,2,Oval,1,1,0,16.84,3011.0,1368.64,2966.0,-53.0,4332.9282,14.0,15.0,Very Good,F,VS1,2.2,IGI,8420.0
713,Jane Brear,2,Round,1,1,0,19.11,3400.0,1114.75,3349.0,-61.0,6173.957,18.0,18.0,Super Ideal,H,VS2,3.05,IGI,11540.0
713,Taiga Gems,2,Round,1,1,0,19.0,3360.0,1101.64,3310.0,-61.0,6154.1738,18.0,18.0,Super Ideal,H,VS2,3.05,IGI,11540.0
713,White Lily,2,Round,1,1,0,12.43,3334.0,1093.11,3284.0,-62.0,6359.9761,18.0,18.0,Super Ideal,H,VS2,3.05,IGI,11540.0
715,Michelle Kennedy,2,Round,1,1,0,22.12,764.0,631.4,753.0,-60.0,1371.0953,18.0,18.0,Super Ideal,G,SI1,1.21,IGI,1985.0
718,Eterna Luxe,2,Round,1,1,0,11.88,2251.0,957.87,2217.0,-59.0,3942.2058,18.0,18.0,Super Ideal,G,VS2,2.35,IGI,8000.0
718,Lyra Stones,2,Round,1,1,0,20.69,2240.0,953.19,2206.0,-58.0,3819.4648,18.0,18.0,Super Ideal,G,VS2,2.35,IGI,8000.0
718,Michelle Kennedy,2,Round,1,1,0,16.88,2274.57,967.9,2240.0,-58.0,3858.7026,18.0,18.0,Super Ideal,G,VS2,2.35,IGI,8000.0
718,Roma Diamonds,2,Round,1,1,0,13.19,2238.0,952.34,2204.0,-59.0,3866.4827,18.0,18.0,Super Ideal,G,VS2,2.35,IGI,8000.0
718,White Lily,2,Round,1,1,0,10.99,2353.18,1001.35,2318.0,-58.0,3981.1921,18.0,18.0,Super Ideal,G,VS2,2.35,IGI,8000.0
722,Artemis Stones,2,Round,1,1,0,15.07,1941.0,890.37,1912.0,-61.0,3554.6006,18.0,18.0,Super Ideal,G,VS1,2.18,IGI,7665.0
722,Cirrus Gems,2,Round,1,1,0,17.67,1934.16,887.23,1905.0,-63.0,3775.5806,18.0,18.0,Super Ideal,G,VS1,2.18,IGI,7665.0
722,Diamonds by Zoya,2,Round,1,1,0,12.41,1966.0,901.83,1937.0,-61.0,3584.2222,18.0,18.0,Super Ideal,G,VS1,2.18,IGI,7665.0
722,Jane Brear,2,Round,1,1,0,14.62,2000.0,917.43,1970.0,-60.0,3616.8115,18.0,18.0,Super Ideal,G,VS1,2.18,IGI,7665.0
722,Michelle Kennedy,2,Round,1,1,0,12.9,2000.0,917.43,1970.0,-61.0,3710.6455,18.0,18.0,Super Ideal,G,VS1,2.18,IGI,7665.0
722,Temperley,2,Round,1,1,0,17.34,1998.0,916.51,1968.0,-60.0,3589.3105,18.0,18.0,Super Ideal,G,VS1,2.18,IGI,7665.0
722,White Lily,2,Round,1,1,0,12.79,2031.0,931.65,2001.0,-61.0,3741.3101,18.0,18.0,Super Ideal,G,VS1,2.18,IGI,7665.0
724,Serene Peaks Diamonds,2,Oval,1,1,0,12.53,1825.82,903.87,1798.0,-63.0,3329.7529,15.0,15.0,Super Ideal,G,SI1,2.02,IGI,5486.67
724,Taiga Gems,2,Oval,1,1,0,13.42,1807.92,895.01,1781.0,-63.0,3280.5474,15.0,15.0,Super Ideal,G,SI1,2.02,IGI,5486.67
725,Taiga Gems,2,Round,1,1,0,27.33,549.0,571.88,541.0,-55.0,868.4823,18.0,18.0,Ideal,I,VS1,0.96,IGI,1530.0
726,Taiga Gems,2,Asscher,1,1,0,12.15,706.0,672.38,695.0,-67.0,1335.0282,15.0,15.0,Very Good,E,SI1,1.05,IGI,1792.5
732,White Lily,2,Round,1,1,0,12.98,1882.54,922.81,1854.0,-41.0,2298.8921,18.0,18.0,Super Ideal,J,SI1,2.04,IGI,3410.0
734,Jane Brear,2,Round,1,1,0,20.15,361.0,601.67,356.0,-48.0,494.0827,18.0,18.0,Ideal,E,VS1,0.6,IGI,856.67
734,Mei & Co,2,Round,2,1,0,13.78,326.36,543.93,321.0,-52.0,490.5002,18.0,18.0,Ideal,E,VS1,0.6,IGI,856.67
734,Michelle Kennedy,2,Round,1,1,0,19.18,373.0,621.67,367.0,-46.0,495.1797,18.0,18.0,Ideal,E,VS1,0.6,IGI,856.67
734,Temperley,2,Round,1,1,0,10.37,352.0,586.67,347.0,-49.0,498.5102,18.0,18.0,Ideal,E,VS1,0.6,IGI,856.67
734,White Lily,2,Round,2,1,0,11.86,318.0,530.0,313.0,-53.0,484.3254,18.0,18.0,Ideal,E,VS1,0.6,IGI,856.67
737,Michelle Kennedy,2,Round,1,1,0,10.72,794.0,635.2,782.0,-65.0,1609.5723,18.0,18.0,Super Ideal,F,VS2,1.25,IGI,2420.0
737,Roma Diamonds,2,Round,1,1,0,12.8,1532.0,1225.6,1509.0,-31.0,1597.5229,18.0,18.0,Super Ideal,F,VS2,1.25,IGI,2420.0
737,Temperley,2,Round,1,1,0,12.54,807.0,645.6,795.0,-64.0,1598.6133,18.0,18.0,Super Ideal,F,VS2,1.25,IGI,2420.0
737,White Lily,2,Round,1,1,0,17.75,792.39,633.91,781.0,-65.0,1604.1312,18.0,18.0,Super Ideal,F,VS2,1.25,IGI,2420.0
740,Artemis Stones,2,Round,1,1,0,20.0,2596.25,1114.27,2557.0,-59.0,4531.3638,18.0,18.0,Ideal,F,VS1,2.33,IGI,10420.0
740,Bayside Gems,2,Round,1,1,0,18.7,2654.16,1139.12,2614.0,-59.0,4663.6309,18.0,18.0,Ideal,F,VS1,2.33,IGI,10420.0
740,Blackbird Gems,2,Round,1,1,0,17.48,2641.72,1133.79,2602.0,-60.0,4690.1143,18.0,18.0,Ideal,F,VS1,2.33,IGI,10420.0
740,Cirrus Gems,2,Round,1,1,0,94.81,2552.0,1095.28,2514.0,-61.0,4644.7334,18.0,18.0,Ideal,F,VS1,2.33,IGI,10420.0
740,Diamonds by Zoya,2,Round,1,1,0,19.4,2561.51,1099.36,2523.0,-61.0,4679.8696,18.0,18.0,Ideal,F,VS1,2.33,IGI,10420.0
740,Ember Star,2,Round,1,1,0,16.46,2552.0,1095.28,2514.0,-62.0,4769.3208,18.0,18.0,Ideal,F,VS1,2.33,IGI,10420.0
740,Emilia Sterling,2,Round,1,1,0,10.84,2585.0,1109.44,2546.0,-60.0,4581.3071,18.0,18.0,Ideal,F,VS1,2.33,IGI,10420.0
740,Eterna Luxe,2,Round,1,1,0,14.97,2658.0,1140.77,2618.0,-60.0,4707.438,18.0,18.0,Ideal,F,VS1,2.33,IGI,10420.0
740,Eternity Fine Jewelers,2,Round,1,1,0,14.32,2688.49,1153.86,2648.0,-60.0,4777.0854,18.0,18.0,Ideal,F,VS1,2.33,IGI,10420.0
740,Jane Brear,2,Round,1,1,0,14.59,2684.51,1152.15,2644.0,-59.0,4712.1602,18.0,18.0,Ideal,F,VS1,2.33,IGI,10420.0
740,Lyra Stones,2,Round,1,1,0,15.72,2652.67,1138.48,2613.0,-59.0,4582.0303,18.0,18.0,Ideal,F,VS1,2.33,IGI,10420.0
740,Mei & Co,2,Round,1,1,0,15.06,2657.64,1140.62,2618.0,-59.0,4636.2788,18.0,18.0,Ideal,F,VS1,2.33,IGI,10420.0
740,Michelle Kennedy,2,Round,1,1,0,15.67,2664.0,1143.35,2624.0,-60.0,4717.1406,18.0,18.0,Ideal,F,VS1,2.33,IGI,10420.0
740,Oasis Diamonds,2,Round,1,1,0,15.48,2730.28,1171.79,2689.0,-58.0,4623.7017,18.0,18.0,Ideal,F,VS1,2.33,IGI,10420.0
740,Riviera Jewels,2,Round,1,1,0,15.66,2740.23,1176.06,2699.0,-58.0,4628.5176,18.0,18.0,Ideal,F,VS1,2.33,IGI,10420.0
740,Seraphina Gems,2,Round,1,1,0,17.0,3385.98,1453.21,3335.0,-50.0,4823.3408,18.0,18.0,Ideal,F,VS1,2.33,IGI,10420.0
740,Tamara,2,Round,1,1,0,13.76,2684.51,1152.15,2644.0,-59.0,4705.1431,18.0,18.0,Ideal,F,VS1,2.33,IGI,10420.0
740,Temperley,2,Round,1,1,0,18.08,2668.0,1145.06,2628.0,-59.0,4661.4048,18.0,18.0,Ideal,F,VS1,2.33,IGI,10420.0
740,White Lily,2,Round,1,1,0,15.62,2649.0,1136.91,2609.0,-59.0,4671.8145,18.0,18.0,Ideal,F,VS1,2.33,IGI,10420.0
743,Cirrus Gems,2,Round,1,1,0,17.38,1133.09,745.45,1116.0,-53.0,1735.3918,18.0,18.0,Ideal,H,VS2,1.52,IGI,3313.33
743,Temperley,2,Round,1,1,0,14.37,1161.0,763.82,1144.0,-52.0,1733.9756,17.0,18.0,Ideal,H,VS2,1.52,IGI,3313.33
743,White Lily,2,Round,1,1,0,12.8,1182.06,777.67,1164.0,-51.0,1713.3127,18.0,18.0,Ideal,H,VS2,1.52,IGI,3313.33
749,Eternity Fine Jewelers,2,Round,1,1,0,24.08,330.34,569.55,325.0,-58.0,564.6673,18.0,18.0,Super Ideal,D,VS1,0.58,IGI,950.0
749,Infinity Diamonds,2,Round,1,1,0,10.04,339.0,584.48,334.0,-57.0,566.3738,18.0,18.0,Super Ideal,D,VS1,0.58,IGI,950.0
749,Lotus Creation,2,Round,1,1,0,24.92,332.01,572.43,327.0,-56.0,545.7175,18.0,18.0,Super Ideal,D,VS1,0.58,IGI,950.0
749,Mei & Co,2,Round,1,1,0,23.22,329.34,567.83,324.0,-61.0,610.1136,18.0,18.0,Super Ideal,D,VS1,0.58,IGI,950.0
749,Michelle Kennedy,2,Round,1,1,0,25.97,331.05,570.78,326.0,-57.0,557.4114,18.0,18.0,Super Ideal,D,VS1,0.58,IGI,950.0
749,Promenade Jewelry,2,Round,1,1,0,23.81,332.98,574.1,328.0,-55.0,531.8615,18.0,18.0,Super Ideal,D,VS1,0.58,IGI,950.0
749,Riviera Jewels,2,Round,1,1,0,25.06,325.36,560.97,320.0,-58.0,560.7263,18.0,18.0,Super Ideal,D,VS1,0.58,IGI,950.0
749,Rosella,2,Round,2,1,0,13.47,328.0,565.52,323.0,-58.0,557.8511,18.0,18.0,Super Ideal,D,VS1,0.58,IGI,950.0
749,Sara's Diamonds,2,Round,1,1,0,25.84,314.64,542.48,310.0,-59.0,554.8041,18.0,18.0,Super Ideal,D,VS1,0.58,IGI,950.0
749,Silva Diamonds,2,Round,1,1,0,13.06,332.0,572.41,327.0,-57.0,559.0685,18.0,18.0,Super Ideal,D,VS1,0.58,IGI,950.0
749,White Lily,2,Round,1,1,0,24.83,332.98,574.1,328.0,-58.0,561.0262,18.0,18.0,Super Ideal,D,VS1,0.58,IGI,950.0
757,CV Diamonds,2,Round,1,1,0,16.16,2281.54,1056.27,2247.0,-61.0,4163.6245,18.0,18.0,Ideal,F,VS1,2.16,IGI,8680.0
757,Eccles Diamonds,2,Round,1,1,0,15.39,2266.61,1049.36,2233.0,-60.0,4018.2725,18.0,18.0,Ideal,F,VS1,2.16,IGI,8680.0
757,Emilia Sterling,2,Round,1,1,0,13.77,2219.0,1027.31,2186.0,-61.0,4034.1016,18.0,18.0,Ideal,F,VS1,2.16,IGI,8680.0
757,Eterna Luxe,2,Round,1,1,0,14.85,2282.0,1056.48,2248.0,-60.0,4111.7671,18.0,18.0,Ideal,F,VS1,2.16,IGI,8680.0
757,Jane Brear,2,Round,1,1,0,11.97,2297.0,1063.43,2263.0,-59.0,4002.6965,18.0,18.0,Ideal,F,VS1,2.16,IGI,8680.0
757,Michelle Kennedy,2,Round,1,1,0,16.95,2303.42,1066.4,2269.0,-60.0,4111.3105,18.0,18.0,Ideal,F,VS1,2.16,IGI,8680.0
757,Tamara,2,Round,1,1,0,16.12,2284.0,1057.41,2250.0,-59.0,4025.8696,18.0,18.0,Ideal,F,VS1,2.16,IGI,8680.0
757,Temperley,2,Round,1,1,0,14.36,2303.42,1066.4,2269.0,-59.0,4015.5559,18.0,18.0,Ideal,F,VS1,2.16,IGI,8680.0
757,Vespera Gems,2,Round,1,1,0,11.43,2248.0,1040.74,2214.0,-60.0,4033.791,18.0,18.0,Ideal,F,VS1,2.16,IGI,8680.0
757,White Lily,2,Round,1,1,0,15.21,2311.0,1069.91,2276.0,-59.0,4023.4133,18.0,18.0,Ideal,F,VS1,2.16,IGI,8680.0
759,White Lily,2,Round,1,1,0,12.32,1537.0,764.68,1514.0,-59.0,2681.7317,16.0,18.0,Very Good,I,VS2,2.01,IGI,4936.0
762,Temperley,2,Round,1,1,0,28.22,388.0,491.14,382.0,-43.0,485.1814,18.0,18.0,Ideal,F,SI1,0.79,IGI,1130.0
767,White Lily,2,Round,1,1,0,14.89,657.7,603.39,648.0,-56.0,1069.731,18.0,18.0,Super Ideal,G,SI1,1.09,IGI,1800.0
771,Diamonds by Zoya,2,Oval,2,2,0,82.83,312.43,578.57,308.0,-50.0,423.4206,14.0,15.0,Very Good,E,VS1,0.54,IGI,700.0
771,Rosella,2,Oval,2,3,0,11.67,321.0,594.44,316.0,-44.0,388.6457,12.0,15.0,Very Good,E,VS1,0.54,IGI,700.0
771,Vega Diamonds,2,Oval,2,2,0,24.23,304.02,563.0,299.0,-46.0,376.0544,15.0,15.0,Very Good,E,VS1,0.54,IGI,700.0
772,White Lily,2,Round,1,1,0,10.37,623.0,692.22,614.0,-51.0,917.9464,18.0,18.0,Ideal,H,VS1,0.9,IGI,1535.0
775,Cirrus Gems,2,Round,1,1,0,17.29,2358.0,1003.4,2323.0,-61.0,4280.376,18.0,18.0,Ideal,G,VS1,2.35,IGI,8760.0
775,Diamonds by Zoya,2,Round,1,1,0,13.46,2425.0,1031.91,2389.0,-58.0,4135.6279,18.0,18.0,Ideal,G,VS1,2.35,IGI,8760.0
775,Jane Brear,2,Round,1,1,0,17.51,2487.0,1058.3,2450.0,-57.0,4113.7847,18.0,18.0,Ideal,G,VS1,2.35,IGI,8760.0
775,Nebula Stones,2,Round,1,1,0,12.0,2497.0,1062.55,2460.0,-58.0,4222.0674,18.0,18.0,Ideal,G,VS1,2.35,IGI,8760.0
775,Taiga Gems,2,Round,1,1,0,17.64,2371.37,1009.09,2336.0,-60.0,4245.8496,18.0,18.0,Ideal,G,VS1,2.35,IGI,8760.0
775,Temperley,2,Round,1,1,0,16.77,2441.73,1039.03,2405.0,-58.0,4148.8135,18.0,18.0,Ideal,G,VS1,2.35,IGI,8760.0
775,White Lily,2,Round,1,1,0,15.47,2469.0,1050.64,2432.0,-58.0,4171.9092,18.0,18.0,Ideal,G,VS1,2.35,IGI,8760.0
778,Eternal Flame,2,Oval,2,2,0,12.41,320.0,1066.67,315.0,-41.0,362.8866,15.0,15.0,Super Ideal,E,VS2,0.3,IGI,300.0
784,Equinox Jewels,2,Princess,1,2,0,10.37,342.0,633.33,337.0,-63.0,588.1417,15.0,15.0,Super Ideal,E,VVS2,0.54,IGI,730.0
784,Magnolia,2,Princess,2,2,0,12.68,344.27,637.54,339.0,-63.0,588.1592,15.0,15.0,Super Ideal,E,VVS2,0.54,IGI,730.0
784,Meadow & Co,2,Princess,1,1,0,14.25,348.0,644.44,343.0,-64.0,608.134,15.0,15.0,Super Ideal,E,VVS2,0.54,IGI,730.0
784,Temperley,2,Princess,1,2,0,15.27,351.0,650.0,346.0,-65.0,645.5904,15.0,15.0,Super Ideal,E,VVS2,0.54,IGI,730.0
789,Avignon Diamonds,2,Round,1,1,0,9.47,2225.0,2041.28,2192.0,25.0,1274.7064,18.0,18.0,Ideal,G,VVS2,1.09,IGI,2630.0
789,Jane Brear,2,Round,1,1,0,14.17,787.56,722.53,776.0,-56.0,1276.071,18.0,18.0,Ideal,G,VVS2,1.09,IGI,2630.0
789,Michelle Kennedy,2,Round,1,1,0,25.2,767.0,703.67,755.0,-56.0,1257.7928,18.0,18.0,Ideal,G,VVS2,1.09,IGI,2630.0
789,Nova Stars,2,Round,1,1,0,13.46,760.0,697.25,749.0,-58.0,1295.9623,18.0,18.0,Ideal,G,VVS2,1.09,IGI,2630.0
789,Taiga Gems,2,Round,1,1,0,13.64,758.61,695.97,747.0,-56.0,1221.0903,18.0,18.0,Ideal,G,VVS2,1.09,IGI,2630.0
789,Temperley,2,Round,1,1,0,24.7,775.02,711.03,763.0,-58.0,1314.3472,18.0,18.0,Ideal,G,VVS2,1.09,IGI,2630.0
789,The Diamond Source,2,Round,1,1,0,23.76,774.0,710.09,762.0,-58.0,1325.4368,18.0,18.0,Ideal,G,VVS2,1.09,IGI,2630.0
789,Vespera Gems,2,Round,1,1,0,15.13,766.0,702.75,755.0,-57.0,1285.9059,18.0,18.0,Ideal,G,VVS2,1.09,IGI,2630.0
789,White Lily,2,Round,1,1,0,13.38,805.0,738.53,793.0,-55.0,1277.4283,18.0,18.0,Ideal,G,VVS2,1.09,IGI,2630.0
790,Meridian Crafts,2,Oval,1,2,0,9.23,302.0,915.15,297.0,-48.0,394.119,15.0,15.0,Very Good,E,VVS2,0.33,IGI,350.0
794,Jane Brear,2,Round,1,1,0,15.67,1775.0,845.24,1748.0,-60.0,3196.6753,18.0,18.0,Super Ideal,I,VVS2,2.1,IGI,5590.0
794,Temperley,2,Round,1,1,0,15.33,1824.0,868.57,1797.0,-59.0,3224.0737,18.0,18.0,Super Ideal,I,VVS2,2.1,IGI,5590.0
798,Albert's Creations,2,Round,1,1,0,15.7,323.38,718.62,319.0,-37.0,365.3556,18.0,18.0,Super Ideal,E,VS1,0.45,IGI,530.0
798,BonDiam,2,Round,1,1,0,14.36,332.0,737.78,327.0,-30.0,338.5901,18.0,18.0,Super Ideal,E,VS1,0.45,IGI,530.0
798,Iris Diamonds,2,Round,1,1,0,11.0,319.0,708.89,314.0,-36.0,355.3765,18.0,18.0,Super Ideal,E,VS1,0.45,IGI,530.0
798,Promenade Jewelry,2,Round,1,1,0,15.4,320.0,711.11,315.0,-35.0,355.1005,18.0,18.0,Super Ideal,E,VS1,0.45,IGI,530.0
798,Vega Diamonds,2,Round,1,1,0,18.04,313.67,697.04,309.0,-39.0,370.3751,18.0,18.0,Super Ideal,E,VS1,0.45,IGI,530.0
798,White Lily,2,Round,1,1,0,14.61,344.0,764.44,339.0,-29.0,346.8004,18.0,18.0,Super Ideal,E,VS1,0.45,IGI,530.0
798,Woodhouse Diamonds,2,Round,1,1,0,14.29,323.0,717.78,318.0,-31.0,332.9059,18.0,18.0,Super Ideal,E,VS1,0.45,IGI,530.0
805,Temperley,2,Pear,2,2,0,17.12,424.0,504.76,418.0,-42.0,470.1932,15.0,15.0,Very Good,F,VS2,0.84,IGI,1260.0
806,Felicity Diamonds,2,Round,1,1,0,24.73,380.0,666.67,374.0,-62.0,713.9849,18.0,18.0,Ideal,D,VVS1,0.57,IGI,1130.0
806,Hoseki,2,Round,1,1,0,21.84,394.02,691.26,388.0,-60.0,710.7363,18.0,18.0,Ideal,D,VVS1,0.57,IGI,1130.0
806,Infinity Diamonds,2,Round,1,1,0,9.83,379.0,664.91,373.0,-63.0,742.833,18.0,18.0,Ideal,D,VVS1,0.57,IGI,1130.0
806,Jane Brear,2,Round,1,1,0,22.27,380.0,666.67,374.0,-61.0,704.3407,18.0,18.0,Ideal,D,VVS1,0.57,IGI,1130.0
806,Marlowe & Co,2,Round,1,1,0,22.4,388.05,680.79,382.0,-59.0,671.4357,18.0,18.0,Ideal,D,VVS1,0.57,IGI,1130.0
806,Meadow & Co,2,Round,1,1,0,14.48,379.0,664.91,373.0,-60.0,677.7299,18.0,18.0,Ideal,D,VVS1,0.57,IGI,1130.0
806,Mei & Co,2,Round,1,1,0,22.4,384.0,673.68,378.0,-62.0,729.4156,18.0,18.0,Ideal,D,VVS1,0.57,IGI,1130.0
806,Meridian Gems,2,Round,1,1,0,23.48,371.0,650.88,365.0,-64.0,733.2138,18.0,18.0,Ideal,D,VVS1,0.57,IGI,1130.0
806,Michelle Kennedy,2,Round,1,1,0,13.38,396.01,694.75,390.0,-61.0,732.671,18.0,18.0,Ideal,D,VVS1,0.57,IGI,1130.0
806,Promenade Jewelry,2,Round,1,1,0,24.27,392.82,689.16,387.0,-61.0,715.378,18.0,18.0,Ideal,D,VVS1,0.57,IGI,1130.0
806,Riviera Jewels,2,Round,1,1,0,20.66,377.1,661.58,371.0,-62.0,715.7162,18.0,18.0,Ideal,D,VVS1,0.57,IGI,1130.0
806,Sara's Diamonds,2,Round,1,1,0,17.77,357.0,626.32,352.0,-66.0,753.9703,18.0,18.0,Ideal,D,VVS1,0.57,IGI,1130.0
806,Silva Diamonds,2,Round,1,1,0,14.3,371.0,650.88,365.0,-63.0,715.1385,18.0,18.0,Ideal,D,VVS1,0.57,IGI,1130.0
806,Simetría,2,Round,1,1,0,23.58,371.0,650.88,365.0,-60.0,664.486,18.0,18.0,Ideal,D,VVS1,0.57,IGI,1130.0
806,Temperley,2,Round,1,1,0,16.79,394.0,691.23,388.0,-60.0,697.9315,18.0,18.0,Ideal,D,VVS1,0.57,IGI,1130.0
806,White Lily,2,Round,1,1,0,87.49,404.0,708.77,398.0,-60.0,714.6927,18.0,18.0,Ideal,D,VVS1,0.57,IGI,1130.0
808,Diamonds by Zoya,2,Oval,1,1,0,89.12,931.0,886.67,917.0,-64.0,1719.1199,15.0,15.0,Super Ideal,F,VVS2,1.05,IGI,2480.0
808,Fuji Diamonds,2,Oval,1,1,0,13.2,928.0,883.81,914.0,-63.0,1712.1843,15.0,15.0,Super Ideal,F,VVS2,1.05,IGI,2480.0
808,Infinity Diamonds,2,Oval,1,1,0,17.51,948.74,903.56,935.0,-62.0,1698.7871,15.0,15.0,Super Ideal,F,VVS2,1.05,IGI,2480.0
808,Jane Brear,2,Oval,1,1,0,16.24,973.84,927.47,959.0,-61.0,1697.2238,15.0,15.0,Super Ideal,F,VVS2,1.05,IGI,2480.0
808,Marlowe & Co,2,Oval,1,1,0,14.11,967.14,921.09,953.0,-62.0,1734.2604,15.0,15.0,Super Ideal,F,VVS2,1.05,IGI,2480.0
808,Mei & Co,2,Oval,1,2,0,14.44,930.32,886.02,916.0,-64.0,1735.7891,15.0,15.0,Super Ideal,F,VVS2,1.05,IGI,2480.0
808,Michelle Kennedy,2,Oval,1,2,0,13.67,955.0,909.52,941.0,-64.0,1775.5852,15.0,15.0,Super Ideal,F,VVS2,1.05,IGI,2480.0
808,Periwinkle Stones,2,Oval,1,1,0,11.78,967.14,921.09,953.0,-62.0,1707.1141,15.0,15.0,Super Ideal,F,VVS2,1.05,IGI,2480.0
808,Roma Diamonds,2,Oval,1,1,0,10.06,1566.0,1491.43,1543.0,-42.0,1808.1587,15.0,15.0,Super Ideal,F,VVS2,1.05,IGI,2480.0
808,Rosella,2,Oval,1,1,0,12.96,908.0,864.76,894.0,-64.0,1704.3525,15.0,15.0,Super Ideal,F,VVS2,1.05,IGI,2480.0
808,Taiga Gems,2,Oval,1,1,0,10.33,935.0,890.48,921.0,-64.0,1761.182,15.0,15.0,Super Ideal,F,VVS2,1.05,IGI,2480.0
808,Temperley,2,Oval,1,2,0,11.02,961.0,915.24,947.0,-64.0,1783.4277,15.0,15.0,Super Ideal,F,VVS2,1.05,IGI,2480.0
808,Tierra Mia Diamonds,2,Oval,1,1,0,10.52,925.0,880.95,911.0,-63.0,1664.8944,15.0,15.0,Super Ideal,F,VVS2,1.05,IGI,2480.0
808,Vespera Gems,2,Oval,1,1,0,10.67,921.0,877.14,907.0,-63.0,1679.3365,15.0,15.0,Super Ideal,F,VVS2,1.05,IGI,2480.0
808,White Lily,2,Oval,1,1,0,13.69,971.0,924.76,956.0,-61.0,1682.0217,15.0,15.0,Super Ideal,F,VVS2,1.05,IGI,2480.0
810,Diamonds by Zoya,2,Cushion,1,1,0,88.47,867.64,834.27,855.0,-59.0,1325.3217,14.0,15.0,Very Good,F,VS1,1.04,IGI,2210.0
810,Jane Brear,2,Cushion,1,2,0,14.15,877.0,843.27,864.0,-72.0,1951.7968,14.0,15.0,Very Good,F,VS1,1.04,IGI,2210.0
810,Periwinkle Stones,2,Cushion,1,1,0,16.08,878.0,844.23,865.0,-62.0,1467.5251,15.0,15.0,Very Good,F,VS1,1.04,IGI,2210.0
810,Rosella,2,Cushion,1,1,0,13.25,834.0,801.92,821.0,-61.0,1337.606,15.0,15.0,Very Good,F,VS1,1.04,IGI,2210.0
811,Jane Brear,2,Round,1,1,0,89.71,948.0,686.96,934.0,-54.0,1465.8413,18.0,18.0,Super Ideal,H,VS1,1.38,IGI,2680.0
811,Lotus Creation,2,Round,1,1,0,18.71,926.0,671.01,912.0,-55.0,1461.3541,18.0,18.0,Super Ideal,H,VS1,1.38,IGI,2680.0
811,Michelle Kennedy,2,Round,1,1,0,15.35,935.0,677.54,921.0,-53.0,1432.5497,18.0,18.0,Super Ideal,H,VS1,1.38,IGI,2680.0
811,Taiga Gems,2,Round,1,1,0,18.28,913.0,661.59,899.0,-55.0,1456.5978,18.0,18.0,Super Ideal,H,VS1,1.38,IGI,2680.0
811,White Lily,2,Round,1,1,0,89.67,948.0,686.96,934.0,-54.0,1476.9348,18.0,18.0,Super Ideal,H,VS1,1.38,IGI,2680.0
815,Albert's Creations,2,Oval,1,1,0,13.24,808.94,756.02,797.0,-66.0,1624.0475,15.0,15.0,Super Ideal,G,VVS2,1.07,IGI,2270.0
815,Bayside Gems,2,Oval,1,1,0,15.8,808.94,756.02,797.0,-67.0,1670.3623,15.0,15.0,Super Ideal,G,VVS2,1.07,IGI,2270.0
815,Bella Gems,2,Oval,1,1,0,14.09,808.0,755.14,796.0,-67.0,1667.5328,15.0,15.0,Super Ideal,G,VVS2,1.07,IGI,2270.0
815,Cirrus Gems,2,Oval,1,1,0,17.83,802.04,749.57,790.0,-68.0,1709.0193,15.0,15.0,Super Ideal,G,VVS2,1.07,IGI,2270.0
815,Eternity Fine Jewelers,2,Oval,1,1,0,11.14,822.86,769.03,811.0,-66.0,1611.2709,15.0,15.0,Super Ideal,G,VVS2,1.07,IGI,2270.0
815,Jane Brear,2,Oval,1,1,0,16.8,803.97,751.37,792.0,-66.0,1591.4648,15.0,15.0,Super Ideal,G,VVS2,1.07,IGI,2270.0
815,Michelle Kennedy,2,Oval,1,1,0,14.95,870.0,813.08,857.0,-65.0,1654.9591,15.0,15.0,Super Ideal,G,VVS2,1.07,IGI,2270.0
815,Periwinkle Stones,2,Oval,1,1,0,13.94,834.8,780.19,822.0,-66.0,1648.9764,15.0,15.0,Super Ideal,G,VVS2,1.07,IGI,2270.0
815,Roma Diamonds,2,Oval,1,1,0,45.43,918.0,857.94,904.0,-64.0,1714.1046,15.0,15.0,Super Ideal,G,VVS2,1.07,IGI,2270.0
815,Serene Peaks Diamonds,2,Oval,1,1,0,11.77,809.93,756.94,798.0,-68.0,1693.1166,15.0,15.0,Super Ideal,G,VVS2,1.07,IGI,2270.0
815,Sonata Gems,2,Oval,1,1,0,12.24,821.0,767.29,809.0,-66.0,1617.9281,15.0,15.0,Super Ideal,G,VVS2,1.07,IGI,2270.0
815,Taiga Gems,2,Oval,1,1,0,17.06,784.67,733.34,773.0,-67.0,1606.1689,15.0,15.0,Super Ideal,G,VVS2,1.07,IGI,2270.0
815,Temperley,2,Oval,1,1,0,17.26,846.0,790.65,833.0,-65.0,1625.9167,15.0,15.0,Super Ideal,G,VVS2,1.07,IGI,2270.0
815,White Lily,2,Oval,1,1,0,11.02,870.0,813.08,857.0,-65.0,1688.0312,15.0,15.0,Super Ideal,G,VVS2,1.07,IGI,2270.0
817,Michelle Kennedy,2,Round,1,1,0,12.86,2785.0,1332.54,2743.0,-15.0,2344.9026,18.0,18.0,Super Ideal,J,VS2,2.09,IGI,4180.0
818,Albert's Creations,2,Round,1,1,0,14.99,2187.0,1093.5,2154.0,-59.0,3805.7576,18.0,18.0,Ideal,E,VS2,2.0,IGI,8040.0
818,Avignon Diamonds,2,Round,1,1,0,58.9,2159.04,1079.52,2127.0,-58.0,3650.6113,18.0,18.0,Ideal,E,VS2,2.0,IGI,8040.0
818,Camden Gems,2,Round,2,1,0,11.91,2152.0,1076.0,2120.0,-57.0,3624.1543,18.0,18.0,Ideal,E,VS2,2.0,IGI,8040.0
818,Eccles Diamonds,2,Round,1,1,0,14.89,2165.12,1082.56,2133.0,-57.0,3617.5596,18.0,18.0,Ideal,E,VS2,2.0,IGI,8040.0
818,Ember Star,2,Round,1,1,0,12.68,2183.03,1091.52,2150.0,-57.0,3625.4529,18.0,18.0,Ideal,E,VS2,2.0,IGI,8040.0
818,Eterna Luxe,2,Round,1,1,0,12.96,2164.0,1082.0,2132.0,-58.0,3659.4819,18.0,18.0,Ideal,E,VS2,2.0,IGI,8040.0
818,Infinity Diamonds,2,Round,1,1,0,21.12,2139.0,1069.5,2107.0,-59.0,3714.9272,18.0,18.0,Ideal,E,VS2,2.0,IGI,8040.0
818,Jane Brear,2,Round,1,1,0,12.37,2193.0,1096.5,2160.0,-57.0,3615.4419,18.0,18.0,Ideal,E,VS2,2.0,IGI,8040.0
818,Mei & Co,2,Round,1,1,0,13.92,2183.0,1091.5,2150.0,-57.0,3667.9883,18.0,18.0,Ideal,E,VS2,2.0,IGI,8040.0
818,Michelle Kennedy,2,Round,1,1,0,11.29,2193.0,1096.5,2160.0,-57.0,3681.4287,18.0,18.0,Ideal,E,VS2,2.0,IGI,8040.0
818,N. B. Diamonds,2,Round,1,1,0,16.63,13020.0,6510.0,12825.0,147.0,3774.7144,18.0,18.0,Ideal,E,VS2,2.0,IGI,8040.0
818,Nebula Stones,2,Round,1,1,0,14.97,2245.0,1122.5,2211.0,-56.0,3642.689,18.0,18.0,Ideal,E,VS2,2.0,IGI,8040.0
818,Rosella,2,Round,1,1,0,13.09,2139.0,1069.5,2107.0,-59.0,3753.8862,18.0,18.0,Ideal,E,VS2,2.0,IGI,8040.0
818,Serenade Diamonds,2,Round,1,1,0,10.86,2152.0,1076.0,2120.0,-58.0,3703.5571,18.0,18.0,Ideal,E,VS2,2.0,IGI,8040.0
818,Tamara,2,Round,1,1,0,13.13,2193.0,1096.5,2160.0,-57.0,3631.5535,18.0,18.0,Ideal,E,VS2,2.0,IGI,8040.0
818,Temperley,2,Round,1,1,0,10.62,2186.0,1093.0,2153.0,-57.0,3640.4131,18.0,18.0,Ideal,E,VS2,2.0,IGI,8040.0
818,Thalassa Gems,2,Round,1,1,0,14.22,2158.0,1079.0,2126.0,-58.0,3660.7432,18.0,18.0,Ideal,E,VS2,2.0,IGI,8040.0
818,Tierra Mia Diamonds,2,Round,1,1,0,13.45,2133.0,1066.5,2101.0,-58.0,3613.5701,18.0,18.0,Ideal,E,VS2,2.0,IGI,8040.0
818,White Lily,2,Round,1,1,0,12.39,2189.0,1094.5,2156.0,-57.0,3617.4614,18.0,18.0,Ideal,E,VS2,2.0,IGI,8040.0
820,Albert's Creations,2,Round,1,1,0,13.74,3730.0,1492.0,3674.0,-63.0,7276.5879,18.0,18.0,Ideal,E,VS1,2.5,IGI,13330.0
820,Atkinson Crafts,2,Round,1,1,0,13.47,3802.0,1520.8,3745.0,-62.0,7167.293,18.0,18.0,Ideal,E,VS1,2.5,IGI,13330.0
820,Avignon Diamonds,2,Round,1,1,0,16.79,3620.0,1448.0,3566.0,-63.0,7058.2676,18.0,18.0,Ideal,E,VS1,2.5,IGI,13330.0
820,Diamonds by Zoya,2,Round,1,1,0,11.91,3549.0,1419.6,3496.0,-64.0,7123.3906,18.0,18.0,Ideal,E,VS1,2.5,IGI,13330.0
820,Ember Star,2,Round,1,1,0,14.64,3573.0,1429.2,3519.0,-65.0,7335.1895,18.0,18.0,Ideal,E,VS1,2.5,IGI,13330.0
820,Jane Brear,2,Round,1,1,0,10.54,3722.0,1488.8,3666.0,-64.0,7335.2012,18.0,18.0,Ideal,E,VS1,2.5,IGI,13330.0
820,Marlowe & Co,2,Round,1,1,0,14.23,3718.0,1487.2,3662.0,-64.0,7383.9326,18.0,18.0,Ideal,E,VS1,2.5,IGI,13330.0
820,Michelle Kennedy,2,Round,1,1,0,14.42,3755.13,1502.05,3699.0,-64.0,7441.957,18.0,18.0,Ideal,E,VS1,2.5,IGI,13330.0
820,N. B. Diamonds,2,Round,1,1,0,12.13,3607.0,1442.8,3553.0,-64.0,7244.5142,18.0,18.0,Ideal,E,VS1,2.5,IGI,13330.0
820,Periwinkle Stones,2,Round,1,1,0,16.74,3749.0,1499.6,3693.0,-63.0,7324.9561,18.0,18.0,Ideal,E,VS1,2.5,IGI,13330.0
820,Serenade Diamonds,2,Round,1,1,0,13.45,3549.0,1419.6,3496.0,-65.0,7219.5938,18.0,18.0,Ideal,E,VS1,2.5,IGI,13330.0
820,Starlit Stones,2,Round,1,1,0,65.19,3714.0,1485.6,3658.0,-64.0,7355.0332,18.0,18.0,Ideal,E,VS1,2.5,IGI,13330.0
820,Tamara,2,Round,1,1,0,12.4,3737.0,1494.8,3681.0,-64.0,7469.9932,18.0,18.0,Ideal,E,VS1,2.5,IGI,13330.0
820,Temperley,2,Round,1,1,0,11.22,3737.22,1494.89,3681.0,-62.0,7097.6934,18.0,18.0,Ideal,E,VS1,2.5,IGI,13330.0
820,Tierra Mia Diamonds,2,Round,1,1,0,17.05,3625.0,1450.0,3571.0,-65.0,7311.6826,18.0,18.0,Ideal,E,VS1,2.5,IGI,13330.0
820,White Lily,2,Round,1,1,0,14.96,3744.0,1497.6,3688.0,-63.0,7281.9644,18.0,18.0,Ideal,E,VS1,2.5,IGI,13330.0
827,White Lily,2,Round,1,1,0,11.5,1989.0,1143.1,1959.0,-11.0,1604.5199,18.0,18.0,Ideal,I,SI1,1.74,IGI,3070.0
829,Taiga Gems,2,Oval,1,1,0,18.91,1719.0,934.24,1693.0,-59.0,2793.2827,15.0,15.0,Super Ideal,H,VVS2,1.84,IGI,4860.0
830,Promenade Jewelry,2,Oval,1,1,0,17.77,317.53,504.02,313.0,-19.0,263.7812,15.0,15.0,Very Good,D,SI1,0.63,IGI,750.0
831,Albert's Creations,2,Oval,1,1,0,19.11,1916.37,1127.28,1888.0,-43.0,2267.7732,15.0,15.0,Super Ideal,F,VS2,1.7,IGI,4960.0
831,Mei & Co,2,Oval,1,1,0,17.7,1902.0,1118.82,1873.0,-44.0,2282.0183,15.0,15.0,Super Ideal,F,VS2,1.7,IGI,4960.0
831,Michelle Kennedy,2,Oval,1,1,0,17.81,1971.1,1159.47,1942.0,-43.0,2348.8682,15.0,15.0,Super Ideal,F,VS2,1.7,IGI,4960.0
831,Temperley,2,Oval,1,1,0,19.29,2027.0,1192.35,1997.0,-41.0,2324.1265,15.0,15.0,Super Ideal,F,VS2,1.7,IGI,4960.0
835,Fabiola,2,Oval,1,1,0,11.32,1108.0,938.98,1091.0,-64.0,2075.4863,15.0,15.0,Very Good,D,VVS2,1.18,IGI,3540.0
835,Jane Brear,2,Oval,1,1,0,14.64,1161.0,983.9,1144.0,-62.0,2043.5258,15.0,15.0,Very Good,D,VVS2,1.18,IGI,3540.0
835,Riviera Jewels,2,Oval,1,1,0,12.39,1123.0,951.69,1106.0,-64.0,2083.8086,15.0,15.0,Very Good,D,VVS2,1.18,IGI,3540.0
835,Woodhouse Diamonds,2,Oval,1,1,0,11.3,1126.0,954.24,1109.0,-62.0,2014.0898,15.0,15.0,Very Good,D,VVS2,1.18,IGI,3540.0
840,Avignon Diamonds,2,Round,1,1,0,12.64,1409.0,920.92,1388.0,-58.0,2423.0671,18.0,18.0,Ideal,E,VS1,1.53,IGI,5055.0
840,Clermont Diamonds,2,Round,1,1,0,11.43,1403.0,916.99,1382.0,-58.0,2413.7483,18.0,18.0,Ideal,E,VS1,1.53,IGI,5055.0
840,Ember Star,2,Round,1,1,0,12.25,1395.0,911.76,1374.0,-59.0,2438.6108,18.0,18.0,Ideal,E,VS1,1.53,IGI,5055.0
840,Eternity Fine Jewelers,2,Round,1,1,0,11.06,1421.86,929.32,1401.0,-57.0,2394.7329,18.0,18.0,Ideal,E,VS1,1.53,IGI,5055.0
840,Fabiola,2,Round,1,1,0,11.74,1390.0,908.5,1369.0,-59.0,2418.0469,18.0,18.0,Ideal,E,VS1,1.53,IGI,5055.0
840,Hazel Diamonds,2,Round,1,1,0,10.92,1369.0,894.77,1348.0,-59.0,2417.5999,18.0,18.0,Ideal,E,VS1,1.53,IGI,5055.0
840,Jane Brear,2,Round,1,1,0,13.34,1406.0,918.95,1385.0,-58.0,2397.9875,18.0,18.0,Ideal,E,VS1,1.53,IGI,5055.0
840,Marlowe & Co,2,Round,1,1,0,14.89,1424.0,930.72,1403.0,-59.0,2469.0334,18.0,18.0,Ideal,E,VS1,1.53,IGI,5055.0
840,Michelle Kennedy,2,Round,1,1,0,11.0,1400.0,915.03,1379.0,-58.0,2363.3508,18.0,18.0,Ideal,E,VS1,1.53,IGI,5055.0
840,Nebula Stones,2,Round,1,1,0,10.77,1428.82,933.87,1407.0,-57.0,2406.0825,18.0,18.0,Ideal,E,VS1,1.53,IGI,5055.0
840,Periwinkle Stones,2,Round,1,1,0,11.93,1422.0,929.41,1401.0,-58.0,2421.2488,18.0,18.0,Ideal,E,VS1,1.53,IGI,5055.0
840,Promenade Jewelry,2,Round,1,1,0,10.96,1407.0,919.61,1386.0,-58.0,2421.3145,18.0,18.0,Ideal,E,VS1,1.53,IGI,5055.0
840,Serenade Diamonds,2,Round,1,1,0,13.08,1351.0,883.01,1331.0,-61.0,2468.4656,18.0,18.0,Ideal,E,VS1,1.53,IGI,5055.0
840,Sigma Diamonds,2,Round,1,1,0,11.94,1384.0,904.58,1363.0,-59.0,2426.6589,18.0,18.0,Ideal,E,VS1,1.53,IGI,5055.0
840,Taiga Gems,2,Round,1,1,0,14.65,1426.0,932.03,1405.0,-58.0,2416.7954,18.0,18.0,Ideal,E,VS1,1.53,IGI,5055.0
840,Temperley,2,Round,1,1,0,11.66,1420.0,928.1,1399.0,-57.0,2376.6191,18.0,18.0,Ideal,E,VS1,1.53,IGI,5055.0
840,Thalassa Gems,2,Round,1,1,0,11.96,1397.98,913.71,1377.0,-58.0,2379.2402,18.0,18.0,Ideal,E,VS1,1.53,IGI,5055.0
840,Tilia Diamonds,2,Round,1,1,0,14.74,1406.0,918.95,1385.0,-58.0,2412.7585,18.0,18.0,Ideal,E,VS1,1.53,IGI,5055.0
840,United Diam,2,Round,1,1,0,11.41,1354.0,884.97,1334.0,-60.0,2414.3013,18.0,18.0,Ideal,E,VS1,1.53,IGI,5055.0
840,Verve Jewels,2,Round,1,1,0,94.01,1372.0,896.73,1351.0,-59.0,2399.2612,18.0,18.0,Ideal,E,VS1,1.53,IGI,5055.0
840,Vespera Gems,2,Round,1,1,0,14.97,1379.2,901.44,1359.0,-59.0,2427.5698,18.0,18.0,Ideal,E,VS1,1.53,IGI,5055.0
840,White Lily,2,Round,1,1,0,15.46,1406.0,918.95,1385.0,-59.0,2472.1135,18.0,18.0,Ideal,E,VS1,1.53,IGI,5055.0
847,Albert's Creations,2,Emerald,1,1,0,13.63,715.0,785.71,704.0,-55.0,1027.2234,15.0,15.0,Super Ideal,E,VS1,0.91,IGI,1580.0
847,Bayside Gems,2,Emerald,1,1,0,15.19,770.0,846.15,758.0,-52.0,1026.6401,15.0,15.0,Super Ideal,E,VS1,0.91,IGI,1580.0
847,CV Diamonds,2,Emerald,1,1,0,17.85,753.22,827.71,742.0,-55.0,1074.9521,15.0,15.0,Super Ideal,E,VS1,0.91,IGI,1580.0
847,Diamonds by Zoya,2,Emerald,1,1,0,16.7,718.0,789.01,707.0,-55.0,1026.6067,15.0,15.0,Super Ideal,E,VS1,0.91,IGI,1580.0
847,Eternity Fine Jewelers,2,Emerald,1,1,0,15.48,736.3,809.12,725.0,-54.0,1037.7621,15.0,15.0,Super Ideal,E,VS1,0.91,IGI,1580.0
847,Hoseki,2,Emerald,1,1,0,16.96,731.0,803.3,720.0,-55.0,1038.3948,15.0,15.0,Super Ideal,E,VS1,0.91,IGI,1580.0
847,Jane Brear,2,Emerald,1,1,0,18.82,801.07,880.3,789.0,-54.0,1119.0393,15.0,15.0,Super Ideal,E,VS1,0.91,IGI,1580.0
847,KIYO,2,Emerald,1,1,0,23.51,703.0,772.53,692.0,-56.0,1026.6067,15.0,15.0,Super Ideal,E,VS1,0.91,IGI,1580.0
847,Mei & Co,2,Emerald,1,1,0,16.71,764.16,839.74,753.0,-52.0,1017.6762,15.0,15.0,Super Ideal,E,VS1,0.91,IGI,1580.0
847,Michelle Kennedy,2,Emerald,1,1,0,11.96,791.0,869.23,779.0,-51.0,1043.944,15.0,15.0,Super Ideal,E,VS1,0.91,IGI,1580.0
847,N. B. Diamonds,2,Emerald,1,1,0,20.37,735.44,808.18,724.0,-51.0,971.6268,15.0,15.0,Super Ideal,E,VS1,0.91,IGI,1580.0
847,Promenade Jewelry,2,Emerald,1,1,0,22.98,696.0,764.84,686.0,-56.0,1014.8034,15.0,15.0,Super Ideal,E,VS1,0.91,IGI,1580.0
847,Sonata Gems,2,Emerald,1,1,0,16.17,733.32,805.85,722.0,-52.0,978.8758,15.0,15.0,Super Ideal,E,VS1,0.91,IGI,1580.0
847,Temperley,2,Emerald,1,1,0,19.12,748.96,823.03,738.0,-53.0,1014.9556,15.0,15.0,Super Ideal,E,VS1,0.91,IGI,1580.0
847,The Diamond Source,2,Emerald,2,2,0,14.94,712.0,782.42,701.0,-59.0,1121.463,15.0,15.0,Super Ideal,E,VS1,0.91,IGI,1580.0
847,White Lily,2,Emerald,1,1,0,20.69,715.0,785.71,704.0,-54.0,1000.8193,15.0,15.0,Super Ideal,E,VS1,0.91,IGI,1580.0
851,Jane Brear,2,Round,1,1,0,23.59,601.0,660.44,592.0,-54.0,928.3378,18.0,18.0,Ideal,G,VS1,0.91,IGI,1750.0
851,Michelle Kennedy,2,Round,1,1,0,20.49,746.0,819.78,735.0,-45.0,973.4694,18.0,18.0,Ideal,G,VS1,0.91,IGI,1750.0
851,Temperley,2,Round,1,1,0,13.58,598.0,657.14,589.0,-54.0,937.7342,18.0,18.0,Ideal,G,VS1,0.91,IGI,1750.0
853,Jane Brear,2,Oval,1,1,0,14.91,741.0,741.0,730.0,-65.0,1420.0438,14.0,15.0,Very Good,G,VS1,1.0,IGI,2045.0
853,Temperley,2,Oval,1,1,0,12.2,757.0,757.0,746.0,-62.0,1349.5696,15.0,15.0,Very Good,G,VS1,1.0,IGI,2045.0
853,White Lily,2,Oval,1,2,0,10.87,757.0,757.0,746.0,-60.0,1263.0483,14.0,15.0,Very Good,G,VS1,1.0,IGI,2045.0
857,Fuji Diamonds,5,Emerald,2,2,0,18.98,382.0,502.63,376.0,-51.0,497.8649,15.0,15.0,Very Good,E,VS1,0.76,GCAL,1280.0
860,Eterna Luxe,2,Round,1,1,0,13.3,852.0,704.13,839.0,-61.0,1556.4543,18.0,18.0,Ideal,F,VS1,1.21,IGI,2760.0
860,Fabiola,2,Round,1,1,0,10.65,836.0,690.91,823.0,-61.0,1551.3634,18.0,18.0,Ideal,F,VS1,1.21,IGI,2760.0
860,Jane Brear,2,Round,1,1,0,10.63,853.0,704.96,840.0,-60.0,1526.9403,18.0,18.0,Ideal,F,VS1,1.21,IGI,2760.0
860,Marlowe & Co,2,Round,1,1,0,10.06,872.0,720.66,859.0,-61.0,1592.5897,18.0,18.0,Ideal,F,VS1,1.21,IGI,2760.0
860,Michelle Kennedy,2,Round,1,1,0,16.35,868.0,717.36,855.0,-61.0,1588.2664,18.0,18.0,Ideal,F,VS1,1.21,IGI,2760.0
860,Roma Diamonds,2,Round,1,1,0,13.83,1557.0,1286.78,1534.0,-30.0,1583.1322,18.0,18.0,Ideal,F,VS1,1.21,IGI,2760.0
860,Serene Peaks Diamonds,2,Round,1,1,0,16.11,841.77,695.68,829.0,-63.0,1626.6919,18.0,18.0,Ideal,F,VS1,1.21,IGI,2760.0
860,Temperley,2,Round,1,1,0,11.5,864.0,714.05,851.0,-61.0,1569.3677,18.0,18.0,Ideal,F,VS1,1.21,IGI,2760.0
860,White Lily,2,Round,1,1,0,12.66,843.0,696.69,830.0,-62.0,1608.1122,18.0,18.0,Ideal,F,VS1,1.21,IGI,2760.0
864,Emilia Sterling,2,Round,1,1,0,11.86,880.0,758.62,867.0,-65.0,1823.907,18.0,18.0,Ideal,D,VVS2,1.16,IGI,3610.0
864,Eternity Fine Jewelers,2,Round,1,1,0,11.06,924.36,796.86,910.0,-63.0,1800.4653,18.0,18.0,Ideal,D,VVS2,1.16,IGI,3610.0
864,Hannah Richards,2,Round,1,1,0,12.67,929.33,801.15,915.0,-63.0,1801.3035,18.0,18.0,Ideal,D,VVS2,1.16,IGI,3610.0
864,Hoseki,2,Round,1,1,0,14.79,924.0,796.55,910.0,-63.0,1794.0881,18.0,18.0,Ideal,D,VVS2,1.16,IGI,3610.0
864,Infinity Diamonds,2,Round,1,1,0,11.33,931.0,802.59,917.0,-64.0,1848.7166,18.0,18.0,Ideal,D,VVS2,1.16,IGI,3610.0
864,Jane Brear,2,Round,1,1,0,15.71,925.0,797.41,911.0,-64.0,1820.7561,18.0,18.0,Ideal,D,VVS2,1.16,IGI,3610.0
864,Knox Diamonds,2,Round,1,1,0,14.93,903.0,778.45,889.0,-64.0,1818.8455,18.0,18.0,Ideal,D,VVS2,1.16,IGI,3610.0
864,Komorebi Diamonds,2,Round,1,1,0,12.78,900.48,776.28,887.0,-65.0,1816.1543,18.0,18.0,Ideal,D,VVS2,1.16,IGI,3610.0
864,Magnolia,2,Round,1,1,0,14.82,902.0,777.59,888.0,-63.0,1761.8489,18.0,18.0,Ideal,D,VVS2,1.16,IGI,3610.0
864,Marlowe & Co,2,Round,1,1,0,12.57,920.0,793.1,906.0,-64.0,1828.5234,18.0,18.0,Ideal,D,VVS2,1.16,IGI,3610.0
864,Mei & Co,2,Round,1,1,0,15.28,915.4,789.14,902.0,-65.0,1849.7352,18.0,18.0,Ideal,D,VVS2,1.16,IGI,3610.0
864,Michelle Kennedy,2,Round,1,1,0,24.07,910.0,784.48,896.0,-65.0,1846.9473,18.0,18.0,Ideal,D,VVS2,1.16,IGI,3610.0
864,Promenade Jewelry,2,Round,1,1,0,14.83,909.17,783.77,896.0,-63.0,1782.2727,18.0,18.0,Ideal,D,VVS2,1.16,IGI,3610.0
864,Sara's Diamonds,2,Round,1,1,0,63.9,886.0,763.79,873.0,-66.0,1843.0977,18.0,18.0,Ideal,D,VVS2,1.16,IGI,3610.0
864,Silva Diamonds,2,Round,1,1,0,12.01,900.0,775.86,886.0,-65.0,1815.7045,18.0,18.0,Ideal,D,VVS2,1.16,IGI,3610.0
864,Simetría,2,Round,1,1,0,93.58,906.0,781.03,892.0,-64.0,1810.9014,18.0,18.0,Ideal,D,VVS2,1.16,IGI,3610.0
864,Temperley,2,Round,1,1,0,14.96,925.0,797.41,911.0,-64.0,1836.7648,18.0,18.0,Ideal,D,VVS2,1.16,IGI,3610.0
864,Tilia Diamonds,2,Round,1,1,0,14.51,916.0,789.66,902.0,-63.0,1761.7474,18.0,18.0,Ideal,D,VVS2,1.16,IGI,3610.0
864,Vespera Gems,2,Round,1,1,0,14.21,931.0,802.59,917.0,-63.0,1813.3777,18.0,18.0,Ideal,D,VVS2,1.16,IGI,3610.0
864,White Lily,2,Round,1,1,0,13.11,925.0,797.41,911.0,-64.0,1821.082,18.0,18.0,Ideal,D,VVS2,1.16,IGI,3610.0
866,55 E Diamonds,2,Round,2,1,0,13.47,1041.0,1030.69,1025.0,-54.0,1635.5198,18.0,18.0,Super Ideal,F,VVS1,1.01,IGI,3090.0
866,Jane Brear,2,Round,1,1,0,20.78,1074.0,1063.37,1058.0,-50.0,1527.8645,18.0,18.0,Super Ideal,F,VVS1,1.01,IGI,3090.0
866,Marlowe & Co,2,Round,1,1,0,20.38,1055.0,1044.55,1039.0,-53.0,1610.9178,18.0,18.0,Super Ideal,F,VVS1,1.01,IGI,3090.0
866,Oasis Diamonds,2,Round,1,1,0,18.09,1083.0,1072.28,1067.0,-50.0,1552.0133,18.0,18.0,Super Ideal,F,VVS1,1.01,IGI,3090.0
866,Roma Diamonds,2,Round,2,1,0,12.77,1621.0,1604.95,1597.0,-26.0,1575.705,18.0,18.0,Super Ideal,F,VVS1,1.01,IGI,3090.0
866,Taiga Gems,2,Round,1,1,0,13.33,1060.0,1049.5,1044.0,-49.0,1496.9115,18.0,18.0,Super Ideal,F,VVS1,1.01,IGI,3090.0
866,White Lily,2,Round,1,1,0,12.47,1057.0,1046.53,1041.0,-53.0,1599.7769,18.0,18.0,Super Ideal,F,VVS1,1.01,IGI,3090.0
869,Taiga Gems,2,Oval,1,1,0,14.22,749.24,700.22,738.0,-54.0,1108.5338,15.0,15.0,Very Good,F,SI1,1.07,IGI,1970.0
870,Adalyn Jewelry,2,Cushion,1,1,0,16.33,1494.49,989.73,1472.0,-59.0,2292.9133,15.0,15.0,Super Ideal,E,VS2,1.51,IGI,4470.0
870,Cirrus Gems,2,Cushion,1,1,0,21.46,1419.0,939.74,1398.0,-63.0,2408.6992,15.0,15.0,Super Ideal,E,VS2,1.51,IGI,4470.0
870,Diamonds by Zoya,2,Cushion,1,1,0,19.63,1416.84,938.3,1396.0,-61.0,2315.5803,15.0,15.0,Super Ideal,E,VS2,1.51,IGI,4470.0
870,Emilia Sterling,2,Cushion,1,1,0,20.97,1417.0,938.41,1396.0,-63.0,2402.0042,15.0,15.0,Super Ideal,E,VS2,1.51,IGI,4470.0
870,Eternity Fine Jewelers,2,Cushion,1,1,0,17.88,1457.0,964.9,1435.0,-61.0,2379.6465,15.0,15.0,Super Ideal,E,VS2,1.51,IGI,4470.0
870,Genesis Stones,2,Cushion,1,1,0,14.03,1572.0,1041.06,1548.0,-61.0,2546.3406,15.0,15.0,Super Ideal,E,VS2,1.51,IGI,4470.0
870,Hoseki,2,Cushion,1,1,0,18.4,1459.0,966.23,1437.0,-63.0,2493.0596,15.0,15.0,Super Ideal,E,VS2,1.51,IGI,4470.0
870,Infinity Diamonds,2,Cushion,1,1,0,23.98,1420.0,940.4,1399.0,-65.0,2529.6792,15.0,15.0,Super Ideal,E,VS2,1.51,IGI,4470.0
870,Jane Brear,2,Cushion,1,1,0,18.53,1476.0,977.48,1454.0,-59.0,2293.2742,15.0,15.0,Super Ideal,E,VS2,1.51,IGI,4470.0
870,Marlowe & Co,2,Cushion,1,1,0,13.44,1467.62,971.93,1446.0,-64.0,2537.7996,15.0,15.0,Super Ideal,E,VS2,1.51,IGI,4470.0
870,Michelle Kennedy,2,Cushion,1,1,0,20.25,1476.0,977.48,1454.0,-60.0,2316.7107,15.0,15.0,Super Ideal,E,VS2,1.51,IGI,4470.0
870,Periwinkle Stones,2,Cushion,1,1,0,13.19,1481.0,980.79,1459.0,-62.0,2482.9912,15.0,15.0,Super Ideal,E,VS2,1.51,IGI,4470.0
870,Taiga Gems,2,Cushion,1,1,0,15.29,1441.0,954.3,1419.0,-63.0,2463.5054,15.0,15.0,Super Ideal,E,VS2,1.51,IGI,4470.0
870,Temperley,2,Cushion,1,1,0,13.69,1454.0,962.91,1432.0,-58.0,2195.9451,15.0,15.0,Super Ideal,E,VS2,1.51,IGI,4470.0
870,White Lily,2,Cushion,1,1,0,17.41,1509.0,999.34,1486.0,-63.0,2537.7385,15.0,15.0,Super Ideal,E,VS2,1.51,IGI,4470.0
877,Cirrus Gems,2,Round,1,1,0,21.0,1836.0,1014.36,1808.0,-61.0,3333.0979,18.0,18.0,Super Ideal,F,VS1,1.81,IGI,5810.0
877,Eterna Luxe,2,Round,1,1,0,14.1,1914.0,1057.46,1885.0,-58.0,3252.0588,18.0,18.0,Super Ideal,F,VS1,1.81,IGI,5810.0
877,Hazel Diamonds,2,Round,1,1,0,15.61,1870.46,1033.4,1842.0,-60.0,3340.7756,18.0,18.0,Super Ideal,F,VS1,1.81,IGI,5810.0
877,Lotus Creation,2,Round,1,1,0,19.05,1866.0,1030.94,1838.0,-60.0,3313.7002,18.0,18.0,Super Ideal,F,VS1,1.81,IGI,5810.0
877,Mei & Co,2,Round,1,2,0,17.13,1894.48,1046.67,1866.0,-58.0,3218.0396,18.0,18.0,Super Ideal,F,VS1,1.81,IGI,5810.0
877,Meridian Crafts,2,Round,1,1,0,11.91,1895.0,1046.96,1867.0,-58.0,3268.1558,18.0,18.0,Super Ideal,F,VS1,1.81,IGI,5810.0
877,Nova Stars,2,Round,1,1,0,16.54,1887.52,1042.83,1859.0,-59.0,3299.9595,18.0,18.0,Super Ideal,F,VS1,1.81,IGI,5810.0
877,Pegasus Diamonds,2,Round,1,1,0,12.78,1972.0,1089.5,1942.0,-57.0,3300.918,18.0,18.0,Super Ideal,F,VS1,1.81,IGI,5810.0
877,Periwinkle Stones,2,Round,1,1,0,18.64,1926.0,1064.09,1897.0,-59.0,3344.5952,18.0,18.0,Super Ideal,F,VS1,1.81,IGI,5810.0
877,Riley Stones,2,Round,1,1,0,16.05,1886.0,1041.99,1858.0,-59.0,3312.0295,18.0,18.0,Super Ideal,F,VS1,1.81,IGI,5810.0
877,Tamara,2,Round,1,1,0,15.59,1934.28,1068.66,1905.0,-58.0,3292.1414,18.0,18.0,Super Ideal,F,VS1,1.81,IGI,5810.0
877,Temperley,2,Round,1,1,0,16.32,1990.0,1099.45,1960.0,-58.0,3387.1785,18.0,18.0,Super Ideal,F,VS1,1.81,IGI,5810.0
877,White Lily,2,Round,1,1,0,14.54,1939.26,1071.41,1910.0,-57.0,3246.0339,18.0,18.0,Super Ideal,F,VS1,1.81,IGI,5810.0
879,Mei & Co,2,Princess,1,1,0,10.75,513.42,675.55,506.0,-59.0,786.0607,15.0,15.0,Super Ideal,G,VVS1,0.76,IGI,1330.0
884,Eternity Fine Jewelers,2,Round,1,1,0,13.93,981.0,772.44,966.0,-61.0,1803.6313,18.0,18.0,Super Ideal,F,VVS2,1.27,IGI,3330.0
884,Fabiola,2,Round,1,1,0,13.93,970.0,763.78,955.0,-61.0,1792.877,18.0,18.0,Super Ideal,F,VVS2,1.27,IGI,3330.0
884,Marlowe & Co,2,Round,1,1,0,13.15,982.0,773.23,967.0,-62.0,1830.6948,18.0,18.0,Super Ideal,F,VVS2,1.27,IGI,3330.0
884,Meridian Crafts,2,Round,1,1,0,13.62,978.0,770.08,963.0,-61.0,1810.6459,18.0,18.0,Super Ideal,F,VVS2,1.27,IGI,3330.0
884,Michelle Kennedy,2,Round,2,1,0,18.18,994.0,782.68,979.0,-62.0,1864.7567,18.0,18.0,Super Ideal,F,VVS2,1.27,IGI,3330.0
884,Periwinkle Stones,2,Round,1,1,0,6.47,1012.0,796.85,997.0,-61.0,1863.5221,18.0,18.0,Super Ideal,F,VVS2,1.27,IGI,3330.0
884,Roma Diamonds,2,Round,1,1,0,12.02,1730.0,1362.2,1704.0,-32.0,1833.3596,18.0,18.0,Super Ideal,F,VVS2,1.27,IGI,3330.0
884,Temperley,2,Round,1,1,0,12.49,993.0,781.89,978.0,-62.0,1867.1467,18.0,18.0,Super Ideal,F,VVS2,1.27,IGI,3330.0
884,White Lily,2,Round,1,1,0,20.08,998.98,786.6,984.0,-62.0,1874.3126,18.0,18.0,Super Ideal,F,VVS2,1.27,IGI,3330.0
889,Clermont Diamonds,2,Round,1,1,0,17.44,1945.22,926.3,1916.0,-58.0,3347.8782,18.0,18.0,Ideal,E,SI1,2.1,IGI,6720.0
889,Eterna Luxe,2,Round,1,1,0,10.91,1970.0,938.1,1940.0,-59.0,3433.8313,18.0,18.0,Ideal,E,SI1,2.1,IGI,6720.0
889,Hoseki,2,Round,1,1,0,16.18,2012.88,958.51,1983.0,-59.0,3483.333,18.0,18.0,Ideal,E,SI1,2.1,IGI,6720.0
889,Jane Brear,2,Round,1,1,0,19.37,2174.0,1035.24,2141.0,-54.0,3359.2449,18.0,18.0,Ideal,E,SI1,2.1,IGI,6720.0
889,Lyra Stones,2,Round,1,1,0,18.96,1962.0,934.29,1933.0,-58.0,3347.5144,18.0,18.0,Ideal,E,SI1,2.1,IGI,6720.0
889,Periwinkle Stones,2,Round,1,1,0,17.15,2037.76,970.36,2007.0,-57.0,3432.6633,18.0,18.0,Ideal,E,SI1,2.1,IGI,6720.0
889,Taiga Gems,2,Round,1,1,0,14.09,1933.0,920.48,1904.0,-59.0,3350.8105,18.0,18.0,Ideal,E,SI1,2.1,IGI,6720.0
889,Thalassa Gems,2,Round,1,1,0,19.34,1940.0,923.81,1911.0,-58.0,3334.5779,18.0,18.0,Ideal,E,SI1,2.1,IGI,6720.0
889,Vega Diamonds,2,Round,1,1,0,18.52,1920.65,914.6,1892.0,-61.0,3539.7302,18.0,18.0,Ideal,E,SI1,2.1,IGI,6720.0
895,Avignon Diamonds,2,Round,1,1,0,10.46,2951.0,1418.75,2907.0,-62.0,5543.8999,18.0,18.0,Super Ideal,D,VVS2,2.08,IGI,11790.0
895,Cascade Diamonds,2,Round,1,1,0,11.05,3129.0,1504.33,3082.0,-61.0,5796.1743,18.0,18.0,Super Ideal,D,VVS2,2.08,IGI,11790.0
895,Ember Star,2,Round,1,1,0,13.11,3129.0,1504.33,3082.0,-60.0,5622.2637,18.0,18.0,Super Ideal,D,VVS2,2.08,IGI,11790.0
895,Hill & Holland,2,Round,1,1,0,12.75,3084.0,1482.69,3038.0,-60.0,5516.6592,18.0,18.0,Super Ideal,D,VVS2,2.08,IGI,11790.0
895,I & M Designs,2,Round,1,1,0,13.34,3225.79,1550.86,3177.0,-58.0,5489.981,18.0,18.0,Super Ideal,D,VVS2,2.08,IGI,11790.0
895,Jane Brear,2,Round,1,1,0,11.93,3089.0,1485.1,3043.0,-61.0,5639.5317,18.0,18.0,Super Ideal,D,VVS2,2.08,IGI,11790.0
895,Knox Diamonds,2,Round,1,1,0,9.62,3129.0,1504.33,3082.0,-59.0,5430.0103,18.0,18.0,Super Ideal,D,VVS2,2.08,IGI,11790.0
895,La Marquise,2,Round,1,1,0,18.21,3158.0,1518.27,3111.0,-61.0,5726.665,18.0,18.0,Super Ideal,D,VVS2,2.08,IGI,11790.0
895,Marlowe & Co,2,Round,1,1,0,10.4,3035.0,1459.13,2989.0,-60.0,5472.3394,18.0,18.0,Super Ideal,D,VVS2,2.08,IGI,11790.0
895,Michelle Kennedy,2,Round,1,1,0,13.02,3025.0,1454.33,2980.0,-61.0,5622.1494,18.0,18.0,Super Ideal,D,VVS2,2.08,IGI,11790.0
895,Nebula Stones,2,Round,1,1,0,11.98,3080.0,1480.77,3034.0,-61.0,5593.7134,18.0,18.0,Super Ideal,D,VVS2,2.08,IGI,11790.0
895,Periwinkle Stones,2,Round,1,1,0,13.42,3045.0,1463.94,2999.0,-62.0,5716.7686,18.0,18.0,Super Ideal,D,VVS2,2.08,IGI,11790.0
895,Promenade Jewelry,2,Round,1,1,0,16.77,3046.0,1464.42,3000.0,-62.0,5684.0894,18.0,18.0,Super Ideal,D,VVS2,2.08,IGI,11790.0
895,Rosella,2,Round,1,1,0,10.78,2993.0,1438.94,2948.0,-61.0,5554.4746,18.0,18.0,Super Ideal,D,VVS2,2.08,IGI,11790.0
895,Sara's Diamonds,2,Round,1,1,0,65.69,3190.0,1533.65,3142.0,-59.0,5638.3008,18.0,18.0,Super Ideal,D,VVS2,2.08,IGI,11790.0
895,Stellar Radiance,2,Round,1,1,0,12.22,3129.0,1504.33,3082.0,-61.0,5738.7896,18.0,18.0,Super Ideal,D,VVS2,2.08,IGI,11790.0
895,Taiga Gems,2,Round,1,1,0,14.47,2970.0,1427.88,2925.0,-61.0,5498.4985,18.0,18.0,Super Ideal,D,VVS2,2.08,IGI,11790.0
895,Temperley,2,Round,1,1,0,14.29,3004.0,1444.23,2959.0,-62.0,5680.4053,18.0,18.0,Super Ideal,D,VVS2,2.08,IGI,11790.0
895,Thalassa Gems,2,Round,1,1,0,12.36,3129.0,1504.33,3082.0,-60.0,5540.75,18.0,18.0,Super Ideal,D,VVS2,2.08,IGI,11790.0
895,Tierra Mia Diamonds,2,Round,1,1,0,16.89,2957.0,1421.63,2913.0,-63.0,5670.334,18.0,18.0,Super Ideal,D,VVS2,2.08,IGI,11790.0
895,White Lily,2,Round,1,1,0,13.8,3004.0,1444.23,2959.0,-62.0,5669.8037,18.0,18.0,Super Ideal,D,VVS2,2.08,IGI,11790.0
895,Zimmerman Diamonds,2,Round,1,1,0,13.96,3061.62,1471.93,3016.0,-62.0,5744.9434,18.0,18.0,Super Ideal,D,VVS2,2.08,IGI,11790.0
897,Albert's Creations,2,Oval,1,1,0,14.64,709.44,762.84,699.0,-43.0,837.6964,15.0,15.0,Super Ideal,G,SI1,0.93,IGI,1390.0
901,Sunset Gems,2,Cushion,1,1,0,13.57,428.53,535.66,422.0,-57.0,630.7377,15.0,15.0,Super Ideal,G,VS1,0.8,IGI,1220.0
906,Temperley,2,Round,1,1,0,10.6,1855.0,1078.49,1827.0,-21.0,1683.7075,18.0,18.0,Super Ideal,J,VS1,1.72,IGI,2990.0
911,Temperley,2,Round,1,1,0,87.64,617.0,685.56,608.0,-54.0,969.1573,18.0,18.0,Ideal,G,VS2,0.9,IGI,1570.0
913,Eternal Flame,2,Pear,2,2,0,16.43,354.22,506.03,349.0,-51.0,470.1889,14.0,15.0,Very Good,E,VS1,0.7,IGI,1180.0
913,Hoseki,2,Pear,1,2,0,18.17,360.19,514.56,355.0,-49.0,458.4475,14.0,15.0,Very Good,E,VS1,0.7,IGI,1180.0
913,Marlowe & Co,2,Pear,2,2,0,20.58,346.0,494.29,341.0,-37.0,356.3656,13.0,15.0,Very Good,E,VS1,0.7,IGI,1180.0
913,Michelle Kennedy,2,Pear,1,2,0,16.0,364.0,520.0,359.0,-53.0,503.8931,14.0,15.0,Very Good,E,VS1,0.7,IGI,1180.0
913,Rosella,2,Pear,2,2,0,13.75,328.0,468.57,323.0,-59.0,518.1704,14.0,15.0,Very Good,E,VS1,0.7,IGI,1180.0
913,White Lily,2,Pear,2,2,0,16.75,366.16,523.09,361.0,-48.0,457.0319,15.0,15.0,Very Good,E,VS1,0.7,IGI,1180.0
922,Adalyn Jewelry,2,Oval,1,1,0,15.52,768.0,724.53,756.0,-66.0,1524.2313,15.0,15.0,Super Ideal,E,VS1,1.06,IGI,2450.0
922,Albert's Creations,2,Oval,1,1,0,10.02,768.0,724.53,756.0,-64.0,1451.2118,15.0,15.0,Super Ideal,E,VS1,1.06,IGI,2450.0
922,Bayside Gems,2,Oval,1,1,0,14.85,748.96,706.57,738.0,-65.0,1462.2488,15.0,15.0,Super Ideal,E,VS1,1.06,IGI,2450.0
922,CV Diamonds,2,Oval,1,1,0,14.25,775.0,731.13,763.0,-65.0,1473.3363,15.0,15.0,Super Ideal,E,VS1,1.06,IGI,2450.0
922,Clermont Diamonds,2,Oval,1,1,0,13.44,776.0,732.08,764.0,-65.0,1488.6399,15.0,15.0,Super Ideal,E,VS1,1.06,IGI,2450.0
922,Fabiola,2,Oval,1,1,0,13.78,760.0,716.98,749.0,-67.0,1533.7021,15.0,15.0,Super Ideal,E,VS1,1.06,IGI,2450.0
922,Fuji Diamonds,2,Oval,1,1,0,19.27,767.0,723.58,755.0,-65.0,1490.1324,15.0,15.0,Super Ideal,E,VS1,1.06,IGI,2450.0
922,Hoseki,2,Oval,1,1,0,13.02,777.0,733.02,765.0,-65.0,1507.738,15.0,15.0,Super Ideal,E,VS1,1.06,IGI,2450.0
922,Infinity Diamonds,2,Oval,1,1,0,18.17,765.0,721.7,754.0,-65.0,1471.9486,15.0,15.0,Super Ideal,E,VS1,1.06,IGI,2450.0
922,Jane Brear,2,Oval,1,1,0,13.98,781.0,736.79,769.0,-64.0,1480.8052,15.0,15.0,Super Ideal,E,VS1,1.06,IGI,2450.0
922,Marlowe & Co,2,Oval,1,1,0,13.18,782.0,737.74,770.0,-65.0,1497.5752,15.0,15.0,Super Ideal,E,VS1,1.06,IGI,2450.0
922,Meridian Crafts,2,Oval,1,1,0,12.77,766.0,722.64,755.0,-65.0,1482.131,15.0,15.0,Super Ideal,E,VS1,1.06,IGI,2450.0
922,Michelle Kennedy,2,Oval,1,1,0,16.17,781.0,736.79,769.0,-64.0,1469.319,15.0,15.0,Super Ideal,E,VS1,1.06,IGI,2450.0
922,Periwinkle Stones,2,Oval,1,1,0,8.9,780.0,735.85,768.0,-65.0,1489.2566,15.0,15.0,Super Ideal,E,VS1,1.06,IGI,2450.0
922,Rosella,2,Oval,1,1,0,13.89,744.0,701.89,733.0,-68.0,1548.4062,15.0,15.0,Super Ideal,E,VS1,1.06,IGI,2450.0
922,Taiga Gems,2,Oval,1,1,0,14.89,768.0,724.53,756.0,-64.0,1454.2601,15.0,15.0,Super Ideal,E,VS1,1.06,IGI,2450.0
922,Tamara,2,Oval,1,1,0,12.85,783.0,738.68,771.0,-64.0,1462.2488,15.0,15.0,Super Ideal,E,VS1,1.06,IGI,2450.0
922,Temperley,2,Oval,1,1,0,15.46,781.0,736.79,769.0,-64.0,1480.8052,15.0,15.0,Super Ideal,E,VS1,1.06,IGI,2450.0
922,Vega Diamonds,2,Oval,1,1,0,18.4,745.0,702.83,734.0,-67.0,1521.1305,15.0,15.0,Super Ideal,E,VS1,1.06,IGI,2450.0
922,White Lily,2,Oval,1,1,0,14.24,781.0,736.79,769.0,-64.0,1454.2601,15.0,15.0,Super Ideal,E,VS1,1.06,IGI,2450.0
923,Eternity Fine Jewelers,2,Oval,1,1,0,18.24,932.0,932.0,918.0,-66.0,1865.8722,14.0,15.0,Very Good,E,VVS2,1.0,IGI,2560.0
923,Hoseki,2,Oval,1,1,0,18.12,937.29,937.29,923.0,-66.0,1866.4956,15.0,15.0,Very Good,E,VVS2,1.0,IGI,2560.0
923,Jane Brear,2,Oval,1,1,0,10.23,946.0,946.0,932.0,-65.0,1819.7129,14.0,15.0,Very Good,E,VVS2,1.0,IGI,2560.0
923,Marlowe & Co,2,Oval,1,1,0,19.18,928.0,928.0,914.0,-66.0,1817.478,15.0,15.0,Very Good,E,VVS2,1.0,IGI,2560.0
923,Michelle Kennedy,2,Oval,1,2,0,20.47,966.0,966.0,952.0,-65.0,1848.0398,15.0,15.0,Very Good,E,VVS2,1.0,IGI,2560.0
923,N. B. Diamonds,2,Oval,1,1,0,13.78,988.0,988.0,973.0,-64.0,1854.0878,14.0,15.0,Very Good,E,VVS2,1.0,IGI,2560.0
923,Tamara,2,Oval,1,1,0,19.94,950.22,950.22,936.0,-66.0,1881.2233,15.0,15.0,Very Good,E,VVS2,1.0,IGI,2560.0
923,Temperley,2,Oval,2,2,0,19.48,960.18,960.18,946.0,-54.0,1398.5582,14.0,15.0,Very Good,E,VVS2,1.0,IGI,2560.0
923,White Lily,2,Oval,1,1,0,17.04,947.0,947.0,933.0,-66.0,1858.9899,15.0,15.0,Very Good,E,VVS2,1.0,IGI,2560.0
925,Avignon Diamonds,2,Oval,1,1,0,51.94,3856.0,1542.4,3798.0,-65.0,7463.7559,15.0,15.0,Super Ideal,E,VVS2,2.5,IGI,12540.0
925,Eternal Flame,2,Oval,1,1,0,12.37,3919.0,1567.6,3860.0,-64.0,7409.4839,15.0,15.0,Super Ideal,E,VVS2,2.5,IGI,12540.0
925,Michelle Kennedy,2,Oval,1,1,0,13.74,4242.0,1696.8,4178.0,-61.0,7345.6304,15.0,15.0,Super Ideal,E,VVS2,2.5,IGI,12540.0
925,Periwinkle Stones,2,Oval,1,1,0,16.24,3914.0,1565.6,3855.0,-65.0,7496.1235,15.0,15.0,Super Ideal,E,VVS2,2.5,IGI,12540.0
925,Temperley,2,Oval,1,1,0,13.24,3904.0,1561.6,3845.0,-62.0,6929.6191,15.0,15.0,Super Ideal,E,VVS2,2.5,IGI,12540.0
927,Cornerstone,2,Oval,2,2,0,14.07,339.0,639.62,334.0,-44.0,408.6599,15.0,15.0,Super Ideal,E,VS1,0.53,IGI,680.0
927,Diamonds by Zoya,2,Oval,1,2,0,19.9,311.44,587.62,307.0,-53.0,446.8933,15.0,15.0,Super Ideal,E,VS1,0.53,IGI,680.0
927,Eternal Flame,2,Oval,2,2,0,10.88,369.0,696.23,363.0,-37.0,397.0852,15.0,15.0,Super Ideal,E,VS1,0.53,IGI,680.0
927,Magnolia,2,Oval,2,2,0,8.86,344.0,649.06,339.0,-37.0,370.1344,15.0,15.0,Super Ideal,E,VS1,0.53,IGI,680.0
927,Rosella,2,Oval,2,2,0,13.81,317.53,599.11,313.0,-48.0,414.76,15.0,15.0,Super Ideal,E,VS1,0.53,IGI,680.0
927,Silva Diamonds,2,Oval,1,1,0,10.46,349.0,658.49,344.0,-40.0,393.8395,15.0,15.0,Super Ideal,E,VS1,0.53,IGI,680.0
931,Cirrus Gems,2,Round,1,1,0,22.8,884.0,664.66,871.0,-56.0,1423.0267,18.0,18.0,Ideal,H,VS1,1.33,IGI,2590.0
931,Taiga Gems,2,Round,1,1,0,19.07,908.0,682.71,894.0,-55.0,1444.0897,18.0,18.0,Ideal,H,VS1,1.33,IGI,2590.0
931,Temperley,2,Round,1,1,0,16.77,922.0,693.23,908.0,-55.0,1454.8685,18.0,18.0,Ideal,H,VS1,1.33,IGI,2590.0
933,Camden Gems,2,Round,1,1,0,12.82,700.0,666.67,690.0,-60.0,1265.4398,18.0,18.0,Super Ideal,E,VS1,1.05,IGI,2583.64
933,Fabiola,2,Round,1,1,0,13.44,703.0,669.52,692.0,-59.0,1240.8008,18.0,18.0,Super Ideal,E,VS1,1.05,IGI,2583.64
933,Hazel Diamonds,2,Round,1,1,0,12.97,695.0,661.9,685.0,-60.0,1235.9276,18.0,18.0,Super Ideal,E,VS1,1.05,IGI,2583.64
933,I & M Designs,2,Round,1,1,0,17.32,719.0,684.76,708.0,-59.0,1255.2969,18.0,18.0,Super Ideal,E,VS1,1.05,IGI,2583.64
933,Jane Brear,2,Round,1,1,0,15.01,712.0,678.1,701.0,-60.0,1283.3131,18.0,18.0,Super Ideal,E,VS1,1.05,IGI,2583.64
933,Marlowe & Co,2,Round,1,1,0,11.05,720.0,685.71,709.0,-59.0,1248.53,18.0,18.0,Super Ideal,E,VS1,1.05,IGI,2583.64
933,Meridian Crafts,2,Round,1,1,0,11.36,710.0,676.19,699.0,-60.0,1262.0872,18.0,18.0,Super Ideal,E,VS1,1.05,IGI,2583.64
933,Michelle Kennedy,2,Round,1,1,0,13.6,712.0,678.1,701.0,-59.0,1258.1451,18.0,18.0,Super Ideal,E,VS1,1.05,IGI,2583.64
933,Nebula Stones,2,Round,1,1,0,19.55,717.0,682.86,706.0,-60.0,1286.9944,18.0,18.0,Super Ideal,E,VS1,1.05,IGI,2583.64
933,Nova Stars,2,Round,1,1,0,12.39,695.0,661.9,685.0,-61.0,1284.3617,18.0,18.0,Super Ideal,E,VS1,1.05,IGI,2583.64
933,Serenade Diamonds,2,Round,1,1,0,14.88,681.0,648.57,671.0,-61.0,1245.9772,18.0,18.0,Super Ideal,E,VS1,1.05,IGI,2583.64
933,Silva Diamonds,2,Round,1,1,0,11.06,698.0,664.76,688.0,-59.0,1227.2887,18.0,18.0,Super Ideal,E,VS1,1.05,IGI,2583.64
933,Taiga Gems,2,Round,1,1,0,14.14,721.0,686.67,710.0,-59.0,1253.9969,18.0,18.0,Super Ideal,E,VS1,1.05,IGI,2583.64
933,Temperley,2,Round,1,1,0,14.87,711.0,677.14,700.0,-60.0,1273.3953,18.0,18.0,Super Ideal,E,VS1,1.05,IGI,2583.64
933,Thalassa Gems,2,Round,1,1,0,13.68,705.0,671.43,694.0,-60.0,1274.3341,18.0,18.0,Super Ideal,E,VS1,1.05,IGI,2583.64
933,Tierra Mia Diamonds,2,Round,1,1,0,25.4,711.0,677.14,700.0,-60.0,1271.7562,18.0,18.0,Super Ideal,E,VS1,1.05,IGI,2583.64
933,Tilia Diamonds,2,Round,1,1,0,16.91,711.42,677.54,701.0,-61.0,1304.4071,18.0,18.0,Super Ideal,E,VS1,1.05,IGI,2583.64
933,Westport Jewelry,2,Round,1,1,0,13.68,699.0,665.71,689.0,-60.0,1260.4117,18.0,18.0,Super Ideal,E,VS1,1.05,IGI,2583.64
933,White Lily,2,Round,1,1,0,13.66,712.0,678.1,701.0,-60.0,1275.6659,18.0,18.0,Super Ideal,E,VS1,1.05,IGI,2583.64
937,Bayside Gems,2,Round,1,1,0,19.04,1255.66,831.56,1237.0,-58.0,2162.8716,18.0,18.0,Ideal,D,SI1,1.51,IGI,4060.0
937,Hoseki,2,Round,1,1,0,15.7,1327.33,879.03,1307.0,-56.0,2183.4548,18.0,18.0,Ideal,D,SI1,1.51,IGI,4060.0
937,Infinity Diamonds,2,Round,1,1,0,24.37,1288.0,852.98,1269.0,-57.0,2148.7439,18.0,18.0,Ideal,D,SI1,1.51,IGI,4060.0
937,Jane Brear,2,Round,1,1,0,19.53,1344.0,890.07,1324.0,-56.0,2185.2681,18.0,18.0,Ideal,D,SI1,1.51,IGI,4060.0
937,Michelle Kennedy,2,Round,1,1,0,18.71,1344.0,890.07,1324.0,-56.0,2184.5942,18.0,18.0,Ideal,D,SI1,1.51,IGI,4060.0
937,Roma Diamonds,2,Round,1,1,0,13.67,1287.0,852.32,1268.0,-58.0,2215.6179,18.0,18.0,Ideal,D,SI1,1.51,IGI,4060.0
937,Silva Diamonds,2,Round,1,1,0,13.36,1292.0,855.63,1273.0,-58.0,2180.7178,18.0,18.0,Ideal,D,SI1,1.51,IGI,4060.0
937,Taiga Gems,2,Round,1,1,0,17.46,1272.0,842.38,1253.0,-59.0,2201.7607,18.0,18.0,Ideal,D,SI1,1.51,IGI,4060.0
937,Tamara,2,Round,1,1,0,17.21,1305.0,864.24,1285.0,-56.0,2139.9487,18.0,18.0,Ideal,D,SI1,1.51,IGI,4060.0
937,Temperley,2,Round,1,1,0,20.6,1310.0,867.55,1290.0,-57.0,2159.6157,18.0,18.0,Ideal,D,SI1,1.51,IGI,4060.0
937,Thalassa Gems,2,Round,1,2,0,13.63,1292.0,855.63,1273.0,-57.0,2169.3938,18.0,18.0,Ideal,D,SI1,1.51,IGI,4060.0
937,Vega Diamonds,2,Round,1,1,0,21.71,1270.0,841.06,1251.0,-58.0,2181.5957,18.0,18.0,Ideal,D,SI1,1.51,IGI,4060.0
937,White Lily,2,Round,1,1,0,16.79,1280.0,847.68,1261.0,-57.0,2141.1711,18.0,18.0,Ideal,D,SI1,1.51,IGI,4060.0
937,Woodhouse Diamonds,2,Round,1,1,0,12.64,1288.0,852.98,1269.0,-59.0,2229.3257,18.0,18.0,Ideal,D,SI1,1.51,IGI,4060.0
939,55 E Diamonds,2,Round,2,1,0,12.78,705.0,698.02,694.0,-61.0,1299.8131,18.0,18.0,Ideal,E,VS1,1.01,IGI,2617.5
939,Avignon Diamonds,2,Round,1,1,0,12.67,706.0,699.01,695.0,-61.0,1294.5087,18.0,18.0,Ideal,E,VS1,1.01,IGI,2617.5
939,Camden Gems,2,Round,1,1,0,11.47,696.0,689.11,686.0,-62.0,1316.0209,18.0,18.0,Ideal,E,VS1,1.01,IGI,2617.5
939,Fabiola,2,Round,1,1,0,14.95,695.0,688.12,685.0,-60.0,1243.124,18.0,18.0,Ideal,E,VS1,1.01,IGI,2617.5
939,Hoseki,2,Round,1,1,0,11.25,717.0,709.9,706.0,-60.0,1273.3071,18.0,18.0,Ideal,E,VS1,1.01,IGI,2617.5
939,Iris Diamonds,2,Round,1,1,0,92.78,702.0,695.05,691.0,-61.0,1303.5281,18.0,18.0,Ideal,E,VS1,1.01,IGI,2617.5
939,Jane Brear,2,Round,1,1,0,13.1,722.0,714.85,711.0,-60.0,1286.1012,18.0,18.0,Ideal,E,VS1,1.01,IGI,2617.5
939,Joan Cooper,2,Round,1,1,0,11.46,707.0,700.0,696.0,-60.0,1273.3071,18.0,18.0,Ideal,E,VS1,1.01,IGI,2617.5
939,Marlowe & Co,2,Round,2,1,0,10.32,715.0,707.92,704.0,-60.0,1280.9359,18.0,18.0,Ideal,E,VS1,1.01,IGI,2617.5
939,Michelle Kennedy,2,Round,1,1,0,11.45,725.0,717.82,714.0,-60.0,1287.6913,18.0,18.0,Ideal,E,VS1,1.01,IGI,2617.5
939,Oasis Diamonds,2,Round,1,1,0,19.87,738.29,730.98,727.0,-58.0,1258.0808,18.0,18.0,Ideal,E,VS1,1.01,IGI,2617.5
939,Riviera Jewels,2,Round,1,1,0,12.37,696.0,689.11,686.0,-61.0,1292.9777,18.0,18.0,Ideal,E,VS1,1.01,IGI,2617.5
939,Serenade Diamonds,2,Round,1,1,0,13.88,682.0,675.25,672.0,-63.0,1308.4847,18.0,18.0,Ideal,E,VS1,1.01,IGI,2617.5
939,Sigma Diamonds,2,Round,1,1,0,12.68,702.0,695.05,691.0,-60.0,1267.8,18.0,18.0,Ideal,E,VS1,1.01,IGI,2617.5
939,Temperley,2,Round,1,1,0,10.95,722.0,714.85,711.0,-60.0,1280.1379,18.0,18.0,Ideal,E,VS1,1.01,IGI,2617.5
939,Thalassa Gems,2,Round,1,1,0,12.16,700.0,693.07,690.0,-61.0,1275.2817,18.0,18.0,Ideal,E,VS1,1.01,IGI,2617.5
939,Westport Jewelry,2,Round,1,1,0,13.51,694.0,687.13,684.0,-60.0,1238.0812,18.0,18.0,Ideal,E,VS1,1.01,IGI,2617.5
939,White Lily,2,Round,1,1,0,92.62,728.0,720.79,717.0,-57.0,1221.0603,18.0,18.0,Ideal,E,VS1,1.01,IGI,2617.5
939,Woodhouse Diamonds,2,Round,1,1,0,92.76,704.0,697.03,693.0,-62.0,1325.691,18.0,18.0,Ideal,E,VS1,1.01,IGI,2617.5
953,Diamonds by Zoya,2,Radiant,1,1,0,89.94,522.38,512.14,515.0,-74.0,1308.3368,15.0,15.0,Super Ideal,H,VS2,1.02,IGI,1580.0
953,Jane Brear,2,Radiant,1,1,0,17.92,553.03,542.19,545.0,-71.0,1226.7242,15.0,15.0,Super Ideal,H,VS2,1.02,IGI,1580.0
953,Michelle Kennedy,2,Radiant,1,1,0,17.47,553.03,542.19,545.0,-71.0,1238.3754,15.0,15.0,Super Ideal,H,VS2,1.02,IGI,1580.0
953,Taiga Gems,2,Radiant,1,1,0,11.14,521.38,511.16,514.0,-72.0,1204.3578,15.0,15.0,Super Ideal,H,VS2,1.02,IGI,1580.0
953,Temperley,2,Radiant,1,1,0,14.99,553.03,542.19,545.0,-71.0,1237.6467,15.0,15.0,Super Ideal,H,VS2,1.02,IGI,1580.0
953,White Lily,2,Radiant,1,1,0,15.05,553.03,542.19,545.0,-71.0,1228.1412,15.0,15.0,Super Ideal,H,VS2,1.02,IGI,1580.0
957,Sunset Gems,2,Round,1,1,0,16.45,935.0,595.54,921.0,-56.0,1528.5959,18.0,18.0,Ideal,I,SI1,1.57,IGI,2730.0
961,Vega Diamonds,2,Oval,2,1,0,17.92,382.2,694.91,376.0,-15.0,304.0611,15.0,15.0,Super Ideal,G,SI1,0.55,IGI,540.0
970,Bayside Gems,2,Round,1,1,0,13.62,3904.38,1297.14,3846.0,-61.0,7210.8809,18.0,18.0,Super Ideal,H,VVS2,3.01,IGI,14330.0
970,Cirrus Gems,2,Round,1,1,0,20.07,3587.73,1191.94,3534.0,-64.0,7129.5469,18.0,18.0,Super Ideal,H,VVS2,3.01,IGI,14330.0
970,Jane Brear,2,Round,1,1,0,15.91,3716.0,1234.55,3660.0,-63.0,7136.8516,18.0,18.0,Super Ideal,H,VVS2,3.01,IGI,14330.0
970,Michelle Kennedy,2,Round,1,1,0,10.7,3700.0,1229.24,3644.0,-62.0,7011.1919,18.0,18.0,Super Ideal,H,VVS2,3.01,IGI,14330.0
970,Roma Diamonds,2,Round,1,1,0,12.86,3656.0,1214.62,3601.0,-64.0,7289.1128,18.0,18.0,Super Ideal,H,VVS2,3.01,IGI,14330.0
970,Taiga Gems,2,Round,1,1,0,18.45,3682.0,1223.26,3627.0,-64.0,7229.6836,18.0,18.0,Super Ideal,H,VVS2,3.01,IGI,14330.0
970,White Lily,2,Round,1,1,0,15.17,3721.3,1236.31,3665.0,-62.0,7083.9629,18.0,18.0,Super Ideal,H,VVS2,3.01,IGI,14330.0
974,Artemis Stones,2,Round,1,1,0,19.4,1891.69,936.48,1863.0,-64.0,3716.0786,18.0,18.0,Super Ideal,G,VS1,2.02,IGI,7202.0
974,Cirrus Gems,2,Round,1,1,0,18.92,1897.48,939.35,1869.0,-63.0,3634.3567,18.0,18.0,Super Ideal,G,VS1,2.02,IGI,7202.0
974,Clermont Diamonds,2,Round,1,1,0,12.19,1916.0,948.51,1887.0,-63.0,3715.22,18.0,18.0,Super Ideal,G,VS1,2.02,IGI,7202.0
974,Jane Brear,2,Round,1,1,0,17.73,1989.0,984.65,1959.0,-60.0,3603.2183,18.0,18.0,Super Ideal,G,VS1,2.02,IGI,7202.0
974,Marlowe & Co,2,Round,1,1,0,17.69,1986.02,983.18,1956.0,-61.0,3608.5398,18.0,18.0,Super Ideal,G,VS1,2.02,IGI,7202.0
974,Mei & Co,2,Round,1,1,0,10.58,1934.0,957.43,1905.0,-63.0,3771.8743,18.0,18.0,Super Ideal,G,VS1,2.02,IGI,7202.0
974,Michelle Kennedy,2,Round,1,1,0,14.98,2019.85,999.93,1990.0,-61.0,3745.5498,18.0,18.0,Super Ideal,G,VS1,2.02,IGI,7202.0
974,Nebula Stones,2,Round,1,1,0,16.69,1980.05,980.22,1950.0,-61.0,3656.9868,18.0,18.0,Super Ideal,G,VS1,2.02,IGI,7202.0
974,Nova Stars,2,Round,1,1,0,10.67,1919.0,950.0,1890.0,-62.0,3652.4795,18.0,18.0,Super Ideal,G,VS1,2.02,IGI,7202.0
974,Roma Diamonds,2,Round,1,1,0,12.39,1933.0,956.93,1904.0,-63.0,3732.8843,18.0,18.0,Super Ideal,G,VS1,2.02,IGI,7202.0
974,Temperley,2,Round,1,1,0,16.08,2019.85,999.93,1990.0,-60.0,3596.0374,18.0,18.0,Super Ideal,G,VS1,2.02,IGI,7202.0
974,Westport Jewelry,2,Round,1,1,0,13.28,1902.0,941.58,1873.0,-64.0,3782.1995,18.0,18.0,Super Ideal,G,VS1,2.02,IGI,7202.0
974,White Lily,2,Round,1,1,0,15.98,1991.99,986.13,1962.0,-61.0,3666.6594,18.0,18.0,Super Ideal,G,VS1,2.02,IGI,7202.0
975,Ember Star,2,Emerald,1,1,0,13.74,333.0,444.0,328.0,-61.0,547.9894,15.0,15.0,Super Ideal,F,VVS2,0.75,IGI,1240.0
976,Artemis Stones,2,Round,1,1,0,17.31,2386.0,1028.45,2350.0,-59.0,4187.8584,18.0,18.0,Super Ideal,G,VS1,2.32,IGI,8580.0
976,Cirrus Gems,2,Round,1,1,0,15.45,2379.09,1025.47,2343.0,-58.0,4066.6023,18.0,18.0,Super Ideal,G,VS1,2.32,IGI,8580.0
976,Ember Star,2,Round,1,1,0,13.58,2353.0,1014.22,2318.0,-60.0,4186.8828,18.0,18.0,Super Ideal,G,VS1,2.32,IGI,8580.0
976,Jane Brear,2,Round,1,1,0,20.48,2482.0,1069.83,2445.0,-58.0,4187.1489,18.0,18.0,Super Ideal,G,VS1,2.32,IGI,8580.0
976,N. B. Diamonds,2,Round,1,1,0,15.46,2421.56,1043.78,2385.0,-58.0,4125.021,18.0,18.0,Super Ideal,G,VS1,2.32,IGI,8580.0
976,Roma Diamonds,2,Round,1,1,0,14.07,2435.0,1049.57,2398.0,-58.0,4163.1797,18.0,18.0,Super Ideal,G,VS1,2.32,IGI,8580.0
976,Seraphina Gems,2,Round,1,1,0,14.73,3023.8,1303.36,2978.0,-49.0,4265.0308,18.0,18.0,Super Ideal,G,VS1,2.32,IGI,8580.0
976,Taiga Gems,2,Round,1,1,0,15.85,2377.16,1024.64,2342.0,-59.0,4176.1987,18.0,18.0,Super Ideal,G,VS1,2.32,IGI,8580.0
976,Tamara,2,Round,1,1,0,14.92,2460.0,1060.34,2423.0,-57.0,4103.4824,18.0,18.0,Super Ideal,G,VS1,2.32,IGI,8580.0
976,Temperley,2,Round,1,1,0,17.24,2444.72,1053.76,2408.0,-58.0,4213.6626,18.0,18.0,Super Ideal,G,VS1,2.32,IGI,8580.0
976,White Lily,2,Round,1,1,0,16.92,2484.0,1070.69,2447.0,-57.0,4129.8809,18.0,18.0,Super Ideal,G,VS1,2.32,IGI,8580.0
982,Jane Brear,2,Round,1,1,0,9.76,1330.0,734.81,1310.0,-50.0,1890.0544,18.0,18.0,Ideal,J,VS2,1.81,IGI,2950.0
982,Michelle Kennedy,2,Round,1,1,0,9.39,1330.0,734.81,1310.0,-55.0,2137.7627,18.0,18.0,Ideal,J,VS2,1.81,IGI,2950.0
982,Temperley,2,Round,1,1,0,7.9,1330.0,734.81,1310.0,-50.0,1888.1147,18.0,18.0,Ideal,J,VS2,1.81,IGI,2950.0
988,Artemis Stones,2,Round,1,1,0,20.35,1999.0,934.11,1969.0,-58.0,3369.5603,18.0,18.0,Ideal,H,VVS2,2.14,IGI,7406.67
988,Cirrus Gems,2,Round,1,1,0,17.24,1973.0,921.96,1943.0,-58.0,3402.5925,18.0,18.0,Ideal,H,VVS2,2.14,IGI,7406.67
988,Taiga Gems,2,Round,1,1,0,18.29,1975.0,922.9,1945.0,-58.0,3405.4331,18.0,18.0,Ideal,H,VVS2,2.14,IGI,7406.67
988,Temperley,2,Round,1,1,0,17.61,2120.0,990.65,2088.0,-55.0,3363.2939,18.0,18.0,Ideal,H,VVS2,2.14,IGI,7406.67
991,Jane Brear,2,Pear,1,1,0,24.75,318.5,513.71,314.0,-46.0,385.0484,15.0,15.0,Super Ideal,E,SI1,0.62,IGI,650.0
995,Cirrus Gems,2,Emerald,1,1,0,18.44,1085.0,723.33,1069.0,-56.0,1602.7024,14.0,15.0,Very Good,I,VS2,1.5,IGI,2870.0
995,Serenity Stones,2,Emerald,1,1,0,16.93,1128.33,752.22,1111.0,-57.0,1691.8943,14.0,15.0,Very Good,I,VS2,1.5,IGI,2870.0
1000,Meridian Crafts,2,Round,1,1,0,13.89,324.0,635.29,319.0,-50.0,463.9839,18.0,18.0,Super Ideal,E,VS2,0.51,IGI,707.5
1000,Nova Stars,2,Round,1,1,0,13.32,308.45,604.8,304.0,-50.0,444.4331,18.0,18.0,Super Ideal,E,VS2,0.51,IGI,707.5
1000,Temperley,2,Round,1,1,0,12.85,341.0,668.63,336.0,-44.0,433.6721,18.0,18.0,Super Ideal,E,VS2,0.51,IGI,707.5
1003,Jane Brear,2,Oval,1,1,0,18.11,3140.22,1562.3,3093.0,-21.0,2692.4395,15.0,15.0,Very Good,I,SI1,2.01,IGI,4626.67
1003,Michelle Kennedy,2,Oval,1,1,0,19.54,3140.22,1562.3,3093.0,-21.0,2681.033,15.0,15.0,Very Good,I,SI1,2.01,IGI,4626.67
1004,Magnolia,2,Round,1,1,0,12.04,958.0,679.43,944.0,-48.0,1312.7412,18.0,18.0,Ideal,E,SI2,1.41,IGI,2320.0
1007,Albert's Creations,2,Pear,1,1,0,11.29,4207.0,1529.82,4144.0,-63.0,7287.8086,15.0,15.0,Super Ideal,E,VS1,2.75,IGI,13660.0
1007,Avignon Diamonds,2,Pear,1,1,0,54.21,4083.0,1484.73,4022.0,-64.0,7369.2646,15.0,15.0,Super Ideal,E,VS1,2.75,IGI,13660.0
1007,Jane Brear,2,Pear,1,1,0,12.76,4184.0,1521.45,4121.0,-63.0,7299.0703,15.0,15.0,Super Ideal,E,VS1,2.75,IGI,13660.0
1007,Periwinkle Stones,2,Pear,1,1,0,14.85,4187.0,1522.55,4124.0,-63.0,7422.7168,15.0,15.0,Super Ideal,E,VS1,2.75,IGI,13660.0
1007,Temperley,2,Pear,1,1,0,13.76,4217.0,1533.45,4154.0,-63.0,7325.8921,15.0,15.0,Super Ideal,E,VS1,2.75,IGI,13660.0
1009,Vega Diamonds,2,Oval,2,2,0,29.29,333.94,422.71,329.0,-46.0,412.865,15.0,15.0,Very Good,E,VS2,0.79,IGI,1230.0
1012,Jane Brear,2,Round,2,3,0,15.64,647.0,622.12,637.0,-52.0,960.8879,16.0,18.0,Very Good,H,SI2,1.04,IGI,1320.0
1013,Nova Stars,2,Round,1,1,0,16.61,347.26,399.15,342.0,-59.0,606.1924,18.0,18.0,Super Ideal,G,VVS2,0.87,IGI,1460.0
1014,Jane Brear,2,Princess,2,2,0,24.59,463.0,652.11,456.0,-59.0,710.7342,15.0,15.0,Super Ideal,F,VVS1,0.71,IGI,1340.0
1019,Michelle Kennedy,2,Round,2,2,0,22.83,324.37,559.26,320.0,-54.0,501.2791,15.0,18.0,Very Good,D,VS2,0.58,IGI,850.0
1020,Clermont Diamonds,2,Round,1,1,0,12.39,1274.0,796.25,1255.0,-59.0,2222.2312,18.0,18.0,Ideal,G,VS2,1.6,IGI,3900.0
1020,Jane Brear,2,Round,1,1,0,14.98,1441.76,901.1,1420.0,-53.0,2204.1721,18.0,18.0,Ideal,G,VS2,1.6,IGI,3900.0
1020,Michelle Kennedy,2,Round,1,1,0,12.94,1360.16,850.1,1340.0,-55.0,2150.8386,18.0,18.0,Ideal,G,VS2,1.6,IGI,3900.0
1020,Rosella,2,Round,1,1,0,11.1,1242.0,776.25,1223.0,-59.0,2194.9805,18.0,18.0,Ideal,G,VS2,1.6,IGI,3900.0
1020,Thalassa Gems,2,Round,1,1,0,15.07,1329.32,830.83,1309.0,-56.0,2174.3708,18.0,18.0,Ideal,G,VS2,1.6,IGI,3900.0
1020,White Lily,2,Round,1,1,0,11.97,1339.0,836.88,1319.0,-56.0,2176.7317,18.0,18.0,Ideal,G,VS2,1.6,IGI,3900.0
1035,Cirrus Gems,2,Round,1,1,0,15.43,754.75,645.09,743.0,-59.0,1311.7524,18.0,18.0,Super Ideal,F,VS1,1.17,IGI,2772.86
1035,Ember Star,2,Round,1,1,0,12.7,743.0,635.04,732.0,-58.0,1267.6008,18.0,18.0,Super Ideal,F,VS1,1.17,IGI,2772.86
1035,Eterna Luxe,2,Round,1,1,0,14.21,781.0,667.52,769.0,-54.0,1222.537,18.0,18.0,Super Ideal,F,VS1,1.17,IGI,2772.86
1035,Iris Diamonds,2,Round,1,1,0,12.07,758.0,647.86,747.0,-58.0,1292.4989,18.0,18.0,Super Ideal,F,VS1,1.17,IGI,2772.86
1035,Jane Brear,2,Round,1,1,0,13.83,798.0,682.05,786.0,-55.0,1262.3992,18.0,18.0,Super Ideal,F,VS1,1.17,IGI,2772.86
1035,Magnolia,2,Round,1,1,0,11.27,763.16,652.27,752.0,-57.0,1285.1853,18.0,18.0,Super Ideal,F,VS1,1.17,IGI,2772.86
1035,Michelle Kennedy,2,Round,1,1,0,11.04,805.95,688.85,794.0,-55.0,1274.8187,18.0,18.0,Super Ideal,F,VS1,1.17,IGI,2772.86
1035,Silva Diamonds,2,Round,1,1,0,10.66,760.0,649.57,749.0,-58.0,1284.2373,18.0,18.0,Super Ideal,F,VS1,1.17,IGI,2772.86
1035,Tamara,2,Round,1,1,0,12.24,769.0,657.26,757.0,-56.0,1263.2393,18.0,18.0,Super Ideal,F,VS1,1.17,IGI,2772.86
1035,White Lily,2,Round,1,1,0,15.41,798.98,682.89,787.0,-56.0,1308.647,18.0,18.0,Super Ideal,F,VS1,1.17,IGI,2772.86
1036,Serene Peaks Diamonds,2,Round,1,1,0,13.77,1135.0,722.93,1118.0,-53.0,1719.7234,18.0,18.0,Super Ideal,H,VS2,1.57,IGI,3538.0
1036,Temperley,2,Round,1,2,0,14.92,1121.0,714.01,1104.0,-56.0,1811.1394,18.0,18.0,Super Ideal,H,VS2,1.57,IGI,3538.0
1039,Michelle Kennedy,2,Round,1,1,0,11.92,3137.24,1501.07,3090.0,-15.0,2638.1411,18.0,18.0,Ideal,J,VS1,2.09,IGI,4115.0
1039,White Lily,2,Round,1,1,0,13.24,3137.24,1501.07,3090.0,-14.0,2619.1743,18.0,18.0,Ideal,J,VS1,2.09,IGI,4115.0
1041,Fuji Diamonds,2,Radiant,1,1,0,13.64,839.0,814.56,826.0,-66.0,1593.1411,14.0,15.0,Very Good,E,VS1,1.03,IGI,2360.0
1041,Michelle Kennedy,2,Radiant,1,1,0,13.11,851.0,826.21,838.0,-66.0,1609.1873,15.0,15.0,Very Good,E,VS1,1.03,IGI,2360.0
1041,Periwinkle Stones,2,Radiant,1,1,0,12.68,874.6,849.13,861.0,-65.0,1633.3202,15.0,15.0,Very Good,E,VS1,1.03,IGI,2360.0
1041,Rosella,2,Radiant,1,1,0,13.87,818.0,794.17,806.0,-67.0,1593.5206,15.0,15.0,Very Good,E,VS1,1.03,IGI,2360.0
1041,Temperley,2,Radiant,1,1,0,12.91,864.0,838.83,851.0,-64.0,1558.6029,15.0,15.0,Very Good,E,VS1,1.03,IGI,2360.0
1041,White Lily,2,Radiant,1,1,0,13.46,883.11,857.39,870.0,-63.0,1570.0712,14.0,15.0,Very Good,E,VS1,1.03,IGI,2360.0
1042,Cirrus Gems,2,Round,1,1,0,95.16,2183.0,1034.6,2150.0,-61.0,4016.0718,18.0,18.0,Super Ideal,F,VS1,2.11,IGI,8660.0
1042,Jane Brear,2,Round,1,1,0,13.68,2305.0,1092.42,2270.0,-60.0,4090.2922,18.0,18.0,Super Ideal,F,VS1,2.11,IGI,8660.0
1042,Michelle Kennedy,2,Round,1,1,0,13.97,2299.44,1089.78,2265.0,-59.0,4038.0374,18.0,18.0,Super Ideal,F,VS1,2.11,IGI,8660.0
1042,Pegasus Diamonds,2,Round,1,1,0,14.54,2359.0,1118.01,2324.0,-59.0,4137.1143,18.0,18.0,Super Ideal,F,VS1,2.11,IGI,8660.0
1042,Simetría,2,Round,1,1,0,16.94,2241.0,1062.09,2207.0,-62.0,4224.7412,18.0,18.0,Super Ideal,F,VS1,2.11,IGI,8660.0
1042,Temperley,2,Round,1,1,0,17.68,2554.75,1210.78,2516.0,-54.0,3975.5566,18.0,18.0,Super Ideal,F,VS1,2.11,IGI,8660.0
1042,White Lily,2,Round,1,1,0,18.01,2320.0,1099.53,2285.0,-60.0,4156.9805,18.0,18.0,Super Ideal,F,VS1,2.11,IGI,8660.0
1044,Jane Brear,2,Round,1,1,0,16.93,1276.0,716.85,1257.0,-55.0,2032.2487,18.0,18.0,Ideal,I,VS1,1.78,IGI,3670.0
1046,Clermont Diamonds,2,Round,1,1,0,12.3,983.0,786.4,968.0,-63.0,1896.5659,18.0,18.0,Super Ideal,E,VVS2,1.25,IGI,3510.0
1046,Emilia Sterling,2,Round,1,1,0,10.86,964.0,771.2,950.0,-64.0,1908.3293,18.0,18.0,Super Ideal,E,VVS2,1.25,IGI,3510.0
1046,Eterna Luxe,2,Round,1,1,0,10.28,990.0,792.0,975.0,-63.0,1900.3481,18.0,18.0,Super Ideal,E,VVS2,1.25,IGI,3510.0
1046,Eternity Fine Jewelers,2,Round,1,1,0,11.85,984.0,787.2,969.0,-62.0,1835.2179,18.0,18.0,Super Ideal,E,VVS2,1.25,IGI,3510.0
1046,Jane Brear,2,Round,1,1,0,12.84,1006.0,804.8,991.0,-62.0,1890.5374,18.0,18.0,Super Ideal,E,VVS2,1.25,IGI,3510.0
1046,Joan Cooper,2,Round,1,1,0,15.5,980.08,784.06,965.0,-63.0,1885.6041,18.0,18.0,Super Ideal,E,VVS2,1.25,IGI,3510.0
1046,Marlowe & Co,2,Round,1,1,0,12.94,987.0,789.6,972.0,-62.0,1860.9373,18.0,18.0,Super Ideal,E,VVS2,1.25,IGI,3510.0
1046,Mei & Co,2,Round,1,2,0,14.9,976.1,780.88,961.0,-63.0,1865.7324,18.0,18.0,Super Ideal,E,VVS2,1.25,IGI,3510.0
1046,Michelle Kennedy,2,Round,1,1,0,17.16,1006.94,805.55,992.0,-62.0,1878.8352,18.0,18.0,Super Ideal,E,VVS2,1.25,IGI,3510.0
1046,N. B. Diamonds,2,Round,1,1,0,10.71,979.0,783.2,964.0,-63.0,1887.1166,18.0,18.0,Super Ideal,E,VVS2,1.25,IGI,3510.0
1046,Periwinkle Stones,2,Round,1,1,0,17.5,1017.0,813.6,1002.0,-62.0,1910.9865,18.0,18.0,Super Ideal,E,VVS2,1.25,IGI,3510.0
1046,Riviera Jewels,2,Round,1,1,0,14.84,971.0,776.8,956.0,-63.0,1895.2556,18.0,18.0,Super Ideal,E,VVS2,1.25,IGI,3510.0
1046,Roma Diamonds,2,Round,1,1,0,10.92,1716.0,1372.8,1690.0,-35.0,1888.6709,18.0,18.0,Super Ideal,E,VVS2,1.25,IGI,3510.0
1046,Serenade Diamonds,2,Round,1,1,0,14.28,949.0,759.2,935.0,-64.0,1876.9672,18.0,18.0,Super Ideal,E,VVS2,1.25,IGI,3510.0
1046,Silva Diamonds,2,Round,1,1,0,14.44,966.0,772.8,952.0,-62.0,1828.1655,18.0,18.0,Super Ideal,E,VVS2,1.25,IGI,3510.0
1046,Simetría,2,Round,1,1,0,17.48,970.0,776.0,955.0,-63.0,1897.5187,18.0,18.0,Super Ideal,E,VVS2,1.25,IGI,3510.0
1046,Starlit Stones,2,Round,1,1,0,59.55,1044.0,835.2,1028.0,-61.0,1906.4452,18.0,18.0,Super Ideal,E,VVS2,1.25,IGI,3510.0
1046,Temperley,2,Round,1,1,0,93.16,1016.0,812.8,1001.0,-61.0,1855.3868,18.0,18.0,Super Ideal,E,VVS2,1.25,IGI,3510.0
1046,Westport Jewelry,2,Round,1,1,0,22.85,973.84,779.07,959.0,-64.0,1915.5454,18.0,18.0,Super Ideal,E,VVS2,1.25,IGI,3510.0
1046,White Lily,2,Round,1,1,0,11.95,987.0,789.6,972.0,-62.0,1850.5568,18.0,18.0,Super Ideal,E,VVS2,1.25,IGI,3510.0
1047,Jane Brear,2,Round,1,1,0,17.53,1540.0,740.38,1517.0,-63.0,2996.5522,18.0,18.0,Super Ideal,I,VS1,2.08,IGI,5000.0
1047,Oasis Diamonds,2,Round,1,1,0,18.0,1585.0,762.02,1561.0,-61.0,2919.7231,18.0,18.0,Super Ideal,I,VS1,2.08,IGI,5000.0
1047,Temperley,2,Round,1,1,0,19.27,1636.78,786.91,1612.0,-60.0,2907.5271,18.0,18.0,Super Ideal,I,VS1,2.08,IGI,5000.0
1047,White Lily,2,Round,1,1,0,14.94,1540.0,740.38,1517.0,-63.0,2989.2446,18.0,18.0,Super Ideal,I,VS1,2.08,IGI,5000.0
1051,Marlowe & Co,2,Round,1,1,0,22.32,320.0,592.59,315.0,-51.0,463.2545,18.0,18.0,Ideal,E,SI1,0.54,IGI,674.0
1051,Michelle Kennedy,2,Round,1,1,0,18.76,366.0,677.78,361.0,-39.0,428.0331,18.0,18.0,Ideal,E,SI1,0.54,IGI,674.0
1059,Vega Diamonds,2,Round,1,1,0,18.38,761.0,639.5,750.0,-60.0,1350.2404,18.0,18.0,Ideal,D,SI1,1.19,IGI,2490.0
1059,White Lily,2,Round,1,1,0,12.6,796.0,668.91,784.0,-58.0,1360.8594,18.0,18.0,Ideal,D,SI1,1.19,IGI,2490.0
1061,Michelle Kennedy,2,Oval,2,2,0,14.2,311.44,648.83,307.0,-59.0,508.8424,15.0,15.0,Very Good,D,VVS2,0.48,IGI,530.0
1061,Temperley,2,Oval,3,3,0,13.26,350.0,729.17,345.0,-48.0,454.4699,13.0,15.0,Very Good,D,VVS2,0.48,IGI,530.0
1061,White Lily,2,Oval,1,1,0,10.46,321.38,669.54,317.0,439.0,40.1429,15.0,15.0,Very Good,D,VVS2,0.48,IGI,530.0
1064,55 E Diamonds,2,Round,1,1,0,13.18,697.0,676.7,687.0,-61.0,1276.5553,18.0,18.0,Ideal,F,VS1,1.03,IGI,2310.0
1064,CV Diamonds,2,Round,1,1,0,31.04,712.0,691.26,701.0,-60.0,1279.8209,18.0,18.0,Ideal,F,VS1,1.03,IGI,2310.0
1064,Fabiola,2,Round,1,1,0,14.88,700.0,679.61,690.0,-60.0,1256.1932,18.0,18.0,Ideal,F,VS1,1.03,IGI,2310.0
1064,Jane Brear,2,Round,1,1,0,14.18,729.0,707.77,718.0,-60.0,1298.8907,18.0,18.0,Ideal,F,VS1,1.03,IGI,2310.0
1064,Meridian Crafts,2,Round,1,1,0,12.61,706.0,685.44,695.0,-60.0,1255.0115,18.0,18.0,Ideal,F,VS1,1.03,IGI,2310.0
1064,Michelle Kennedy,2,Round,1,1,0,11.06,732.0,710.68,721.0,-60.0,1299.8505,18.0,18.0,Ideal,F,VS1,1.03,IGI,2310.0
1064,N. B. Diamonds,2,Round,1,1,0,10.88,705.0,684.47,694.0,-60.0,1261.8969,18.0,18.0,Ideal,F,VS1,1.03,IGI,2310.0
1064,Nova Stars,2,Round,1,1,0,12.84,698.0,677.67,688.0,-61.0,1282.9646,18.0,18.0,Ideal,F,VS1,1.03,IGI,2310.0
1064,Serenade Diamonds,2,Round,1,1,0,10.06,680.0,660.19,670.0,-60.0,1208.2535,18.0,18.0,Ideal,F,VS1,1.03,IGI,2310.0
1064,Taiga Gems,2,Round,1,1,0,12.19,718.0,697.09,707.0,-59.0,1247.9939,18.0,18.0,Ideal,F,VS1,1.03,IGI,2310.0
1064,Temperley,2,Round,1,1,0,15.93,740.0,718.45,729.0,-56.0,1206.3851,18.0,18.0,Ideal,F,VS1,1.03,IGI,2310.0
1064,Vespera Gems,2,Round,1,1,0,13.37,705.0,684.47,694.0,-60.0,1257.1755,18.0,18.0,Ideal,F,VS1,1.03,IGI,2310.0
1064,White Lily,2,Round,1,1,0,14.04,731.0,709.71,720.0,-60.0,1292.2871,18.0,18.0,Ideal,F,VS1,1.03,IGI,2310.0
1076,Hoseki,2,Princess,1,1,0,16.63,3019.82,1354.18,2975.0,-60.0,4763.7954,15.0,15.0,Super Ideal,F,VVS2,2.23,IGI,9450.0
1076,Nebula Stones,2,Princess,1,1,0,17.07,2998.93,1344.81,2954.0,-60.0,4708.0415,15.0,15.0,Super Ideal,F,VVS2,2.23,IGI,9450.0
1076,Periwinkle Stones,2,Princess,1,1,0,19.63,2984.0,1338.12,2939.0,-60.0,4770.7231,15.0,15.0,Super Ideal,F,VVS2,2.23,IGI,9450.0
1078,Cirrus Gems,2,Emerald,1,1,0,18.63,760.54,679.05,749.0,-58.0,1159.3337,15.0,15.0,Super Ideal,H,VS2,1.12,IGI,1930.0
1078,White Lily,2,Emerald,1,1,0,15.85,776.0,692.86,764.0,-57.0,1155.3031,15.0,15.0,Super Ideal,H,VS2,1.12,IGI,1930.0
1080,Albert's Creations,2,Round,1,1,0,18.35,601.98,640.4,593.0,-59.0,1056.1537,18.0,18.0,Ideal,D,SI1,0.94,IGI,1746.67
1080,Vega Diamonds,2,Round,1,1,0,23.2,583.92,621.19,575.0,-61.0,1072.9484,18.0,18.0,Ideal,D,SI1,0.94,IGI,1746.67
1080,White Lily,2,Round,1,1,0,13.67,775.0,824.47,763.0,-48.0,1069.9653,18.0,18.0,Ideal,D,SI1,0.94,IGI,1746.67
1083,Cirrus Gems,2,Emerald,1,1,0,22.74,2073.14,1031.41,2042.0,-65.0,3773.3589,14.0,15.0,Very Good,G,VS1,2.01,IGI,6750.0
1083,Jane Brear,2,Emerald,1,1,0,19.53,2104.03,1046.78,2072.0,-63.0,3647.5203,14.0,15.0,Very Good,G,VS1,2.01,IGI,6750.0
1083,Phoenix Crafts,2,Emerald,1,1,0,17.49,2199.0,1094.03,2166.0,-62.0,3741.1877,14.0,15.0,Very Good,G,VS1,2.01,IGI,6750.0
1083,Serene Peaks Diamonds,2,Emerald,1,2,0,19.7,2123.33,1056.38,2091.0,-64.0,3822.7432,14.0,15.0,Very Good,G,VS1,2.01,IGI,6750.0
1083,White Lily,2,Emerald,1,1,0,11.74,2128.0,1058.71,2096.0,-63.0,3746.8914,14.0,15.0,Very Good,G,VS1,2.01,IGI,6750.0
1085,Michelle Kennedy,2,Oval,1,1,0,18.03,441.0,604.11,434.0,-60.0,737.1003,15.0,15.0,Super Ideal,F,VVS1,0.73,IGI,1320.0
1086,Michelle Kennedy,2,Round,1,1,0,15.29,485.56,851.86,478.0,-46.0,643.454,18.0,18.0,Ideal,F,VVS1,0.57,IGI,870.0
1086,Sara's Diamonds,2,Round,1,1,0,50.6,329.0,577.19,324.0,-64.0,657.7464,18.0,18.0,Ideal,F,VVS1,0.57,IGI,870.0
1088,Jane Brear,2,Pear,1,1,0,15.27,1348.0,1334.65,1328.0,-38.0,1401.2155,15.0,15.0,Very Good,G,VS1,1.01,IGI,2060.0
1088,Marlowe & Co,2,Pear,1,1,0,19.39,780.0,772.28,768.0,-63.0,1370.6381,15.0,15.0,Very Good,G,VS1,1.01,IGI,2060.0
1088,Serene Peaks Diamonds,2,Pear,1,2,0,11.55,769.0,761.39,757.0,-64.0,1374.4238,14.0,15.0,Very Good,G,VS1,1.01,IGI,2060.0
1088,Taiga Gems,2,Pear,1,1,0,17.57,761.0,753.47,750.0,-65.0,1399.1772,15.0,15.0,Very Good,G,VS1,1.01,IGI,2060.0
1088,Thalassa Gems,2,Pear,1,1,0,14.06,755.0,747.52,744.0,-63.0,1324.1375,14.0,15.0,Very Good,G,VS1,1.01,IGI,2060.0
1091,Cirrus Gems,2,Round,1,1,0,20.28,734.0,643.86,723.0,-59.0,1292.5546,18.0,18.0,Super Ideal,F,VS2,1.14,IGI,2210.0
1091,Fabiola,2,Round,1,1,0,14.23,739.0,648.25,728.0,-59.0,1291.1866,18.0,18.0,Super Ideal,F,VS2,1.14,IGI,2210.0
1091,Jane Brear,2,Round,1,1,0,18.03,783.0,686.84,771.0,-56.0,1261.0985,18.0,18.0,Super Ideal,F,VS2,1.14,IGI,2210.0
1091,Michelle Kennedy,2,Round,1,1,0,18.98,828.1,726.4,816.0,-54.0,1281.5166,18.0,18.0,Super Ideal,F,VS2,1.14,IGI,2210.0
1091,Temperley,2,Round,1,1,0,16.19,780.08,684.28,768.0,-57.0,1300.0417,18.0,18.0,Super Ideal,F,VS2,1.14,IGI,2210.0
1092,Bayside Gems,2,Round,1,1,0,20.71,1235.0,901.46,1216.0,-60.0,2200.4368,18.0,18.0,Super Ideal,D,VVS2,1.37,IGI,5780.0
1092,Ember Star,2,Round,1,1,0,13.53,1243.0,907.3,1224.0,-60.0,2198.2979,18.0,18.0,Super Ideal,D,VVS2,1.37,IGI,5780.0
1092,Emilia Sterling,2,Round,1,1,0,92.64,1221.0,891.24,1203.0,-60.0,2165.5884,18.0,18.0,Super Ideal,D,VVS2,1.37,IGI,5780.0
1092,Eterna Luxe,2,Round,1,1,0,12.84,1277.0,932.12,1258.0,-58.0,2184.6558,18.0,18.0,Super Ideal,D,VVS2,1.37,IGI,5780.0
1092,Eternity Fine Jewelers,2,Round,1,1,0,13.32,1263.0,921.9,1244.0,-58.0,2148.252,18.0,18.0,Super Ideal,D,VVS2,1.37,IGI,5780.0
1092,Infinity Diamonds,2,Round,1,1,0,18.86,1274.0,929.93,1255.0,-58.0,2162.8994,18.0,18.0,Super Ideal,D,VVS2,1.37,IGI,5780.0
1092,Jane Brear,2,Round,1,1,0,10.28,1264.0,922.63,1245.0,-58.0,2171.2551,18.0,18.0,Super Ideal,D,VVS2,1.37,IGI,5780.0
1092,Knox Diamonds,2,Round,1,1,0,13.53,1240.0,905.11,1221.0,-59.0,2165.5576,18.0,18.0,Super Ideal,D,VVS2,1.37,IGI,5780.0
1092,Lyra Stones,2,Round,1,1,0,17.24,1260.0,919.71,1241.0,-59.0,2181.5474,18.0,18.0,Super Ideal,D,VVS2,1.37,IGI,5780.0
1092,Marlowe & Co,2,Round,1,1,0,18.8,1280.0,934.31,1261.0,-58.0,2182.4548,18.0,18.0,Super Ideal,D,VVS2,1.37,IGI,5780.0
1092,Michelle Kennedy,2,Round,1,1,0,16.8,1263.0,921.9,1244.0,-59.0,2190.8362,18.0,18.0,Super Ideal,D,VVS2,1.37,IGI,5780.0
1092,Promenade Jewelry,2,Round,1,1,0,16.94,1228.0,896.35,1210.0,-60.0,2216.7053,18.0,18.0,Super Ideal,D,VVS2,1.37,IGI,5780.0
1092,Riviera Jewels,2,Round,1,1,0,16.42,1247.0,910.22,1228.0,-60.0,2218.563,18.0,18.0,Super Ideal,D,VVS2,1.37,IGI,5780.0
1092,Roma Diamonds,2,Round,1,1,0,14.5,1248.0,910.95,1229.0,-59.0,2198.0139,18.0,18.0,Super Ideal,D,VVS2,1.37,IGI,5780.0
1092,Sigma Diamonds,2,Round,1,1,0,11.2,1240.0,905.11,1221.0,-59.0,2191.9937,18.0,18.0,Super Ideal,D,VVS2,1.37,IGI,5780.0
1092,Silva Diamonds,2,Round,1,1,0,14.87,1237.0,902.92,1218.0,-60.0,2198.8428,18.0,18.0,Super Ideal,D,VVS2,1.37,IGI,5780.0
1092,Simetría,2,Round,1,1,0,92.9,1243.0,907.3,1224.0,-58.0,2140.2727,18.0,18.0,Super Ideal,D,VVS2,1.37,IGI,5780.0
1092,Summit Gems,2,Round,1,1,0,13.78,1243.0,907.3,1224.0,-60.0,2200.3823,18.0,18.0,Super Ideal,D,VVS2,1.37,IGI,5780.0
1092,Tamara,2,Round,1,1,0,11.0,1268.0,925.55,1249.0,-58.0,2166.3232,18.0,18.0,Super Ideal,D,VVS2,1.37,IGI,5780.0
1092,Temperley,2,Round,1,1,0,17.36,1282.0,935.77,1263.0,-58.0,2173.3018,18.0,18.0,Super Ideal,D,VVS2,1.37,IGI,5780.0
1092,Tilia Diamonds,2,Round,1,1,0,12.66,1257.0,917.52,1238.0,-59.0,2200.5269,18.0,18.0,Super Ideal,D,VVS2,1.37,IGI,5780.0
1092,White Lily,2,Round,1,1,0,17.24,1263.0,921.9,1244.0,-58.0,2158.5063,18.0,18.0,Super Ideal,D,VVS2,1.37,IGI,5780.0
1096,Serene Peaks Diamonds,2,Round,1,1,0,14.61,816.0,807.92,804.0,-57.0,1360.4688,15.0,18.0,Very Good,F,VVS2,1.01,IGI,2660.0
1098,Meridian Crafts,2,Oval,1,2,0,12.95,327.0,760.47,322.0,-50.0,436.6494,15.0,15.0,Super Ideal,E,VVS2,0.43,IGI,460.0
1098,Promenade Jewelry,2,Oval,2,2,0,17.34,300.0,697.67,296.0,-61.0,523.5822,15.0,15.0,Super Ideal,E,VVS2,0.43,IGI,460.0
1098,White Lily,2,Oval,1,1,0,13.87,332.0,772.09,327.0,-54.0,490.3152,15.0,15.0,Super Ideal,E,VVS2,0.43,IGI,460.0
1110,Temperley,2,Round,1,1,0,16.05,303.0,571.7,298.0,-56.0,497.7809,18.0,18.0,Super Ideal,F,VS1,0.53,IGI,720.0
1111,Jane Brear,2,Pear,1,1,0,15.4,2317.0,1147.03,2282.0,-61.0,3861.1807,15.0,15.0,Very Good,E,VS2,2.02,IGI,9210.0
1111,Marlowe & Co,2,Pear,1,1,0,19.1,2289.0,1133.17,2255.0,-61.0,3834.8975,15.0,15.0,Very Good,E,VS2,2.02,IGI,9210.0
1111,Taiga Gems,2,Pear,1,1,0,15.71,2307.0,1142.08,2272.0,-62.0,3913.2742,15.0,15.0,Very Good,E,VS2,2.02,IGI,9210.0
1111,Temperley,2,Pear,1,2,0,12.6,2319.0,1148.02,2284.0,-61.0,3825.72,15.0,15.0,Very Good,E,VS2,2.02,IGI,9210.0
1111,The Diamond Source,2,Pear,1,1,0,19.58,2305.42,1141.3,2271.0,-62.0,3898.7153,15.0,15.0,Very Good,E,VS2,2.02,IGI,9210.0
1111,White Lily,2,Pear,1,1,0,12.59,2299.0,1138.12,2265.0,-62.0,3915.3843,14.0,15.0,Very Good,E,VS2,2.02,IGI,9210.0
1113,Albert's Creations,2,Round,1,1,0,14.07,318.0,454.29,313.0,-57.0,531.8282,18.0,18.0,Super Ideal,D,VS2,0.7,IGI,1300.0
1113,Eternity Fine Jewelers,2,Round,1,1,0,22.51,325.36,464.8,320.0,-56.0,525.2596,18.0,18.0,Super Ideal,D,VS2,0.7,IGI,1300.0
1113,Iris Diamonds,2,Round,1,1,0,89.45,316.0,451.43,311.0,-58.0,538.673,18.0,18.0,Super Ideal,D,VS2,0.7,IGI,1300.0
1113,Jane Brear,2,Round,1,1,0,21.22,346.26,494.66,341.0,-53.0,530.2441,18.0,18.0,Super Ideal,D,VS2,0.7,IGI,1300.0
1113,Marlowe & Co,2,Round,1,1,0,21.89,378.0,540.0,372.0,-67.0,819.248,18.0,18.0,Super Ideal,D,VS2,0.7,IGI,1300.0
1113,Michelle Kennedy,2,Round,1,1,0,19.91,414.0,591.43,408.0,-45.0,534.4257,18.0,18.0,Super Ideal,D,VS2,0.7,IGI,1300.0
1113,Promenade Jewelry,2,Round,1,1,0,22.13,318.0,454.29,313.0,-57.0,524.9957,18.0,18.0,Super Ideal,D,VS2,0.7,IGI,1300.0
1113,Riviera Jewels,2,Round,1,1,0,21.28,323.38,461.97,319.0,-54.0,504.9509,18.0,18.0,Super Ideal,D,VS2,0.7,IGI,1300.0
1113,Temperley,2,Round,1,1,0,21.52,481.0,687.14,474.0,-33.0,517.5132,18.0,18.0,Super Ideal,D,VS2,0.7,IGI,1300.0
1113,Tilia Diamonds,2,Round,1,1,0,23.69,327.0,467.14,322.0,-55.0,519.8781,18.0,18.0,Super Ideal,D,VS2,0.7,IGI,1300.0
1113,White Lily,2,Round,1,1,0,19.65,481.0,687.14,474.0,-35.0,528.3096,18.0,18.0,Super Ideal,D,VS2,0.7,IGI,1300.0
1116,Fabiola,2,Pear,1,1,0,17.32,946.0,762.9,932.0,-67.0,1874.9329,15.0,15.0,Super Ideal,E,VS2,1.24,IGI,2700.0
1116,Marlowe & Co,2,Pear,1,1,0,12.01,974.0,785.48,959.0,-67.0,1902.5798,15.0,15.0,Super Ideal,E,VS2,1.24,IGI,2700.0
1116,Mei & Co,2,Pear,1,1,0,16.88,962.16,775.94,948.0,-66.0,1818.6024,15.0,15.0,Super Ideal,E,VS2,1.24,IGI,2700.0
1116,Periwinkle Stones,2,Pear,1,1,0,17.59,977.0,787.9,962.0,-67.0,1905.4662,15.0,15.0,Super Ideal,E,VS2,1.24,IGI,2700.0
1116,Sonata Gems,2,Pear,1,1,0,18.14,985.0,794.35,970.0,-66.0,1875.8071,15.0,15.0,Super Ideal,E,VS2,1.24,IGI,2700.0
1116,Taiga Gems,2,Pear,1,1,0,14.0,945.0,762.1,931.0,-67.0,1867.0959,15.0,15.0,Super Ideal,E,VS2,1.24,IGI,2700.0
1116,Tamara,2,Pear,1,1,0,18.12,994.0,801.61,979.0,-67.0,1927.6588,15.0,15.0,Super Ideal,E,VS2,1.24,IGI,2700.0
1116,White Lily,2,Pear,1,1,0,18.42,959.0,773.39,945.0,-67.0,1876.1514,15.0,15.0,Super Ideal,E,VS2,1.24,IGI,2700.0
1118,Jane Brear,2,Round,1,1,0,37.12,2672.0,1161.74,2632.0,-32.0,2822.4543,18.0,18.0,Super Ideal,I,SI1,2.3,IGI,5115.0
1124,Bayside Gems,2,Oval,1,1,0,20.14,2230.46,1109.68,2197.0,-56.0,3432.2351,15.0,15.0,Super Ideal,E,SI1,2.01,IGI,6040.0
1124,Jane Brear,2,Oval,1,1,0,11.68,2209.0,1099.0,2176.0,-54.0,3222.1021,15.0,15.0,Super Ideal,E,SI1,2.01,IGI,6040.0
1124,Leann’s Diamonds,2,Oval,1,1,0,14.22,2526.0,1256.72,2488.0,-51.0,3440.2236,15.0,15.0,Super Ideal,E,SI1,2.01,IGI,6040.0
1124,Mei & Co,2,Oval,1,1,0,12.19,2255.66,1122.22,2222.0,-54.0,3324.2041,15.0,15.0,Super Ideal,E,SI1,2.01,IGI,6040.0
1124,Periwinkle Stones,2,Oval,1,1,0,20.89,2236.0,1112.44,2202.0,-56.0,3401.968,15.0,15.0,Super Ideal,E,SI1,2.01,IGI,6040.0
1124,Taiga Gems,2,Oval,1,1,0,12.84,2211.0,1100.0,2178.0,-55.0,3316.6274,15.0,15.0,Super Ideal,E,SI1,2.01,IGI,6040.0
1124,Temperley,2,Oval,1,1,0,12.44,2162.0,1075.62,2130.0,-55.0,3262.123,15.0,15.0,Super Ideal,E,SI1,2.01,IGI,6040.0
1124,White Lily,2,Oval,1,1,0,15.18,2162.0,1075.62,2130.0,-56.0,3317.1873,15.0,15.0,Super Ideal,E,SI1,2.01,IGI,6040.0
1125,Oasis Diamonds,2,Cushion,1,1,0,19.33,1708.0,1004.71,1682.0,-53.0,2297.0781,14.0,15.0,Very Good,H,VS1,1.7,IGI,4180.0
1127,Hoseki,2,Round,2,2,0,15.89,2491.0,1239.3,2454.0,-62.0,4740.1274,17.0,18.0,Very Good,E,VS1,2.01,IGI,9290.0
1127,Jane Brear,2,Round,1,1,0,14.62,2465.0,1226.37,2428.0,-63.0,4755.7266,17.0,18.0,Very Good,E,VS1,2.01,IGI,9290.0
1127,Michelle Kennedy,2,Round,1,1,0,13.4,2480.0,1233.83,2443.0,-62.0,4629.6475,15.0,18.0,Very Good,E,VS1,2.01,IGI,9290.0
1127,Rosella,2,Round,1,1,0,10.19,2402.0,1195.02,2366.0,-62.0,4580.2515,15.0,18.0,Very Good,E,VS1,2.01,IGI,9290.0
1127,Thalassa Gems,2,Round,1,1,0,14.41,2453.67,1220.73,2417.0,-62.0,4681.0264,16.0,18.0,Very Good,E,VS1,2.01,IGI,9290.0
1129,Equinox Jewels,2,Round,1,1,0,11.0,665.0,639.42,655.0,-63.0,1275.2557,18.0,18.0,Super Ideal,E,VS2,1.04,IGI,2358.57
1129,Fiona Clément,2,Round,1,1,0,14.63,664.0,638.46,654.0,-63.0,1271.1093,18.0,18.0,Super Ideal,E,VS2,1.04,IGI,2358.57
1129,Jane Brear,2,Round,1,1,0,11.48,696.0,669.23,686.0,-60.0,1258.8612,18.0,18.0,Super Ideal,E,VS2,1.04,IGI,2358.57
1129,Marlene Crafts,2,Round,1,1,0,14.12,671.0,645.19,661.0,-62.0,1267.4362,18.0,18.0,Super Ideal,E,VS2,1.04,IGI,2358.57
1129,Marlowe & Co,2,Round,1,1,0,10.92,687.0,660.58,677.0,-61.0,1250.8955,18.0,18.0,Super Ideal,E,VS2,1.04,IGI,2358.57
1129,Meridian Crafts,2,Round,1,1,0,12.99,673.0,647.12,663.0,-62.0,1271.5052,18.0,18.0,Super Ideal,E,VS2,1.04,IGI,2358.57
1129,Michelle Kennedy,2,Round,1,1,0,11.33,715.4,687.88,705.0,-58.0,1217.0002,18.0,18.0,Super Ideal,E,VS2,1.04,IGI,2358.57
1129,Periwinkle Stones,2,Round,1,1,0,12.91,687.0,660.58,677.0,-60.0,1225.9073,18.0,18.0,Super Ideal,E,VS2,1.04,IGI,2358.57
1129,Roma Diamonds,2,Round,1,1,0,10.71,1292.0,1242.31,1273.0,-28.0,1288.0322,18.0,18.0,Super Ideal,E,VS2,1.04,IGI,2358.57
1129,Serene Peaks Diamonds,2,Round,1,1,0,13.86,679.0,652.88,669.0,-60.0,1204.561,18.0,18.0,Super Ideal,E,VS2,1.04,IGI,2358.57
1129,Silva Diamonds,2,Round,1,1,0,10.06,668.0,642.31,658.0,-63.0,1282.0063,18.0,18.0,Super Ideal,E,VS2,1.04,IGI,2358.57
1129,Taiga Gems,2,Round,1,1,0,12.15,688.0,661.54,678.0,-60.0,1229.0946,18.0,18.0,Super Ideal,E,VS2,1.04,IGI,2358.57
1129,Tamara,2,Round,1,1,0,14.86,678.0,651.92,668.0,-62.0,1289.5184,18.0,18.0,Super Ideal,E,VS2,1.04,IGI,2358.57
1129,Temperley,2,Round,1,1,0,13.16,715.4,687.88,705.0,-59.0,1251.5111,18.0,18.0,Super Ideal,E,VS2,1.04,IGI,2358.57
1129,Thalassa Gems,2,Round,1,1,0,15.05,667.0,641.35,657.0,-63.0,1282.8329,18.0,18.0,Super Ideal,E,VS2,1.04,IGI,2358.57
1129,White Lily,2,Round,1,1,0,11.6,721.38,693.63,711.0,-59.0,1254.7485,18.0,18.0,Super Ideal,E,VS2,1.04,IGI,2358.57
1136,Michelle Kennedy,2,Cushion,1,1,0,14.36,844.0,888.42,831.0,-51.0,1096.7145,14.0,15.0,Very Good,D,VS1,0.95,IGI,1830.0
1139,Jane Brear,2,Round,1,1,0,14.47,1833.78,1078.69,1806.0,-6.0,1399.7535,18.0,18.0,Ideal,J,VS2,1.7,IGI,2681.0
1144,Clermont Diamonds,2,Pear,1,1,0,12.23,2390.0,1189.05,2354.0,-62.0,4111.2275,14.0,15.0,Very Good,F,VS1,2.01,IGI,9470.0
1144,Fuji Diamonds,2,Pear,1,1,0,14.8,2383.92,1186.03,2348.0,-61.0,4004.8789,14.0,15.0,Very Good,F,VS1,2.01,IGI,9470.0
1144,Michelle Kennedy,2,Pear,1,1,0,10.86,2387.0,1187.56,2351.0,-61.0,3948.2761,14.0,15.0,Very Good,F,VS1,2.01,IGI,9470.0
1144,Taiga Gems,2,Pear,1,1,0,10.2,2401.0,1194.53,2365.0,-60.0,3891.9766,14.0,15.0,Very Good,F,VS1,2.01,IGI,9470.0
1144,Temperley,2,Pear,1,1,0,15.75,4079.0,2029.35,4018.0,-33.0,3963.3142,15.0,15.0,Very Good,F,VS1,2.01,IGI,9470.0
1144,White Lily,2,Pear,1,1,0,16.15,2591.98,1289.54,2553.0,-55.0,3745.6958,13.0,15.0,Very Good,F,VS1,2.01,IGI,9470.0
1145,Taiga Gems,2,Round,1,1,0,14.91,1275.59,704.75,1256.0,-56.0,2056.3655,18.0,18.0,Super Ideal,I,VS2,1.81,IGI,3350.0
1147,Bella Gems,2,Princess,2,1,0,12.16,945.25,756.2,931.0,-55.0,1330.0275,15.0,15.0,Super Ideal,H,VS2,1.25,IGI,2030.0
1149,Albert's Creations,2,Round,1,1,0,13.11,329.0,411.25,324.0,-60.0,589.6516,18.0,18.0,Ideal,D,VS2,0.8,IGI,1490.0
1149,Jane Brear,2,Round,1,1,0,11.07,343.0,428.75,338.0,-56.0,558.658,18.0,18.0,Ideal,D,VS2,0.8,IGI,1490.0
1149,Michelle Kennedy,2,Round,1,2,0,18.59,481.0,601.25,474.0,-42.0,592.4187,18.0,18.0,Ideal,D,VS2,0.8,IGI,1490.0
1149,Temperley,2,Round,1,1,0,21.08,357.0,446.25,352.0,-55.0,562.3214,18.0,18.0,Ideal,D,VS2,0.8,IGI,1490.0
1149,Tilia Diamonds,2,Round,1,1,0,20.19,337.0,421.25,332.0,-53.0,517.7443,18.0,18.0,Ideal,D,VS2,0.8,IGI,1490.0
1152,Albert's Creations,2,Round,1,1,0,14.99,859.0,665.89,846.0,-63.0,1677.207,18.0,18.0,Ideal,E,VS1,1.29,IGI,3355.0
1152,Artemis Stones,2,Round,1,1,0,17.0,876.0,679.07,863.0,-62.0,1654.9357,18.0,18.0,Ideal,E,VS1,1.29,IGI,3355.0
1152,Avignon Diamonds,2,Round,1,1,0,10.64,882.0,683.72,869.0,-62.0,1654.2397,18.0,18.0,Ideal,E,VS1,1.29,IGI,3355.0
1152,Cascade Diamonds,2,Round,1,1,0,13.86,853.0,661.24,840.0,-64.0,1674.2159,18.0,18.0,Ideal,E,VS1,1.29,IGI,3355.0
1152,Clermont Diamonds,2,Round,1,1,0,14.34,856.0,663.57,843.0,-63.0,1674.9244,18.0,18.0,Ideal,E,VS1,1.29,IGI,3355.0
1152,Emilia Sterling,2,Round,1,1,0,11.1,834.0,646.51,821.0,-64.0,1649.1133,18.0,18.0,Ideal,E,VS1,1.29,IGI,3355.0
1152,Fabiola,2,Round,1,1,0,14.23,841.0,651.94,828.0,-64.0,1660.1333,18.0,18.0,Ideal,E,VS1,1.29,IGI,3355.0
1152,Jane Brear,2,Round,1,1,0,10.02,906.0,702.33,892.0,-61.0,1679.6476,18.0,18.0,Ideal,E,VS1,1.29,IGI,3355.0
1152,Lotus Creation,2,Round,1,1,0,18.3,858.98,665.88,846.0,-63.0,1682.8748,18.0,18.0,Ideal,E,VS1,1.29,IGI,3355.0
1152,Magnolia,2,Round,1,1,0,14.66,840.0,651.16,827.0,-64.0,1670.7795,18.0,18.0,Ideal,E,VS1,1.29,IGI,3355.0
1152,Marlowe & Co,2,Round,1,1,0,11.51,859.0,665.89,846.0,-62.0,1624.491,18.0,18.0,Ideal,E,VS1,1.29,IGI,3355.0
1152,Michelle Kennedy,2,Round,1,1,0,17.75,886.54,687.24,873.0,-61.0,1648.1683,17.0,18.0,Ideal,E,VS1,1.29,IGI,3355.0
1152,Nova Stars,2,Round,1,1,0,13.57,839.0,650.39,826.0,-64.0,1652.3145,18.0,18.0,Ideal,E,VS1,1.29,IGI,3355.0
1152,Oasis Diamonds,2,Round,1,1,0,15.35,900.48,698.05,887.0,-61.0,1659.2549,18.0,18.0,Ideal,E,VS1,1.29,IGI,3355.0
1152,Periwinkle Stones,2,Round,1,1,0,14.0,875.0,678.29,862.0,-63.0,1673.6272,18.0,18.0,Ideal,E,VS1,1.29,IGI,3355.0
1152,Roma Diamonds,2,Round,1,1,0,14.53,1619.0,1255.04,1595.0,-32.0,1692.838,18.0,18.0,Ideal,E,VS1,1.29,IGI,3355.0
1152,Serenade Diamonds,2,Round,1,1,0,13.64,851.0,659.69,838.0,-63.0,1663.0748,18.0,18.0,Ideal,E,VS1,1.29,IGI,3355.0
1152,Sigma Diamonds,2,Round,1,1,0,12.66,841.0,651.94,828.0,-64.0,1652.8728,18.0,18.0,Ideal,E,VS1,1.29,IGI,3355.0
1152,Silva Diamonds,2,Round,1,1,0,14.93,844.0,654.26,831.0,-63.0,1636.0093,18.0,18.0,Ideal,E,VS1,1.29,IGI,3355.0
1152,Temperley,2,Round,1,1,0,16.16,872.0,675.97,859.0,-62.0,1633.9845,18.0,18.0,Ideal,E,VS1,1.29,IGI,3355.0
1152,Vega Diamonds,2,Round,1,1,0,14.05,832.92,645.67,820.0,-65.0,1679.9272,18.0,18.0,Ideal,E,VS1,1.29,IGI,3355.0
1152,Westminster Diamonds,2,Round,1,1,0,15.19,851.0,659.69,838.0,-63.0,1661.2831,18.0,18.0,Ideal,E,VS1,1.29,IGI,3355.0
1152,White Lily,2,Round,1,1,0,20.2,920.0,713.18,906.0,-60.0,1650.947,18.0,18.0,Ideal,E,VS1,1.29,IGI,3355.0
1154,Magnolia,2,Oval,2,2,0,13.82,339.3,628.33,334.0,-55.0,512.7158,15.0,15.0,Super Ideal,E,VVS2,0.54,IGI,720.0
1154,Meadow & Co,2,Oval,1,1,0,13.18,377.0,698.15,371.0,-51.0,515.8237,15.0,15.0,Super Ideal,E,VVS2,0.54,IGI,720.0
1154,Rosella,2,Oval,2,2,0,17.58,318.5,589.81,314.0,-62.0,565.2039,15.0,15.0,Super Ideal,E,VVS2,0.54,IGI,720.0
1154,Silva Diamonds,2,Oval,1,2,0,10.62,367.0,679.63,361.0,-48.0,471.693,15.0,15.0,Super Ideal,E,VVS2,0.54,IGI,720.0
1154,Vega Diamonds,2,Oval,2,2,0,15.93,322.36,596.96,318.0,-54.0,471.2565,15.0,15.0,Super Ideal,E,VVS2,0.54,IGI,720.0
1159,Albert's Creations,2,Round,1,1,0,14.03,779.08,677.46,767.0,-66.0,1617.9768,18.0,18.0,Ideal,D,VS2,1.15,IGI,2880.0
1159,Bayside Gems,2,Round,1,1,0,10.99,779.08,677.46,767.0,-65.0,1593.6576,18.0,18.0,Ideal,D,VS2,1.15,IGI,2880.0
1159,Eternity Fine Jewelers,2,Round,1,1,0,15.2,774.0,673.04,762.0,-65.0,1585.9501,18.0,18.0,Ideal,D,VS2,1.15,IGI,2880.0
1159,Fabiola,2,Round,1,1,0,15.27,775.1,674.0,763.0,-64.0,1545.4703,18.0,18.0,Ideal,D,VS2,1.15,IGI,2880.0
1159,Infinity Diamonds,2,Round,1,1,0,16.18,796.25,692.39,784.0,-65.0,1610.4385,18.0,18.0,Ideal,D,VS2,1.15,IGI,2880.0
1159,Iris Diamonds,2,Round,1,1,0,14.88,765.0,665.22,754.0,-65.0,1579.0414,18.0,18.0,Ideal,D,VS2,1.15,IGI,2880.0
1159,Jane Brear,2,Round,1,1,0,13.83,781.0,679.13,769.0,-65.0,1579.134,18.0,18.0,Ideal,D,VS2,1.15,IGI,2880.0
1159,Magnolia,2,Round,1,1,0,14.65,764.0,664.35,753.0,-66.0,1632.5826,18.0,18.0,Ideal,D,VS2,1.15,IGI,2880.0
1159,Michelle Kennedy,2,Round,1,1,0,12.09,795.0,691.3,783.0,-64.0,1576.9108,18.0,18.0,Ideal,D,VS2,1.15,IGI,2880.0
1159,Rosella,2,Round,1,1,0,13.97,772.12,671.41,761.0,-66.0,1625.3624,18.0,18.0,Ideal,D,VS2,1.15,IGI,2880.0
1159,Silva Diamonds,2,Round,1,1,0,14.51,767.0,666.96,755.0,-65.0,1586.1936,18.0,18.0,Ideal,D,VS2,1.15,IGI,2880.0
1159,Temperley,2,Round,1,1,0,13.15,797.0,693.04,785.0,-63.0,1539.0653,18.0,18.0,Ideal,D,VS2,1.15,IGI,2880.0
1159,White Lily,2,Round,1,1,0,13.86,781.0,679.13,769.0,-65.0,1592.4712,18.0,18.0,Ideal,D,VS2,1.15,IGI,2880.0
1161,Jane Brear,2,Emerald,3,3,0,29.64,371.0,515.28,365.0,-64.0,662.4536,13.0,15.0,Very Good,F,VVS2,0.72,IGI,1360.0
1163,Michelle Kennedy,2,Round,1,1,0,17.38,924.0,694.74,910.0,-61.0,1707.701,18.0,18.0,Super Ideal,D,SI1,1.33,IGI,2950.0
1163,Taiga Gems,2,Round,1,1,0,13.41,907.0,681.95,893.0,-62.0,1691.7006,18.0,18.0,Super Ideal,D,SI1,1.33,IGI,2950.0
1165,Genesis Stones,2,Round,1,1,0,20.39,1549.0,895.38,1526.0,-46.0,2040.0287,18.0,18.0,Ideal,F,SI1,1.73,IGI,4250.0
1165,Michelle Kennedy,2,Round,1,1,0,18.39,1485.0,858.38,1463.0,-48.0,2042.3879,18.0,18.0,Ideal,F,SI1,1.73,IGI,4250.0
1165,Periwinkle Stones,2,Round,1,1,0,16.4,1455.0,841.04,1433.0,-50.0,2069.1499,18.0,18.0,Ideal,F,SI1,1.73,IGI,4250.0
1165,Taiga Gems,2,Round,1,1,0,18.58,1444.0,834.68,1422.0,-50.0,2065.2771,18.0,18.0,Ideal,F,SI1,1.73,IGI,4250.0
1165,Temperley,2,Round,1,1,0,20.25,1485.0,858.38,1463.0,-48.0,2030.6997,18.0,18.0,Ideal,F,SI1,1.73,IGI,4250.0
1167,Diamonds by Zoya,2,Pear,2,2,0,14.6,393.02,553.55,387.0,-64.0,703.9183,15.0,15.0,Very Good,D,VVS2,0.71,IGI,1380.0
1167,Michelle Kennedy,2,Pear,1,1,0,16.1,448.79,632.1,442.0,-60.0,724.2692,15.0,15.0,Very Good,D,VVS2,0.71,IGI,1380.0
1167,Promenade Jewelry,2,Pear,2,2,0,19.55,389.92,549.18,384.0,-62.0,669.313,15.0,15.0,Very Good,D,VVS2,0.71,IGI,1380.0
1170,Iris Diamonds,2,Round,1,2,0,66.54,302.0,1006.67,297.0,-27.0,296.7992,18.0,18.0,Ideal,E,VS1,0.3,IGI,350.0
1170,Jane Brear,2,Round,1,1,0,14.16,326.0,1086.67,321.0,-18.0,285.4188,18.0,18.0,Ideal,E,VS1,0.3,IGI,350.0
1170,Meridian Crafts,2,Round,1,2,0,12.74,308.0,1026.67,303.0,-31.0,320.6451,18.0,18.0,Ideal,E,VS1,0.3,IGI,350.0
1170,Michelle Kennedy,2,Round,1,2,0,14.47,378.0,1260.0,372.0,-20.0,337.2367,18.0,18.0,Ideal,E,VS1,0.3,IGI,350.0
1170,Temperley,2,Round,1,1,0,14.3,326.0,1086.67,321.0,-26.0,317.2978,18.0,18.0,Ideal,E,VS1,0.3,IGI,350.0
1170,White Lily,2,Round,1,1,0,13.3,378.0,1260.0,372.0,-11.0,305.424,18.0,18.0,Ideal,E,VS1,0.3,IGI,350.0
1172,Taiga Gems,2,Oval,1,1,0,13.46,708.0,680.77,697.0,-56.0,1085.2888,15.0,15.0,Super Ideal,I,VS1,1.04,IGI,1570.0
1173,Ember Star,2,Pear,1,1,0,15.68,708.0,786.67,697.0,-55.0,1027.1128,15.0,15.0,Super Ideal,G,VS1,0.9,IGI,1440.0
1173,Marlowe & Co,2,Pear,1,1,0,21.72,753.22,836.91,742.0,-51.0,990.9429,15.0,15.0,Super Ideal,G,VS1,0.9,IGI,1440.0
1173,Sonata Gems,2,Pear,1,1,0,23.02,723.36,803.73,713.0,-53.0,995.3154,15.0,15.0,Super Ideal,G,VS1,0.9,IGI,1440.0
1173,Temperley,2,Pear,1,2,0,23.94,814.59,905.1,802.0,-49.0,1026.6416,15.0,15.0,Super Ideal,G,VS1,0.9,IGI,1440.0
1173,Vega Diamonds,2,Pear,1,1,0,23.37,687.19,763.54,677.0,-54.0,975.0249,15.0,15.0,Super Ideal,G,VS1,0.9,IGI,1440.0
1177,The Diamond Source,2,Cushion,2,2,0,13.4,649.0,636.27,639.0,-59.0,1008.8194,13.0,15.0,Very Good,H,SI1,1.02,IGI,1680.0
1180,Temperley,2,Round,2,2,0,14.35,3068.58,1526.66,3023.0,-23.0,2845.4045,14.0,18.0,Very Good,J,VS1,2.01,IGI,3930.0
1180,White Lily,2,Round,1,1,0,13.12,3068.58,1526.66,3023.0,-24.0,2904.1958,14.0,18.0,Very Good,J,VS1,2.01,IGI,3930.0
1187,Taiga Gems,2,Round,1,1,0,14.91,1275.59,704.75,1256.0,-56.0,2056.3655,18.0,18.0,Ideal,I,VS2,1.81,IGI,3472.0
1190,Temperley,2,Round,1,1,0,12.36,1710.0,1082.28,1684.0,-28.0,1697.7079,18.0,18.0,Super Ideal,J,VS1,1.58,IGI,2738.57
1192,Taiga Gems,2,Round,1,1,0,15.01,2858.64,1013.7,2816.0,-63.0,5502.4658,18.0,18.0,Super Ideal,H,VS2,2.82,IGI,10580.0
1193,Avignon Diamonds,2,Round,1,1,0,13.65,1024.0,825.81,1009.0,-66.0,2156.4563,18.0,18.0,Ideal,D,VVS2,1.24,IGI,3840.0
1193,Bayside Gems,2,Round,1,1,0,17.28,1022.0,824.19,1007.0,-67.0,2186.7092,18.0,18.0,Ideal,D,VVS2,1.24,IGI,3840.0
1193,Clermont Diamonds,2,Round,1,1,0,13.51,1031.0,831.45,1016.0,-66.0,2170.9202,18.0,18.0,Ideal,D,VVS2,1.24,IGI,3840.0
1193,Emilia Sterling,2,Round,1,1,0,13.85,983.0,792.74,968.0,-68.0,2172.3157,18.0,18.0,Ideal,D,VVS2,1.24,IGI,3840.0
1193,Eternity Fine Jewelers,2,Round,1,1,0,12.82,1025.0,826.61,1010.0,-65.0,2121.8716,17.0,18.0,Ideal,D,VVS2,1.24,IGI,3840.0
1193,Fabiola,2,Round,1,1,0,13.9,1011.0,815.32,996.0,-66.0,2116.0325,18.0,18.0,Ideal,D,VVS2,1.24,IGI,3840.0
1193,Infinity Diamonds,2,Round,1,1,0,10.81,1033.0,833.06,1018.0,-66.0,2162.4473,18.0,18.0,Ideal,D,VVS2,1.24,IGI,3840.0
1193,Jane Brear,2,Round,1,1,0,17.76,1027.0,828.23,1012.0,-66.0,2139.9812,18.0,18.0,Ideal,D,VVS2,1.24,IGI,3840.0
1193,Joan Cooper,2,Round,1,1,0,16.32,1022.0,824.19,1007.0,-66.0,2161.7678,18.0,18.0,Ideal,D,VVS2,1.24,IGI,3840.0
1193,Knox Diamonds,2,Round,1,1,0,14.4,1012.91,816.86,998.0,-65.0,2092.0161,18.0,18.0,Ideal,D,VVS2,1.24,IGI,3840.0
1193,Marlowe & Co,2,Round,1,1,0,15.08,1025.0,826.61,1010.0,-66.0,2180.7253,18.0,18.0,Ideal,D,VVS2,1.24,IGI,3840.0
1193,Meridian Gems,2,Round,1,1,0,16.7,1017.0,820.16,1002.0,-66.0,2171.6948,18.0,18.0,Ideal,D,VVS2,1.24,IGI,3840.0
1193,Michelle Kennedy,2,Round,1,1,0,24.57,1007.62,812.6,993.0,-66.0,2110.1252,18.0,18.0,Ideal,D,VVS2,1.24,IGI,3840.0
1193,Promenade Jewelry,2,Round,1,1,0,12.8,1028.0,829.03,1013.0,-66.0,2180.2383,18.0,18.0,Ideal,D,VVS2,1.24,IGI,3840.0
1193,Riviera Jewels,2,Round,1,1,0,14.13,1010.0,814.52,995.0,-66.0,2157.7202,18.0,18.0,Ideal,D,VVS2,1.24,IGI,3840.0
1193,Seraphina Gems,2,Round,1,1,0,10.83,1019.88,822.48,1005.0,-67.0,2202.127,18.0,18.0,Ideal,D,VVS2,1.24,IGI,3840.0
1193,Sigma Diamonds,2,Round,1,1,0,13.77,1004.0,809.68,989.0,-67.0,2159.5486,18.0,18.0,Ideal,D,VVS2,1.24,IGI,3840.0
1193,Simetría,2,Round,1,1,0,93.57,1008.0,812.9,993.0,-66.0,2138.6443,18.0,18.0,Ideal,D,VVS2,1.24,IGI,3840.0
1193,Summit Gems,2,Round,1,1,0,13.69,1005.0,810.48,990.0,-66.0,2130.0591,18.0,18.0,Ideal,D,VVS2,1.24,IGI,3840.0
1193,Temperley,2,Round,1,1,0,14.08,1027.0,828.23,1012.0,-66.0,2140.5837,18.0,18.0,Ideal,D,VVS2,1.24,IGI,3840.0
1193,Tilia Diamonds,2,Round,1,1,0,13.03,1019.0,821.77,1004.0,-66.0,2166.5698,18.0,18.0,Ideal,D,VVS2,1.24,IGI,3840.0
1193,Vespera Gems,2,Round,1,1,0,18.99,1018.23,821.15,1003.0,-66.0,2148.5122,18.0,18.0,Ideal,D,VVS2,1.24,IGI,3840.0
1193,White Lily,2,Round,1,1,0,17.22,1027.0,828.23,1012.0,-65.0,2110.4556,18.0,18.0,Ideal,D,VVS2,1.24,IGI,3840.0
1199,Michelle Kennedy,2,Cushion,1,1,0,14.48,847.4,784.63,835.0,-59.0,1304.8342,15.0,15.0,Super Ideal,H,VS1,1.08,IGI,2440.0
1199,Taiga Gems,2,Cushion,1,1,0,16.64,768.26,711.35,757.0,-61.0,1233.3405,15.0,15.0,Super Ideal,H,VS1,1.08,IGI,2440.0
1199,Temperley,2,Cushion,1,1,0,13.16,847.4,784.63,835.0,-68.0,1690.0581,15.0,15.0,Super Ideal,H,VS1,1.08,IGI,2440.0
1199,White Lily,2,Cushion,1,1,0,14.63,847.4,784.63,835.0,-68.0,1690.6395,15.0,15.0,Super Ideal,H,VS1,1.08,IGI,2440.0
1202,Sunset Gems,2,Round,1,1,0,22.03,969.98,822.02,955.0,-48.0,1330.3943,18.0,18.0,Ideal,H,VVS1,1.18,IGI,2610.0
1207,Albert's Creations,2,Princess,1,1,0,13.58,340.0,478.87,335.0,-69.0,707.8143,15.0,15.0,Super Ideal,E,VVS2,0.71,IGI,1350.0
1207,Cornerstone,2,Princess,2,2,0,15.44,343.0,483.1,338.0,-70.0,736.5554,15.0,15.0,Super Ideal,E,VVS2,0.71,IGI,1350.0
1207,Diamonds by Zoya,2,Princess,2,2,0,17.39,341.28,480.68,336.0,-72.0,764.265,15.0,15.0,Super Ideal,E,VVS2,0.71,IGI,1350.0
1207,Hoseki,2,Princess,1,1,0,13.01,354.0,498.59,349.0,-68.0,698.6771,15.0,15.0,Super Ideal,E,VVS2,0.71,IGI,1350.0
1207,Meridian Crafts,2,Princess,1,2,0,13.61,357.0,502.82,352.0,-71.0,784.0443,15.0,15.0,Super Ideal,E,VVS2,0.71,IGI,1350.0
1207,Rosella,2,Princess,2,2,0,18.04,330.0,464.79,325.0,-71.0,717.3174,15.0,15.0,Super Ideal,E,VVS2,0.71,IGI,1350.0
1207,Temperley,2,Princess,1,1,0,12.38,366.0,515.49,361.0,-66.0,678.6286,15.0,15.0,Super Ideal,E,VVS2,0.71,IGI,1350.0
1208,Cirrus Gems,2,Round,1,1,0,16.79,2120.43,902.31,2089.0,-59.0,3660.8101,18.0,18.0,Super Ideal,H,VS1,2.35,IGI,7740.0
1208,Jane Brear,2,Round,1,1,0,12.04,2186.0,930.21,2153.0,-58.0,3692.5535,18.0,18.0,Super Ideal,H,VS1,2.35,IGI,7740.0
1208,Taiga Gems,2,Round,1,1,0,15.98,2161.14,919.63,2129.0,-59.0,3783.2864,18.0,18.0,Super Ideal,H,VS1,2.35,IGI,7740.0
1208,Temperley,2,Round,1,1,0,17.64,2189.0,931.49,2156.0,-59.0,3831.2654,18.0,18.0,Super Ideal,H,VS1,2.35,IGI,7740.0
1209,Jane Brear,2,Round,1,1,0,10.29,1082.0,721.33,1066.0,-52.0,1627.6134,18.0,18.0,Ideal,H,SI1,1.5,IGI,2865.0
1213,Eternity Fine Jewelers,2,Round,1,1,0,23.66,321.38,459.11,317.0,-63.0,615.6769,18.0,18.0,Super Ideal,E,VVS2,0.7,IGI,1300.0
1213,Hoseki,2,Round,1,2,0,22.33,326.36,466.23,321.0,-62.0,609.712,18.0,18.0,Super Ideal,E,VVS2,0.7,IGI,1300.0
1213,Jane Brear,2,Round,1,1,0,13.38,338.0,482.86,333.0,-61.0,626.2278,18.0,18.0,Super Ideal,E,VVS2,0.7,IGI,1300.0
1213,KIYO,2,Round,1,1,0,11.29,323.0,461.43,318.0,-61.0,600.2063,18.0,18.0,Super Ideal,E,VVS2,0.7,IGI,1300.0
1213,Knox Diamonds,2,Round,1,1,0,12.63,304.0,434.29,299.0,-65.0,614.9095,18.0,18.0,Super Ideal,E,VVS2,0.7,IGI,1300.0
1213,Lotus Creation,2,Round,1,1,0,27.43,323.33,461.9,318.0,-63.0,624.0287,18.0,18.0,Super Ideal,E,VVS2,0.7,IGI,1300.0
1213,Marlowe & Co,2,Round,1,1,0,23.29,328.35,469.07,323.0,-60.0,592.6754,18.0,18.0,Super Ideal,E,VVS2,0.7,IGI,1300.0
1213,Michelle Kennedy,2,Round,1,1,0,26.27,329.0,470.0,324.0,-62.0,624.9167,18.0,18.0,Super Ideal,E,VVS2,0.7,IGI,1300.0
1213,Nova Stars,2,Round,1,1,0,15.64,309.0,441.43,304.0,-64.0,621.6401,18.0,18.0,Super Ideal,E,VVS2,0.7,IGI,1300.0
1213,Riviera Jewels,2,Round,1,1,0,10.59,313.0,447.14,308.0,-64.0,620.3376,18.0,18.0,Super Ideal,E,VVS2,0.7,IGI,1300.0
1213,Roma Diamonds,2,Round,2,1,0,11.57,310.0,442.86,305.0,-62.0,589.6719,18.0,18.0,Super Ideal,E,VVS2,0.7,IGI,1300.0
1213,Rosella,2,Round,2,2,0,12.94,304.0,434.29,299.0,-66.0,643.0211,18.0,18.0,Super Ideal,E,VVS2,0.7,IGI,1300.0
1213,Temperley,2,Round,1,1,0,10.19,333.0,475.71,328.0,-61.0,612.3458,18.0,18.0,Super Ideal,E,VVS2,0.7,IGI,1300.0
1213,Thalassa Gems,2,Round,2,2,0,10.22,307.0,438.57,302.0,-65.0,622.1031,18.0,18.0,Super Ideal,E,VVS2,0.7,IGI,1300.0
1213,White Lily,2,Round,1,1,0,11.82,321.0,458.57,316.0,-63.0,614.9665,18.0,18.0,Super Ideal,E,VVS2,0.7,IGI,1300.0
1214,Albert's Creations,2,Round,1,1,0,12.78,765.0,642.86,754.0,-52.0,1140.0568,18.0,18.0,Super Ideal,E,SI1,1.19,IGI,2110.0
1214,Jane Brear,2,Round,1,1,0,15.75,776.1,652.18,764.0,-51.0,1134.4316,18.0,18.0,Super Ideal,E,SI1,1.19,IGI,2110.0
1214,Magnolia,2,Round,1,1,0,14.85,750.0,630.25,739.0,-49.0,1050.7877,18.0,18.0,Super Ideal,E,SI1,1.19,IGI,2110.0
1214,Michelle Kennedy,2,Round,1,1,0,14.78,776.95,652.9,765.0,-50.0,1107.4226,18.0,18.0,Super Ideal,E,SI1,1.19,IGI,2110.0
1214,Taiga Gems,2,Round,1,1,0,13.37,762.17,640.48,751.0,-52.0,1134.2909,18.0,18.0,Super Ideal,E,SI1,1.19,IGI,2110.0
1214,Vega Diamonds,2,Round,1,1,0,16.57,742.0,623.53,731.0,-54.0,1156.7773,18.0,18.0,Super Ideal,E,SI1,1.19,IGI,2110.0
1214,White Lily,2,Round,1,1,0,16.03,757.0,636.13,746.0,-51.0,1107.0724,18.0,18.0,Super Ideal,E,SI1,1.19,IGI,2110.0
1221,Ember Star,2,Princess,1,1,0,20.92,1661.99,966.27,1637.0,-57.0,2442.4778,15.0,15.0,Super Ideal,G,VS1,1.72,IGI,4790.0
1221,Eterna Luxe,2,Princess,1,1,0,13.39,1722.0,1001.16,1696.0,-55.0,2431.2244,15.0,15.0,Super Ideal,G,VS1,1.72,IGI,4790.0
1221,Fabiola,2,Princess,1,1,0,15.51,1703.44,990.37,1678.0,-56.0,2442.6223,15.0,15.0,Super Ideal,G,VS1,1.72,IGI,4790.0
1221,Genesis Stones,2,Princess,1,1,0,18.34,1780.7,1035.29,1754.0,-54.0,2445.6614,15.0,15.0,Super Ideal,G,VS1,1.72,IGI,4790.0
1221,Jane Brear,2,Princess,1,1,0,20.4,1796.0,1044.19,1769.0,-53.0,2434.7622,15.0,15.0,Super Ideal,G,VS1,1.72,IGI,4790.0
1221,Lotus Creation,2,Princess,1,1,0,20.23,1702.52,989.84,1677.0,-56.0,2433.5603,15.0,15.0,Super Ideal,G,VS1,1.72,IGI,4790.0
1221,Michelle Kennedy,2,Princess,1,1,0,18.71,1719.9,999.94,1694.0,-55.0,2429.0435,15.0,15.0,Super Ideal,G,VS1,1.72,IGI,4790.0
1221,Phoenix Crafts,2,Princess,1,1,0,22.81,1757.0,1021.51,1731.0,-54.0,2411.6101,15.0,15.0,Super Ideal,G,VS1,1.72,IGI,4790.0
1221,Taiga Gems,2,Princess,1,1,0,19.52,1650.41,959.54,1626.0,-56.0,2370.3396,15.0,15.0,Super Ideal,G,VS1,1.72,IGI,4790.0
1221,Temperley,2,Princess,1,1,0,18.33,1796.0,1044.19,1769.0,-53.0,2429.0435,15.0,15.0,Super Ideal,G,VS1,1.72,IGI,4790.0
1221,White Lily,2,Princess,1,1,0,18.61,1796.0,1044.19,1769.0,-52.0,2366.4927,15.0,15.0,Super Ideal,G,VS1,1.72,IGI,4790.0
1225,Jane Brear,2,Round,1,1,0,16.01,2269.6,904.22,2236.0,-63.0,4380.3472,18.0,18.0,Super Ideal,H,SI1,2.51,IGI,7760.0
1225,Taiga Gems,2,Round,1,1,0,18.92,2146.22,855.07,2114.0,-66.0,4489.8428,18.0,18.0,Super Ideal,H,SI1,2.51,IGI,7760.0
1228,Albert's Creations,2,Emerald,1,1,0,18.85,5647.0,1833.44,5562.0,-67.0,11077.5264,15.0,15.0,Super Ideal,D,VS1,3.08,IGI,18940.0
1228,Infinity Diamonds,2,Emerald,1,1,0,23.13,5583.0,1812.66,5499.0,-68.0,11216.2666,15.0,15.0,Super Ideal,D,VS1,3.08,IGI,18940.0
1228,Jane Brear,2,Emerald,1,1,0,23.45,5610.0,1821.43,5526.0,-68.0,11220.3701,15.0,15.0,Super Ideal,D,VS1,3.08,IGI,18940.0
1228,Michelle Kennedy,2,Emerald,1,1,0,20.07,5610.0,1821.43,5526.0,-68.0,11220.3701,15.0,15.0,Super Ideal,D,VS1,3.08,IGI,18940.0
1228,Nebula Stones,2,Emerald,1,1,0,19.89,5748.0,1866.23,5662.0,-67.0,11063.7539,15.0,15.0,Super Ideal,D,VS1,3.08,IGI,18940.0
1228,Pegasus Diamonds,2,Emerald,1,1,0,20.6,5848.8,1898.96,5761.0,-66.0,11191.6006,15.0,15.0,Super Ideal,D,VS1,3.08,IGI,18940.0
1228,Periwinkle Stones,2,Emerald,1,1,0,24.19,5689.0,1847.08,5604.0,-67.0,11239.998,15.0,15.0,Super Ideal,D,VS1,3.08,IGI,18940.0
1228,Taiga Gems,2,Emerald,1,1,0,19.65,5605.0,1819.81,5521.0,-67.0,10951.6416,15.0,15.0,Super Ideal,D,VS1,3.08,IGI,18940.0
1228,Temperley,2,Emerald,1,1,0,22.75,5610.0,1821.43,5526.0,-68.0,11246.8018,15.0,15.0,Super Ideal,D,VS1,3.08,IGI,18940.0
1228,The Diamond Source,2,Emerald,1,1,0,17.21,5622.0,1825.32,5538.0,-67.0,11026.1025,15.0,15.0,Super Ideal,D,VS1,3.08,IGI,18940.0
1228,Vega Diamonds,2,Emerald,1,1,0,16.72,5422.0,1760.39,5341.0,-70.0,11803.916,15.0,15.0,Super Ideal,D,VS1,3.08,IGI,18940.0
1228,White Lily,2,Emerald,1,1,0,23.81,5610.0,1821.43,5526.0,-68.0,11111.9385,15.0,15.0,Super Ideal,D,VS1,3.08,IGI,18940.0
1230,Clermont Diamonds,2,Round,1,1,0,11.97,1204.0,776.77,1186.0,-60.0,2164.7224,18.0,18.0,Ideal,G,VS2,1.55,IGI,3795.0
1230,Jane Brear,2,Round,1,1,0,17.19,1230.0,793.55,1212.0,-61.0,2232.6116,18.0,18.0,Ideal,G,VS2,1.55,IGI,3795.0
1230,Nova Stars,2,Round,1,1,0,12.64,1189.0,767.1,1171.0,-62.0,2252.0312,18.0,18.0,Ideal,G,VS2,1.55,IGI,3795.0
1230,Serene Peaks Diamonds,2,Round,1,1,0,14.47,1219.87,787.01,1202.0,-61.0,2246.8274,18.0,18.0,Ideal,G,VS2,1.55,IGI,3795.0
1230,Temperley,2,Round,1,1,0,14.18,1228.0,792.26,1210.0,-61.0,2253.6079,18.0,18.0,Ideal,G,VS2,1.55,IGI,3795.0
1230,White Lily,2,Round,1,1,0,16.22,1327.0,856.13,1307.0,-56.0,2180.9883,18.0,18.0,Ideal,G,VS2,1.55,IGI,3795.0
1232,Albert's Creations,2,Oval,1,1,0,13.54,355.0,449.37,350.0,-49.0,473.1307,15.0,15.0,Super Ideal,E,VS2,0.79,IGI,1230.0
1232,Michelle Kennedy,2,Oval,1,1,0,26.01,386.06,488.68,380.0,-46.0,477.8988,15.0,15.0,Super Ideal,E,VS2,0.79,IGI,1230.0
1232,Rosella,2,Oval,2,2,0,18.51,333.0,421.52,328.0,-53.0,475.7068,15.0,15.0,Super Ideal,E,VS2,0.79,IGI,1230.0
1232,Vega Diamonds,2,Oval,1,1,0,27.45,333.94,422.71,329.0,-51.0,455.4255,15.0,15.0,Super Ideal,E,VS2,0.79,IGI,1230.0
1233,Jane Brear,2,Round,1,1,0,11.65,694.0,687.13,684.0,-53.0,1066.7548,18.0,18.0,Super Ideal,E,SI1,1.01,IGI,1943.33
1233,Michelle Kennedy,2,Round,1,1,0,13.88,701.48,694.53,691.0,-54.0,1086.4819,18.0,18.0,Super Ideal,E,SI1,1.01,IGI,1943.33
1233,Montmartre Gems,2,Round,1,1,0,11.31,662.0,655.45,652.0,-56.0,1078.521,18.0,18.0,Super Ideal,E,SI1,1.01,IGI,1943.33
1233,Periwinkle Stones,2,Round,1,1,0,14.54,688.0,681.19,678.0,-54.0,1081.8757,18.0,18.0,Super Ideal,E,SI1,1.01,IGI,1943.33
1233,Roma Diamonds,2,Round,1,1,0,14.81,1282.0,1269.31,1263.0,-14.0,1062.9127,18.0,18.0,Super Ideal,E,SI1,1.01,IGI,1943.33
1233,Temperley,2,Round,1,1,0,12.93,702.0,695.05,691.0,-51.0,1026.1879,18.0,18.0,Super Ideal,E,SI1,1.01,IGI,1943.33
1233,Thalassa Gems,2,Round,1,1,0,13.61,670.63,663.99,661.0,-55.0,1078.8845,18.0,18.0,Super Ideal,E,SI1,1.01,IGI,1943.33
1233,White Lily,2,Round,1,1,0,15.93,682.36,675.6,672.0,-55.0,1095.0752,18.0,18.0,Super Ideal,E,SI1,1.01,IGI,1943.33
1234,Marlowe & Co,2,Round,2,1,0,15.8,333.32,555.53,328.0,-47.0,446.4315,18.0,18.0,Super Ideal,E,VS2,0.6,IGI,785.0
1234,Michelle Kennedy,2,Round,1,1,0,12.76,379.1,631.83,373.0,-35.0,416.8131,18.0,18.0,Super Ideal,E,VS2,0.6,IGI,785.0
1234,Nova Stars,2,Round,1,1,0,14.11,322.38,537.3,318.0,-48.0,440.6723,18.0,18.0,Super Ideal,E,VS2,0.6,IGI,785.0
1235,Nova Stars,2,Round,1,1,0,14.3,756.0,733.98,745.0,-59.0,1313.1925,18.0,18.0,Ideal,G,VVS2,1.03,IGI,2448.0
1235,Roma Diamonds,2,Round,1,1,0,11.27,1370.0,1330.1,1349.0,-22.0,1262.5198,18.0,18.0,Ideal,G,VVS2,1.03,IGI,2448.0
1235,Taiga Gems,2,Round,1,1,0,13.3,775.0,752.43,763.0,-57.0,1295.9623,18.0,18.0,Ideal,G,VVS2,1.03,IGI,2448.0
1235,Temperley,2,Round,1,1,0,24.23,791.0,767.96,779.0,-58.0,1353.6334,18.0,18.0,Ideal,G,VVS2,1.03,IGI,2448.0
1235,White Lily,2,Round,1,1,0,25.24,785.0,762.14,773.0,-57.0,1313.0743,18.0,18.0,Ideal,G,VVS2,1.03,IGI,2448.0
1238,Fabiola,2,Oval,1,1,0,14.01,1313.4,869.8,1294.0,-59.0,2170.1626,15.0,15.0,Very Good,G,VS2,1.51,IGI,3840.0
1238,Oasis Diamonds,2,Oval,2,1,0,15.42,1358.18,899.46,1338.0,-60.0,2263.7444,15.0,15.0,Very Good,G,VS2,1.51,IGI,3840.0
1239,Thalassa Gems,2,Round,2,3,0,10.49,368.0,694.34,362.0,-62.0,690.1838,16.0,18.0,Very Good,D,VVS1,0.53,IGI,1070.0
1241,Diamonds by Zoya,2,Oval,2,1,0,17.46,315.42,563.25,311.0,-46.0,392.8271,15.0,15.0,Super Ideal,E,VS1,0.56,IGI,720.0
1241,Eternal Flame,2,Oval,1,2,0,20.6,342.28,611.21,337.0,-47.0,432.1081,15.0,15.0,Super Ideal,E,VS1,0.56,IGI,720.0
1241,Marlowe & Co,2,Oval,2,2,0,12.38,327.36,584.57,322.0,-40.0,367.5295,15.0,15.0,Super Ideal,E,VS1,0.56,IGI,720.0
1241,Meridian Crafts,2,Oval,2,1,0,12.52,348.0,621.43,343.0,-33.0,352.4753,15.0,15.0,Super Ideal,E,VS1,0.56,IGI,720.0
1241,Promenade Jewelry,2,Oval,1,2,0,20.03,306.92,548.07,302.0,-50.0,413.8592,15.0,15.0,Super Ideal,E,VS1,0.56,IGI,720.0
1241,Rosella,2,Oval,2,2,0,22.37,301.13,537.73,297.0,-56.0,460.252,15.0,15.0,Super Ideal,E,VS1,0.56,IGI,720.0
1241,Vega Diamonds,2,Oval,2,2,0,20.36,306.92,548.07,302.0,-56.0,466.1325,15.0,15.0,Super Ideal,E,VS1,0.56,IGI,720.0
1241,White Lily,2,Oval,1,1,0,22.88,334.91,598.05,330.0,-46.0,416.7325,15.0,15.0,Super Ideal,E,VS1,0.56,IGI,720.0
1244,Elmwood Diamonds,2,Oval,2,3,0,15.86,455.55,650.79,449.0,-52.0,643.8712,14.0,15.0,Very Good,E,VVS2,0.7,IGI,1210.0
1244,Equinox Jewels,2,Oval,1,1,0,14.47,395.0,564.29,389.0,-56.0,603.6535,15.0,15.0,Very Good,E,VVS2,0.7,IGI,1210.0
1244,Lunar Diamonds,2,Oval,1,1,0,89.08,375.0,535.71,369.0,-43.0,445.03,14.0,15.0,Very Good,E,VVS2,0.7,IGI,1210.0
1244,Rosella,2,Oval,2,2,0,11.05,360.0,514.29,355.0,-60.0,604.6042,14.0,15.0,Very Good,E,VVS2,0.7,IGI,1210.0
1244,Temperley,2,Oval,1,2,0,12.91,385.06,550.09,379.0,-56.0,594.7305,14.0,15.0,Very Good,E,VVS2,0.7,IGI,1210.0
1248,Jane Brear,2,Round,1,1,0,10.95,1526.33,953.96,1503.0,-21.0,1381.3837,18.0,18.0,Super Ideal,J,SI2,1.6,IGI,2600.0
1254,Albert's Creations,2,Round,1,1,0,14.9,2339.0,1163.68,2304.0,-58.0,4000.7268,18.0,18.0,Super Ideal,D,VS2,2.01,IGI,8375.0
1254,Hoseki,2,Round,1,1,0,12.06,2394.0,1191.04,2358.0,-57.0,3946.8682,18.0,18.0,Super Ideal,D,VS2,2.01,IGI,8375.0
1254,Jane Brear,2,Round,1,1,0,16.29,2370.09,1179.15,2335.0,-58.0,4027.582,18.0,18.0,Super Ideal,D,VS2,2.01,IGI,8375.0
1254,Mei & Co,2,Round,1,1,0,15.26,2340.0,1164.18,2305.0,-57.0,3938.6475,18.0,18.0,Super Ideal,D,VS2,2.01,IGI,8375.0
1254,Michelle Kennedy,2,Round,1,1,0,15.43,2370.09,1179.15,2335.0,-57.0,3975.3772,18.0,18.0,Super Ideal,D,VS2,2.01,IGI,8375.0
1254,Montmartre Gems,2,Round,1,1,0,12.22,2333.0,1160.7,2298.0,-57.0,3873.1008,18.0,18.0,Super Ideal,D,VS2,2.01,IGI,8375.0
1254,Oasis Diamonds,2,Round,1,1,0,13.55,2406.0,1197.01,2370.0,-56.0,3931.9177,18.0,18.0,Super Ideal,D,VS2,2.01,IGI,8375.0
1254,Periwinkle Stones,2,Round,1,1,0,15.59,2359.0,1173.63,2324.0,-58.0,4018.2131,18.0,18.0,Super Ideal,D,VS2,2.01,IGI,8375.0
1254,Promenade Jewelry,2,Round,1,1,0,12.1,2355.0,1171.64,2320.0,-58.0,4010.4243,18.0,18.0,Super Ideal,D,VS2,2.01,IGI,8375.0
1254,Riviera Jewels,2,Round,1,1,0,10.46,2414.86,1201.42,2379.0,-55.0,3879.1355,18.0,18.0,Super Ideal,D,VS2,2.01,IGI,8375.0
1254,Serenade Diamonds,2,Round,1,1,0,12.81,2333.0,1160.7,2298.0,-58.0,3955.0068,18.0,18.0,Super Ideal,D,VS2,2.01,IGI,8375.0
1254,Sigma Diamonds,2,Round,1,1,0,13.18,2322.0,1155.22,2287.0,-58.0,3940.4128,18.0,18.0,Super Ideal,D,VS2,2.01,IGI,8375.0
1254,Simetría,2,Round,1,1,0,14.29,2305.74,1147.13,2271.0,-59.0,3993.6738,18.0,18.0,Super Ideal,D,VS2,2.01,IGI,8375.0
1254,Taiga Gems,2,Round,1,1,0,13.09,2305.0,1146.77,2270.0,-58.0,3911.3484,18.0,18.0,Super Ideal,D,VS2,2.01,IGI,8375.0
1254,Temperley,2,Round,1,1,0,13.53,2370.09,1179.15,2335.0,-57.0,3935.4697,18.0,18.0,Super Ideal,D,VS2,2.01,IGI,8375.0
1254,Thalassa Gems,2,Round,1,1,0,15.72,2333.0,1160.7,2298.0,-58.0,3986.1094,18.0,18.0,Super Ideal,D,VS2,2.01,IGI,8375.0
1254,Vega Diamonds,2,Round,1,1,0,14.21,2269.0,1128.86,2235.0,-60.0,4016.4167,18.0,18.0,Super Ideal,D,VS2,2.01,IGI,8375.0
1254,White Lily,2,Round,1,1,0,12.38,2370.09,1179.15,2335.0,-57.0,3976.8728,18.0,18.0,Super Ideal,D,VS2,2.01,IGI,8375.0
1262,Avignon Diamonds,2,Round,1,1,0,14.37,878.0,696.83,865.0,-62.0,1667.7473,18.0,18.0,Super Ideal,E,VS1,1.26,IGI,2910.0
1262,Clermont Diamonds,2,Round,1,1,0,11.4,852.0,676.19,839.0,-63.0,1651.4746,18.0,18.0,Super Ideal,E,VS1,1.26,IGI,2910.0
1262,Emilia Sterling,2,Round,1,1,0,11.93,833.0,661.11,821.0,-64.0,1635.2277,18.0,18.0,Super Ideal,E,VS1,1.26,IGI,2910.0
1262,Jane Brear,2,Round,1,1,0,12.27,874.0,693.65,861.0,-62.0,1662.0001,18.0,18.0,Super Ideal,E,VS1,1.26,IGI,2910.0
1262,Kara,2,Round,1,1,0,15.26,883.56,701.24,870.0,-61.0,1630.403,18.0,18.0,Super Ideal,E,VS1,1.26,IGI,2910.0
1262,Lotus Creation,2,Round,1,1,0,18.86,855.12,678.67,842.0,-63.0,1648.7615,18.0,18.0,Super Ideal,E,VS1,1.26,IGI,2910.0
1262,Magnolia,2,Round,1,1,0,15.5,837.0,664.29,824.0,-63.0,1625.4873,18.0,18.0,Super Ideal,E,VS1,1.26,IGI,2910.0
1262,Marlowe & Co,2,Round,1,1,0,15.84,879.0,697.62,866.0,-62.0,1667.4889,18.0,18.0,Super Ideal,E,VS1,1.26,IGI,2910.0
1262,Meridian Crafts,2,Round,1,1,0,13.72,841.0,667.46,828.0,-63.0,1646.9896,18.0,18.0,Super Ideal,E,VS1,1.26,IGI,2910.0
1262,Michelle Kennedy,2,Round,1,1,0,15.5,852.0,676.19,839.0,-63.0,1655.0769,18.0,18.0,Super Ideal,E,VS1,1.26,IGI,2910.0
1262,Nebula Stones,2,Round,1,1,0,14.23,864.0,685.71,851.0,-62.0,1611.8027,18.0,18.0,Super Ideal,E,VS1,1.26,IGI,2910.0
1262,Oasis Diamonds,2,Round,1,1,0,14.23,896.0,711.11,883.0,-62.0,1695.7644,18.0,18.0,Super Ideal,E,VS1,1.26,IGI,2910.0
1262,Riviera Jewels,2,Round,1,1,0,11.46,845.0,670.63,832.0,-64.0,1659.8019,18.0,18.0,Super Ideal,E,VS1,1.26,IGI,2910.0
1262,Roma Diamonds,2,Round,1,1,0,12.72,1598.0,1268.25,1574.0,-31.0,1658.4407,18.0,18.0,Super Ideal,E,VS1,1.26,IGI,2910.0
1262,Silva Diamonds,2,Round,1,1,0,12.6,841.0,667.46,828.0,-63.0,1633.9219,18.0,18.0,Super Ideal,E,VS1,1.26,IGI,2910.0
1262,Simetría,2,Round,1,1,0,14.91,841.0,667.46,828.0,-63.0,1647.0541,18.0,18.0,Super Ideal,E,VS1,1.26,IGI,2910.0
1262,Temperley,2,Round,1,1,0,10.69,879.0,697.62,866.0,-61.0,1631.7654,18.0,18.0,Super Ideal,E,VS1,1.26,IGI,2910.0
1262,United Diam,2,Round,1,1,0,13.73,839.68,666.41,827.0,-63.0,1637.7843,18.0,18.0,Super Ideal,E,VS1,1.26,IGI,2910.0
1262,Verve Jewels,2,Round,1,1,0,93.83,852.0,676.19,839.0,-63.0,1669.7981,18.0,18.0,Super Ideal,E,VS1,1.26,IGI,2910.0
1262,White Lily,2,Round,1,1,0,13.26,873.0,692.86,860.0,-62.0,1657.0061,18.0,18.0,Super Ideal,E,VS1,1.26,IGI,2910.0
1265,Avignon Diamonds,2,Round,1,1,0,11.18,1498.0,972.73,1476.0,-57.0,2489.4683,18.0,18.0,Super Ideal,D,VS1,1.54,IGI,5130.0
1265,Bayside Gems,2,Round,1,1,0,15.99,1445.0,938.31,1423.0,-57.0,2385.1594,18.0,18.0,Super Ideal,D,VS1,1.54,IGI,5130.0
1265,Camden Gems,2,Round,1,1,0,13.19,1457.0,946.1,1435.0,-58.0,2458.0151,18.0,18.0,Super Ideal,D,VS1,1.54,IGI,5130.0
1265,Ember Star,2,Round,1,1,0,15.51,1480.0,961.04,1458.0,-57.0,2486.3816,18.0,18.0,Super Ideal,D,VS1,1.54,IGI,5130.0
1265,Hazel Diamonds,2,Round,1,1,0,14.34,1459.0,947.4,1437.0,-56.0,2396.0244,18.0,18.0,Super Ideal,D,VS1,1.54,IGI,5130.0
1265,Iris Diamonds,2,Round,1,1,0,94.35,1457.0,946.1,1435.0,-58.0,2469.2573,18.0,18.0,Super Ideal,D,VS1,1.54,IGI,5130.0
1265,Jane Brear,2,Round,1,1,0,16.35,1470.89,955.12,1449.0,-57.0,2424.8054,18.0,18.0,Super Ideal,D,VS1,1.54,IGI,5130.0
1265,Joan Cooper,2,Round,1,1,0,12.35,1485.54,964.64,1463.0,-57.0,2479.0723,18.0,18.0,Super Ideal,D,VS1,1.54,IGI,5130.0
1265,Knox Diamonds,2,Round,1,1,0,14.14,1457.0,946.1,1435.0,-57.0,2433.731,18.0,18.0,Super Ideal,D,VS1,1.54,IGI,5130.0
1265,Mei & Co,2,Round,1,1,0,14.27,1502.0,975.32,1479.0,-56.0,2457.4746,18.0,18.0,Super Ideal,D,VS1,1.54,IGI,5130.0
1265,Michelle Kennedy,2,Round,1,1,0,11.2,1488.0,966.23,1466.0,-57.0,2482.583,18.0,18.0,Super Ideal,D,VS1,1.54,IGI,5130.0
1265,Periwinkle Stones,2,Round,1,1,0,16.87,1515.0,983.77,1492.0,-56.0,2461.7607,18.0,18.0,Super Ideal,D,VS1,1.54,IGI,5130.0
1265,Riviera Jewels,2,Round,1,1,0,10.91,1490.0,967.53,1468.0,-57.0,2489.4849,18.0,18.0,Super Ideal,D,VS1,1.54,IGI,5130.0
1265,Serenade Diamonds,2,Round,1,1,0,12.39,1414.0,918.18,1393.0,-59.0,2445.9556,18.0,18.0,Super Ideal,D,VS1,1.54,IGI,5130.0
1265,Sigma Diamonds,2,Round,1,1,0,13.26,1457.0,946.1,1435.0,-58.0,2455.2527,18.0,18.0,Super Ideal,D,VS1,1.54,IGI,5130.0
1265,Stellar Radiance,2,Round,1,1,0,12.07,1491.5,968.51,1469.0,-57.0,2488.7476,18.0,18.0,Super Ideal,D,VS1,1.54,IGI,5130.0
1265,Taiga Gems,2,Round,1,1,0,16.04,1483.44,963.27,1461.0,-56.0,2422.95,18.0,18.0,Super Ideal,D,VS1,1.54,IGI,5130.0
1265,Temperley,2,Round,1,1,0,14.67,1490.0,967.53,1468.0,-57.0,2499.2483,18.0,18.0,Super Ideal,D,VS1,1.54,IGI,5130.0
1265,Thalassa Gems,2,Round,1,1,0,11.44,1480.0,961.04,1458.0,-57.0,2438.1394,18.0,18.0,Super Ideal,D,VS1,1.54,IGI,5130.0
1265,United Diam,2,Round,1,1,0,17.34,1454.48,944.47,1433.0,-58.0,2454.4817,18.0,18.0,Super Ideal,D,VS1,1.54,IGI,5130.0
1265,Vega Diamonds,2,Round,1,1,0,11.1,1447.0,939.61,1425.0,-59.0,2506.9827,18.0,18.0,Super Ideal,D,VS1,1.54,IGI,5130.0
1265,Vespera Gems,2,Round,1,1,0,12.42,1470.0,954.55,1448.0,-58.0,2489.093,18.0,18.0,Super Ideal,D,VS1,1.54,IGI,5130.0
1265,White Lily,2,Round,1,1,0,12.92,1495.0,970.78,1473.0,-57.0,2514.1365,18.0,18.0,Super Ideal,D,VS1,1.54,IGI,5130.0
1266,Albert's Creations,2,Oval,1,1,0,20.66,343.0,451.32,338.0,-38.0,372.8215,15.0,15.0,Super Ideal,E,SI1,0.76,IGI,1050.0
1266,Jane Brear,2,Oval,1,1,0,16.08,382.0,502.63,376.0,-31.0,372.348,15.0,15.0,Super Ideal,E,SI1,0.76,IGI,1050.0
1270,Michelle Kennedy,2,Asscher,1,1,0,21.24,2255.0,1105.39,2221.0,-64.0,3862.4585,15.0,15.0,Super Ideal,F,VS2,2.04,IGI,6490.0
1272,Sunset Gems,2,Round,1,1,0,18.88,1583.81,920.82,1560.0,-54.0,2484.6011,18.0,18.0,Super Ideal,H,VVS2,1.72,IGI,4460.0
1272,Temperley,2,Round,1,1,0,91.54,1659.0,964.53,1634.0,-53.0,2524.8015,18.0,18.0,Super Ideal,H,VVS2,1.72,IGI,4460.0
1277,Jane Brear,2,Round,1,1,0,93.83,4197.0,1467.48,4134.0,-64.0,8322.9844,18.0,18.0,Super Ideal,E,VS1,2.86,IGI,18880.0
1277,Periwinkle Stones,2,Round,1,1,0,16.38,4336.0,1516.08,4271.0,-64.0,8580.1338,18.0,18.0,Super Ideal,E,VS1,2.86,IGI,18880.0
1277,Promenade Jewelry,2,Round,1,1,0,15.77,4161.81,1455.18,4099.0,-65.0,8427.7979,18.0,18.0,Super Ideal,E,VS1,2.86,IGI,18880.0
1277,Temperley,2,Round,1,1,0,15.77,4268.79,1492.58,4205.0,-63.0,8346.5098,18.0,18.0,Super Ideal,E,VS1,2.86,IGI,18880.0
1277,White Lily,2,Round,1,1,0,13.27,4407.0,1540.91,4341.0,-63.0,8517.3174,18.0,18.0,Super Ideal,E,VS1,2.86,IGI,18880.0
1281,Marlowe & Co,2,Round,2,2,0,19.75,309.0,561.82,304.0,-53.0,467.0002,15.0,18.0,Very Good,E,VS1,0.55,IGI,840.0
1281,Temperley,2,Round,1,3,0,20.22,329.0,598.18,324.0,-46.0,433.1663,14.0,18.0,Very Good,E,VS1,0.55,IGI,840.0
1281,White Lily,2,Round,1,2,0,10.3,306.0,556.36,301.0,-54.0,476.4042,16.0,18.0,Very Good,E,VS1,0.55,IGI,840.0
1283,Cirrus Gems,2,Round,1,1,0,19.97,1303.92,767.01,1284.0,-41.0,1585.8524,18.0,18.0,Super Ideal,I,VS2,1.7,IGI,3208.0
1283,Jane Brear,2,Round,1,1,0,15.6,2233.0,1313.53,2200.0,3.0,1553.6074,18.0,18.0,Super Ideal,I,VS2,1.7,IGI,3208.0
1283,White Lily,2,Round,1,1,0,19.16,1344.0,790.59,1324.0,-40.0,1592.7275,18.0,18.0,Super Ideal,I,VS2,1.7,IGI,3208.0
1287,Jane Brear,2,Round,1,1,0,10.63,1281.0,753.53,1262.0,-54.0,1974.7953,18.0,18.0,Ideal,I,VS1,1.7,IGI,3491.43
1287,Michelle Kennedy,2,Round,1,1,0,14.09,2287.0,1345.29,2253.0,-21.0,2061.5466,17.0,18.0,Ideal,I,VS1,1.7,IGI,3491.43
1287,Temperley,2,Round,1,1,0,16.11,1292.0,760.0,1273.0,-52.0,1942.9208,18.0,18.0,Ideal,I,VS1,1.7,IGI,3491.43
1287,White Lily,2,Round,1,1,0,16.47,1351.21,794.83,1331.0,-51.0,1968.0939,18.0,18.0,Ideal,I,VS1,1.7,IGI,3491.43
1290,Jane Brear,2,Round,1,1,0,17.64,1467.99,923.26,1446.0,-57.0,2448.302,18.0,18.0,Super Ideal,D,VS1,1.59,IGI,5310.0
1290,KIYO,2,Round,1,1,0,15.08,1450.0,911.95,1428.0,-58.0,2488.2214,18.0,18.0,Super Ideal,D,VS1,1.59,IGI,5310.0
1290,Michelle Kennedy,2,Round,1,1,0,17.76,1477.0,928.93,1455.0,-57.0,2448.0967,18.0,18.0,Super Ideal,D,VS1,1.59,IGI,5310.0
1290,Taiga Gems,2,Round,1,1,0,13.87,1474.0,927.04,1452.0,-57.0,2464.2778,18.0,18.0,Super Ideal,D,VS1,1.59,IGI,5310.0
1290,Temperley,2,Round,1,1,0,15.54,1476.68,928.73,1455.0,-58.0,2493.2793,18.0,18.0,Super Ideal,D,VS1,1.59,IGI,5310.0
1290,Thalassa Gems,2,Round,1,1,0,11.97,1477.0,928.93,1455.0,-56.0,2411.0955,18.0,18.0,Super Ideal,D,VS1,1.59,IGI,5310.0
1290,Vega Diamonds,2,Round,1,1,0,18.31,1453.0,913.84,1431.0,-59.0,2538.5791,18.0,18.0,Super Ideal,D,VS1,1.59,IGI,5310.0
1290,White Lily,2,Round,1,1,0,14.51,1477.0,928.93,1455.0,-57.0,2474.231,18.0,18.0,Super Ideal,D,VS1,1.59,IGI,5310.0
1293,Michelle Kennedy,2,Round,2,3,0,18.34,551.0,787.14,543.0,-29.0,552.0771,13.0,18.0,Good,E,SI1,0.7,IGI,956.67
1298,Sunset Gems,2,Pear,1,1,0,31.77,318.0,504.76,313.0,-49.0,401.4539,15.0,15.0,Super Ideal,H,VVS2,0.63,IGI,680.0
1299,Michelle Kennedy,2,Round,1,1,0,11.2,875.0,673.08,862.0,-58.0,1477.9458,18.0,18.0,Super Ideal,I,VVS2,1.3,IGI,2370.0
1299,White Lily,2,Round,1,1,0,14.86,876.0,673.85,863.0,-57.0,1458.6643,18.0,18.0,Super Ideal,I,VVS2,1.3,IGI,2370.0
1300,Alicia & Juno,2,Round,1,1,0,10.16,1013.0,755.97,998.0,-56.0,1629.7893,18.0,18.0,Ideal,F,VS1,1.34,IGI,3340.0
1300,Cirrus Gems,2,Round,1,1,0,18.22,973.0,726.12,958.0,-59.0,1700.4468,18.0,18.0,Ideal,F,VS1,1.34,IGI,3340.0
1300,Emilia Sterling,2,Round,1,1,0,13.22,984.0,734.33,969.0,-57.0,1648.0002,18.0,18.0,Ideal,F,VS1,1.34,IGI,3340.0
1300,Jane Brear,2,Round,1,1,0,12.73,1034.0,771.64,1018.0,-55.0,1642.0948,18.0,18.0,Ideal,F,VS1,1.34,IGI,3340.0
1300,Marlowe & Co,2,Round,1,1,0,12.12,1021.0,761.94,1006.0,-56.0,1649.3777,18.0,18.0,Ideal,F,VS1,1.34,IGI,3340.0
1300,Michelle Kennedy,2,Round,1,1,0,18.5,1040.0,776.12,1024.0,-55.0,1638.8429,18.0,18.0,Ideal,F,VS1,1.34,IGI,3340.0
1300,Serene Peaks Diamonds,2,Round,1,1,0,14.81,1012.0,755.22,997.0,-55.0,1597.1111,18.0,18.0,Ideal,F,VS1,1.34,IGI,3340.0
1300,Silva Diamonds,2,Round,1,1,0,15.31,1000.0,746.27,985.0,-56.0,1634.7905,18.0,18.0,Ideal,F,VS1,1.34,IGI,3340.0
1300,Taiga Gems,2,Round,1,1,0,18.0,984.0,734.33,969.0,-58.0,1670.1031,18.0,18.0,Ideal,F,VS1,1.34,IGI,3340.0
1300,Temperley,2,Round,1,1,0,15.11,1040.0,776.12,1024.0,-56.0,1681.3135,18.0,18.0,Ideal,F,VS1,1.34,IGI,3340.0
1300,Vega Diamonds,2,Round,1,1,0,13.98,985.0,735.07,970.0,-58.0,1677.5895,18.0,18.0,Ideal,F,VS1,1.34,IGI,3340.0
1300,White Lily,2,Round,1,1,0,13.03,1013.0,755.97,998.0,-55.0,1624.3409,18.0,18.0,Ideal,F,VS1,1.34,IGI,3340.0
1303,Avignon Diamonds,2,Round,1,1,0,11.61,1650.0,1071.43,1625.0,-59.0,2898.2649,18.0,18.0,Super Ideal,F,VVS2,1.54,IGI,5340.0
1303,Ember Star,2,Round,1,1,0,14.17,1644.0,1067.53,1619.0,-59.0,2874.5024,18.0,18.0,Super Ideal,F,VVS2,1.54,IGI,5340.0
1303,Hazel Diamonds,2,Round,1,1,0,12.71,1612.0,1046.75,1588.0,-60.0,2881.8911,18.0,18.0,Super Ideal,F,VVS2,1.54,IGI,5340.0
1303,Iris Diamonds,2,Round,1,1,0,93.61,1647.72,1069.95,1623.0,-59.0,2890.9795,18.0,18.0,Super Ideal,F,VVS2,1.54,IGI,5340.0
1303,Jane Brear,2,Round,1,1,0,14.99,1657.0,1075.97,1632.0,-60.0,2932.6758,18.0,18.0,Super Ideal,F,VVS2,1.54,IGI,5340.0
1303,Marlowe & Co,2,Round,1,1,0,11.0,1652.0,1072.73,1627.0,-59.0,2871.3567,18.0,18.0,Super Ideal,F,VVS2,1.54,IGI,5340.0
1303,Michelle Kennedy,2,Round,1,1,0,93.39,1665.0,1081.17,1640.0,-59.0,2897.4604,18.0,18.0,Super Ideal,F,VVS2,1.54,IGI,5340.0
1303,Oasis Diamonds,2,Round,1,1,0,14.78,1703.44,1106.13,1678.0,-58.0,2916.4751,18.0,18.0,Super Ideal,F,VVS2,1.54,IGI,5340.0
1303,Periwinkle Stones,2,Round,1,1,0,11.52,1676.0,1088.31,1651.0,-59.0,2925.0466,18.0,18.0,Super Ideal,F,VVS2,1.54,IGI,5340.0
1303,Rosella,2,Round,1,1,0,10.31,1625.0,1055.19,1601.0,-60.0,2902.7014,18.0,18.0,Super Ideal,F,VVS2,1.54,IGI,5340.0
1303,Serenade Diamonds,2,Round,1,1,0,10.49,1585.0,1029.22,1561.0,-61.0,2925.4319,18.0,18.0,Super Ideal,F,VVS2,1.54,IGI,5340.0
1303,Simetría,2,Round,1,1,0,93.25,1646.0,1068.83,1621.0,-59.0,2857.106,18.0,18.0,Super Ideal,F,VVS2,1.54,IGI,5340.0
1303,Taiga Gems,2,Round,1,1,0,16.34,1624.0,1054.55,1600.0,-59.0,2864.9519,18.0,18.0,Super Ideal,F,VVS2,1.54,IGI,5340.0
1303,Temperley,2,Round,1,1,0,11.98,1673.0,1086.36,1648.0,-59.0,2956.6995,18.0,18.0,Super Ideal,F,VVS2,1.54,IGI,5340.0
1303,Thalassa Gems,2,Round,1,1,0,12.54,1643.0,1066.88,1618.0,-59.0,2889.3569,18.0,18.0,Super Ideal,F,VVS2,1.54,IGI,5340.0
1303,United Diam,2,Round,1,1,0,19.92,1604.08,1041.61,1580.0,-60.0,2862.05,18.0,18.0,Super Ideal,F,VVS2,1.54,IGI,5340.0
1303,Vespera Gems,2,Round,1,1,0,11.4,1616.0,1049.35,1592.0,-60.0,2923.5957,18.0,18.0,Super Ideal,F,VVS2,1.54,IGI,5340.0
1303,Westminster Diamonds,2,Round,1,1,0,15.98,1661.65,1078.99,1637.0,-59.0,2888.2964,18.0,18.0,Super Ideal,F,VVS2,1.54,IGI,5340.0
1303,White Lily,2,Round,1,1,0,14.52,1688.0,1096.1,1663.0,-59.0,2914.3816,18.0,18.0,Super Ideal,F,VVS2,1.54,IGI,5340.0
1304,Jane Brear,2,Round,1,2,0,14.97,1855.68,875.32,1828.0,-59.0,3264.7563,18.0,18.0,Ideal,I,VVS2,2.12,IGI,5615.0
1304,Michelle Kennedy,2,Round,1,1,0,21.99,1798.0,848.11,1771.0,-61.0,3266.4802,18.0,18.0,Ideal,I,VVS2,2.12,IGI,5615.0
1304,Temperley,2,Round,1,1,0,15.47,3932.0,1854.72,3873.0,-16.0,3334.7092,18.0,18.0,Ideal,I,VVS2,2.12,IGI,5615.0
1304,White Lily,2,Round,1,1,0,18.15,1774.0,836.79,1747.0,-60.0,3193.7256,18.0,18.0,Ideal,I,VVS2,2.12,IGI,5615.0
1307,Diamonds by Zoya,2,Oval,1,2,0,13.84,304.47,822.89,300.0,-56.0,468.1814,15.0,15.0,Very Good,E,VVS2,0.37,IGI,390.0
1309,Emilia Sterling,2,Pear,1,1,0,21.5,711.32,711.32,701.0,-63.0,1247.6843,15.0,15.0,Very Good,E,SI1,1.0,IGI,2010.0
1309,Grace Brooks,2,Pear,2,3,0,23.04,716.0,716.0,705.0,-63.0,1258.5874,13.0,15.0,Very Good,E,SI1,1.0,IGI,2010.0
1309,Hoseki,2,Pear,1,1,0,21.96,731.0,731.0,720.0,-62.0,1255.673,15.0,15.0,Very Good,E,SI1,1.0,IGI,2010.0
1309,Jane Brear,2,Pear,2,2,0,20.28,853.19,853.19,840.0,-56.0,1250.7522,15.0,15.0,Very Good,E,SI1,1.0,IGI,2010.0
1309,Marlowe & Co,2,Pear,1,1,0,15.12,710.0,710.0,699.0,-63.0,1259.9717,14.0,15.0,Very Good,E,SI1,1.0,IGI,2010.0
1309,Michelle Kennedy,2,Pear,1,1,0,20.43,724.0,724.0,713.0,-63.0,1282.3815,14.0,15.0,Very Good,E,SI1,1.0,IGI,2010.0
1309,Rosella,2,Pear,1,1,0,14.39,698.0,698.0,688.0,-62.0,1205.5216,14.0,15.0,Very Good,E,SI1,1.0,IGI,2010.0
1309,Taiga Gems,2,Pear,1,1,0,18.03,723.36,723.36,713.0,-61.0,1204.4644,15.0,15.0,Very Good,E,SI1,1.0,IGI,2010.0
1309,Thalassa Gems,2,Pear,2,2,0,17.07,700.0,700.0,690.0,-65.0,1298.204,15.0,15.0,Very Good,E,SI1,1.0,IGI,2010.0
1309,White Lily,2,Pear,1,1,0,23.3,723.0,723.0,712.0,-63.0,1253.9395,15.0,15.0,Very Good,E,SI1,1.0,IGI,2010.0
1314,Eternity Fine Jewelers,2,Round,1,1,0,11.28,781.08,673.34,769.0,-64.0,1551.5829,18.0,18.0,Super Ideal,D,VS2,1.16,IGI,2590.0
1314,Jane Brear,2,Round,1,1,0,16.03,794.0,684.48,782.0,-65.0,1621.7948,18.0,18.0,Super Ideal,D,VS2,1.16,IGI,2590.0
1314,Marlowe & Co,2,Round,1,1,0,16.23,781.0,673.28,769.0,-65.0,1596.0801,18.0,18.0,Super Ideal,D,VS2,1.16,IGI,2590.0
1314,Michelle Kennedy,2,Round,1,1,0,10.17,856.0,737.93,843.0,-62.0,1594.0182,18.0,18.0,Super Ideal,D,VS2,1.16,IGI,2590.0
1314,Silva Diamonds,2,Round,1,1,0,15.13,768.0,662.07,756.0,-66.0,1620.025,18.0,18.0,Super Ideal,D,VS2,1.16,IGI,2590.0
1314,Temperley,2,Round,1,1,0,11.49,1045.74,901.5,1030.0,-53.0,1607.6685,18.0,18.0,Super Ideal,D,VS2,1.16,IGI,2590.0
1314,White Lily,2,Round,1,1,0,21.83,776.95,669.78,765.0,-65.0,1599.1548,18.0,18.0,Super Ideal,D,VS2,1.16,IGI,2590.0
1315,Albert's Creations,2,Pear,2,1,0,16.17,331.0,561.02,326.0,-51.0,440.3433,15.0,15.0,Super Ideal,E,VS1,0.59,IGI,760.0
1315,Cornerstone,2,Pear,2,2,0,17.31,335.87,569.27,331.0,-52.0,457.2612,15.0,15.0,Super Ideal,E,VS1,0.59,IGI,760.0
1315,Diamonds by Zoya,2,Pear,1,2,0,14.84,338.3,573.39,333.0,-55.0,488.5006,15.0,15.0,Super Ideal,E,VS1,0.59,IGI,760.0
1315,Equinox Jewels,2,Pear,1,1,0,15.04,348.0,589.83,343.0,-43.0,392.9752,15.0,15.0,Super Ideal,E,VS1,0.59,IGI,760.0
1315,Jane Brear,2,Pear,2,2,0,15.07,375.0,635.59,369.0,-43.0,426.708,15.0,15.0,Super Ideal,E,VS1,0.59,IGI,760.0
1315,Rosella,2,Pear,2,2,0,11.4,372.0,630.51,366.0,-46.0,447.9772,15.0,15.0,Super Ideal,E,VS1,0.59,IGI,760.0
1315,Temperley,2,Pear,2,2,0,14.43,353.0,598.31,348.0,-55.0,504.3959,15.0,15.0,Super Ideal,E,VS1,0.59,IGI,760.0
1315,Vega Diamonds,2,Pear,2,1,0,21.86,321.0,544.07,316.0,-52.0,431.2841,15.0,15.0,Super Ideal,E,VS1,0.59,IGI,760.0
1317,Cirrus Gems,2,Round,1,1,0,21.47,1221.88,798.61,1204.0,-57.0,2019.1158,18.0,18.0,Ideal,H,VS1,1.53,IGI,3657.5
1317,Clermont Diamonds,2,Round,1,1,0,13.07,1223.0,799.35,1205.0,-57.0,2016.8273,18.0,18.0,Ideal,H,VS1,1.53,IGI,3657.5
1317,Temperley,2,Round,1,1,0,19.35,1234.8,807.06,1216.0,-57.0,2076.0562,18.0,18.0,Ideal,H,VS1,1.53,IGI,3657.5
1325,Cirrus Gems,2,Round,1,1,0,18.58,853.0,761.61,840.0,-53.0,1304.5031,18.0,18.0,Super Ideal,G,VVS2,1.12,IGI,2676.0
1325,Jane Brear,2,Round,1,1,0,17.03,890.0,794.64,877.0,-51.0,1288.9066,18.0,18.0,Super Ideal,G,VVS2,1.12,IGI,2676.0
1325,Michelle Kennedy,2,Round,1,1,0,19.13,907.0,809.82,893.0,-51.0,1324.515,18.0,18.0,Super Ideal,G,VVS2,1.12,IGI,2676.0
1325,White Lily,2,Round,1,1,0,10.72,901.0,804.46,887.0,-52.0,1345.7126,18.0,18.0,Super Ideal,G,VVS2,1.12,IGI,2676.0
1338,Albert's Creations,2,Round,1,1,0,15.2,2955.0,1090.41,2911.0,-60.0,5278.8779,18.0,18.0,Super Ideal,G,VS2,2.71,IGI,11790.0
1338,Eternity Fine Jewelers,2,Round,1,1,0,16.4,2919.0,1077.12,2875.0,-60.0,5252.2749,18.0,18.0,Super Ideal,G,VS2,2.71,IGI,11790.0
1338,Genesis Stones,2,Round,1,1,0,18.1,2970.0,1095.94,2925.0,-59.0,5130.7671,18.0,18.0,Super Ideal,G,VS2,2.71,IGI,11790.0
1338,Hoseki,2,Round,1,1,0,19.8,2934.0,1082.66,2890.0,-59.0,5119.3535,18.0,18.0,Super Ideal,G,VS2,2.71,IGI,11790.0
1338,Jane Brear,2,Round,1,1,0,18.08,3171.26,1170.21,3124.0,-56.0,5115.9688,18.0,18.0,Super Ideal,G,VS2,2.71,IGI,11790.0
1338,Michelle Kennedy,2,Round,1,1,0,19.09,3171.26,1170.21,3124.0,-56.0,5156.8257,18.0,18.0,Super Ideal,G,VS2,2.71,IGI,11790.0
1338,Temperley,2,Round,1,1,0,23.32,2865.0,1057.2,2822.0,-61.0,5204.0269,18.0,18.0,Super Ideal,G,VS2,2.71,IGI,11790.0
1338,White Lily,2,Round,1,1,0,17.69,2942.22,1085.69,2898.0,-60.0,5282.9888,18.0,18.0,Super Ideal,G,VS2,2.71,IGI,11790.0
1339,Temperley,2,Cushion,1,1,0,12.88,1992.98,986.62,1963.0,-43.0,2209.5537,15.0,15.0,Super Ideal,J,VS2,2.02,IGI,3220.0
1346,Cirrus Gems,2,Round,1,1,0,18.11,1944.78,852.97,1916.0,-62.0,3691.6873,18.0,18.0,Ideal,H,VS1,2.28,IGI,6880.0
1346,Clermont Diamonds,2,Round,1,1,0,17.33,1947.0,853.95,1918.0,-62.0,3662.4893,18.0,18.0,Ideal,H,VS1,2.28,IGI,6880.0
1346,Fuji Diamonds,2,Round,1,1,0,20.95,1992.07,873.71,1962.0,-61.0,3627.0129,18.0,18.0,Ideal,H,VS1,2.28,IGI,6880.0
1346,Jane Brear,2,Round,1,1,0,16.55,2018.86,885.46,1989.0,-62.0,3783.5535,18.0,18.0,Ideal,H,VS1,2.28,IGI,6880.0
1346,Michelle Kennedy,2,Round,1,1,0,19.23,2022.84,887.21,1992.0,-61.0,3667.1479,18.0,18.0,Ideal,H,VS1,2.28,IGI,6880.0
1346,Oasis Diamonds,2,Round,1,1,0,11.38,2053.68,900.74,2023.0,-61.0,3746.2634,18.0,18.0,Ideal,H,VS1,2.28,IGI,6880.0
1346,Taiga Gems,2,Round,1,1,0,16.75,1987.02,871.5,1957.0,-62.0,3723.417,18.0,18.0,Ideal,H,VS1,2.28,IGI,6880.0
1352,Albert's Creations,2,Cushion,1,1,0,12.67,440.0,611.11,433.0,-62.0,730.829,14.0,15.0,Very Good,E,VVS1,0.72,IGI,1350.0
1354,Taiga Gems,2,Round,1,1,0,18.76,908.0,726.4,894.0,-65.0,1834.3448,18.0,18.0,Super Ideal,G,VVS2,1.25,IGI,2960.0
1358,Cirrus Gems,2,Oval,1,1,0,20.71,2478.0,987.25,2441.0,-62.0,4427.96,15.0,15.0,Super Ideal,H,VS1,2.51,IGI,7380.0
1358,Jane Brear,2,Oval,1,1,0,12.9,2415.0,962.15,2379.0,-62.0,4331.6094,15.0,15.0,Super Ideal,H,VS1,2.51,IGI,7380.0
1358,Michelle Kennedy,2,Oval,1,1,0,17.91,2451.0,976.49,2414.0,-62.0,4341.4209,15.0,15.0,Super Ideal,H,VS1,2.51,IGI,7380.0
1358,N. B. Diamonds,2,Oval,1,1,0,20.27,2474.64,985.91,2438.0,-61.0,4317.9082,15.0,15.0,Super Ideal,H,VS1,2.51,IGI,7380.0
1358,Periwinkle Stones,2,Oval,1,1,0,19.74,2481.0,988.45,2444.0,-60.0,4219.8735,15.0,15.0,Super Ideal,H,VS1,2.51,IGI,7380.0
1358,Taiga Gems,2,Oval,1,1,0,16.19,2451.0,976.49,2414.0,-61.0,4250.0244,15.0,15.0,Super Ideal,H,VS1,2.51,IGI,7380.0
1358,Temperley,2,Oval,1,1,0,16.05,2520.34,1004.12,2483.0,-61.0,4372.0234,15.0,15.0,Super Ideal,H,VS1,2.51,IGI,7380.0
1358,White Lily,2,Oval,1,1,0,17.76,2451.0,976.49,2414.0,-61.0,4219.917,15.0,15.0,Super Ideal,H,VS1,2.51,IGI,7380.0
1371,Bella Gems,2,Round,1,1,0,13.82,1644.0,1096.0,1619.0,-56.0,2692.9717,18.0,18.0,Ideal,F,VVS2,1.5,IGI,5220.0
1371,Camden Gems,2,Round,1,1,0,11.95,1631.0,1087.33,1607.0,-55.0,2621.3181,18.0,18.0,Ideal,F,VVS2,1.5,IGI,5220.0
1371,Clermont Diamonds,2,Round,1,1,0,14.45,1645.0,1096.67,1620.0,-55.0,2611.5742,18.0,18.0,Ideal,F,VVS2,1.5,IGI,5220.0
1371,Ember Star,2,Round,1,1,0,17.09,1604.08,1069.39,1580.0,-56.0,2632.0303,18.0,18.0,Ideal,F,VVS2,1.5,IGI,5220.0
1371,Fuji Diamonds,2,Round,1,1,0,19.06,1634.0,1089.33,1609.0,-56.0,2639.8835,18.0,18.0,Ideal,F,VVS2,1.5,IGI,5220.0
1371,Hazel Diamonds,2,Round,1,1,0,12.19,1607.0,1071.33,1583.0,-56.0,2607.6833,18.0,18.0,Ideal,F,VVS2,1.5,IGI,5220.0
1371,Jane Brear,2,Round,1,1,0,11.75,1669.0,1112.67,1644.0,-54.0,2613.6838,18.0,18.0,Ideal,F,VVS2,1.5,IGI,5220.0
1371,Marlowe & Co,2,Round,1,1,0,14.9,1650.0,1100.0,1625.0,-54.0,2586.8091,18.0,18.0,Ideal,F,VVS2,1.5,IGI,5220.0
1371,Mei & Co,2,Round,1,1,0,13.48,1651.0,1100.67,1626.0,-56.0,2672.7632,18.0,18.0,Ideal,F,VVS2,1.5,IGI,5220.0
1371,Michelle Kennedy,2,Round,1,1,0,14.79,1637.0,1091.33,1612.0,-56.0,2658.6755,18.0,18.0,Ideal,F,VVS2,1.5,IGI,5220.0
1371,Periwinkle Stones,2,Round,1,1,0,9.6,1670.0,1113.33,1645.0,-54.0,2595.054,18.0,18.0,Ideal,F,VVS2,1.5,IGI,5220.0
1371,Rosella,2,Round,1,1,0,10.63,1620.0,1080.0,1596.0,-56.0,2645.6975,18.0,18.0,Ideal,F,VVS2,1.5,IGI,5220.0
1371,Serenade Diamonds,2,Round,1,1,0,14.43,1582.0,1054.67,1558.0,-57.0,2618.627,18.0,18.0,Ideal,F,VVS2,1.5,IGI,5220.0
1371,Silva Diamonds,2,Round,1,1,0,11.81,1632.0,1088.0,1608.0,-56.0,2678.8699,18.0,18.0,Ideal,F,VVS2,1.5,IGI,5220.0
1371,Temperley,2,Round,1,1,0,14.24,1675.0,1116.67,1650.0,-54.0,2601.6936,18.0,18.0,Ideal,F,VVS2,1.5,IGI,5220.0
1371,Thalassa Gems,2,Round,1,1,0,13.21,1639.0,1092.67,1614.0,-56.0,2640.3481,18.0,18.0,Ideal,F,VVS2,1.5,IGI,5220.0
1371,Tilia Diamonds,2,Round,1,1,0,13.29,1653.69,1102.46,1629.0,-55.0,2631.7373,18.0,18.0,Ideal,F,VVS2,1.5,IGI,5220.0
1371,Vespera Gems,2,Round,1,1,0,17.96,1603.0,1068.67,1579.0,-57.0,2640.6343,18.0,18.0,Ideal,F,VVS2,1.5,IGI,5220.0
1371,White Lily,2,Round,1,1,0,93.32,1671.0,1114.0,1646.0,-55.0,2673.8381,18.0,18.0,Ideal,F,VVS2,1.5,IGI,5220.0
1380,Jane Brear,2,Round,1,1,0,12.0,1869.0,1160.87,1841.0,-16.0,1593.5994,18.0,18.0,Super Ideal,I,SI1,1.61,IGI,2673.33
1380,Michelle Kennedy,2,Round,1,1,0,14.66,1046.74,650.15,1031.0,-50.0,1493.601,18.0,18.0,Super Ideal,I,SI1,1.61,IGI,2673.33
1380,White Lily,2,Round,1,1,0,13.83,1869.0,1160.87,1841.0,-17.0,1619.1207,18.0,18.0,Super Ideal,I,SI1,1.61,IGI,2673.33
1384,Albert's Creations,2,Emerald,1,1,0,13.47,652.72,725.24,643.0,-51.0,854.2959,15.0,15.0,Super Ideal,E,SI1,0.9,IGI,1440.0
1384,Ithaca Diamonds,2,Emerald,1,2,0,11.33,641.0,712.22,631.0,-52.0,865.4413,15.0,15.0,Super Ideal,E,SI1,0.9,IGI,1440.0
1384,Lunar Diamonds,2,Emerald,1,1,0,15.11,641.0,712.22,631.0,-55.0,914.894,15.0,15.0,Super Ideal,E,SI1,0.9,IGI,1440.0
1384,Michelle Kennedy,2,Emerald,1,2,0,15.23,662.09,735.66,652.0,-52.0,895.0525,15.0,15.0,Super Ideal,E,SI1,0.9,IGI,1440.0
1384,Sunset Gems,2,Emerald,1,1,0,13.59,648.58,720.64,639.0,-53.0,883.4929,15.0,15.0,Super Ideal,E,SI1,0.9,IGI,1440.0
1384,Vega Diamonds,2,Emerald,1,1,0,13.76,633.14,703.49,624.0,-51.0,826.6605,15.0,15.0,Super Ideal,E,SI1,0.9,IGI,1440.0
1387,Albert's Creations,2,Round,1,1,0,13.01,325.0,445.21,320.0,-57.0,540.0916,18.0,18.0,Ideal,D,SI1,0.73,IGI,1100.0
1387,Equinox Jewels,2,Round,1,1,0,13.68,324.0,443.84,319.0,-54.0,508.1155,18.0,18.0,Ideal,D,SI1,0.73,IGI,1100.0
1387,Jane Brear,2,Round,1,1,0,14.39,440.0,602.74,433.0,-39.0,514.5422,18.0,18.0,Ideal,D,SI1,0.73,IGI,1100.0
1387,Temperley,2,Round,1,1,0,15.76,440.0,602.74,433.0,-42.0,539.1616,18.0,18.0,Ideal,D,SI1,0.73,IGI,1100.0
1387,White Lily,2,Round,1,1,0,18.39,352.0,482.19,347.0,-52.0,522.7891,18.0,18.0,Ideal,D,SI1,0.73,IGI,1100.0
1388,Jane Brear,2,Round,1,1,0,11.69,3306.38,1437.56,3257.0,-11.0,2653.9551,18.0,18.0,Super Ideal,J,VS2,2.3,IGI,4590.0
1388,Michelle Kennedy,2,Round,1,1,0,12.75,3306.38,1437.56,3257.0,-13.0,2736.5322,18.0,18.0,Super Ideal,J,VS2,2.3,IGI,4590.0
1388,N. B. Diamonds,2,Round,1,1,0,16.67,1856.95,807.37,1829.0,-50.0,2680.9329,18.0,18.0,Super Ideal,J,VS2,2.3,IGI,4590.0
1388,Temperley,2,Round,1,1,0,14.73,3306.38,1437.56,3257.0,-11.0,2668.5359,18.0,18.0,Super Ideal,J,VS2,2.3,IGI,4590.0
1389,Michelle Kennedy,2,Round,1,1,0,17.4,1028.83,864.56,1013.0,-44.0,1311.5809,18.0,18.0,Ideal,H,VVS1,1.19,IGI,2620.0
1389,Sunset Gems,2,Round,1,1,0,20.35,970.94,815.92,956.0,-47.0,1312.6165,18.0,18.0,Ideal,H,VVS1,1.19,IGI,2620.0
1391,BonDiam,2,Round,1,1,0,14.33,315.0,954.55,310.0,-31.0,327.0238,18.0,18.0,Super Ideal,E,VS1,0.33,IGI,380.0
1391,Hoseki,2,Round,1,2,0,15.25,311.44,943.76,307.0,-40.0,369.3132,18.0,18.0,Super Ideal,E,VS1,0.33,IGI,380.0
1391,Jane Brear,2,Round,1,2,0,15.03,345.26,1046.24,340.0,-23.0,320.7298,18.0,18.0,Super Ideal,E,VS1,0.33,IGI,380.0
1391,Marlowe & Co,2,Round,1,1,0,12.82,313.42,949.76,309.0,-31.0,323.3448,18.0,18.0,Super Ideal,E,VS1,0.33,IGI,380.0
1391,Temperley,2,Round,1,1,0,12.62,330.0,1000.0,325.0,-25.0,313.0885,18.0,18.0,Super Ideal,E,VS1,0.33,IGI,380.0
1391,White Lily,2,Round,1,1,0,13.64,330.0,1000.0,325.0,-19.0,290.7761,18.0,18.0,Super Ideal,E,VS1,0.33,IGI,380.0
1391,Woodhouse Diamonds,2,Round,1,1,0,12.94,307.0,930.3,302.0,-31.0,317.1275,18.0,18.0,Super Ideal,E,VS1,0.33,IGI,380.0
1394,Albert's Creations,2,Oval,1,1,0,26.73,342.28,438.82,337.0,-49.0,453.4112,15.0,15.0,Very Good,E,VS2,0.78,IGI,1220.0
1394,Vega Diamonds,2,Oval,1,1,0,28.37,332.01,425.65,327.0,-48.0,429.3111,15.0,15.0,Very Good,E,VS2,0.78,IGI,1220.0
1395,Marble Arch,2,Princess,1,1,0,12.63,711.0,790.0,700.0,-54.0,992.3148,15.0,15.0,Super Ideal,F,VS1,0.9,IGI,1920.0
1395,Mei & Co,2,Princess,1,1,0,14.8,736.0,817.78,725.0,-52.0,978.2584,15.0,15.0,Super Ideal,F,VS1,0.9,IGI,1920.0
1395,Meridian Crafts,2,Princess,1,1,0,12.13,725.0,805.56,714.0,-53.0,988.4706,15.0,15.0,Super Ideal,F,VS1,0.9,IGI,1920.0
1395,Periwinkle Stones,2,Princess,1,1,0,13.91,724.0,804.44,713.0,-53.0,971.4346,15.0,15.0,Super Ideal,F,VS1,0.9,IGI,1920.0
1395,Sunset Gems,2,Princess,2,1,0,16.51,714.0,793.33,703.0,-56.0,1019.7373,15.0,15.0,Super Ideal,F,VS1,0.9,IGI,1920.0
1395,White Lily,2,Princess,1,2,0,16.02,734.0,815.56,723.0,-52.0,971.4346,15.0,15.0,Super Ideal,F,VS1,0.9,IGI,1920.0
1397,Taiga Gems,2,Round,1,1,0,20.49,885.55,681.19,872.0,-54.0,1385.5354,18.0,18.0,Super Ideal,H,VS2,1.3,IGI,2400.0
1397,Temperley,2,Round,1,1,0,14.29,893.73,687.48,880.0,-53.0,1357.4968,18.0,18.0,Super Ideal,H,VS2,1.3,IGI,2400.0
1405,Jane Brear,2,Round,1,1,0,20.12,4851.46,1386.13,4779.0,-67.0,10417.375,18.0,18.0,Super Ideal,H,VS1,3.5,IGI,18620.0
1405,Michelle Kennedy,2,Round,1,1,0,12.81,3983.0,1138.0,3923.0,-72.0,10051.8477,18.0,18.0,Super Ideal,H,VS1,3.5,IGI,18620.0
1405,Periwinkle Stones,2,Round,1,1,0,10.81,4019.8,1148.51,3960.0,-69.0,9406.8154,18.0,18.0,Super Ideal,H,VS1,3.5,IGI,18620.0
1405,Temperley,2,Round,1,1,0,14.12,3719.0,1062.57,3663.0,-72.0,9363.166,18.0,18.0,Super Ideal,H,VS1,3.5,IGI,18620.0
1405,White Lily,2,Round,1,1,0,14.3,3930.0,1122.86,3871.0,-70.0,9340.2451,18.0,18.0,Super Ideal,H,VS1,3.5,IGI,18620.0
1407,Temperley,2,Round,1,1,0,18.22,707.45,655.05,697.0,-52.0,1056.66,18.0,18.0,Super Ideal,J,VVS2,1.08,IGI,1540.0
1410,Jane Brear,2,Round,1,1,0,13.97,309.44,793.44,305.0,-39.0,365.942,17.0,18.0,Ideal,D,VVS2,0.39,IGI,500.0
1410,Michelle Kennedy,2,Round,1,1,0,14.11,309.44,793.44,305.0,-43.0,388.4158,18.0,18.0,Ideal,D,VVS2,0.39,IGI,500.0
1413,Jane Brear,2,Round,1,1,0,12.26,2438.74,1055.73,2402.0,-44.0,3091.7546,18.0,18.0,Ideal,J,VVS2,2.31,IGI,5160.0
1414,Cirrus Gems,2,Round,1,1,0,21.25,895.66,694.31,882.0,-65.0,1838.3994,18.0,18.0,Super Ideal,G,VVS2,1.29,IGI,3060.0
1414,Jane Brear,2,Round,1,1,0,12.17,932.0,722.48,918.0,-63.0,1809.6292,18.0,18.0,Super Ideal,G,VVS2,1.29,IGI,3060.0
1414,Michelle Kennedy,2,Round,1,1,0,22.75,918.82,712.26,905.0,-63.0,1769.6615,18.0,18.0,Super Ideal,G,VVS2,1.29,IGI,3060.0
1414,Sunset Gems,2,Round,1,1,0,18.64,896.62,695.05,883.0,-65.0,1846.6921,18.0,18.0,Super Ideal,G,VVS2,1.29,IGI,3060.0
1414,Taiga Gems,2,Round,1,1,0,17.03,892.0,691.47,879.0,-65.0,1817.2594,18.0,18.0,Super Ideal,G,VVS2,1.29,IGI,3060.0
1414,Temperley,2,Round,1,1,0,17.24,934.3,724.26,920.0,-64.0,1870.2231,18.0,18.0,Super Ideal,G,VVS2,1.29,IGI,3060.0
1414,White Lily,2,Round,1,1,0,16.36,926.54,718.25,913.0,-63.0,1791.6012,18.0,18.0,Super Ideal,G,VVS2,1.29,IGI,3060.0
1416,White Lily,2,Round,1,1,0,14.38,1130.32,680.92,1113.0,-58.0,1926.6008,18.0,18.0,Ideal,I,VS1,1.66,IGI,3210.0
1418,Diamonds by Zoya,5,Cushion,1,1,0,17.38,1214.9,799.28,1197.0,-62.0,2023.5331,14.0,15.0,Ideal,H,VS2,1.52,GCAL,3843.33
1424,CV Diamonds,2,Round,1,1,0,14.92,757.2,647.18,746.0,-58.0,1293.3469,18.0,18.0,Ideal,E,VS2,1.17,IGI,2390.0
1424,Emilia Sterling,2,Round,1,1,0,12.01,734.0,627.35,723.0,-60.0,1298.8354,18.0,18.0,Ideal,E,VS2,1.17,IGI,2390.0
1424,Eterna Luxe,2,Round,1,1,0,11.59,749.0,640.17,738.0,-58.0,1282.97,18.0,18.0,Ideal,E,VS2,1.17,IGI,2390.0
1424,Eternity Fine Jewelers,2,Round,1,1,0,17.06,748.0,639.32,737.0,-57.0,1243.1147,18.0,18.0,Ideal,E,VS2,1.17,IGI,2390.0
1424,Fabiola,2,Round,1,1,0,15.26,752.22,642.92,741.0,-59.0,1299.7893,18.0,18.0,Ideal,E,VS2,1.17,IGI,2390.0
1424,Irene Jewelry,2,Round,1,1,0,17.27,750.0,641.03,739.0,-59.0,1303.5973,18.0,18.0,Ideal,E,VS2,1.17,IGI,2390.0
1424,Iris Diamonds,2,Round,1,1,0,16.52,741.28,633.57,730.0,-59.0,1283.6096,18.0,18.0,Ideal,E,VS2,1.17,IGI,2390.0
1424,Jane Brear,2,Round,1,1,0,13.57,765.0,653.85,754.0,-56.0,1242.8378,18.0,18.0,Ideal,E,VS2,1.17,IGI,2390.0
1424,Roma Diamonds,2,Round,1,1,0,45.8,747.0,638.46,736.0,-59.0,1297.8718,18.0,18.0,Ideal,E,VS2,1.17,IGI,2390.0
1424,Silva Diamonds,2,Round,1,1,0,11.66,744.0,635.9,733.0,-59.0,1310.8113,18.0,18.0,Ideal,E,VS2,1.17,IGI,2390.0
1424,Sunset Gems,2,Round,1,1,0,10.59,743.0,635.04,732.0,-60.0,1317.8567,18.0,18.0,Ideal,E,VS2,1.17,IGI,2390.0
1424,Temperley,2,Round,1,1,0,10.5,774.0,661.54,762.0,-58.0,1310.1243,18.0,18.0,Ideal,E,VS2,1.17,IGI,2390.0
1424,Vega Diamonds,2,Round,1,1,0,13.87,732.0,625.64,721.0,-60.0,1319.6476,18.0,18.0,Ideal,E,VS2,1.17,IGI,2390.0
1424,White Lily,2,Round,1,1,0,17.85,775.0,662.39,763.0,-58.0,1334.9656,18.0,18.0,Ideal,E,VS2,1.17,IGI,2390.0
1425,Mei & Co,2,Round,2,2,0,24.16,303.48,595.06,299.0,-55.0,483.3083,16.0,18.0,Very Good,D,VS2,0.51,IGI,730.0
1426,Fuji Diamonds,2,Princess,1,1,0,18.61,1015.34,799.48,1000.0,-68.0,2030.1305,15.0,15.0,Super Ideal,E,VS1,1.27,IGI,3390.0
1426,Genesis Stones,2,Princess,1,1,0,18.75,1073.0,844.88,1057.0,-64.0,1883.0382,15.0,15.0,Super Ideal,E,VS1,1.27,IGI,3390.0
1426,Jane Brear,2,Princess,1,1,0,14.17,1047.0,824.41,1031.0,-65.0,1911.3651,15.0,15.0,Super Ideal,E,VS1,1.27,IGI,3390.0
1426,Michelle Kennedy,2,Princess,1,1,0,15.32,1369.0,1077.95,1348.0,-55.0,1936.5457,15.0,15.0,Super Ideal,E,VS1,1.27,IGI,3390.0
1426,Periwinkle Stones,2,Princess,1,1,0,13.64,1040.0,818.9,1024.0,-65.0,1908.384,15.0,15.0,Super Ideal,E,VS1,1.27,IGI,3390.0
1426,Rosella,2,Princess,1,1,0,15.74,973.0,766.14,958.0,-67.0,1873.3903,15.0,15.0,Super Ideal,E,VS1,1.27,IGI,3390.0
1426,Simetría,2,Princess,1,1,0,14.15,1032.81,813.24,1017.0,-65.0,1893.9375,15.0,15.0,Super Ideal,E,VS1,1.27,IGI,3390.0
1426,Temperley,2,Princess,1,1,0,15.71,1015.0,799.21,1000.0,-65.0,1846.1986,15.0,15.0,Super Ideal,E,VS1,1.27,IGI,3390.0
1428,Thalassa Gems,2,Round,1,1,0,16.52,704.46,640.42,694.0,-52.0,1040.1511,18.0,18.0,Ideal,G,SI1,1.1,IGI,1810.0
1430,55 E Diamonds,2,Round,1,1,0,12.05,852.0,692.68,839.0,-64.0,1684.6941,18.0,18.0,Super Ideal,E,VS1,1.23,IGI,3020.0
1430,Avignon Diamonds,2,Round,1,1,0,13.81,854.0,694.31,841.0,-62.0,1605.549,18.0,18.0,Super Ideal,E,VS1,1.23,IGI,3020.0
1430,Blackbird Gems,2,Round,1,1,0,15.7,849.73,690.84,837.0,-63.0,1664.6576,18.0,18.0,Super Ideal,E,VS1,1.23,IGI,3020.0
1430,CV Diamonds,2,Round,1,1,0,17.52,855.7,695.69,843.0,-63.0,1641.5059,18.0,18.0,Super Ideal,E,VS1,1.23,IGI,3020.0
1430,Cirrus Gems,2,Round,1,1,0,93.54,822.0,668.29,810.0,-64.0,1645.6774,18.0,18.0,Super Ideal,E,VS1,1.23,IGI,3020.0
1430,Clermont Diamonds,2,Round,1,1,0,11.6,849.0,690.24,836.0,-63.0,1626.7041,18.0,18.0,Super Ideal,E,VS1,1.23,IGI,3020.0
1430,Cornerstone,2,Round,1,1,0,11.42,864.0,702.44,851.0,-62.0,1630.4388,18.0,18.0,Super Ideal,E,VS1,1.23,IGI,3020.0
1430,Emilia Sterling,2,Round,1,1,0,12.72,830.0,674.8,818.0,-64.0,1645.1693,18.0,18.0,Super Ideal,E,VS1,1.23,IGI,3020.0
1430,Eterna Luxe,2,Round,1,1,0,15.02,860.0,699.19,847.0,-62.0,1635.226,18.0,18.0,Super Ideal,E,VS1,1.23,IGI,3020.0
1430,Eternity Fine Jewelers,2,Round,1,1,0,16.38,848.0,689.43,835.0,-63.0,1653.3259,18.0,18.0,Super Ideal,E,VS1,1.23,IGI,3020.0
1430,Fabiola,2,Round,1,1,0,14.65,850.0,691.06,837.0,-63.0,1664.5632,18.0,18.0,Super Ideal,E,VS1,1.23,IGI,3020.0
1430,Genesis Stones,2,Round,1,1,0,12.0,923.0,750.41,909.0,-60.0,1664.5632,18.0,18.0,Super Ideal,E,VS1,1.23,IGI,3020.0
1430,Jane Brear,2,Round,1,1,0,14.17,872.0,708.94,859.0,-61.0,1595.6444,18.0,18.0,Super Ideal,E,VS1,1.23,IGI,3020.0
1430,Lotus Creation,2,Round,1,1,0,15.99,851.26,692.08,838.0,-63.0,1652.8044,18.0,18.0,Super Ideal,E,VS1,1.23,IGI,3020.0
1430,Marlowe & Co,2,Round,1,1,0,11.77,859.0,698.37,846.0,-63.0,1653.002,18.0,18.0,Super Ideal,E,VS1,1.23,IGI,3020.0
1430,Michelle Kennedy,2,Round,1,1,0,14.74,870.0,707.32,857.0,-62.0,1626.3114,18.0,18.0,Super Ideal,E,VS1,1.23,IGI,3020.0
1430,N. B. Diamonds,2,Round,1,1,0,,7750.0,6300.81,7634.0,245.0,1608.922,18.0,18.0,Super Ideal,E,VS1,1.23,IGI,3020.0
1430,Oasis Diamonds,2,Round,1,1,0,12.62,892.0,725.2,879.0,-61.0,1649.4185,18.0,18.0,Super Ideal,E,VS1,1.23,IGI,3020.0
1430,Periwinkle Stones,2,Round,1,1,0,9.98,867.0,704.88,854.0,-63.0,1681.4896,18.0,18.0,Super Ideal,E,VS1,1.23,IGI,3020.0
1430,Riviera Jewels,2,Round,1,1,0,14.35,842.0,684.55,829.0,-64.0,1663.67,18.0,18.0,Super Ideal,E,VS1,1.23,IGI,3020.0
1430,Roma Diamonds,2,Round,1,1,0,15.06,848.0,689.43,835.0,-63.0,1661.6206,18.0,18.0,Super Ideal,E,VS1,1.23,IGI,3020.0
1430,Rosella,2,Round,1,1,0,16.86,836.0,679.67,823.0,-64.0,1661.9305,18.0,18.0,Super Ideal,E,VS1,1.23,IGI,3020.0
1430,Serene Peaks Diamonds,2,Round,2,1,0,14.17,854.0,694.31,841.0,-63.0,1634.0355,18.0,18.0,Super Ideal,E,VS1,1.23,IGI,3020.0
1430,Sigma Diamonds,2,Round,1,1,0,13.43,850.0,691.06,837.0,-64.0,1668.9806,18.0,18.0,Super Ideal,E,VS1,1.23,IGI,3020.0
1430,Silva Diamonds,2,Round,1,1,0,11.47,838.0,681.3,825.0,-63.0,1603.2888,18.0,18.0,Super Ideal,E,VS1,1.23,IGI,3020.0
1430,Taiga Gems,2,Round,1,1,0,12.57,857.0,696.75,844.0,-62.0,1612.4528,18.0,18.0,Super Ideal,E,VS1,1.23,IGI,3020.0
1430,Temperley,2,Round,1,1,0,92.77,882.0,717.07,869.0,-61.0,1610.6475,18.0,18.0,Super Ideal,E,VS1,1.23,IGI,3020.0
1430,Verve Jewels,2,Round,1,1,0,93.38,848.0,689.43,835.0,-63.0,1641.8009,18.0,18.0,Super Ideal,E,VS1,1.23,IGI,3020.0
1430,White Lily,2,Round,1,1,0,18.03,910.0,739.84,896.0,-60.0,1640.0154,18.0,18.0,Super Ideal,E,VS1,1.23,IGI,3020.0
1431,Cornerstone,5,Emerald,2,2,0,16.25,687.0,763.33,677.0,-55.0,979.7205,14.0,15.0,Very Good,E,SI1,0.9,GCAL,1490.0
1433,Sunset Gems,2,Round,1,1,0,15.48,1006.65,818.41,992.0,-64.0,2006.9971,18.0,18.0,Super Ideal,G,VVS1,1.23,IGI,3270.0
1444,Temperley,2,Oval,1,1,0,10.57,326.36,1052.77,321.0,-36.0,344.2399,15.0,15.0,Super Ideal,E,VS1,0.31,IGI,320.0
1451,Cirrus Gems,2,Cushion,1,1,0,21.91,1317.0,838.85,1297.0,-61.0,2149.4246,15.0,15.0,Super Ideal,G,VS2,1.57,IGI,3780.0
1451,Fabiola,2,Cushion,1,1,0,14.04,1324.0,843.31,1304.0,-64.0,2309.0449,15.0,15.0,Super Ideal,G,VS2,1.57,IGI,3780.0
1451,Jane Brear,2,Cushion,1,1,0,19.04,1375.34,876.01,1355.0,-60.0,2166.5852,15.0,15.0,Super Ideal,G,VS2,1.57,IGI,3780.0
1451,Mei & Co,2,Cushion,1,1,0,10.98,1340.0,853.5,1320.0,-64.0,2318.9241,15.0,15.0,Super Ideal,G,VS2,1.57,IGI,3780.0
1451,Michelle Kennedy,2,Cushion,1,1,0,21.62,1375.0,875.8,1354.0,-62.0,2311.4055,15.0,15.0,Super Ideal,G,VS2,1.57,IGI,3780.0
1451,Sunset Gems,2,Cushion,1,1,0,11.66,1342.0,854.78,1322.0,-62.0,2215.1692,15.0,15.0,Super Ideal,G,VS2,1.57,IGI,3780.0
1451,Temperley,2,Cushion,1,1,0,22.87,1375.0,875.8,1354.0,-63.0,2329.6917,15.0,15.0,Super Ideal,G,VS2,1.57,IGI,3780.0
1452,Cornerstone,5,Cushion,1,2,0,20.8,1509.0,920.12,1486.0,-55.0,2115.4341,15.0,15.0,Very Good,G,SI1,1.64,GCAL,3880.0
1460,Serene Peaks Diamonds,2,Round,1,1,0,11.1,630.0,617.65,621.0,-57.0,1054.9769,18.0,18.0,Super Ideal,F,SI1,1.02,IGI,1896.0
1460,Temperley,2,Round,1,1,0,11.06,637.0,624.51,627.0,-57.0,1053.5974,18.0,18.0,Super Ideal,F,SI1,1.02,IGI,1896.0
1461,Clermont Diamonds,2,Round,1,1,0,14.37,1646.0,818.91,1621.0,-62.0,3072.1841,18.0,18.0,Super Ideal,G,SI1,2.01,IGI,5902.5
1461,Michelle Kennedy,2,Round,1,1,0,10.87,1721.0,856.22,1695.0,-61.0,3135.5701,18.0,18.0,Super Ideal,G,SI1,2.01,IGI,5902.5
1461,Roma Diamonds,2,Round,1,1,0,14.21,2874.0,1429.85,2831.0,-32.0,3018.4092,18.0,18.0,Super Ideal,G,SI1,2.01,IGI,5902.5
1461,Temperley,2,Round,1,1,0,18.62,1723.0,857.21,1697.0,-60.0,3052.054,18.0,18.0,Super Ideal,G,SI1,2.01,IGI,5902.5
1461,White Lily,2,Round,1,1,0,18.37,1727.0,859.2,1701.0,-59.0,3050.2327,18.0,18.0,Super Ideal,G,SI1,2.01,IGI,5902.5
1465,Cirrus Gems,2,Round,1,1,0,15.37,1264.35,739.39,1245.0,-55.0,2012.8728,18.0,18.0,Super Ideal,I,VS1,1.71,IGI,3502.86
1465,Lotus Creation,2,Round,1,1,0,15.73,1263.0,738.6,1244.0,-55.0,1988.2286,18.0,18.0,Super Ideal,I,VS1,1.71,IGI,3502.86
1465,Temperley,2,Round,1,1,0,12.27,2294.0,1341.52,2260.0,-15.0,1927.0217,18.0,18.0,Super Ideal,I,VS1,1.71,IGI,3502.86
1465,White Lily,2,Round,1,1,0,12.37,1294.0,756.73,1275.0,-55.0,2041.4453,18.0,18.0,Super Ideal,I,VS1,1.71,IGI,3502.86
1467,Sonata Gems,2,Pear,1,2,0,14.96,332.0,553.33,327.0,-58.0,509.3425,15.0,15.0,Very Good,E,VS1,0.6,IGI,780.0
1468,Fabiola,2,Pear,1,1,0,10.4,760.0,745.1,749.0,-66.0,1448.3983,15.0,15.0,Very Good,G,VS1,1.02,IGI,2100.0
1468,Fuji Diamonds,2,Pear,1,1,0,20.29,746.0,731.37,735.0,-66.0,1423.2323,14.0,15.0,Very Good,G,VS1,1.02,IGI,2100.0
1468,Michelle Kennedy,2,Pear,2,3,0,21.94,785.0,769.61,773.0,-65.0,1447.0251,14.0,15.0,Very Good,G,VS1,1.02,IGI,2100.0
1468,Taiga Gems,2,Pear,1,1,0,19.61,755.0,740.2,744.0,-66.0,1447.037,15.0,15.0,Very Good,G,VS1,1.02,IGI,2100.0
1468,Vespera Gems,2,Pear,1,1,0,18.59,762.0,747.06,751.0,-64.0,1372.894,15.0,15.0,Very Good,G,VS1,1.02,IGI,2100.0
1482,Michelle Kennedy,2,Round,1,1,0,13.33,1601.95,1026.89,1578.0,-20.0,1430.0432,18.0,18.0,Ideal,J,VS2,1.56,IGI,2370.0
1488,Jane Brear,2,Round,1,1,0,24.45,621.88,675.96,613.0,-56.0,1011.2051,18.0,18.0,Super Ideal,G,VS1,0.92,IGI,1740.0
1488,Nova Stars,2,Round,1,1,0,40.57,589.0,640.22,580.0,-59.0,1029.8643,18.0,18.0,Super Ideal,G,VS1,0.92,IGI,1740.0
1489,Mei & Co,2,Princess,1,1,0,9.23,2346.21,1117.24,2311.0,-61.0,3800.7529,15.0,15.0,Super Ideal,G,VS2,2.1,IGI,6300.0
1489,Periwinkle Stones,2,Princess,1,1,0,17.3,2213.88,1054.23,2181.0,-62.0,3723.6492,15.0,15.0,Super Ideal,G,VS2,2.1,IGI,6300.0
1489,Serene Peaks Diamonds,2,Princess,1,1,0,17.9,2206.91,1050.91,2174.0,-63.0,3793.8535,15.0,15.0,Super Ideal,G,VS2,2.1,IGI,6300.0
1489,Taiga Gems,2,Princess,1,1,0,17.88,2159.15,1028.17,2127.0,-64.0,3777.0483,15.0,15.0,Super Ideal,G,VS2,2.1,IGI,6300.0
1489,Temperley,2,Princess,1,1,0,19.13,2384.89,1135.66,2349.0,-59.0,3702.3962,15.0,15.0,Super Ideal,G,VS2,2.1,IGI,6300.0
1493,Cut and Craft,2,Oval,1,2,0,16.42,3710.0,1232.56,3654.0,-66.0,7269.4131,15.0,15.0,Very Good,G,VS2,3.01,IGI,14870.0
1493,Jane Brear,2,Oval,1,1,0,12.23,3861.0,1282.72,3803.0,-64.0,7177.9609,14.0,15.0,Very Good,G,VS2,3.01,IGI,14870.0
1495,Cirrus Gems,2,Round,1,1,0,22.02,1647.0,866.84,1622.0,-54.0,2553.3782,18.0,18.0,Ideal,F,SI1,1.9,IGI,5180.0
1495,Taiga Gems,2,Round,1,1,0,16.99,1679.56,883.98,1654.0,-56.0,2716.9004,18.0,18.0,Ideal,F,SI1,1.9,IGI,5180.0
1504,Jane Brear,2,Round,1,1,0,15.55,786.05,873.39,774.0,-42.0,964.0535,18.0,18.0,Ideal,D,SI2,0.9,IGI,1490.0
1517,Clermont Diamonds,2,Round,1,1,0,13.57,777.0,642.15,765.0,-64.0,1530.286,18.0,18.0,Ideal,G,VS2,1.21,IGI,2520.0
1517,Fabiola,2,Round,1,1,0,12.8,777.0,642.15,765.0,-62.0,1477.3018,18.0,18.0,Ideal,G,VS2,1.21,IGI,2520.0
1517,Temperley,2,Round,1,1,0,12.74,776.0,641.32,764.0,-62.0,1460.1193,18.0,18.0,Ideal,G,VS2,1.21,IGI,2520.0
1517,White Lily,2,Round,1,1,0,13.99,791.0,653.72,779.0,-61.0,1470.7206,18.0,18.0,Ideal,G,VS2,1.21,IGI,2520.0
1521,Meadow & Co,2,Oval,1,1,0,12.38,433.82,602.53,427.0,-62.0,762.1646,15.0,15.0,Very Good,E,VVS1,0.72,IGI,1340.0
1527,Cirrus Gems,2,Round,1,1,0,20.52,1242.0,752.73,1223.0,-54.0,1951.2937,18.0,18.0,Ideal,H,VS1,1.65,IGI,3680.0
1527,Fiona Clément,2,Round,1,1,0,19.13,1278.0,774.55,1259.0,-55.0,2039.7543,18.0,18.0,Ideal,H,VS1,1.65,IGI,3680.0
1527,Michelle Kennedy,2,Round,1,1,0,20.92,1311.0,794.55,1291.0,-54.0,2045.4916,18.0,18.0,Ideal,H,VS1,1.65,IGI,3680.0
1528,Periwinkle Stones,2,Round,1,1,0,17.22,806.0,671.67,794.0,-58.0,1383.8127,18.0,18.0,Super Ideal,F,SI1,1.2,IGI,2220.0
1528,Taiga Gems,2,Round,1,1,0,13.3,799.98,666.65,788.0,-58.0,1371.3113,18.0,18.0,Super Ideal,F,SI1,1.2,IGI,2220.0
1529,Jane Brear,2,Princess,1,1,0,19.05,1842.47,916.65,1815.0,-58.0,2776.6511,15.0,15.0,Super Ideal,I,VS1,2.01,IGI,3980.0
1529,Nebula Stones,2,Princess,1,1,0,15.05,1685.0,838.31,1660.0,-61.0,2751.2998,15.0,15.0,Super Ideal,I,VS1,2.01,IGI,3980.0
1529,Taiga Gems,2,Princess,1,1,0,16.26,1623.84,807.88,1599.0,-62.0,2718.792,15.0,15.0,Super Ideal,I,VS1,2.01,IGI,3980.0
1534,White Lily,2,Round,1,1,0,13.66,1927.32,922.16,1898.0,-38.0,2239.2781,18.0,18.0,Super Ideal,J,SI1,2.09,IGI,3925.0
1538,Cirrus Gems,2,Round,1,1,0,21.31,997.0,733.09,982.0,-60.0,1805.0901,18.0,18.0,Super Ideal,G,VVS2,1.36,IGI,3370.0
1538,Clermont Diamonds,2,Round,1,1,0,10.95,1006.0,739.71,991.0,-61.0,1869.3292,18.0,18.0,Super Ideal,G,VVS2,1.36,IGI,3370.0
1538,Jane Brear,2,Round,1,1,0,14.46,1029.0,756.62,1014.0,-61.0,1899.0295,18.0,18.0,Super Ideal,G,VVS2,1.36,IGI,3370.0
1538,Sunset Gems,2,Round,1,1,0,20.69,1015.34,746.57,1000.0,-61.0,1863.8274,18.0,18.0,Super Ideal,G,VVS2,1.36,IGI,3370.0
1538,Taiga Gems,2,Round,1,1,0,13.19,985.42,724.57,971.0,-62.0,1857.0337,18.0,18.0,Super Ideal,G,VVS2,1.36,IGI,3370.0
1538,Temperley,2,Round,1,1,0,19.37,1040.77,765.27,1025.0,-60.0,1865.7924,18.0,18.0,Super Ideal,G,VVS2,1.36,IGI,3370.0
1538,White Lily,2,Round,1,1,0,19.95,1035.8,761.62,1020.0,-60.0,1869.3933,18.0,18.0,Super Ideal,G,VVS2,1.36,IGI,3370.0
1547,Michelle Kennedy,2,Round,1,1,0,18.48,932.0,745.6,918.0,-55.0,1493.2592,18.0,18.0,Super Ideal,H,VVS2,1.25,IGI,2490.0
1547,N. B. Diamonds,2,Round,1,1,0,21.7,909.0,727.2,895.0,-58.0,1554.735,18.0,18.0,Super Ideal,H,VVS2,1.25,IGI,2490.0
1547,Temperley,2,Round,1,1,0,16.75,961.0,768.8,947.0,-56.0,1552.3737,18.0,18.0,Super Ideal,H,VVS2,1.25,IGI,2490.0
1547,White Lily,2,Round,1,1,0,17.92,942.0,753.6,928.0,-56.0,1541.8585,18.0,18.0,Super Ideal,H,VVS2,1.25,IGI,2490.0
1551,Temperley,2,Round,1,1,0,9.22,2430.0,1197.04,2394.0,-29.0,2455.9126,18.0,18.0,Ideal,I,SI1,2.03,IGI,4267.5
1553,Emilia Sterling,2,Round,1,2,0,18.87,1233.0,765.84,1215.0,-46.0,1635.8149,18.0,18.0,Ideal,J,VS1,1.61,IGI,2647.5
1553,Michelle Kennedy,2,Round,1,1,0,15.95,1288.0,800.0,1269.0,-44.0,1644.2657,18.0,18.0,Ideal,J,VS1,1.61,IGI,2647.5
1557,Albert's Creations,2,Pear,2,2,0,16.42,336.0,646.15,331.0,-54.0,477.6369,15.0,15.0,Super Ideal,F,VVS2,0.52,IGI,650.0
1557,Jane Brear,2,Pear,2,2,0,20.25,345.52,664.46,340.0,-53.0,476.5,15.0,15.0,Super Ideal,F,VVS2,0.52,IGI,650.0
1561,Albert's Creations,2,Round,1,1,0,11.19,302.0,549.09,297.0,-52.0,453.4172,18.0,18.0,Ideal,E,SI1,0.55,IGI,662.5
1561,Marlowe & Co,2,Round,1,1,0,24.06,307.0,558.18,302.0,-51.0,449.6209,18.0,18.0,Ideal,E,SI1,0.55,IGI,662.5
1561,Michelle Kennedy,2,Round,1,1,0,12.2,324.0,589.09,319.0,-49.0,454.3119,18.0,18.0,Ideal,E,SI1,0.55,IGI,662.5
1561,Seraphina Gems,2,Round,1,1,0,19.65,311.0,565.45,306.0,-50.0,443.9919,18.0,18.0,Ideal,E,SI1,0.55,IGI,662.5
1565,Equinox Jewels,2,Round,1,1,0,14.38,311.0,493.65,306.0,-51.0,453.1347,18.0,18.0,Ideal,D,SI1,0.63,IGI,830.0
1565,Jane Brear,2,Round,1,1,0,14.46,401.98,638.06,396.0,-39.0,469.793,18.0,18.0,Ideal,D,SI1,0.63,IGI,830.0
1565,Lotus Creation,2,Round,1,1,0,17.37,322.0,511.11,317.0,-51.0,472.9518,18.0,18.0,Ideal,D,SI1,0.63,IGI,830.0
1565,Michelle Kennedy,2,Round,1,1,0,18.19,345.26,548.03,340.0,-47.0,469.7234,18.0,18.0,Ideal,D,SI1,0.63,IGI,830.0
1565,Woodhouse Diamonds,2,Round,1,1,0,15.45,311.0,493.65,306.0,-52.0,461.113,18.0,18.0,Ideal,D,SI1,0.63,IGI,830.0
1569,Meridian Crafts,2,Oval,1,2,0,14.65,332.0,562.71,327.0,-49.0,435.3795,15.0,15.0,Very Good,E,VS2,0.59,IGI,715.0
1569,Vega Diamonds,2,Oval,2,1,0,25.7,312.71,530.02,308.0,-41.0,357.4883,15.0,15.0,Very Good,E,VS2,0.59,IGI,715.0
1570,Michelle Kennedy,2,Round,2,1,0,15.24,1011.92,657.09,997.0,-53.0,1533.2788,18.0,18.0,Ideal,I,SI1,1.54,IGI,2570.0
1573,Sunset Gems,2,Pear,1,1,0,17.65,333.0,666.0,328.0,-42.0,374.9996,15.0,15.0,Super Ideal,D,SI1,0.5,IGI,600.0
1574,White Lily,2,Pear,2,2,0,16.21,537.3,1074.6,529.0,-27.0,476.5552,14.0,15.0,Very Good,F,VVS2,0.5,IGI,630.0
1578,Camden Gems,2,Round,1,1,0,12.85,2815.0,1121.51,2773.0,-64.0,5525.2974,18.0,18.0,Ideal,H,VVS2,2.51,IGI,9540.0
1578,Cirrus Gems,2,Round,1,1,0,19.76,2750.68,1095.89,2709.0,-66.0,5771.7778,18.0,18.0,Ideal,H,VVS2,2.51,IGI,9540.0
1578,Jane Brear,2,Round,1,1,0,13.37,2818.0,1122.71,2776.0,-64.0,5635.2803,18.0,18.0,Ideal,H,VVS2,2.51,IGI,9540.0
1578,Michelle Kennedy,2,Round,1,1,0,16.88,3017.0,1201.99,2972.0,-62.0,5634.4331,18.0,18.0,Ideal,H,VVS2,2.51,IGI,9540.0
1578,Taiga Gems,2,Round,1,1,0,9.69,2730.0,1087.65,2689.0,-65.0,5658.8281,18.0,18.0,Ideal,H,VVS2,2.51,IGI,9540.0
1578,Temperley,2,Round,1,1,0,15.31,2803.0,1116.73,2761.0,-64.0,5572.8169,18.0,18.0,Ideal,H,VVS2,2.51,IGI,9540.0
1578,White Lily,2,Round,1,1,0,13.33,2815.0,1121.51,2773.0,-64.0,5624.8169,18.0,18.0,Ideal,H,VVS2,2.51,IGI,9540.0
1585,Cirrus Gems,2,Round,1,1,0,22.42,993.14,746.72,978.0,-63.0,1907.9623,18.0,18.0,Ideal,G,VVS2,1.33,IGI,3320.0
1585,Sunset Gems,2,Round,2,1,0,21.94,1011.48,760.51,996.0,-62.0,1882.5114,18.0,18.0,Ideal,G,VVS2,1.33,IGI,3320.0
1585,Taiga Gems,2,Round,1,1,0,20.3,1010.92,760.09,996.0,-62.0,1881.1102,18.0,18.0,Ideal,G,VVS2,1.33,IGI,3320.0
1585,White Lily,2,Round,1,1,0,21.68,1032.81,776.55,1017.0,-61.0,1895.0771,18.0,18.0,Ideal,G,VVS2,1.33,IGI,3320.0
1589,Temperley,2,Round,1,1,0,14.28,1693.0,1092.26,1668.0,-27.0,1670.3301,18.0,18.0,Ideal,J,VS1,1.55,IGI,2653.33
1593,Cirrus Gems,2,Round,1,1,0,20.98,743.17,629.81,732.0,-58.0,1261.4877,18.0,18.0,Ideal,F,VS2,1.18,IGI,2290.0
1593,Jane Brear,2,Round,1,1,0,15.47,779.0,660.17,767.0,-55.0,1247.3481,17.0,18.0,Ideal,F,VS2,1.18,IGI,2290.0
1593,White Lily,2,Round,1,1,0,14.52,779.0,660.17,767.0,-55.0,1251.579,18.0,18.0,Ideal,F,VS2,1.18,IGI,2290.0
1598,Bonsai Gems,2,Radiant,1,1,0,20.26,4477.02,1622.11,4410.0,-65.0,8234.6973,15.0,15.0,Super Ideal,D,VS1,2.76,IGI,15500.0
1598,Marlowe & Co,2,Radiant,1,1,0,12.77,4608.84,1669.87,4540.0,-64.0,8241.5811,15.0,15.0,Super Ideal,D,VS1,2.76,IGI,15500.0
1598,Michelle Kennedy,2,Radiant,1,1,0,15.22,4584.0,1660.87,4515.0,-64.0,8169.7256,15.0,15.0,Super Ideal,D,VS1,2.76,IGI,15500.0
1598,Temperley,2,Radiant,1,1,0,13.39,4368.0,1582.61,4302.0,-65.0,8166.2314,15.0,15.0,Super Ideal,D,VS1,2.76,IGI,15500.0
1602,Diamonds by Zoya,2,Oval,2,2,0,15.44,306.0,784.62,301.0,-60.0,521.626,15.0,15.0,Super Ideal,E,VVS2,0.39,IGI,410.0
1602,Jane Brear,2,Oval,1,2,0,12.67,319.46,819.13,315.0,-51.0,440.7796,15.0,15.0,Super Ideal,E,VVS2,0.39,IGI,410.0
1602,Temperley,2,Oval,1,1,0,15.72,319.46,819.13,315.0,-53.0,460.829,15.0,15.0,Super Ideal,E,VVS2,0.39,IGI,410.0
1602,White Lily,2,Oval,1,1,0,12.27,319.46,819.13,315.0,-52.0,447.2118,15.0,15.0,Super Ideal,E,VVS2,0.39,IGI,410.0
1606,Albert's Creations,2,Round,1,1,0,10.92,1070.0,781.02,1054.0,-54.0,1657.5361,18.0,18.0,Ideal,E,VS1,1.37,IGI,3520.0
1606,Bayside Gems,2,Round,1,1,0,14.2,1053.94,769.3,1038.0,-55.0,1693.6333,18.0,18.0,Ideal,E,VS1,1.37,IGI,3520.0
1606,Camden Gems,2,Round,1,1,0,13.05,1043.76,761.87,1028.0,-55.0,1661.5332,18.0,18.0,Ideal,E,VS1,1.37,IGI,3520.0
1606,Cirrus Gems,2,Round,1,1,0,92.58,1033.0,754.01,1018.0,-56.0,1665.5547,18.0,18.0,Ideal,E,VS1,1.37,IGI,3520.0
1606,Ember Star,2,Round,1,1,0,16.23,1025.95,748.87,1011.0,-57.0,1693.9602,18.0,18.0,Ideal,E,VS1,1.37,IGI,3520.0
1606,Emilia Sterling,2,Round,1,1,0,13.52,1046.0,763.5,1030.0,-55.0,1654.0989,18.0,18.0,Ideal,E,VS1,1.37,IGI,3520.0
1606,Eternity Fine Jewelers,2,Round,1,1,0,12.28,1064.65,777.12,1049.0,-53.0,1631.6979,18.0,18.0,Ideal,E,VS1,1.37,IGI,3520.0
1606,Fiona Clément,2,Round,1,1,0,12.74,1047.0,764.23,1031.0,-56.0,1709.1605,18.0,18.0,Ideal,E,VS1,1.37,IGI,3520.0
1606,Gemstone Harmony,2,Round,1,1,0,11.83,1061.0,774.45,1045.0,-54.0,1640.0811,18.0,18.0,Ideal,E,VS1,1.37,IGI,3520.0
1606,Jane Brear,2,Round,1,1,0,16.22,1112.82,812.28,1096.0,-51.0,1632.97,18.0,18.0,Ideal,E,VS1,1.37,IGI,3520.0
1606,Lotus Creation,2,Round,1,1,0,17.06,1057.8,772.12,1042.0,-55.0,1684.1682,18.0,18.0,Ideal,E,VS1,1.37,IGI,3520.0
1606,Marlowe & Co,2,Round,1,1,0,14.9,1077.0,786.13,1061.0,-54.0,1678.9108,18.0,18.0,Ideal,E,VS1,1.37,IGI,3520.0
1606,Mei & Co,2,Round,1,1,0,11.58,1050.72,766.95,1035.0,-54.0,1652.219,18.0,18.0,Ideal,E,VS1,1.37,IGI,3520.0
1606,Michelle Kennedy,2,Round,1,1,0,15.43,1112.82,812.28,1096.0,-52.0,1659.4225,18.0,18.0,Ideal,E,VS1,1.37,IGI,3520.0
1606,Oasis Diamonds,2,Round,1,1,0,13.88,1106.44,807.62,1090.0,-53.0,1670.0491,18.0,18.0,Ideal,E,VS1,1.37,IGI,3520.0
1606,Periwinkle Stones,2,Round,1,1,0,7.89,1086.0,792.7,1070.0,-54.0,1673.0049,18.0,18.0,Ideal,E,VS1,1.37,IGI,3520.0
1606,Promenade Jewelry,2,Round,1,1,0,16.72,1039.47,758.74,1024.0,-56.0,1683.6857,18.0,18.0,Ideal,E,VS1,1.37,IGI,3520.0
1606,Silva Diamonds,2,Round,1,1,0,14.28,1054.0,769.34,1038.0,-55.0,1662.6516,18.0,18.0,Ideal,E,VS1,1.37,IGI,3520.0
1606,Starlit Stones,2,Round,1,1,0,72.07,1068.0,779.56,1052.0,-55.0,1690.9489,18.0,18.0,Ideal,E,VS1,1.37,IGI,3520.0
1606,Tamara,2,Round,1,1,0,11.26,1089.0,794.89,1073.0,-53.0,1668.2888,18.0,18.0,Ideal,E,VS1,1.37,IGI,3520.0
1606,Temperley,2,Round,1,1,0,12.93,1085.54,792.36,1069.0,-55.0,1710.2462,18.0,18.0,Ideal,E,VS1,1.37,IGI,3520.0
1606,Vega Diamonds,2,Round,1,1,0,11.58,1038.0,757.66,1022.0,-56.0,1707.6799,18.0,18.0,Ideal,E,VS1,1.37,IGI,3520.0
1606,Voyage Diamonds,2,Round,1,1,0,17.55,1135.02,828.48,1118.0,-52.0,1680.4801,18.0,18.0,Ideal,E,VS1,1.37,IGI,3520.0
1606,White Lily,2,Round,1,1,0,13.07,1097.48,801.08,1081.0,-53.0,1663.9698,18.0,18.0,Ideal,E,VS1,1.37,IGI,3520.0
1622,Clermont Diamonds,2,Round,1,1,0,12.77,1525.0,754.95,1502.0,-54.0,2397.7639,18.0,18.0,Super Ideal,H,SI1,2.02,IGI,4690.0
1622,Michelle Kennedy,2,Round,1,1,0,17.2,1611.8,797.92,1588.0,-53.0,2454.9573,18.0,18.0,Super Ideal,H,SI1,2.02,IGI,4690.0
1622,Roma Diamonds,2,Round,1,1,0,11.47,2787.0,1379.7,2745.0,-15.0,2359.0413,18.0,18.0,Super Ideal,H,SI1,2.02,IGI,4690.0
1622,Taiga Gems,2,Round,1,1,0,15.01,1702.44,842.79,1677.0,-48.0,2331.3088,18.0,18.0,Super Ideal,H,SI1,2.02,IGI,4690.0
1624,55 E Diamonds,2,Princess,1,1,0,13.27,1406.0,931.13,1385.0,-62.0,2379.2878,15.0,15.0,Super Ideal,F,VS2,1.51,IGI,5510.0
1624,Cirrus Gems,2,Princess,1,1,0,15.41,1412.0,935.1,1391.0,-62.0,2348.4111,15.0,15.0,Super Ideal,F,VS2,1.51,IGI,5510.0
1624,Fabiola,2,Princess,1,1,0,13.57,1414.0,936.42,1393.0,-63.0,2424.9226,15.0,15.0,Super Ideal,F,VS2,1.51,IGI,5510.0
1624,Jane Brear,2,Princess,1,1,0,11.91,1419.0,939.74,1398.0,-63.0,2412.6277,15.0,15.0,Super Ideal,F,VS2,1.51,IGI,5510.0
1624,Marlowe & Co,2,Princess,1,1,0,15.31,1641.0,1086.75,1616.0,-56.0,2390.7412,15.0,15.0,Super Ideal,F,VS2,1.51,IGI,5510.0
1624,Michelle Kennedy,2,Princess,1,1,0,17.4,1442.0,954.97,1420.0,-62.0,2412.6277,15.0,15.0,Super Ideal,F,VS2,1.51,IGI,5510.0
1624,Roma Diamonds,2,Princess,1,1,0,10.5,1415.0,937.09,1394.0,-61.0,2329.3567,15.0,15.0,Super Ideal,F,VS2,1.51,IGI,5510.0
1624,Serene Peaks Diamonds,2,Princess,1,1,0,15.19,1435.0,950.33,1413.0,-62.0,2389.4062,15.0,15.0,Super Ideal,F,VS2,1.51,IGI,5510.0
1624,Thalassa Gems,2,Princess,2,2,0,17.37,1399.96,927.13,1379.0,-63.0,2386.7358,15.0,15.0,Super Ideal,F,VS2,1.51,IGI,5510.0
1624,The Diamond Source,2,Princess,1,2,0,16.23,1404.94,930.42,1384.0,-63.0,2390.0735,15.0,15.0,Super Ideal,F,VS2,1.51,IGI,5510.0
1624,White Lily,2,Princess,1,1,0,13.54,1424.0,943.05,1403.0,-62.0,2381.9729,15.0,15.0,Super Ideal,F,VS2,1.51,IGI,5510.0
1628,Dahlia Diamonds,2,Oval,1,1,0,19.66,2578.04,1188.04,2539.0,-58.0,4105.8789,15.0,15.0,Super Ideal,E,VS2,2.17,IGI,7660.0
1628,Jane Brear,2,Oval,1,1,0,12.6,2560.0,1179.72,2522.0,-57.0,3978.5837,15.0,15.0,Super Ideal,E,VS2,2.17,IGI,7660.0
1628,Leann’s Diamonds,2,Oval,1,1,0,20.29,2850.68,1313.68,2808.0,-53.0,4065.9189,15.0,15.0,Super Ideal,E,VS2,2.17,IGI,7660.0
1628,N. B. Diamonds,2,Oval,1,1,0,20.69,2593.0,1194.93,2554.0,-57.0,4051.8726,15.0,15.0,Super Ideal,E,VS2,2.17,IGI,7660.0
1631,Diamonds by Zoya,2,Oval,2,2,0,82.24,304.0,608.0,299.0,-64.0,575.688,15.0,15.0,Very Good,F,VVS2,0.5,IGI,650.0
1634,Clermont Diamonds,2,Round,1,1,0,13.58,986.0,770.31,971.0,-63.0,1887.6139,18.0,18.0,Ideal,E,VVS2,1.28,IGI,3655.0
1634,Cornerstone,2,Round,1,1,0,11.15,1005.0,785.16,990.0,-62.0,1895.8287,18.0,18.0,Ideal,E,VVS2,1.28,IGI,3655.0
1634,Emilia Sterling,2,Round,1,1,0,12.84,961.0,750.78,947.0,-64.0,1893.7085,18.0,18.0,Ideal,E,VVS2,1.28,IGI,3655.0
1634,Fabiola,2,Round,1,1,0,14.54,968.0,756.25,953.0,-63.0,1853.8605,18.0,18.0,Ideal,E,VVS2,1.28,IGI,3655.0
1634,Gemstone Harmony,2,Round,1,1,0,12.21,980.0,765.62,965.0,-63.0,1921.5382,18.0,18.0,Ideal,E,VVS2,1.28,IGI,3655.0
1634,Genesis Stones,2,Round,1,1,0,11.05,1092.0,853.12,1076.0,-59.0,1904.959,18.0,18.0,Ideal,E,VVS2,1.28,IGI,3655.0
1634,Jane Brear,2,Round,1,1,0,10.41,989.0,772.66,974.0,-63.0,1918.0326,18.0,18.0,Ideal,E,VVS2,1.28,IGI,3655.0
1634,Joan Cooper,2,Round,1,1,0,20.69,968.0,756.25,953.0,-64.0,1912.7104,18.0,18.0,Ideal,E,VVS2,1.28,IGI,3655.0
1634,Komorebi Diamonds,2,Round,1,1,0,20.24,971.12,758.69,957.0,-64.0,1907.4054,18.0,18.0,Ideal,E,VVS2,1.28,IGI,3655.0
1634,Marlowe & Co,2,Round,1,1,0,14.26,988.0,771.88,973.0,-63.0,1890.5925,18.0,18.0,Ideal,E,VVS2,1.28,IGI,3655.0
1634,Meridian Gems,2,Round,1,1,0,17.33,979.0,764.84,964.0,-63.0,1902.4208,18.0,18.0,Ideal,E,VVS2,1.28,IGI,3655.0
1634,Michelle Kennedy,2,Round,1,1,0,18.36,1011.92,790.56,997.0,-62.0,1921.3499,18.0,18.0,Ideal,E,VVS2,1.28,IGI,3655.0
1634,Oasis Diamonds,2,Round,1,1,0,10.06,1031.0,805.47,1016.0,-61.0,1883.944,18.0,18.0,Ideal,E,VVS2,1.28,IGI,3655.0
1634,Periwinkle Stones,2,Round,1,1,0,11.36,1021.0,797.66,1006.0,-62.0,1926.9517,18.0,18.0,Ideal,E,VVS2,1.28,IGI,3655.0
1634,Promenade Jewelry,2,Round,1,1,0,18.26,1003.96,784.34,989.0,-62.0,1906.7345,18.0,18.0,Ideal,E,VVS2,1.28,IGI,3655.0
1634,Roma Diamonds,2,Round,1,1,0,13.43,1737.0,1357.03,1711.0,-33.0,1865.5416,18.0,18.0,Ideal,E,VVS2,1.28,IGI,3655.0
1634,Silva Diamonds,2,Round,1,1,0,14.51,969.0,757.03,954.0,-63.0,1891.333,18.0,18.0,Ideal,E,VVS2,1.28,IGI,3655.0
1634,Simetría,2,Round,1,1,0,15.89,986.04,770.34,971.0,-62.0,1861.3578,18.0,18.0,Ideal,E,VVS2,1.28,IGI,3655.0
1634,Tamara,2,Round,1,1,0,16.22,995.0,777.34,980.0,-63.0,1900.399,18.0,18.0,Ideal,E,VVS2,1.28,IGI,3655.0
1634,Temperley,2,Round,1,1,0,14.28,989.0,772.66,974.0,-63.0,1903.8812,18.0,18.0,Ideal,E,VVS2,1.28,IGI,3655.0
1634,Tilia Diamonds,2,Round,1,1,0,15.16,982.06,767.23,967.0,-62.0,1863.5197,18.0,18.0,Ideal,E,VVS2,1.28,IGI,3655.0
1637,White Lily,2,Round,1,1,0,14.41,2187.0,1195.08,2154.0,-26.0,2125.0039,18.0,18.0,Ideal,I,SI1,1.83,IGI,3480.0
1638,55 E Diamonds,2,Oval,1,1,0,17.59,1092.55,1030.71,1076.0,-64.0,2021.2084,15.0,15.0,Super Ideal,D,VVS2,1.06,IGI,3170.0
1638,Avignon Diamonds,2,Oval,1,1,0,62.41,1092.55,1030.71,1076.0,-64.0,2035.3153,15.0,15.0,Super Ideal,D,VVS2,1.06,IGI,3170.0
1638,Bayside Gems,2,Oval,1,1,0,12.23,1087.54,1025.98,1071.0,-64.0,2036.6116,15.0,15.0,Super Ideal,D,VVS2,1.06,IGI,3170.0
1638,Blackbird Gems,2,Oval,1,1,0,12.75,1092.51,1030.67,1076.0,-63.0,2016.0856,15.0,15.0,Super Ideal,D,VVS2,1.06,IGI,3170.0
1638,Cirrus Gems,2,Oval,1,2,0,13.83,1083.86,1022.51,1068.0,-64.0,2034.6984,15.0,15.0,Super Ideal,D,VVS2,1.06,IGI,3170.0
1638,Clermont Diamonds,2,Oval,1,1,0,13.06,1093.5,1031.6,1077.0,-63.0,1989.3217,15.0,15.0,Super Ideal,D,VVS2,1.06,IGI,3170.0
1638,Ember Star,2,Oval,1,1,0,17.77,1052.98,993.38,1037.0,-65.0,2029.3856,15.0,15.0,Super Ideal,D,VVS2,1.06,IGI,3170.0
1638,Equinox Jewels,2,Oval,1,1,0,11.79,1083.0,1021.7,1067.0,-65.0,2068.9302,15.0,15.0,Super Ideal,D,VVS2,1.06,IGI,3170.0
1638,Eternity Fine Jewelers,2,Oval,1,1,0,12.59,1101.46,1039.11,1085.0,-63.0,2027.6664,15.0,15.0,Super Ideal,D,VVS2,1.06,IGI,3170.0
1638,Felicity Diamonds,2,Oval,1,1,0,13.1,1086.54,1025.04,1070.0,-64.0,2034.7366,15.0,15.0,Super Ideal,D,VVS2,1.06,IGI,3170.0
1638,Fuji Diamonds,2,Oval,1,2,0,13.72,1096.0,1033.96,1080.0,-64.0,2035.3153,15.0,15.0,Super Ideal,D,VVS2,1.06,IGI,3170.0
1638,Hoseki,2,Oval,1,1,0,11.72,1103.46,1041.0,1087.0,-64.0,2075.1313,15.0,15.0,Super Ideal,D,VVS2,1.06,IGI,3170.0
1638,Infinity Diamonds,2,Oval,1,1,0,17.58,1093.0,1031.13,1077.0,-63.0,2006.087,15.0,15.0,Super Ideal,D,VVS2,1.06,IGI,3170.0
1638,Ithaca Diamonds,2,Oval,1,1,0,14.05,1092.0,1030.19,1076.0,-63.0,2014.3268,15.0,15.0,Super Ideal,D,VVS2,1.06,IGI,3170.0
1638,Jane Brear,2,Oval,1,1,0,14.57,1094.48,1032.53,1078.0,-64.0,2038.0599,15.0,15.0,Super Ideal,D,VVS2,1.06,IGI,3170.0
1638,Joan Cooper,2,Oval,1,2,0,14.41,1079.58,1018.47,1063.0,-64.0,2036.5607,15.0,15.0,Super Ideal,D,VVS2,1.06,IGI,3170.0
1638,Marlene Crafts,2,Oval,1,1,0,17.58,1079.0,1017.92,1063.0,-65.0,2057.7734,15.0,15.0,Super Ideal,D,VVS2,1.06,IGI,3170.0
1638,Marlowe & Co,2,Oval,1,1,0,13.78,1099.48,1037.25,1083.0,-64.0,2050.874,15.0,15.0,Super Ideal,D,VVS2,1.06,IGI,3170.0
1638,Mei & Co,2,Oval,1,1,0,9.96,1091.52,1029.74,1075.0,-64.0,2015.5579,15.0,15.0,Super Ideal,D,VVS2,1.06,IGI,3170.0
1638,Meridian Crafts,2,Oval,1,1,0,13.72,1093.0,1031.13,1077.0,-64.0,2061.8599,15.0,15.0,Super Ideal,D,VVS2,1.06,IGI,3170.0
1638,Riviera Jewels,2,Oval,1,1,0,12.83,1097.48,1035.36,1081.0,-63.0,2021.651,15.0,15.0,Super Ideal,D,VVS2,1.06,IGI,3170.0
1638,Roma Diamonds,2,Oval,1,1,0,14.51,1098.0,1035.85,1082.0,-64.0,2058.0078,15.0,15.0,Super Ideal,D,VVS2,1.06,IGI,3170.0
1638,Rosella,2,Oval,1,1,0,13.56,1061.0,1000.94,1045.0,-65.0,2029.5125,15.0,15.0,Super Ideal,D,VVS2,1.06,IGI,3170.0
1638,Seraphina Gems,2,Oval,1,1,0,14.99,1094.0,1032.08,1078.0,-64.0,2021.2084,15.0,15.0,Super Ideal,D,VVS2,1.06,IGI,3170.0
1638,Sonata Gems,2,Oval,1,1,0,13.22,1096.0,1033.96,1080.0,-63.0,2016.5657,15.0,15.0,Super Ideal,D,VVS2,1.06,IGI,3170.0
1638,Taiga Gems,2,Oval,1,1,0,12.01,1097.0,1034.91,1081.0,-64.0,2037.9185,15.0,15.0,Super Ideal,D,VVS2,1.06,IGI,3170.0
1638,Temperley,2,Oval,1,1,0,16.22,1088.69,1027.07,1072.0,-64.0,2022.3154,15.0,15.0,Super Ideal,D,VVS2,1.06,IGI,3170.0
1638,Tierra Mia Diamonds,2,Oval,1,1,0,14.18,1095.0,1033.02,1079.0,-64.0,2030.7599,15.0,15.0,Super Ideal,D,VVS2,1.06,IGI,3170.0
1638,Vega Diamonds,2,Oval,1,1,0,14.05,1059.73,999.75,1044.0,-64.0,1982.8822,15.0,15.0,Super Ideal,D,VVS2,1.06,IGI,3170.0
1638,Westport Jewelry,2,Oval,1,1,0,12.57,1070.0,1009.43,1054.0,-65.0,2031.266,15.0,15.0,Super Ideal,D,VVS2,1.06,IGI,3170.0
1638,White Lily,2,Oval,1,1,0,12.14,1101.0,1038.68,1084.0,-64.0,2048.8408,15.0,15.0,Super Ideal,D,VVS2,1.06,IGI,3170.0
1639,Emilia Sterling,2,Round,1,1,0,15.33,2144.56,957.39,2112.0,-54.0,3307.6328,18.0,18.0,Super Ideal,I,VS1,2.24,IGI,5425.0
1641,Bayside Gems,2,Oval,1,1,0,13.53,2196.96,1408.31,2164.0,-59.0,3568.4641,15.0,15.0,Very Good,D,VVS2,1.56,IGI,6150.0
1641,Cornerstone,2,Oval,1,1,0,11.89,2281.0,1462.18,2247.0,-57.0,3590.5024,15.0,15.0,Very Good,D,VVS2,1.56,IGI,6150.0
1641,Ember Star,2,Oval,1,1,0,15.4,2104.03,1348.74,2072.0,-60.0,3570.98,15.0,15.0,Very Good,D,VVS2,1.56,IGI,6150.0
1641,Eternity Fine Jewelers,2,Oval,1,1,0,13.35,2188.0,1402.56,2155.0,-58.0,3542.8306,15.0,15.0,Very Good,D,VVS2,1.56,IGI,6150.0
1641,Kenmare Diamonds,2,Oval,1,1,0,17.63,2142.24,1373.23,2110.0,-59.0,3561.6284,14.0,15.0,Very Good,D,VVS2,1.56,IGI,6150.0
1641,Michelle Kennedy,2,Oval,1,1,0,16.83,2229.0,1428.85,2196.0,-58.0,3542.2585,14.0,15.0,Very Good,D,VVS2,1.56,IGI,6150.0
1641,Pegasus Diamonds,2,Oval,1,1,0,15.08,2322.0,1488.46,2287.0,-56.0,3554.2783,15.0,15.0,Very Good,D,VVS2,1.56,IGI,6150.0
1641,Rosella,2,Oval,1,1,0,17.42,2150.0,1378.21,2118.0,-59.0,3509.4043,15.0,15.0,Very Good,D,VVS2,1.56,IGI,6150.0
1641,Seraphina Gems,2,Oval,1,1,0,15.02,2158.0,1383.33,2126.0,-59.0,3547.4758,15.0,15.0,Very Good,D,VVS2,1.56,IGI,6150.0
1641,Taiga Gems,2,Oval,1,1,0,14.54,2161.14,1385.35,2129.0,-59.0,3589.8171,15.0,15.0,Very Good,D,VVS2,1.56,IGI,6150.0
1641,Temperley,2,Oval,1,1,0,14.81,2189.0,1403.21,2156.0,-58.0,3505.9368,15.0,15.0,Very Good,D,VVS2,1.56,IGI,6150.0
1641,White Lily,2,Oval,1,1,0,12.13,2171.09,1391.72,2139.0,-58.0,3517.6577,15.0,15.0,Very Good,D,VVS2,1.56,IGI,6150.0
1642,Jane Brear,2,Round,1,1,0,13.64,1056.84,935.26,1041.0,-51.0,1538.7664,18.0,18.0,Super Ideal,F,VVS1,1.13,IGI,3435.0
1642,Temperley,2,Round,1,1,0,13.78,1021.0,903.54,1006.0,-51.0,1505.324,18.0,18.0,Super Ideal,F,VVS1,1.13,IGI,3435.0
1642,Verve Jewels,2,Round,1,1,0,16.44,998.0,883.19,983.0,-53.0,1535.4346,18.0,18.0,Super Ideal,F,VVS1,1.13,IGI,3435.0
1642,White Lily,2,Round,1,1,0,12.6,1024.0,906.19,1009.0,-52.0,1543.3925,18.0,18.0,Super Ideal,F,VVS1,1.13,IGI,3435.0
1643,Jane Brear,2,Round,1,2,0,7.23,2412.0,1200.0,2376.0,-30.0,2473.5132,16.0,18.0,Very Good,I,SI1,2.01,IGI,4110.0
1643,Temperley,2,Round,1,1,0,7.05,2412.0,1200.0,2376.0,-31.0,2487.3657,17.0,18.0,Very Good,I,SI1,2.01,IGI,4110.0
1645,Jane Brear,2,Princess,1,1,0,11.6,416.0,513.58,410.0,-58.0,635.615,15.0,15.0,Super Ideal,E,VS1,0.81,IGI,1460.0
1645,Marble Arch,2,Princess,1,1,0,11.6,363.0,448.15,358.0,-64.0,645.3291,15.0,15.0,Super Ideal,E,VS1,0.81,IGI,1460.0
1645,Meridian Crafts,2,Princess,1,1,0,14.05,368.0,454.32,362.0,-62.0,614.0624,15.0,15.0,Super Ideal,E,VS1,0.81,IGI,1460.0
1648,Clermont Diamonds,2,Round,1,1,0,10.23,1268.0,792.5,1249.0,-55.0,2001.5469,18.0,18.0,Ideal,H,VS1,1.6,IGI,3680.0
1648,Michelle Kennedy,2,Round,1,1,0,15.97,1318.38,823.99,1299.0,-53.0,2002.6381,18.0,18.0,Ideal,H,VS1,1.6,IGI,3680.0
1648,Nova Stars,2,Round,1,1,0,11.9,1266.0,791.25,1247.0,-55.0,2019.561,18.0,18.0,Ideal,H,VS1,1.6,IGI,3680.0
1655,Marlowe & Co,2,Round,1,1,0,12.53,782.0,710.91,770.0,-56.0,1274.6609,17.0,18.0,Very Good,F,VS1,1.1,IGI,2760.0
1656,Cirrus Gems,2,Round,1,1,0,18.17,1108.0,738.67,1091.0,-54.0,1735.7754,18.0,18.0,Super Ideal,H,VS2,1.5,IGI,3433.33
1656,Clermont Diamonds,2,Round,1,1,0,11.72,1084.0,722.67,1068.0,-56.0,1756.4952,18.0,18.0,Super Ideal,H,VS2,1.5,IGI,3433.33
1656,Serene Peaks Diamonds,2,Round,1,1,0,10.06,1127.0,751.33,1110.0,-55.0,1777.5336,18.0,18.0,Super Ideal,H,VS2,1.5,IGI,3433.33
1657,Temperley,2,Round,1,1,0,12.2,4219.8,1562.89,4157.0,-7.0,3258.8811,18.0,18.0,Ideal,J,VS1,2.7,IGI,7290.0
1660,Eternity Fine Jewelers,2,Round,1,1,0,10.94,386.06,632.89,380.0,-55.0,614.4758,18.0,18.0,Super Ideal,D,VVS2,0.61,IGI,1080.0
1660,Infinity Diamonds,2,Round,1,1,0,11.57,346.0,567.21,341.0,-61.0,640.634,18.0,18.0,Super Ideal,D,VVS2,0.61,IGI,1080.0
1660,Iris Diamonds,2,Round,1,1,0,12.15,700.0,1147.54,690.0,-20.0,629.192,18.0,18.0,Super Ideal,D,VVS2,0.61,IGI,1080.0
1660,Marlowe & Co,2,Round,1,1,0,22.04,396.0,649.18,390.0,-55.0,627.6653,18.0,18.0,Super Ideal,D,VVS2,0.61,IGI,1080.0
1660,Michelle Kennedy,2,Round,2,2,0,14.43,361.0,591.8,356.0,-54.0,561.4738,18.0,18.0,Super Ideal,D,VVS2,0.61,IGI,1080.0
1660,Promenade Jewelry,2,Round,1,1,0,27.69,330.0,540.98,325.0,-64.0,651.0953,18.0,18.0,Super Ideal,D,VVS2,0.61,IGI,1080.0
1660,White Lily,2,Round,1,1,0,10.54,365.0,598.36,360.0,-57.0,603.8643,18.0,18.0,Super Ideal,D,VVS2,0.61,IGI,1080.0
1668,Emilia Sterling,2,Round,1,1,0,14.68,3715.0,1285.47,3659.0,-64.0,7309.6812,18.0,18.0,Ideal,F,VS1,2.89,IGI,16470.0
1668,Michelle Kennedy,2,Round,1,1,0,17.82,3726.0,1289.27,3670.0,-63.0,7128.2407,18.0,18.0,Ideal,F,VS1,2.89,IGI,16470.0
1668,Nebula Stones,2,Round,1,1,0,15.65,3933.24,1360.98,3874.0,-61.0,7167.6729,18.0,18.0,Ideal,F,VS1,2.89,IGI,16470.0
1668,Periwinkle Stones,2,Round,1,1,0,16.7,3886.0,1344.64,3828.0,-62.0,7311.9536,18.0,18.0,Ideal,F,VS1,2.89,IGI,16470.0
1668,Taiga Gems,2,Round,1,1,0,15.03,3705.0,1282.01,3649.0,-65.0,7479.8687,18.0,18.0,Ideal,F,VS1,2.89,IGI,16470.0
1668,Westport Jewelry,2,Round,1,1,0,13.81,3690.0,1276.82,3635.0,-65.0,7448.2397,18.0,18.0,Ideal,F,VS1,2.89,IGI,16470.0
1674,Jane Brear,2,Round,1,1,0,18.53,1288.52,740.53,1269.0,-48.0,1780.0463,18.0,18.0,Super Ideal,H,VS2,1.74,IGI,3910.0
1674,Taiga Gems,2,Round,1,1,0,19.66,1262.0,725.29,1243.0,-49.0,1757.0847,18.0,18.0,Super Ideal,H,VS2,1.74,IGI,3910.0
1676,Serenity Stones,2,Pear,1,1,0,15.45,1117.0,739.74,1100.0,-55.0,1609.5463,14.0,15.0,Very Good,I,SI1,1.51,IGI,2555.0
1677,Camden Gems,2,Round,1,1,0,14.07,1407.0,901.92,1386.0,-65.0,2843.8826,18.0,18.0,Super Ideal,G,VVS2,1.56,IGI,4530.0
1677,Cirrus Gems,2,Round,1,1,0,15.23,1406.22,901.42,1385.0,-65.0,2889.1418,18.0,18.0,Super Ideal,G,VVS2,1.56,IGI,4530.0
1677,Clermont Diamonds,2,Round,1,1,0,13.15,1420.0,910.26,1399.0,-65.0,2876.6599,18.0,18.0,Super Ideal,G,VVS2,1.56,IGI,4530.0
1677,Eterna Luxe,2,Round,1,1,0,13.17,1411.0,904.49,1390.0,-65.0,2855.2676,18.0,18.0,Super Ideal,G,VVS2,1.56,IGI,4530.0
1677,Jane Brear,2,Round,1,1,0,13.32,1450.71,929.94,1429.0,-64.0,2880.2979,18.0,18.0,Super Ideal,G,VVS2,1.56,IGI,4530.0
1677,Meridian Crafts,2,Round,1,1,0,12.67,1457.0,933.97,1435.0,-64.0,2865.4097,18.0,18.0,Super Ideal,G,VVS2,1.56,IGI,4530.0
1677,Michelle Kennedy,2,Round,2,1,0,12.95,1447.72,928.03,1426.0,-64.0,2903.4353,18.0,18.0,Super Ideal,G,VVS2,1.56,IGI,4530.0
1677,Temperley,2,Round,1,1,0,14.94,1427.0,914.74,1406.0,-64.0,2828.1794,18.0,18.0,Super Ideal,G,VVS2,1.56,IGI,4530.0
1677,Westport Jewelry,2,Round,1,1,0,12.17,1381.0,885.26,1360.0,-66.0,2919.3923,18.0,18.0,Super Ideal,G,VVS2,1.56,IGI,4530.0
1677,White Lily,2,Round,1,1,0,14.64,1448.0,928.21,1426.0,-64.0,2870.3088,18.0,18.0,Super Ideal,G,VVS2,1.56,IGI,4530.0
1679,Taiga Gems,2,Oval,1,1,0,13.72,3402.0,1100.97,3351.0,-61.0,5916.0171,15.0,15.0,Very Good,I,VVS2,3.09,IGI,10330.0
1680,55 E Diamonds,2,Round,1,1,0,12.44,814.0,805.94,802.0,-56.0,1313.1396,18.0,18.0,Ideal,F,VVS2,1.01,IGI,2643.08
1680,CV Diamonds,2,Round,1,1,0,13.13,817.0,808.91,805.0,-56.0,1339.6173,18.0,18.0,Ideal,F,VVS2,1.01,IGI,2643.08
1680,Camden Gems,2,Round,1,1,0,16.54,785.0,777.23,773.0,-58.0,1335.4653,18.0,18.0,Ideal,F,VVS2,1.01,IGI,2643.08
1680,Clermont Diamonds,2,Round,1,1,0,14.94,806.0,798.02,794.0,-57.0,1346.1959,18.0,18.0,Ideal,F,VVS2,1.01,IGI,2643.08
1680,Fabiola,2,Round,1,1,0,12.13,804.0,796.04,792.0,-58.0,1354.9115,17.0,18.0,Ideal,F,VVS2,1.01,IGI,2643.08
1680,Jane Brear,2,Round,1,1,0,12.36,839.78,831.47,827.0,-54.0,1314.8867,18.0,18.0,Ideal,F,VVS2,1.01,IGI,2643.08
1680,Marlowe & Co,2,Round,1,1,0,10.49,820.0,811.88,808.0,-56.0,1346.313,18.0,18.0,Ideal,F,VVS2,1.01,IGI,2643.08
1680,Michelle Kennedy,2,Round,1,1,0,11.41,823.0,814.85,811.0,-56.0,1330.2753,18.0,18.0,Ideal,F,VVS2,1.01,IGI,2643.08
1680,Rosella,2,Round,1,1,0,10.39,803.0,795.05,791.0,-57.0,1339.3477,18.0,18.0,Ideal,F,VVS2,1.01,IGI,2643.08
1680,Serenade Diamonds,2,Round,1,1,0,14.52,782.0,774.26,770.0,-58.0,1325.9952,18.0,18.0,Ideal,F,VVS2,1.01,IGI,2643.08
1680,Starlit Stones,2,Round,1,1,0,11.51,802.0,794.06,790.0,-57.0,1333.9102,18.0,18.0,Ideal,F,VVS2,1.01,IGI,2643.08
1680,Taiga Gems,2,Round,1,1,0,13.59,798.0,790.1,786.0,-57.0,1332.7498,18.0,18.0,Ideal,F,VVS2,1.01,IGI,2643.08
1680,Temperley,2,Round,1,1,0,92.12,837.0,828.71,824.0,-55.0,1338.6219,18.0,18.0,Ideal,F,VVS2,1.01,IGI,2643.08
1680,Thalassa Gems,2,Round,1,1,0,10.56,806.0,798.02,794.0,-56.0,1326.2963,18.0,18.0,Ideal,F,VVS2,1.01,IGI,2643.08
1680,Tilia Diamonds,2,Round,1,1,0,13.57,810.92,802.89,799.0,-57.0,1344.8872,18.0,18.0,Ideal,F,VVS2,1.01,IGI,2643.08
1680,White Lily,2,Round,1,1,0,12.79,839.78,831.47,827.0,-56.0,1364.0199,18.0,18.0,Ideal,F,VVS2,1.01,IGI,2643.08
1681,Cornerstone,2,Emerald,2,2,0,13.24,388.0,746.15,382.0,-50.0,499.5682,15.0,15.0,Super Ideal,G,VVS1,0.52,IGI,670.0
1681,White Lily,2,Emerald,1,1,0,15.27,396.01,761.56,390.0,-52.0,528.1296,15.0,15.0,Super Ideal,G,VVS1,0.52,IGI,670.0
1682,Michelle Kennedy,2,Round,1,2,0,12.65,352.23,859.1,347.0,-22.0,321.806,17.0,18.0,Very Good,D,VS2,0.41,IGI,500.0
1682,Temperley,2,Round,2,3,0,12.99,346.0,843.9,341.0,-15.0,290.8492,15.0,18.0,Very Good,D,VS2,0.41,IGI,500.0
1683,Cirrus Gems,2,Round,1,1,0,15.47,1284.61,713.67,1265.0,-56.0,2091.9453,18.0,18.0,Super Ideal,I,VS2,1.8,IGI,3454.0
1683,Jane Brear,2,Round,1,1,0,14.17,2263.62,1257.57,2230.0,-23.0,2095.4231,18.0,18.0,Super Ideal,I,VS2,1.8,IGI,3454.0
1683,Temperley,2,Round,1,1,0,15.05,2263.62,1257.57,2230.0,-22.0,2068.6609,18.0,18.0,Super Ideal,I,VS2,1.8,IGI,3454.0
1683,White Lily,2,Round,1,1,0,13.64,2263.62,1257.57,2230.0,-21.0,2056.8281,18.0,18.0,Super Ideal,I,VS2,1.8,IGI,3454.0
1688,Jane Brear,2,Round,1,1,0,18.32,980.59,867.78,966.0,-56.0,1590.1165,18.0,18.0,Super Ideal,G,VVS1,1.13,IGI,2990.0
1689,Michelle Kennedy,2,Oval,2,2,0,13.17,1672.0,972.09,1647.0,-15.0,1331.01,15.0,15.0,Super Ideal,J,VS1,1.72,IGI,2810.0
1690,Taiga Gems,2,Oval,1,1,0,11.88,1681.0,832.18,1656.0,-56.0,2555.832,15.0,15.0,Very Good,I,VS2,2.02,IGI,6270.0
1691,Cornerstone,2,Emerald,2,2,0,44.01,381.0,476.25,375.0,-61.0,628.8643,15.0,15.0,Ideal,D,VS1,0.8,IGI,1460.0
1695,Hoseki,2,Round,1,1,0,14.4,327.36,861.47,322.0,-14.0,272.8867,18.0,18.0,Ideal,D,VS2,0.38,IGI,440.0
1695,Jane Brear,2,Round,1,1,0,15.24,356.21,937.39,351.0,13.0,225.5491,18.0,18.0,Ideal,D,VS2,0.38,IGI,440.0
1695,Mei & Co,2,Round,1,1,0,10.87,349.0,918.42,344.0,1.0,248.5714,18.0,18.0,Ideal,D,VS2,0.38,IGI,440.0
1695,Michelle Kennedy,2,Round,2,1,0,14.18,342.28,900.74,337.0,9.0,224.6005,18.0,18.0,Ideal,D,VS2,0.38,IGI,440.0
1695,Promenade Jewelry,2,Round,1,1,0,11.48,330.34,869.32,325.0,17.0,202.0017,18.0,18.0,Ideal,D,VS2,0.38,IGI,440.0
1695,Temperley,2,Round,1,1,0,10.56,347.0,913.16,342.0,17.0,211.6378,18.0,18.0,Ideal,D,VS2,0.38,IGI,440.0
1698,Adalyn Jewelry,2,Round,1,1,0,13.75,2075.57,1032.62,2044.0,-60.0,3747.7881,18.0,18.0,Ideal,F,VS2,2.01,IGI,7153.75
1698,Avignon Diamonds,2,Round,1,1,0,59.61,2027.0,1008.46,1997.0,-61.0,3757.2458,18.0,18.0,Ideal,F,VS2,2.01,IGI,7153.75
1698,Camden Gems,2,Round,1,1,0,14.22,2038.0,1013.93,2007.0,-60.0,3614.8118,18.0,18.0,Ideal,F,VS2,2.01,IGI,7153.75
1698,Clermont Diamonds,2,Round,1,1,0,11.21,2043.0,1016.42,2012.0,-59.0,3597.719,18.0,18.0,Ideal,F,VS2,2.01,IGI,7153.75
1698,Jane Brear,2,Round,1,1,0,10.48,2036.0,1012.94,2005.0,-61.0,3729.4131,18.0,18.0,Ideal,F,VS2,2.01,IGI,7153.75
1698,Mei & Co,2,Round,1,1,0,10.38,2046.0,1017.91,2015.0,-60.0,3633.9678,18.0,18.0,Ideal,F,VS2,2.01,IGI,7153.75
1698,Michelle Kennedy,2,Round,1,1,0,13.46,2042.0,1015.92,2011.0,-60.0,3652.0513,18.0,18.0,Ideal,F,VS2,2.01,IGI,7153.75
1698,Periwinkle Stones,2,Round,1,1,0,11.41,2071.0,1030.35,2040.0,-60.0,3716.8491,18.0,18.0,Ideal,F,VS2,2.01,IGI,7153.75
1698,Taiga Gems,2,Round,1,1,0,13.74,2027.0,1008.46,1997.0,-60.0,3596.8555,18.0,18.0,Ideal,F,VS2,2.01,IGI,7153.75
1698,Tamara,2,Round,1,1,0,13.32,2052.0,1020.9,2021.0,-59.0,3583.9075,18.0,18.0,Ideal,F,VS2,2.01,IGI,7153.75
1698,Temperley,2,Round,1,1,0,14.72,2051.0,1020.4,2020.0,-60.0,3654.1086,18.0,18.0,Ideal,F,VS2,2.01,IGI,7153.75
1698,Westport Jewelry,2,Round,1,1,0,14.1,2000.0,995.02,1970.0,-61.0,3706.6855,18.0,18.0,Ideal,F,VS2,2.01,IGI,7153.75
1698,White Lily,2,Round,1,1,0,16.24,2242.0,1115.42,2208.0,-56.0,3649.7947,18.0,18.0,Ideal,F,VS2,2.01,IGI,7153.75
1706,Jane Brear,2,Round,1,1,0,15.33,312.71,868.64,308.0,-37.0,354.5963,18.0,18.0,Ideal,D,VVS2,0.36,IGI,460.0
1706,Michelle Kennedy,2,Round,1,1,0,12.18,313.42,870.61,309.0,-38.0,362.9574,18.0,18.0,Ideal,D,VVS2,0.36,IGI,460.0
1706,Temperley,2,Round,1,1,0,15.02,313.42,870.61,309.0,-41.0,381.2101,18.0,18.0,Ideal,D,VVS2,0.36,IGI,460.0
1706,White Lily,2,Round,1,1,0,13.04,313.42,870.61,309.0,-37.0,357.0773,18.0,18.0,Ideal,D,VVS2,0.36,IGI,460.0
1711,Temperley,2,Round,1,1,0,13.33,635.0,604.76,625.0,-61.0,1175.1056,18.0,18.0,Super Ideal,I,VS1,1.05,IGI,1765.33
1724,Albert's Creations,2,Round,1,1,0,11.41,2873.0,1429.35,2830.0,-64.0,5640.6792,18.0,18.0,Ideal,E,VVS2,2.01,IGI,11130.0
1724,Avignon Diamonds,2,Round,1,1,0,12.61,2832.0,1408.96,2790.0,-62.0,5384.0444,18.0,18.0,Ideal,E,VVS2,2.01,IGI,11130.0
1724,Bonsai Gems,2,Round,1,1,0,14.41,2881.0,1433.33,2838.0,-63.0,5525.6396,18.0,18.0,Ideal,E,VVS2,2.01,IGI,11130.0
1724,CV Diamonds,2,Round,1,1,0,14.34,2865.0,1425.37,2822.0,-63.0,5497.7617,18.0,18.0,Ideal,E,VVS2,2.01,IGI,11130.0
1724,Camden Gems,2,Round,1,1,0,11.66,2878.0,1431.84,2835.0,-62.0,5399.4097,18.0,18.0,Ideal,E,VVS2,2.01,IGI,11130.0
1724,Clermont Diamonds,2,Round,1,1,0,14.19,2865.0,1425.37,2822.0,-62.0,5426.9731,18.0,18.0,Ideal,E,VVS2,2.01,IGI,11130.0
1724,Ember Star,2,Round,1,1,0,11.13,2865.0,1425.37,2822.0,-63.0,5529.6631,18.0,18.0,Ideal,E,VVS2,2.01,IGI,11130.0
1724,Gemstone Harmony,2,Round,1,1,0,14.11,2857.0,1421.39,2814.0,-63.0,5471.416,18.0,18.0,Ideal,E,VVS2,2.01,IGI,11130.0
1724,Infinity Diamonds,2,Round,1,1,0,17.96,2883.0,1434.33,2840.0,-63.0,5638.0576,18.0,18.0,Ideal,E,VVS2,2.01,IGI,11130.0
1724,Jane Brear,2,Round,1,1,0,12.09,2886.0,1435.82,2843.0,-63.0,5645.9312,18.0,18.0,Ideal,E,VVS2,2.01,IGI,11130.0
1724,Knox Diamonds,2,Round,1,1,0,10.77,2857.0,1421.39,2814.0,-63.0,5508.4287,18.0,18.0,Ideal,E,VVS2,2.01,IGI,11130.0
1724,Michelle Kennedy,2,Round,1,1,0,12.97,2879.0,1432.34,2836.0,-62.0,5459.0933,17.0,18.0,Ideal,E,VVS2,2.01,IGI,11130.0
1724,Serenade Diamonds,2,Round,1,1,0,13.17,2775.0,1380.6,2733.0,-64.0,5459.8604,18.0,18.0,Ideal,E,VVS2,2.01,IGI,11130.0
1724,Sunset Gems,2,Round,1,1,0,14.1,2808.0,1397.01,2766.0,-63.0,5428.7378,18.0,18.0,Ideal,E,VVS2,2.01,IGI,11130.0
1724,Temperley,2,Round,1,1,0,79.11,2846.0,1415.92,2803.0,-63.0,5434.064,18.0,18.0,Ideal,E,VVS2,2.01,IGI,11130.0
1724,Thalassa Gems,2,Round,1,1,0,13.64,2857.0,1421.39,2814.0,-63.0,5476.894,18.0,18.0,Ideal,E,VVS2,2.01,IGI,11130.0
1724,Tierra Mia Diamonds,2,Round,1,2,0,13.45,2851.0,1418.41,2808.0,-64.0,5671.519,18.0,18.0,Ideal,E,VVS2,2.01,IGI,11130.0
1724,Vespera Gems,2,Round,1,1,0,14.81,2799.0,1392.54,2757.0,-64.0,5508.2207,18.0,18.0,Ideal,E,VVS2,2.01,IGI,11130.0
1724,White Lily,2,Round,1,1,0,94.59,2858.0,1421.89,2815.0,-63.0,5529.0649,18.0,18.0,Ideal,E,VVS2,2.01,IGI,11130.0
1724,Zimmerman Diamonds,2,Round,1,1,0,11.63,2857.0,1421.39,2814.0,-64.0,5608.2915,18.0,18.0,Ideal,E,VVS2,2.01,IGI,11130.0
1725,White Lily,2,Round,1,1,0,16.69,677.0,743.96,667.0,-49.0,941.6273,18.0,18.0,Super Ideal,H,SI1,0.91,IGI,1306.67
1726,Michelle Kennedy,2,Cushion,1,1,0,18.65,1649.44,993.64,1625.0,-54.0,2281.0261,15.0,15.0,Super Ideal,H,VS1,1.66,IGI,3830.0
1726,Temperley,2,Cushion,1,1,0,16.2,1649.44,993.64,1625.0,-56.0,2338.6279,15.0,15.0,Super Ideal,H,VS1,1.66,IGI,3830.0
1741,Michelle Kennedy,2,Round,1,1,0,11.91,2302.0,1237.63,2267.0,-21.0,2088.155,18.0,18.0,Super Ideal,I,VS2,1.86,IGI,3550.0
1744,Eterna Luxe,2,Round,1,1,0,10.8,1415.0,842.26,1394.0,-60.0,2504.5537,17.0,18.0,Ideal,G,VS1,1.68,IGI,4380.0
1744,Fabiola,2,Round,1,1,0,18.42,1400.0,833.33,1379.0,-59.0,2417.6462,18.0,18.0,Ideal,G,VS1,1.68,IGI,4380.0
1744,Jane Brear,2,Round,1,1,0,14.62,1465.64,872.4,1444.0,-57.0,2426.3003,18.0,18.0,Ideal,G,VS1,1.68,IGI,4380.0
1744,Temperley,2,Round,1,1,0,15.71,1433.0,852.98,1412.0,-56.0,2329.707,18.0,18.0,Ideal,G,VS1,1.68,IGI,4380.0
1744,White Lily,2,Round,1,1,0,18.41,1459.0,868.45,1437.0,-55.0,2336.8701,18.0,18.0,Ideal,G,VS1,1.68,IGI,4380.0
1746,Eternity Fine Jewelers,2,Round,1,1,0,16.92,781.08,858.33,769.0,-61.0,1426.4626,18.0,18.0,Super Ideal,D,VVS2,0.91,IGI,2350.0
1746,Infinity Diamonds,2,Round,1,1,0,19.29,768.0,843.96,756.0,-62.0,1453.2877,18.0,18.0,Super Ideal,D,VVS2,0.91,IGI,2350.0
1746,Iris Diamonds,2,Round,1,1,0,74.06,771.0,847.25,759.0,-61.0,1416.2729,18.0,18.0,Super Ideal,D,VVS2,0.91,IGI,2350.0
1746,Jane Brear,2,Round,1,1,0,14.88,782.0,859.34,770.0,-61.0,1453.8324,18.0,18.0,Super Ideal,D,VVS2,0.91,IGI,2350.0
1746,Lotus Creation,2,Round,1,1,0,18.19,780.81,858.03,769.0,-60.0,1403.4507,18.0,18.0,Super Ideal,D,VVS2,0.91,IGI,2350.0
1746,Marlowe & Co,2,Round,1,1,0,14.09,782.0,859.34,770.0,-61.0,1426.6002,18.0,18.0,Super Ideal,D,VVS2,0.91,IGI,2350.0
1746,Promenade Jewelry,2,Round,1,1,0,21.13,747.0,820.88,736.0,-64.0,1472.611,18.0,18.0,Super Ideal,D,VVS2,0.91,IGI,2350.0
1746,Riviera Jewels,2,Round,1,1,0,22.0,769.0,845.05,757.0,-61.0,1417.8881,18.0,18.0,Super Ideal,D,VVS2,0.91,IGI,2350.0
1746,Roma Diamonds,2,Round,1,1,0,12.1,767.0,842.86,755.0,-62.0,1435.6414,18.0,18.0,Super Ideal,D,VVS2,0.91,IGI,2350.0
1746,Sigma Diamonds,2,Round,1,1,0,11.24,771.0,847.25,759.0,-62.0,1435.8773,18.0,18.0,Super Ideal,D,VVS2,0.91,IGI,2350.0
1746,Temperley,2,Round,1,1,0,12.52,779.0,856.04,767.0,-62.0,1451.153,18.0,18.0,Super Ideal,D,VVS2,0.91,IGI,2350.0
1746,Tilia Diamonds,2,Round,1,1,0,18.06,763.16,838.64,752.0,-61.0,1410.1805,18.0,18.0,Super Ideal,D,VVS2,0.91,IGI,2350.0
1750,Jane Brear,2,Oval,1,1,0,11.46,1793.0,1036.42,1766.0,-49.0,2391.6746,15.0,15.0,Super Ideal,G,VS1,1.73,IGI,4920.0
1750,Lotus Creation,2,Oval,1,1,0,16.95,1773.0,1024.86,1746.0,-50.0,2399.6631,15.0,15.0,Super Ideal,G,VS1,1.73,IGI,4920.0
1750,Michelle Kennedy,2,Oval,1,1,0,14.06,1818.0,1050.87,1791.0,-50.0,2433.7524,15.0,15.0,Super Ideal,G,VS1,1.73,IGI,4920.0
1750,Nova Stars,2,Oval,1,1,0,14.03,1785.0,1031.79,1758.0,-49.0,2379.2917,15.0,15.0,Super Ideal,G,VS1,1.73,IGI,4920.0
1750,Oasis Diamonds,2,Oval,1,1,0,12.83,1845.0,1066.47,1817.0,-48.0,2398.4836,15.0,15.0,Super Ideal,G,VS1,1.73,IGI,4920.0
1750,Periwinkle Stones,2,Oval,1,1,0,11.48,1878.56,1085.87,1850.0,-46.0,2362.0244,15.0,15.0,Super Ideal,G,VS1,1.73,IGI,4920.0
1750,Tamara,2,Oval,1,1,0,18.72,1812.0,1047.4,1785.0,-49.0,2392.2915,15.0,15.0,Super Ideal,G,VS1,1.73,IGI,4920.0
1750,Temperley,2,Oval,1,1,0,17.46,1834.0,1060.12,1806.0,-49.0,2422.9922,15.0,15.0,Super Ideal,G,VS1,1.73,IGI,4920.0
1750,White Lily,2,Oval,1,1,0,14.43,1887.52,1091.05,1859.0,-47.0,2403.8428,15.0,15.0,Super Ideal,G,VS1,1.73,IGI,4920.0
1755,Cirrus Gems,2,Round,1,1,0,19.49,1734.37,841.93,1708.0,-61.0,3189.709,18.0,18.0,Super Ideal,F,SI1,2.06,IGI,6140.0
1755,Clermont Diamonds,2,Round,1,1,0,16.68,1738.0,843.69,1712.0,-60.0,3111.6484,18.0,18.0,Super Ideal,F,SI1,2.06,IGI,6140.0
1755,Michelle Kennedy,2,Round,1,1,0,17.21,1823.0,884.95,1796.0,-57.0,3064.2092,18.0,18.0,Super Ideal,F,SI1,2.06,IGI,6140.0
1755,Periwinkle Stones,2,Round,1,1,0,17.53,1814.88,881.01,1788.0,-59.0,3135.1672,18.0,18.0,Super Ideal,F,SI1,2.06,IGI,6140.0
1755,Thalassa Gems,2,Round,1,1,0,17.55,1737.27,843.33,1711.0,-60.0,3094.4258,18.0,18.0,Super Ideal,F,SI1,2.06,IGI,6140.0
1755,White Lily,2,Round,1,1,0,16.49,1802.0,874.76,1775.0,-58.0,3080.5872,18.0,18.0,Super Ideal,F,SI1,2.06,IGI,6140.0
1761,Michelle Kennedy,2,Pear,1,2,0,16.09,1290.0,877.55,1271.0,-57.0,1958.0607,14.0,15.0,Very Good,E,VS2,1.47,IGI,3930.0
1761,Taiga Gems,2,Pear,1,1,0,16.78,1287.0,875.51,1268.0,-57.0,1951.4126,14.0,15.0,Very Good,E,VS2,1.47,IGI,3930.0
1762,Cascade Diamonds,2,Round,1,1,0,17.93,676.0,676.0,666.0,-63.0,1294.6252,18.0,18.0,Ideal,D,SI1,1.0,IGI,2008.89
1762,Iris Diamonds,2,Round,1,1,0,13.66,669.0,669.0,659.0,-65.0,1349.2843,18.0,18.0,Ideal,D,SI1,1.0,IGI,2008.89
1762,Jane Brear,2,Round,1,1,0,14.34,706.0,706.0,695.0,-61.0,1310.0619,18.0,18.0,Ideal,D,SI1,1.0,IGI,2008.89
1762,Michelle Kennedy,2,Round,1,1,0,10.97,700.0,700.0,690.0,-63.0,1359.3519,18.0,18.0,Ideal,D,SI1,1.0,IGI,2008.89
1762,Periwinkle Stones,2,Round,1,1,0,13.59,724.36,724.36,713.0,-59.0,1273.1282,18.0,18.0,Ideal,D,SI1,1.0,IGI,2008.89
1762,Roma Diamonds,2,Round,1,1,0,53.26,681.0,681.0,671.0,-61.0,1234.6218,18.0,18.0,Ideal,D,SI1,1.0,IGI,2008.89
1762,Sigma Diamonds,2,Round,1,1,0,13.87,669.0,669.0,659.0,-64.0,1325.3103,18.0,18.0,Ideal,D,SI1,1.0,IGI,2008.89
1762,Taiga Gems,2,Round,1,1,0,11.07,694.0,694.0,684.0,-59.0,1221.7258,18.0,18.0,Ideal,D,SI1,1.0,IGI,2008.89
1762,Temperley,2,Round,1,1,0,12.74,705.0,705.0,694.0,-60.0,1274.5631,18.0,18.0,Ideal,D,SI1,1.0,IGI,2008.89
1762,Thalassa Gems,2,Round,1,1,0,14.88,669.0,669.0,659.0,-63.0,1304.064,18.0,18.0,Ideal,D,SI1,1.0,IGI,2008.89
1762,Vega Diamonds,2,Round,1,1,0,13.76,672.0,672.0,662.0,-62.0,1258.797,18.0,18.0,Ideal,D,SI1,1.0,IGI,2008.89
1762,White Lily,2,Round,1,1,0,17.13,711.42,711.42,701.0,-59.0,1245.7638,18.0,18.0,Ideal,D,SI1,1.0,IGI,2008.89
1764,Albert's Creations,2,Round,1,1,0,10.38,340.0,485.71,335.0,-54.0,528.6844,18.0,18.0,Ideal,E,VS2,0.7,IGI,1150.0
1764,Promenade Jewelry,2,Round,1,1,0,13.31,329.0,470.0,324.0,-49.0,457.7028,18.0,18.0,Ideal,E,VS2,0.7,IGI,1150.0
1764,Temperley,2,Round,1,1,0,15.57,354.22,506.03,349.0,-50.0,511.4525,18.0,18.0,Ideal,E,VS2,0.7,IGI,1150.0
1764,White Lily,2,Round,1,1,0,15.73,353.22,504.6,348.0,-46.0,471.27,18.0,18.0,Ideal,E,VS2,0.7,IGI,1150.0
1770,55 E Diamonds,2,Princess,1,1,0,23.02,2999.33,1194.95,2954.0,-64.0,5238.4692,15.0,15.0,Super Ideal,G,VS1,2.51,IGI,8990.0
1770,Diamonds by Zoya,2,Princess,1,1,0,19.79,2867.59,1142.47,2825.0,-66.0,5403.6675,15.0,15.0,Super Ideal,G,VS1,2.51,IGI,8990.0
1770,Jane Brear,2,Princess,1,1,0,18.27,2885.5,1149.6,2842.0,-66.0,5448.6475,15.0,15.0,Super Ideal,G,VS1,2.51,IGI,8990.0
1770,Mei & Co,2,Princess,1,1,0,8.22,3144.2,1252.67,3097.0,-62.0,5236.8892,15.0,15.0,Super Ideal,G,VS1,2.51,IGI,8990.0
1770,Michelle Kennedy,2,Princess,1,1,0,12.11,2870.0,1143.43,2827.0,-66.0,5294.7412,15.0,15.0,Super Ideal,G,VS1,2.51,IGI,8990.0
1770,Taiga Gems,2,Princess,1,1,0,15.85,2837.74,1130.57,2795.0,-66.0,5272.5498,15.0,15.0,Super Ideal,G,VS1,2.51,IGI,8990.0
1770,Temperley,2,Princess,1,1,0,12.28,2841.0,1131.87,2798.0,-67.0,5403.6675,15.0,15.0,Super Ideal,G,VS1,2.51,IGI,8990.0
1770,White Lily,2,Princess,1,1,0,18.53,2916.34,1161.89,2873.0,-65.0,5256.1421,15.0,15.0,Super Ideal,G,VS1,2.51,IGI,8990.0
1772,Magnolia,2,Round,1,1,0,13.0,766.15,684.06,755.0,-56.0,1240.2822,17.0,18.0,Very Good,G,VS1,1.12,IGI,2350.0
1777,Jane Brear,2,Round,1,1,0,13.14,779.0,771.29,767.0,-57.0,1303.2709,18.0,18.0,Super Ideal,G,VVS2,1.01,IGI,2393.75
1777,Meridian Crafts,2,Round,1,1,0,13.52,761.0,753.47,750.0,-60.0,1350.4407,18.0,18.0,Super Ideal,G,VVS2,1.01,IGI,2393.75
1777,Michelle Kennedy,2,Round,1,1,0,20.2,789.04,781.23,777.0,-55.0,1250.3235,18.0,18.0,Super Ideal,G,VVS2,1.01,IGI,2393.75
1777,Taiga Gems,2,Round,1,1,0,13.52,767.14,759.54,756.0,-56.0,1250.2616,18.0,18.0,Super Ideal,G,VVS2,1.01,IGI,2393.75
1777,Temperley,2,Round,1,1,0,10.89,781.0,773.27,769.0,-58.0,1323.5199,18.0,18.0,Super Ideal,G,VVS2,1.01,IGI,2393.75
1777,White Lily,2,Round,1,1,0,10.92,777.0,769.31,765.0,-57.0,1291.6678,18.0,18.0,Super Ideal,G,VVS2,1.01,IGI,2393.75
1781,Albert's Creations,2,Round,1,1,0,14.99,2187.0,1093.5,2154.0,-59.0,3805.7576,18.0,18.0,Super Ideal,E,VS2,2.0,IGI,8080.0
1781,Avignon Diamonds,2,Round,1,1,0,58.9,2159.04,1079.52,2127.0,-58.0,3650.6113,18.0,18.0,Super Ideal,E,VS2,2.0,IGI,8080.0
1781,Camden Gems,2,Round,2,1,0,11.91,2152.0,1076.0,2120.0,-57.0,3624.1543,18.0,18.0,Super Ideal,E,VS2,2.0,IGI,8080.0
1781,Eccles Diamonds,2,Round,1,1,0,14.89,2165.12,1082.56,2133.0,-57.0,3617.5596,18.0,18.0,Super Ideal,E,VS2,2.0,IGI,8080.0
1781,Ember Star,2,Round,1,1,0,12.68,2183.03,1091.52,2150.0,-57.0,3625.4529,18.0,18.0,Super Ideal,E,VS2,2.0,IGI,8080.0
1781,Eterna Luxe,2,Round,1,1,0,12.96,2164.0,1082.0,2132.0,-58.0,3659.4819,18.0,18.0,Super Ideal,E,VS2,2.0,IGI,8080.0
1781,Infinity Diamonds,2,Round,1,1,0,21.12,2139.0,1069.5,2107.0,-59.0,3714.9272,18.0,18.0,Super Ideal,E,VS2,2.0,IGI,8080.0
1781,Jane Brear,2,Round,1,1,0,12.37,2193.0,1096.5,2160.0,-57.0,3615.4419,18.0,18.0,Super Ideal,E,VS2,2.0,IGI,8080.0
1781,Mei & Co,2,Round,1,1,0,13.92,2183.0,1091.5,2150.0,-57.0,3667.9883,18.0,18.0,Super Ideal,E,VS2,2.0,IGI,8080.0
1781,Michelle Kennedy,2,Round,1,1,0,11.29,2193.0,1096.5,2160.0,-57.0,3681.4287,18.0,18.0,Super Ideal,E,VS2,2.0,IGI,8080.0
1781,N. B. Diamonds,2,Round,1,1,0,16.63,13020.0,6510.0,12825.0,147.0,3774.7144,18.0,18.0,Super Ideal,E,VS2,2.0,IGI,8080.0
1781,Nebula Stones,2,Round,1,1,0,14.97,2245.0,1122.5,2211.0,-56.0,3642.689,18.0,18.0,Super Ideal,E,VS2,2.0,IGI,8080.0
1781,Rosella,2,Round,1,1,0,13.09,2139.0,1069.5,2107.0,-59.0,3753.8862,18.0,18.0,Super Ideal,E,VS2,2.0,IGI,8080.0
1781,Serenade Diamonds,2,Round,1,1,0,10.86,2152.0,1076.0,2120.0,-58.0,3703.5571,18.0,18.0,Super Ideal,E,VS2,2.0,IGI,8080.0
1781,Tamara,2,Round,1,1,0,13.13,2193.0,1096.5,2160.0,-57.0,3631.5535,18.0,18.0,Super Ideal,E,VS2,2.0,IGI,8080.0
1781,Temperley,2,Round,1,1,0,10.62,2186.0,1093.0,2153.0,-57.0,3640.4131,18.0,18.0,Super Ideal,E,VS2,2.0,IGI,8080.0
1781,Thalassa Gems,2,Round,1,1,0,14.22,2158.0,1079.0,2126.0,-58.0,3660.7432,18.0,18.0,Super Ideal,E,VS2,2.0,IGI,8080.0
1781,Tierra Mia Diamonds,2,Round,1,1,0,13.45,2133.0,1066.5,2101.0,-58.0,3613.5701,18.0,18.0,Super Ideal,E,VS2,2.0,IGI,8080.0
1781,White Lily,2,Round,1,1,0,12.39,2189.0,1094.5,2156.0,-57.0,3617.4614,18.0,18.0,Super Ideal,E,VS2,2.0,IGI,8080.0
1789,Taiga Gems,2,Asscher,1,1,0,13.57,705.0,698.02,694.0,-64.0,1203.3868,14.0,15.0,Very Good,F,SI1,1.01,IGI,1667.14
1789,White Lily,2,Asscher,2,1,0,17.78,727.0,719.8,716.0,-67.0,1358.2786,14.0,15.0,Very Good,F,SI1,1.01,IGI,1667.14
1792,Fabiola,2,Cushion,1,1,0,11.01,809.0,793.14,797.0,-63.0,1376.4224,14.0,15.0,Very Good,F,VS2,1.02,IGI,1970.0
1792,La Marquise,2,Cushion,1,1,0,15.38,889.0,871.57,876.0,-59.0,1362.6558,14.0,15.0,Very Good,F,VS2,1.02,IGI,1970.0
1792,Michelle Kennedy,2,Cushion,1,1,0,18.25,832.92,816.59,820.0,-63.0,1421.8768,14.0,15.0,Very Good,F,VS2,1.02,IGI,1970.0
1792,Tierra Mia Diamonds,2,Cushion,1,1,0,12.15,790.0,774.51,778.0,-61.0,1278.9274,14.0,15.0,Very Good,F,VS2,1.02,IGI,1970.0
1792,White Lily,2,Cushion,1,1,0,13.76,845.0,828.43,832.0,-63.0,1429.8041,15.0,15.0,Very Good,F,VS2,1.02,IGI,1970.0
1793,Cornerstone,5,Oval,2,2,0,15.72,364.83,715.35,359.0,-33.0,366.6154,15.0,15.0,Very Good,D,VS2,0.51,GCAL,710.0
1794,Jane Brear,2,Round,1,1,0,11.28,356.0,539.39,351.0,-46.0,468.869,18.0,18.0,Ideal,E,VS2,0.66,IGI,820.0
1794,Lotus Creation,2,Round,1,1,0,18.24,329.12,498.67,324.0,-51.0,476.2946,18.0,18.0,Ideal,E,VS2,0.66,IGI,820.0
1794,Marlowe & Co,2,Round,1,1,0,15.45,331.34,502.03,326.0,-50.0,470.9472,18.0,18.0,Ideal,E,VS2,0.66,IGI,820.0
1794,Vega Diamonds,2,Round,1,1,0,18.94,311.74,472.33,307.0,-52.0,465.335,18.0,18.0,Ideal,E,VS2,0.66,IGI,820.0
1795,N. B. Diamonds,2,Emerald,1,1,0,21.81,1521.0,921.82,1498.0,-59.0,2363.4265,14.0,15.0,Very Good,G,VS1,1.65,IGI,4390.0
1796,Michelle Kennedy,2,Round,1,1,0,15.07,764.16,658.76,753.0,-44.0,978.6271,18.0,18.0,Super Ideal,F,SI2,1.16,IGI,1600.0
1798,Jane Brear,2,Round,1,1,0,16.39,1254.0,708.47,1235.0,-46.0,1649.795,18.0,18.0,Ideal,H,SI1,1.77,IGI,3820.0
1811,Michelle Kennedy,2,Oval,1,1,0,9.23,2307.0,1048.64,2272.0,-42.0,2691.4778,15.0,15.0,Super Ideal,J,VS2,2.2,IGI,4480.0
1823,Oasis Diamonds,2,Round,1,1,0,12.86,1568.0,750.24,1544.0,-56.0,2568.7905,18.0,18.0,Super Ideal,I,VS2,2.09,IGI,5700.0
1823,White Lily,2,Round,1,1,0,13.19,1546.0,739.71,1523.0,-55.0,2459.0735,18.0,18.0,Super Ideal,I,VS2,2.09,IGI,5700.0
1829,Camden Gems,2,Round,1,1,0,11.44,1356.0,863.69,1336.0,-60.0,2413.7004,18.0,18.0,Ideal,F,VS1,1.57,IGI,4740.0
1829,Clermont Diamonds,2,Round,1,1,0,14.44,1373.0,874.52,1352.0,-59.0,2398.353,18.0,18.0,Ideal,F,VS1,1.57,IGI,4740.0
1829,Fiona Clément,2,Round,1,1,0,11.31,1381.06,879.66,1360.0,-58.0,2353.3599,18.0,18.0,Ideal,F,VS1,1.57,IGI,4740.0
1829,Jane Brear,2,Round,1,1,0,16.82,1428.82,910.08,1407.0,-58.0,2411.9512,18.0,18.0,Ideal,F,VS1,1.57,IGI,4740.0
1829,KIYO,2,Round,1,1,0,11.6,1350.0,859.87,1330.0,-60.0,2404.6133,18.0,18.0,Ideal,F,VS1,1.57,IGI,4740.0
1829,Michelle Kennedy,2,Round,1,1,0,16.75,1403.94,894.23,1383.0,-60.0,2492.4187,18.0,18.0,Ideal,F,VS1,1.57,IGI,4740.0
1829,N. B. Diamonds,2,Round,1,1,0,10.57,1359.0,865.61,1339.0,-59.0,2391.3169,18.0,18.0,Ideal,F,VS1,1.57,IGI,4740.0
1829,Nova Stars,2,Round,1,1,0,9.82,1360.0,866.24,1340.0,-60.0,2411.2341,18.0,18.0,Ideal,F,VS1,1.57,IGI,4740.0
1829,Periwinkle Stones,2,Round,1,1,0,14.72,1394.0,887.9,1373.0,-59.0,2428.303,18.0,18.0,Ideal,F,VS1,1.57,IGI,4740.0
1829,Serenade Diamonds,2,Round,1,1,0,13.07,1368.0,871.34,1347.0,-60.0,2420.467,18.0,18.0,Ideal,F,VS1,1.57,IGI,4740.0
1829,Temperley,2,Round,1,1,0,14.99,1426.83,908.81,1405.0,-58.0,2420.4812,18.0,18.0,Ideal,F,VS1,1.57,IGI,4740.0
1829,Thalassa Gems,2,Round,1,1,0,14.06,1370.0,872.61,1349.0,-59.0,2376.2075,18.0,18.0,Ideal,F,VS1,1.57,IGI,4740.0
1829,Vespera Gems,2,Round,1,1,0,16.81,1357.97,864.95,1338.0,-60.0,2437.7468,18.0,18.0,Ideal,F,VS1,1.57,IGI,4740.0
1829,Westport Jewelry,2,Round,1,1,0,16.65,1343.0,855.41,1323.0,-61.0,2461.6194,18.0,18.0,Ideal,F,VS1,1.57,IGI,4740.0
1829,White Lily,2,Round,1,1,0,13.1,1382.0,880.25,1361.0,-58.0,2363.7937,18.0,18.0,Ideal,F,VS1,1.57,IGI,4740.0
1839,Albert's Creations,2,Round,1,1,0,13.9,620.0,659.57,611.0,-58.0,1051.9376,18.0,18.0,Super Ideal,E,VS2,0.94,IGI,1820.0
1839,Hoseki,2,Round,1,1,0,15.1,638.79,679.56,629.0,-56.0,1033.2588,18.0,18.0,Super Ideal,E,VS2,0.94,IGI,1820.0
1839,Jane Brear,2,Round,1,1,0,15.63,658.69,700.73,649.0,-55.0,1047.8669,18.0,18.0,Super Ideal,E,VS2,0.94,IGI,1820.0
1839,Michelle Kennedy,2,Round,1,1,0,18.63,659.0,701.06,649.0,-55.0,1041.9879,18.0,18.0,Super Ideal,E,VS2,0.94,IGI,1820.0
1839,Temperley,2,Round,1,1,0,15.06,649.0,690.43,639.0,-55.0,1039.4852,18.0,18.0,Super Ideal,E,VS2,0.94,IGI,1820.0
1839,Vega Diamonds,2,Round,1,1,0,19.24,602.25,640.69,593.0,-59.0,1060.9529,18.0,18.0,Super Ideal,E,VS2,0.94,IGI,1820.0
1839,White Lily,2,Round,1,1,0,18.71,638.0,678.72,628.0,-55.0,1024.2528,18.0,18.0,Super Ideal,E,VS2,0.94,IGI,1820.0
1845,Albert's Creations,2,Pear,1,1,0,11.37,887.54,821.8,874.0,-66.0,1686.363,15.0,15.0,Super Ideal,D,VS1,1.08,IGI,2640.0
1845,Avignon Diamonds,2,Pear,1,1,0,15.67,882.15,816.81,869.0,-66.0,1661.2537,15.0,15.0,Super Ideal,D,VS1,1.08,IGI,2640.0
1845,Bayside Gems,2,Pear,1,1,0,13.74,858.98,795.35,846.0,-66.0,1620.0695,15.0,15.0,Super Ideal,D,VS1,1.08,IGI,2640.0
1845,Clermont Diamonds,2,Pear,1,1,0,15.13,872.0,807.41,859.0,-66.0,1653.4675,15.0,15.0,Super Ideal,D,VS1,1.08,IGI,2640.0
1845,Diamonds by Zoya,2,Pear,1,1,0,89.95,878.0,812.96,865.0,-67.0,1705.0905,15.0,15.0,Super Ideal,D,VS1,1.08,IGI,2640.0
1845,Emilia Sterling,2,Pear,1,2,0,15.71,857.05,793.56,844.0,-67.0,1679.8807,15.0,15.0,Super Ideal,D,VS1,1.08,IGI,2640.0
1845,Hazel Diamonds,2,Pear,1,1,0,13.81,888.9,823.06,876.0,-67.0,1738.1982,15.0,15.0,Super Ideal,D,VS1,1.08,IGI,2640.0
1845,Infinity Diamonds,2,Pear,1,1,0,17.79,889.0,823.15,876.0,-65.0,1653.8817,15.0,15.0,Super Ideal,D,VS1,1.08,IGI,2640.0
1845,Jane Brear,2,Pear,1,1,0,13.0,880.0,814.81,867.0,-64.0,1587.5768,15.0,15.0,Super Ideal,D,VS1,1.08,IGI,2640.0
1845,Marlowe & Co,2,Pear,1,1,0,13.02,888.0,822.22,875.0,-64.0,1620.4897,15.0,15.0,Super Ideal,D,VS1,1.08,IGI,2640.0
1845,Mei & Co,2,Pear,2,2,0,10.3,874.0,809.26,861.0,-66.0,1656.6003,15.0,15.0,Super Ideal,D,VS1,1.08,IGI,2640.0
1845,Meridian Gems,2,Pear,1,1,0,13.5,875.39,810.55,862.0,-66.0,1664.589,15.0,15.0,Super Ideal,D,VS1,1.08,IGI,2640.0
1845,Michelle Kennedy,2,Pear,1,1,0,14.24,878.0,812.96,865.0,-65.0,1624.9326,15.0,15.0,Super Ideal,D,VS1,1.08,IGI,2640.0
1845,Promenade Jewelry,2,Pear,1,1,0,16.08,855.0,791.67,842.0,-67.0,1679.2931,15.0,15.0,Super Ideal,D,VS1,1.08,IGI,2640.0
1845,Rosella,2,Pear,1,1,0,13.39,853.0,789.81,840.0,-66.0,1620.4897,15.0,15.0,Super Ideal,D,VS1,1.08,IGI,2640.0
1845,Taiga Gems,2,Pear,1,1,0,11.9,872.0,807.41,859.0,-66.0,1640.2792,15.0,15.0,Super Ideal,D,VS1,1.08,IGI,2640.0
1845,Temperley,2,Pear,1,1,0,14.14,878.0,812.96,865.0,-66.0,1656.6003,15.0,15.0,Super Ideal,D,VS1,1.08,IGI,2640.0
1845,Tierra Mia Diamonds,2,Pear,1,1,0,16.4,881.18,815.91,868.0,-65.0,1627.558,15.0,15.0,Super Ideal,D,VS1,1.08,IGI,2640.0
1845,Vega Diamonds,2,Pear,1,1,0,13.51,860.91,797.14,848.0,-66.0,1666.0724,15.0,15.0,Super Ideal,D,VS1,1.08,IGI,2640.0
1845,White Lily,2,Pear,1,1,0,12.13,878.0,812.96,865.0,-64.0,1590.4572,15.0,15.0,Super Ideal,D,VS1,1.08,IGI,2640.0
1846,Fuji Diamonds,2,Oval,1,1,0,18.0,1526.87,1004.52,1504.0,-59.0,2494.4895,15.0,15.0,Very Good,F,VS1,1.52,IGI,4520.0
1846,Marlowe & Co,2,Oval,1,2,0,12.8,1528.0,1005.26,1505.0,-60.0,2581.9102,14.0,15.0,Very Good,F,VS1,1.52,IGI,4520.0
1846,Michelle Kennedy,2,Oval,1,1,0,14.39,1533.0,1008.55,1510.0,-60.0,2551.509,15.0,15.0,Very Good,F,VS1,1.52,IGI,4520.0
1846,Nova Stars,2,Oval,1,1,0,14.24,1535.0,1009.87,1512.0,-59.0,2530.1199,15.0,15.0,Very Good,F,VS1,1.52,IGI,4520.0
1846,Starlit Stones,2,Oval,1,1,0,61.0,1568.0,1031.58,1544.0,-58.0,2545.0896,15.0,15.0,Very Good,F,VS1,1.52,IGI,4520.0
1846,Taiga Gems,2,Oval,1,1,0,11.22,1530.0,1006.58,1507.0,-60.0,2551.509,15.0,15.0,Very Good,F,VS1,1.52,IGI,4520.0
1846,Temperley,2,Oval,1,1,0,15.38,1554.0,1022.37,1531.0,-59.0,2561.322,14.0,15.0,Very Good,F,VS1,1.52,IGI,4520.0
1846,White Lily,2,Oval,1,1,0,13.97,2167.11,1425.73,2135.0,-43.0,2550.0879,14.0,15.0,Very Good,F,VS1,1.52,IGI,4520.0
1847,Jane Brear,2,Round,1,1,0,11.19,319.0,550.0,314.0,-47.0,434.0344,18.0,18.0,Super Ideal,F,VS2,0.58,IGI,717.5
1851,55 E Diamonds,2,Oval,1,1,0,20.6,2978.0,1191.2,2933.0,-62.0,5287.5308,15.0,15.0,Very Good,G,VS1,2.5,IGI,9815.0
1851,Diamonds by Zoya,2,Oval,1,1,0,93.26,2901.0,1160.4,2857.0,-63.0,5237.2026,15.0,15.0,Very Good,G,VS1,2.5,IGI,9815.0
1851,Ember Star,2,Oval,1,1,0,17.34,2929.0,1171.6,2885.0,-63.0,5309.3853,15.0,15.0,Very Good,G,VS1,2.5,IGI,9815.0
1851,Michelle Kennedy,2,Oval,1,1,0,15.66,2901.0,1160.4,2857.0,-63.0,5308.1396,15.0,15.0,Very Good,G,VS1,2.5,IGI,9815.0
1851,Taiga Gems,2,Oval,1,1,0,18.54,2814.0,1125.6,2772.0,-64.0,5265.4326,15.0,15.0,Very Good,G,VS1,2.5,IGI,9815.0
1851,Temperley,2,Oval,1,1,0,14.47,2937.0,1174.8,2893.0,-63.0,5284.5942,14.0,15.0,Very Good,G,VS1,2.5,IGI,9815.0
1851,White Lily,2,Oval,1,1,0,16.85,4421.62,1768.65,4355.0,-44.0,5287.1523,15.0,15.0,Very Good,G,VS1,2.5,IGI,9815.0
1852,Albert's Creations,2,Round,1,1,0,12.9,628.0,690.11,619.0,-59.0,1095.7637,18.0,18.0,Ideal,D,VS2,0.91,IGI,1820.0
1852,Eternity Fine Jewelers,2,Round,1,1,0,12.2,642.77,706.34,633.0,-54.0,997.546,18.0,18.0,Ideal,D,VS2,0.91,IGI,1820.0
1852,Hoseki,2,Round,1,2,0,15.65,640.0,703.3,630.0,-58.0,1095.0106,17.0,18.0,Ideal,D,VS2,0.91,IGI,1820.0
1852,Jane Brear,2,Round,1,1,0,13.41,678.59,745.7,668.0,-56.0,1100.723,18.0,18.0,Ideal,D,VS2,0.91,IGI,1820.0
1852,Michelle Kennedy,2,Round,1,1,0,12.4,821.87,903.15,810.0,-47.0,1100.1415,18.0,18.0,Ideal,D,VS2,0.91,IGI,1820.0
1852,Periwinkle Stones,2,Round,1,1,0,14.68,646.0,709.89,636.0,-58.0,1112.5889,18.0,18.0,Ideal,D,VS2,0.91,IGI,1820.0
1852,Promenade Jewelry,2,Round,1,1,0,19.32,612.0,672.53,603.0,-60.0,1106.8463,18.0,18.0,Ideal,D,VS2,0.91,IGI,1820.0
1852,Roma Diamonds,2,Round,1,1,0,14.34,636.0,698.9,626.0,-58.0,1094.9153,18.0,18.0,Ideal,D,VS2,0.91,IGI,1820.0
1852,Rosella,2,Round,1,1,0,12.46,609.0,669.23,600.0,-62.0,1148.307,18.0,18.0,Ideal,D,VS2,0.91,IGI,1820.0
1852,Temperley,2,Round,1,1,0,14.14,660.0,725.27,650.0,-57.0,1105.9275,18.0,18.0,Ideal,D,VS2,0.91,IGI,1820.0
1852,Tilia Diamonds,2,Round,1,1,0,11.69,633.82,696.51,624.0,-59.0,1109.7461,18.0,18.0,Ideal,D,VS2,0.91,IGI,1820.0
1852,Vega Diamonds,2,Round,1,1,0,11.99,609.0,669.23,600.0,-59.0,1063.7982,18.0,18.0,Ideal,D,VS2,0.91,IGI,1820.0
1852,White Lily,2,Round,1,1,0,14.26,660.0,725.27,650.0,-55.0,1048.647,18.0,18.0,Ideal,D,VS2,0.91,IGI,1820.0
1853,Michelle Kennedy,2,Round,1,1,0,12.43,1528.0,741.75,1505.0,-56.0,2478.582,18.0,18.0,Ideal,I,VS2,2.06,IGI,4605.0
1853,Oasis Diamonds,2,Round,1,1,0,11.85,1564.0,759.22,1541.0,-54.0,2437.9041,18.0,18.0,Ideal,I,VS2,2.06,IGI,4605.0
1855,Camden Gems,2,Round,1,1,0,10.35,1987.0,1135.43,1957.0,-45.0,2592.8145,18.0,18.0,Super Ideal,D,VS1,1.75,IGI,7870.0
1855,Gemstone Harmony,2,Round,1,1,0,12.75,1971.0,1126.29,1941.0,-45.0,2556.7158,18.0,18.0,Super Ideal,D,VS1,1.75,IGI,7870.0
1855,Harper Diamonds,2,Round,1,1,0,14.77,2037.0,1164.0,2006.0,-44.0,2619.0239,18.0,18.0,Super Ideal,D,VS1,1.75,IGI,7870.0
1855,Jane Brear,2,Round,1,1,0,12.9,1999.0,1142.29,1969.0,-46.0,2657.1584,18.0,18.0,Super Ideal,D,VS1,1.75,IGI,7870.0
1855,Joan Cooper,2,Round,1,1,0,15.87,1984.03,1133.73,1954.0,-45.0,2601.2021,18.0,18.0,Super Ideal,D,VS1,1.75,IGI,7870.0
1855,Michelle Kennedy,2,Round,1,1,0,15.69,2043.0,1167.43,2012.0,-45.0,2640.8396,18.0,18.0,Super Ideal,D,VS1,1.75,IGI,7870.0
1855,Oasis Diamonds,2,Round,1,1,0,13.24,2052.68,1172.96,2022.0,-44.0,2608.989,18.0,18.0,Super Ideal,D,VS1,1.75,IGI,7870.0
1855,Promenade Jewelry,2,Round,1,1,0,13.32,1990.0,1137.14,1960.0,-47.0,2669.6379,18.0,18.0,Super Ideal,D,VS1,1.75,IGI,7870.0
1855,Roma Diamonds,2,Round,1,1,0,13.23,1980.0,1131.43,1950.0,-47.0,2685.8184,18.0,18.0,Super Ideal,D,VS1,1.75,IGI,7870.0
1855,Temperley,2,Round,1,1,0,16.55,2007.0,1146.86,1977.0,-46.0,2650.3728,18.0,18.0,Super Ideal,D,VS1,1.75,IGI,7870.0
1855,White Lily,2,Round,1,1,0,13.06,2043.0,1167.43,2012.0,-44.0,2632.7661,18.0,18.0,Super Ideal,D,VS1,1.75,IGI,7870.0
1858,Temperley,2,Round,1,1,0,13.29,750.23,714.5,739.0,-54.0,1171.4839,18.0,18.0,Super Ideal,H,VVS2,1.05,IGI,2103.33
1858,White Lily,2,Round,1,1,0,14.89,729.34,694.61,718.0,-56.0,1193.745,18.0,18.0,Super Ideal,H,VVS2,1.05,IGI,2103.33
1859,White Lily,2,Round,1,1,0,13.14,1181.06,711.48,1163.0,-55.0,1867.528,18.0,18.0,Ideal,J,VVS2,1.66,IGI,2800.0
1862,Bella Gems,2,Round,1,1,0,12.76,1187.0,824.31,1169.0,-49.0,1670.306,18.0,18.0,Super Ideal,F,VS1,1.44,IGI,3520.0
1862,Cirrus Gems,2,Round,1,1,0,21.2,1147.0,796.53,1130.0,-52.0,1724.1982,18.0,18.0,Super Ideal,F,VS1,1.44,IGI,3520.0
1862,Ember Star,2,Round,1,1,0,12.9,1150.0,798.61,1133.0,-52.0,1703.2865,18.0,18.0,Super Ideal,F,VS1,1.44,IGI,3520.0
1862,Fabiola,2,Round,1,1,0,20.0,1170.0,812.5,1152.0,-49.0,1628.0044,18.0,18.0,Super Ideal,F,VS1,1.44,IGI,3520.0
1862,Jane Brear,2,Round,1,1,0,12.72,1209.0,839.58,1191.0,-50.0,1722.952,18.0,18.0,Super Ideal,F,VS1,1.44,IGI,3520.0
1862,Michelle Kennedy,2,Round,1,1,0,19.64,1216.09,844.51,1198.0,-48.0,1677.6255,18.0,18.0,Super Ideal,F,VS1,1.44,IGI,3520.0
1862,Oasis Diamonds,2,Round,1,1,0,14.21,1227.0,852.08,1209.0,-47.0,1655.353,18.0,18.0,Super Ideal,F,VS1,1.44,IGI,3520.0
1862,Silva Diamonds,2,Round,1,1,0,15.43,1178.0,818.06,1160.0,-49.0,1658.1559,18.0,18.0,Super Ideal,F,VS1,1.44,IGI,3520.0
1862,Tamara,2,Round,1,1,0,17.55,1190.0,826.39,1172.0,-50.0,1687.4147,18.0,18.0,Super Ideal,F,VS1,1.44,IGI,3520.0
1862,Temperley,2,Round,1,1,0,19.93,1216.09,844.51,1198.0,-49.0,1695.3201,18.0,18.0,Super Ideal,F,VS1,1.44,IGI,3520.0
1862,Westport Jewelry,2,Round,1,1,0,14.12,1154.0,801.39,1137.0,-51.0,1673.7928,18.0,18.0,Super Ideal,F,VS1,1.44,IGI,3520.0
1862,White Lily,2,Round,1,1,0,21.38,1216.09,844.51,1198.0,-48.0,1679.0612,18.0,18.0,Super Ideal,F,VS1,1.44,IGI,3520.0
1872,Jane Brear,2,Round,1,1,0,6.62,2298.0,1078.87,2264.0,-22.0,2116.7981,18.0,18.0,Super Ideal,J,VS2,2.13,IGI,3790.0
1873,Albert's Creations,2,Round,1,1,0,11.2,317.0,401.27,312.0,-64.0,628.0636,18.0,18.0,Ideal,E,VVS2,0.79,IGI,1470.0
1873,Hoseki,2,Round,1,2,0,12.81,334.0,422.78,329.0,-62.0,626.6488,18.0,18.0,Ideal,E,VVS2,0.79,IGI,1470.0
1873,Jane Brear,2,Round,1,1,0,21.46,405.96,513.87,400.0,-50.0,581.954,18.0,18.0,Ideal,E,VVS2,0.79,IGI,1470.0
1873,Michelle Kennedy,2,Round,1,1,0,13.88,406.0,513.92,400.0,-54.0,637.8586,18.0,18.0,Ideal,E,VVS2,0.79,IGI,1470.0
1873,Temperley,2,Round,1,1,0,11.66,340.0,430.38,335.0,-63.0,650.3876,18.0,18.0,Ideal,E,VVS2,0.79,IGI,1470.0
1874,Temperley,2,Pear,2,2,0,12.7,346.0,652.83,341.0,-40.0,376.9999,15.0,15.0,Super Ideal,F,VS2,0.53,IGI,590.0
1881,Eterna Luxe,2,Pear,1,1,0,12.59,344.0,464.86,339.0,-55.0,494.2041,14.0,15.0,Very Good,G,VS1,0.74,IGI,1165.0
1882,Elmwood Diamonds,2,Round,1,1,0,10.98,1324.0,1010.69,1304.0,-40.0,1567.3424,18.0,18.0,Super Ideal,E,VS2,1.31,IGI,3105.0
1882,Equinox Jewels,2,Round,1,1,0,11.84,947.0,722.9,933.0,-59.0,1642.1211,18.0,18.0,Super Ideal,E,VS2,1.31,IGI,3105.0
1882,Eterna Luxe,2,Round,1,1,0,11.24,960.0,732.82,946.0,-58.0,1650.5939,18.0,18.0,Super Ideal,E,VS2,1.31,IGI,3105.0
1882,Jane Brear,2,Round,1,1,0,16.96,981.56,749.28,967.0,-56.0,1612.3916,18.0,18.0,Super Ideal,E,VS2,1.31,IGI,3105.0
1882,La Marquise,2,Round,1,1,0,19.22,1061.66,810.43,1046.0,-54.0,1640.6451,18.0,18.0,Super Ideal,E,VS2,1.31,IGI,3105.0
1882,Magnolia,2,Round,1,1,0,19.03,947.0,722.9,933.0,-57.0,1574.9567,18.0,18.0,Super Ideal,E,VS2,1.31,IGI,3105.0
1882,Michelle Kennedy,2,Round,1,1,0,18.0,981.56,749.28,967.0,-57.0,1622.0554,18.0,18.0,Super Ideal,E,VS2,1.31,IGI,3105.0
1882,Oasis Diamonds,2,Round,1,1,0,15.67,1003.96,766.38,989.0,-55.0,1600.5905,18.0,18.0,Super Ideal,E,VS2,1.31,IGI,3105.0
1882,Sigma Diamonds,2,Round,1,1,0,14.82,950.0,725.19,936.0,-58.0,1633.4612,18.0,18.0,Super Ideal,E,VS2,1.31,IGI,3105.0
1882,Taiga Gems,2,Round,1,1,0,18.68,941.99,719.08,928.0,-58.0,1617.8811,18.0,18.0,Super Ideal,E,VS2,1.31,IGI,3105.0
1882,Temperley,2,Round,1,1,0,19.7,981.56,749.28,967.0,-56.0,1615.2439,18.0,18.0,Super Ideal,E,VS2,1.31,IGI,3105.0
1882,Voyage Diamonds,2,Round,1,1,0,19.41,1012.44,772.85,997.0,-55.0,1601.7626,18.0,18.0,Super Ideal,E,VS2,1.31,IGI,3105.0
1882,White Lily,2,Round,1,1,0,20.48,981.56,749.28,967.0,-56.0,1603.4523,18.0,18.0,Super Ideal,E,VS2,1.31,IGI,3105.0
1883,Nova Stars,2,Round,1,1,0,13.46,698.0,677.67,688.0,-59.0,1219.5902,18.0,18.0,Super Ideal,G,VS1,1.03,IGI,2094.55
1883,Roma Diamonds,2,Round,1,1,0,11.04,1316.0,1277.67,1296.0,-24.0,1246.5334,18.0,18.0,Super Ideal,G,VS1,1.03,IGI,2094.55
1883,Temperley,2,Round,1,1,0,13.1,726.0,704.85,715.0,-58.0,1234.8479,18.0,18.0,Super Ideal,G,VS1,1.03,IGI,2094.55
1885,Genesis Stones,2,Round,1,1,0,15.62,4123.0,1623.23,4061.0,-61.0,7492.2905,18.0,18.0,Ideal,D,VS1,2.54,IGI,14660.0
1885,Hill & Holland,2,Round,1,1,0,13.26,4072.54,1603.36,4011.0,-61.0,7464.8965,18.0,18.0,Ideal,D,VS1,2.54,IGI,14660.0
1885,Jane Brear,2,Round,1,1,0,16.18,4040.0,1590.55,3979.0,-62.0,7549.6528,18.0,18.0,Ideal,D,VS1,2.54,IGI,14660.0
1885,La Marquise,2,Round,1,1,0,14.8,4050.05,1594.51,3989.0,-61.0,7519.1128,18.0,18.0,Ideal,D,VS1,2.54,IGI,14660.0
1885,Michelle Kennedy,2,Round,1,1,0,10.88,4004.0,1576.38,3944.0,-62.0,7531.1558,18.0,18.0,Ideal,D,VS1,2.54,IGI,14660.0
1885,Nebula Stones,2,Round,1,1,0,13.56,4020.8,1582.99,3960.0,-61.0,7355.938,18.0,18.0,Ideal,D,VS1,2.54,IGI,14660.0
1885,Periwinkle Stones,2,Round,1,1,0,13.1,4003.0,1575.98,3943.0,-61.0,7368.0225,18.0,18.0,Ideal,D,VS1,2.54,IGI,14660.0
1885,Raelynn Jewels,2,Round,1,1,0,11.34,4033.0,1587.8,3973.0,-63.0,7778.2749,18.0,18.0,Ideal,D,VS1,2.54,IGI,14660.0
1885,Riley Stones,2,Round,1,1,0,10.11,3893.0,1532.68,3835.0,-63.0,7489.9111,18.0,18.0,Ideal,D,VS1,2.54,IGI,14660.0
1885,Temperley,2,Round,1,1,0,12.54,4033.0,1587.8,3973.0,-63.0,7892.8745,18.0,18.0,Ideal,D,VS1,2.54,IGI,14660.0
1885,White Lily,2,Round,1,1,0,10.52,4084.48,1608.06,4023.0,-61.0,7435.3584,18.0,18.0,Ideal,D,VS1,2.54,IGI,14660.0
1895,Jane Brear,2,Round,1,1,0,14.56,307.46,809.11,303.0,-41.0,375.3398,17.0,18.0,Ideal,D,VVS1,0.38,IGI,560.0
1895,Michelle Kennedy,2,Round,1,1,0,11.42,320.39,843.13,316.0,-44.0,406.0818,18.0,18.0,Ideal,D,VVS1,0.38,IGI,560.0
1896,Jane Brear,2,Princess,1,1,0,11.56,385.0,527.4,379.0,-62.0,647.9208,15.0,15.0,Super Ideal,F,VVS2,0.73,IGI,1260.0
1899,Cirrus Gems,2,Round,2,2,0,16.99,860.0,641.79,847.0,-59.0,1487.5021,18.0,18.0,Ideal,I,VVS2,1.34,IGI,2440.0
1901,55 E Diamonds,2,Round,1,1,0,10.32,1039.0,1039.0,1023.0,-54.0,1607.54,18.0,18.0,Ideal,F,VVS1,1.0,IGI,3045.0
1901,Cirrus Gems,2,Round,1,1,0,21.51,1028.0,1028.0,1013.0,-51.0,1508.4478,18.0,18.0,Ideal,F,VVS1,1.0,IGI,3045.0
1901,Kara,2,Round,1,1,0,12.2,1077.0,1077.0,1061.0,-50.0,1555.7366,18.0,18.0,Ideal,F,VVS1,1.0,IGI,3045.0
1901,Marlowe & Co,2,Round,1,1,0,14.69,1057.0,1057.0,1041.0,-50.0,1506.7528,18.0,18.0,Ideal,F,VVS1,1.0,IGI,3045.0
1901,Meadow & Co,2,Round,1,1,0,10.11,1036.0,1036.0,1020.0,-51.0,1509.6781,18.0,18.0,Ideal,F,VVS1,1.0,IGI,3045.0
1901,Michelle Kennedy,2,Round,1,1,0,15.14,1071.0,1071.0,1055.0,-52.0,1606.9023,18.0,18.0,Ideal,F,VVS1,1.0,IGI,3045.0
1901,Oasis Diamonds,2,Round,1,1,0,17.68,1081.0,1081.0,1065.0,-50.0,1561.056,18.0,18.0,Ideal,F,VVS1,1.0,IGI,3045.0
1901,Rosella,2,Round,1,1,0,13.29,1026.0,1026.0,1011.0,-52.0,1542.3345,18.0,18.0,Ideal,F,VVS1,1.0,IGI,3045.0
1901,Taiga Gems,2,Round,1,1,0,18.02,1020.0,1020.0,1005.0,-53.0,1567.8403,18.0,18.0,Ideal,F,VVS1,1.0,IGI,3045.0
1901,Temperley,2,Round,1,1,0,20.16,1067.0,1067.0,1051.0,-50.0,1538.5575,18.0,18.0,Ideal,F,VVS1,1.0,IGI,3045.0
1901,White Lily,2,Round,2,1,0,12.31,1072.0,1072.0,1056.0,-51.0,1552.6926,18.0,18.0,Ideal,F,VVS1,1.0,IGI,3045.0
1904,Genesis Stones,2,Oval,1,1,0,18.72,756.0,812.9,745.0,-50.0,1010.9988,15.0,15.0,Super Ideal,G,VS1,0.93,IGI,1490.0
1904,Jane Brear,2,Oval,2,2,0,15.05,883.11,949.58,870.0,-40.0,990.2574,15.0,15.0,Super Ideal,G,VS1,0.93,IGI,1490.0
1904,Periwinkle Stones,2,Oval,1,1,0,15.86,729.0,783.87,718.0,-52.0,1025.3373,15.0,15.0,Super Ideal,G,VS1,0.93,IGI,1490.0
1914,CV Diamonds,2,Princess,1,1,0,14.86,875.0,833.33,862.0,-84.0,3549.2339,15.0,15.0,Super Ideal,E,VS1,1.05,IGI,2540.0
1914,Grace Brooks,2,Princess,1,1,0,17.94,862.84,821.75,850.0,-62.0,1456.0731,15.0,15.0,Super Ideal,E,VS1,1.05,IGI,2540.0
1914,Hoseki,2,Princess,1,1,0,12.69,866.64,825.37,854.0,-63.0,1503.0084,15.0,15.0,Super Ideal,E,VS1,1.05,IGI,2540.0
1914,I & M Designs,2,Princess,1,1,0,14.71,936.3,891.71,922.0,-60.0,1473.7617,15.0,15.0,Super Ideal,E,VS1,1.05,IGI,2540.0
1914,Jane Brear,2,Princess,1,1,0,18.79,849.0,808.57,836.0,-66.0,1609.0172,15.0,15.0,Super Ideal,E,VS1,1.05,IGI,2540.0
1914,La Marquise,2,Princess,1,1,0,16.42,936.2,891.62,922.0,-60.0,1480.1777,15.0,15.0,Super Ideal,E,VS1,1.05,IGI,2540.0
1914,Michelle Kennedy,2,Princess,1,2,0,14.13,900.48,857.6,887.0,-63.0,1559.2079,15.0,15.0,Super Ideal,E,VS1,1.05,IGI,2540.0
1914,Nebula Stones,2,Princess,1,1,0,13.0,849.0,808.57,836.0,-64.0,1481.5712,15.0,15.0,Super Ideal,E,VS1,1.05,IGI,2540.0
1914,Periwinkle Stones,2,Princess,1,1,0,11.1,876.6,834.86,863.0,-62.0,1452.8815,15.0,15.0,Super Ideal,E,VS1,1.05,IGI,2540.0
1914,Temperley,2,Princess,2,1,0,13.35,871.53,830.03,858.0,-62.0,1463.5065,15.0,15.0,Super Ideal,E,VS1,1.05,IGI,2540.0
1914,White Lily,2,Princess,1,1,0,15.95,879.0,837.14,866.0,-65.0,1578.3551,15.0,15.0,Super Ideal,E,VS1,1.05,IGI,2540.0
1915,Marlowe & Co,2,Round,1,1,0,13.24,1160.0,729.56,1143.0,-56.0,1908.2281,18.0,18.0,Super Ideal,G,SI1,1.59,IGI,3806.0
1916,Roma Diamonds,2,Emerald,1,1,0,10.4,356.0,712.0,351.0,-56.0,518.749,15.0,15.0,Very Good,D,VS2,0.5,IGI,690.0
1916,Silva Diamonds,2,Emerald,1,2,0,14.99,351.0,702.0,346.0,-54.0,485.7157,14.0,15.0,Very Good,D,VS2,0.5,IGI,690.0
1916,Temperley,2,Emerald,2,1,0,13.73,483.0,966.0,476.0,-35.0,481.2825,14.0,15.0,Very Good,D,VS2,0.5,IGI,690.0
1919,Mei & Co,2,Round,1,1,0,14.95,4105.0,1332.79,4043.0,-67.0,8927.5068,18.0,18.0,Super Ideal,G,VS1,3.08,IGI,17530.0
1919,Michelle Kennedy,2,Round,1,1,0,18.08,3974.59,1290.45,3915.0,-67.0,8747.4668,18.0,18.0,Super Ideal,G,VS1,3.08,IGI,17530.0
1919,Taiga Gems,2,Round,1,1,0,13.69,4110.34,1334.53,4049.0,-68.0,9244.3105,18.0,18.0,Super Ideal,G,VS1,3.08,IGI,17530.0
1919,Temperley,2,Round,1,1,0,21.18,3951.0,1282.79,3892.0,-68.0,8785.4521,18.0,18.0,Super Ideal,G,VS1,3.08,IGI,17530.0
1919,Verve Jewels,2,Round,1,1,0,95.57,3962.0,1286.36,3903.0,-68.0,8964.5039,18.0,18.0,Super Ideal,G,VS1,3.08,IGI,17530.0
1919,Vespera Gems,2,Round,1,1,0,13.96,3969.0,1288.64,3909.0,-68.0,8807.3184,18.0,18.0,Super Ideal,G,VS1,3.08,IGI,17530.0
1919,Westport Jewelry,2,Round,1,1,0,12.63,3936.0,1277.92,3877.0,-68.0,8796.8799,18.0,18.0,Super Ideal,G,VS1,3.08,IGI,17530.0
1919,White Lily,2,Round,1,1,0,18.48,3966.95,1287.97,3907.0,-68.0,8877.0928,18.0,18.0,Super Ideal,G,VS1,3.08,IGI,17530.0
1920,Jane Brear,2,Round,1,1,0,14.35,3303.4,1501.55,3254.0,-15.0,2783.4062,18.0,18.0,Super Ideal,J,VS1,2.2,IGI,4475.0
1920,Temperley,2,Round,1,1,0,11.7,3303.4,1501.55,3254.0,-15.0,2789.2493,18.0,18.0,Super Ideal,J,VS1,2.2,IGI,4475.0
1920,White Lily,2,Round,1,1,0,13.04,3303.4,1501.55,3254.0,-13.0,2710.7219,18.0,18.0,Super Ideal,J,VS1,2.2,IGI,4475.0
1926,55 E Diamonds,2,Round,1,1,0,18.26,1013.41,858.82,998.0,-47.0,1360.6057,18.0,18.0,Super Ideal,E,VVS2,1.18,IGI,3346.67
1926,Cirrus Gems,2,Round,1,1,0,93.61,884.0,749.15,871.0,-54.0,1384.2939,18.0,18.0,Super Ideal,E,VVS2,1.18,IGI,3346.67
1926,Emilia Sterling,2,Round,1,1,0,13.61,881.0,746.61,868.0,-53.0,1332.4078,18.0,18.0,Super Ideal,E,VVS2,1.18,IGI,3346.67
1926,Eterna Luxe,2,Round,1,1,0,10.79,922.0,781.36,908.0,-52.0,1375.6703,18.0,18.0,Super Ideal,E,VVS2,1.18,IGI,3346.67
1926,Eternity Fine Jewelers,2,Round,1,1,0,15.57,916.0,776.27,902.0,-52.0,1379.4265,18.0,18.0,Super Ideal,E,VVS2,1.18,IGI,3346.67
1926,Fabiola,2,Round,1,1,0,14.78,898.0,761.02,885.0,-53.0,1366.8556,18.0,18.0,Super Ideal,E,VVS2,1.18,IGI,3346.67
1926,Hill & Holland,2,Round,1,1,0,13.91,963.0,816.1,949.0,-51.0,1394.076,18.0,18.0,Super Ideal,E,VVS2,1.18,IGI,3346.67
1926,Iris Diamonds,2,Round,1,1,0,12.89,896.0,759.32,883.0,-54.0,1405.792,18.0,18.0,Super Ideal,E,VVS2,1.18,IGI,3346.67
1926,Jane Brear,2,Round,1,1,0,11.04,931.0,788.98,917.0,-52.0,1400.8439,18.0,18.0,Super Ideal,E,VVS2,1.18,IGI,3346.67
1926,Knox Diamonds,2,Round,1,1,0,15.29,905.45,767.33,892.0,-55.0,1425.1278,18.0,18.0,Super Ideal,E,VVS2,1.18,IGI,3346.67
1926,Magnolia,2,Round,1,2,0,14.41,915.4,775.76,902.0,-53.0,1388.1938,18.0,18.0,Super Ideal,E,VVS2,1.18,IGI,3346.67
1926,Marlowe & Co,2,Round,1,1,0,10.12,917.0,777.12,903.0,-53.0,1392.9895,18.0,18.0,Super Ideal,E,VVS2,1.18,IGI,3346.67
1926,Michelle Kennedy,2,Round,1,1,0,15.55,944.26,800.22,930.0,-52.0,1395.399,18.0,18.0,Super Ideal,E,VVS2,1.18,IGI,3346.67
1926,Promenade Jewelry,2,Round,1,1,0,15.09,903.38,765.58,890.0,-54.0,1416.4727,18.0,18.0,Super Ideal,E,VVS2,1.18,IGI,3346.67
1926,Rosella,2,Round,1,1,0,12.58,905.0,766.95,891.0,-53.0,1388.1938,18.0,18.0,Super Ideal,E,VVS2,1.18,IGI,3346.67
1926,Seraphina Gems,2,Round,1,1,0,13.59,904.0,766.1,890.0,-52.0,1348.8356,18.0,18.0,Super Ideal,E,VVS2,1.18,IGI,3346.67
1926,Sigma Diamonds,2,Round,1,1,0,14.55,895.0,758.47,882.0,-55.0,1424.4979,18.0,18.0,Super Ideal,E,VVS2,1.18,IGI,3346.67
1926,Silva Diamonds,2,Round,1,1,0,11.73,899.0,761.86,886.0,-53.0,1371.8344,18.0,18.0,Super Ideal,E,VVS2,1.18,IGI,3346.67
1926,Simetría,2,Round,1,1,0,93.11,902.0,764.41,888.0,-55.0,1428.6088,18.0,18.0,Super Ideal,E,VVS2,1.18,IGI,3346.67
1926,Sunset Gems,2,Round,1,1,0,15.57,901.45,763.94,888.0,-53.0,1386.5941,18.0,18.0,Super Ideal,E,VVS2,1.18,IGI,3346.67
1926,Temperley,2,Round,1,1,0,15.49,966.0,818.64,952.0,-51.0,1415.9915,18.0,18.0,Super Ideal,E,VVS2,1.18,IGI,3346.67
1926,White Lily,2,Round,1,1,0,13.56,971.0,822.88,956.0,-51.0,1404.5615,18.0,18.0,Super Ideal,E,VVS2,1.18,IGI,3346.67
1927,Albert's Creations,2,Oval,2,2,0,13.08,323.38,646.76,319.0,-22.0,278.1588,14.0,15.0,Very Good,D,SI1,0.5,IGI,625.0
1935,Jane Brear,2,Round,1,1,0,15.33,312.71,868.64,308.0,-37.0,354.5963,18.0,18.0,Super Ideal,D,VVS2,0.36,IGI,460.0
1935,Michelle Kennedy,2,Round,1,1,0,12.18,313.42,870.61,309.0,-38.0,362.9574,18.0,18.0,Super Ideal,D,VVS2,0.36,IGI,460.0
1935,Temperley,2,Round,1,1,0,15.02,313.42,870.61,309.0,-41.0,381.2101,18.0,18.0,Super Ideal,D,VVS2,0.36,IGI,460.0
1935,White Lily,2,Round,1,1,0,13.04,313.42,870.61,309.0,-37.0,357.0773,18.0,18.0,Super Ideal,D,VVS2,0.36,IGI,460.0
1936,55 E Diamonds,2,Round,1,1,0,14.49,1081.0,825.19,1065.0,-59.0,1870.0031,18.0,18.0,Super Ideal,F,VVS2,1.31,IGI,3643.33
1936,Cirrus Gems,2,Round,1,1,0,17.55,1019.0,777.86,1004.0,-62.0,1920.4974,18.0,18.0,Super Ideal,F,VVS2,1.31,IGI,3643.33
1936,Ember Star,2,Round,1,1,0,13.25,1004.0,766.41,989.0,-62.0,1875.3105,18.0,18.0,Super Ideal,F,VVS2,1.31,IGI,3643.33
1936,Emilia Sterling,2,Round,1,1,0,15.42,1011.0,771.76,996.0,-61.0,1857.4662,18.0,18.0,Super Ideal,F,VVS2,1.31,IGI,3643.33
1936,Eterna Luxe,2,Round,1,1,0,12.61,1059.0,808.4,1043.0,-59.0,1866.7367,18.0,18.0,Super Ideal,F,VVS2,1.31,IGI,3643.33
1936,Iris Diamonds,2,Round,1,1,0,13.71,1039.78,793.73,1024.0,-60.0,1861.8068,18.0,18.0,Super Ideal,F,VVS2,1.31,IGI,3643.33
1936,Jane Brear,2,Round,1,1,0,16.66,1083.86,827.37,1068.0,-59.0,1883.2251,18.0,18.0,Super Ideal,F,VVS2,1.31,IGI,3643.33
1936,Marlowe & Co,2,Round,1,1,0,15.76,1056.0,806.11,1040.0,-60.0,1889.454,18.0,18.0,Super Ideal,F,VVS2,1.31,IGI,3643.33
1936,Michelle Kennedy,2,Round,1,1,0,12.04,1069.62,816.5,1054.0,-60.0,1897.9095,18.0,18.0,Super Ideal,F,VVS2,1.31,IGI,3643.33
1936,Roma Diamonds,2,Round,1,1,0,14.78,1047.0,799.24,1031.0,-60.0,1887.6559,18.0,18.0,Super Ideal,F,VVS2,1.31,IGI,3643.33
1936,Seraphina Gems,2,Round,1,1,0,20.43,1040.0,793.89,1024.0,-61.0,1902.6069,18.0,18.0,Super Ideal,F,VVS2,1.31,IGI,3643.33
1936,Simetría,2,Round,1,1,0,14.56,1050.72,802.08,1035.0,-60.0,1893.9103,18.0,18.0,Super Ideal,F,VVS2,1.31,IGI,3643.33
1936,Temperley,2,Round,1,1,0,13.81,1059.0,808.4,1043.0,-60.0,1890.2644,18.0,18.0,Super Ideal,F,VVS2,1.31,IGI,3643.33
1936,Voyage Diamonds,2,Round,1,1,0,16.05,1138.0,868.7,1121.0,-57.0,1885.5459,18.0,18.0,Super Ideal,F,VVS2,1.31,IGI,3643.33
1943,Fabiola,2,Oval,1,1,0,13.98,1940.0,1083.8,1911.0,-51.0,2669.4302,14.0,15.0,Very Good,F,VS1,1.79,IGI,5640.0
1943,Pegasus Diamonds,2,Oval,1,1,0,13.93,2036.0,1137.43,2005.0,-48.0,2646.0679,15.0,15.0,Very Good,F,VS1,1.79,IGI,5640.0
1943,White Lily,2,Oval,1,1,0,16.09,1978.0,1105.03,1948.0,-49.0,2615.1326,15.0,15.0,Very Good,F,VS1,1.79,IGI,5640.0
1953,Sunset Gems,5,Princess,1,2,0,15.7,1402.0,910.39,1381.0,-56.0,2044.0142,15.0,15.0,Very Good,H,VS2,1.54,GCAL,3530.0
1956,Emilia Sterling,2,Cushion,1,1,0,11.44,2503.0,1472.35,2465.0,-54.0,3464.415,14.0,15.0,Very Good,D,VVS2,1.7,IGI,7680.0
1957,Avignon Diamonds,2,Round,2,2,0,22.9,327.0,467.14,322.0,-55.0,518.4503,16.0,18.0,Very Good,D,VS2,0.7,IGI,1300.0
1957,Jane Brear,2,Round,1,2,0,19.6,361.0,515.71,356.0,-54.0,562.3907,17.0,18.0,Very Good,D,VS2,0.7,IGI,1300.0
1957,Marlowe & Co,2,Round,1,1,0,21.08,378.0,540.0,372.0,-50.0,539.6694,15.0,18.0,Very Good,D,VS2,0.7,IGI,1300.0
1957,Rosella,2,Round,2,2,0,15.25,313.67,448.1,309.0,-64.0,616.8043,14.0,18.0,Very Good,D,VS2,0.7,IGI,1300.0
1957,Temperley,2,Round,1,1,0,21.22,346.26,494.66,341.0,-52.0,520.8871,17.0,18.0,Very Good,D,VS2,0.7,IGI,1300.0
1957,White Lily,2,Round,1,1,0,19.89,348.25,497.5,343.0,-52.0,516.8384,15.0,18.0,Very Good,D,VS2,0.7,IGI,1300.0
1960,Jane Brear,2,Pear,2,2,0,18.94,362.9,518.43,357.0,-59.0,568.0873,14.0,15.0,Very Good,F,VVS2,0.7,IGI,1160.0
1960,Temperley,2,Pear,1,1,0,14.29,395.0,564.29,389.0,-54.0,553.119,15.0,15.0,Very Good,F,VVS2,0.7,IGI,1160.0
1962,White Lily,2,Pear,1,1,0,17.42,1929.0,914.22,1900.0,-61.0,3245.8745,15.0,15.0,Very Good,H,VS1,2.11,IGI,6630.0
1963,Albert's Creations,2,Round,1,1,0,31.22,320.0,477.61,315.0,-47.0,436.001,18.0,18.0,Super Ideal,F,SI1,0.67,IGI,1020.0
1963,Michelle Kennedy,2,Round,1,1,0,26.0,385.0,574.63,379.0,-35.0,423.3006,18.0,18.0,Super Ideal,F,SI1,0.67,IGI,1020.0
1965,Diamonds by Zoya,2,Oval,2,2,0,12.62,320.39,843.13,316.0,-41.0,367.1229,14.0,15.0,Very Good,E,VS2,0.38,IGI,390.0
1967,Fuji Diamonds,2,Pear,1,2,0,22.19,1266.28,844.19,1247.0,-61.0,2120.1267,14.0,15.0,Very Good,H,VS1,1.5,IGI,3460.0
1967,Taiga Gems,2,Pear,1,1,0,20.05,1256.0,837.33,1237.0,-62.0,2149.8787,15.0,15.0,Very Good,H,VS1,1.5,IGI,3460.0
1969,Jane Brear,2,Oval,1,1,0,14.47,2463.0,1140.28,2426.0,-57.0,3825.7368,15.0,15.0,Super Ideal,F,VS2,2.16,IGI,7030.0
1969,White Lily,2,Oval,1,1,0,17.94,2380.0,1101.85,2344.0,-59.0,3932.0762,15.0,15.0,Super Ideal,F,VS2,2.16,IGI,7030.0
1986,Artemis Stones,2,Round,1,1,0,13.69,1074.21,789.86,1058.0,-54.0,1657.4954,18.0,18.0,Ideal,E,VS1,1.36,IGI,3663.33
1986,Avignon Diamonds,2,Round,1,1,0,16.27,1088.0,800.0,1072.0,-52.0,1634.2651,18.0,18.0,Ideal,E,VS1,1.36,IGI,3663.33
1986,Camden Gems,2,Round,1,1,0,11.46,1042.76,766.74,1027.0,-55.0,1676.2501,17.0,18.0,Ideal,E,VS1,1.36,IGI,3663.33
1986,Cirrus Gems,2,Round,1,1,0,14.18,1034.64,760.76,1019.0,-54.0,1621.9888,18.0,18.0,Ideal,E,VS1,1.36,IGI,3663.33
1986,Emilia Sterling,2,Round,1,1,0,9.84,1045.0,768.38,1029.0,-56.0,1697.4952,18.0,18.0,Ideal,E,VS1,1.36,IGI,3663.33
1986,Eterna Luxe,2,Round,1,1,0,14.32,1077.0,791.91,1061.0,-53.0,1651.5031,18.0,18.0,Ideal,E,VS1,1.36,IGI,3663.33
1986,Jane Brear,2,Round,1,1,0,18.39,1110.89,816.83,1094.0,-53.0,1678.1962,18.0,18.0,Ideal,E,VS1,1.36,IGI,3663.33
1986,Lotus Creation,2,Round,1,1,0,15.32,1055.87,776.38,1040.0,-54.0,1636.5311,18.0,18.0,Ideal,E,VS1,1.36,IGI,3663.33
1986,Magnolia,2,Round,1,1,0,15.04,1048.0,770.59,1032.0,-56.0,1690.6604,18.0,18.0,Ideal,E,VS1,1.36,IGI,3663.33
1986,Marlowe & Co,2,Round,1,1,0,11.77,1106.44,813.56,1090.0,-52.0,1653.514,18.0,18.0,Ideal,E,VS1,1.36,IGI,3663.33
1986,Michelle Kennedy,2,Round,1,1,0,12.32,1097.0,806.62,1081.0,-52.0,1647.6439,18.0,18.0,Ideal,E,VS1,1.36,IGI,3663.33
1986,Oasis Diamonds,2,Round,1,1,0,11.65,1104.45,812.1,1088.0,-53.0,1678.4022,18.0,18.0,Ideal,E,VS1,1.36,IGI,3663.33
1986,Roma Diamonds,2,Round,1,1,0,13.0,1869.0,1374.26,1841.0,-20.0,1664.6193,18.0,18.0,Ideal,E,VS1,1.36,IGI,3663.33
1986,Serene Peaks Diamonds,2,Round,1,1,0,11.76,1063.66,782.1,1048.0,-53.0,1617.5117,18.0,18.0,Ideal,E,VS1,1.36,IGI,3663.33
1986,Silva Diamonds,2,Round,1,1,0,11.93,1053.0,774.26,1037.0,-54.0,1641.9613,18.0,18.0,Ideal,E,VS1,1.36,IGI,3663.33
1986,Simetría,2,Round,1,1,0,13.68,1030.78,757.93,1015.0,-54.0,1602.1775,18.0,18.0,Ideal,E,VS1,1.36,IGI,3663.33
1986,Summit Gems,2,Round,1,1,0,11.88,1060.67,779.9,1045.0,-55.0,1698.9253,18.0,18.0,Ideal,E,VS1,1.36,IGI,3663.33
1986,Tamara,2,Round,1,1,0,12.17,1071.62,787.96,1056.0,-52.0,1613.1819,18.0,18.0,Ideal,E,VS1,1.36,IGI,3663.33
1986,Temperley,2,Round,1,1,0,18.28,1110.89,816.83,1094.0,-52.0,1667.7043,18.0,18.0,Ideal,E,VS1,1.36,IGI,3663.33
1986,Vega Diamonds,2,Round,1,1,0,13.15,1037.0,762.5,1021.0,-56.0,1689.2217,18.0,18.0,Ideal,E,VS1,1.36,IGI,3663.33
1986,Voyage Diamonds,2,Round,1,1,0,13.16,1133.09,833.15,1116.0,-51.0,1667.5288,18.0,18.0,Ideal,E,VS1,1.36,IGI,3663.33
1986,White Lily,2,Round,1,1,0,11.96,1104.45,812.1,1088.0,-52.0,1659.4225,18.0,18.0,Ideal,E,VS1,1.36,IGI,3663.33
1986,Zimmerman Diamonds,2,Round,1,1,0,13.71,1061.66,780.63,1046.0,-54.0,1667.4639,18.0,18.0,Ideal,E,VS1,1.36,IGI,3663.33
1991,Atkinson Crafts,2,Round,1,1,0,13.27,3985.0,1587.65,3925.0,-61.0,7405.6206,18.0,18.0,Ideal,F,VVS2,2.51,IGI,13550.0
1991,Ember Star,2,Round,1,1,0,16.39,3761.58,1498.64,3705.0,-63.0,7321.8994,18.0,18.0,Ideal,F,VVS2,2.51,IGI,13550.0
1991,Emilia Sterling,2,Round,1,1,0,93.46,3807.0,1516.73,3750.0,-63.0,7308.7324,18.0,18.0,Ideal,F,VVS2,2.51,IGI,13550.0
1991,Fuji Diamonds,2,Round,1,1,0,18.36,3834.0,1527.49,3776.0,-63.0,7494.9712,18.0,18.0,Ideal,F,VVS2,2.51,IGI,13550.0
1991,Jane Brear,2,Round,1,1,0,11.72,3942.0,1570.52,3883.0,-62.0,7456.2935,18.0,18.0,Ideal,F,VVS2,2.51,IGI,13550.0
1991,Periwinkle Stones,2,Round,1,1,0,13.19,3963.0,1578.88,3904.0,-62.0,7563.5859,18.0,18.0,Ideal,F,VVS2,2.51,IGI,13550.0
1991,Rosella,2,Round,1,1,0,12.49,3779.0,1505.58,3722.0,-64.0,7416.6621,18.0,18.0,Ideal,F,VVS2,2.51,IGI,13550.0
1991,Seraphina Gems,2,Round,1,1,0,14.55,4660.58,1856.8,4591.0,-56.0,7567.7544,18.0,18.0,Ideal,F,VVS2,2.51,IGI,13550.0
1991,Serenade Diamonds,2,Round,1,1,0,12.19,3737.0,1488.84,3681.0,-64.0,7365.9834,18.0,18.0,Ideal,F,VVS2,2.51,IGI,13550.0
1991,Simetría,2,Round,1,1,0,13.3,3927.26,1564.65,3868.0,-62.0,7372.9277,18.0,18.0,Ideal,F,VVS2,2.51,IGI,13550.0
1991,Sonata Gems,2,Round,1,1,0,10.73,3922.29,1562.67,3863.0,-62.0,7332.1377,18.0,18.0,Ideal,F,VVS2,2.51,IGI,13550.0
1991,Tamara,2,Round,1,1,0,14.11,3936.22,1568.22,3877.0,-62.0,7319.8999,18.0,18.0,Ideal,F,VVS2,2.51,IGI,13550.0
1991,Temperley,2,Round,1,1,0,10.95,3939.0,1569.32,3880.0,-62.0,7456.5947,18.0,18.0,Ideal,F,VVS2,2.51,IGI,13550.0
1991,Tierra Mia Diamonds,2,Round,1,1,0,17.68,3825.0,1523.9,3768.0,-63.0,7422.6313,18.0,18.0,Ideal,F,VVS2,2.51,IGI,13550.0
1991,White Lily,2,Round,1,1,0,14.58,3939.0,1569.32,3880.0,-62.0,7477.4683,18.0,18.0,Ideal,F,VVS2,2.51,IGI,13550.0
1993,Diamonds by Zoya,2,Cushion,2,3,0,14.73,337.3,571.69,332.0,-71.0,722.0841,13.0,15.0,Very Good,E,VS1,0.59,IGI,760.0
1993,Michelle Kennedy,2,Cushion,2,2,0,14.03,521.38,883.69,514.0,-55.0,725.0488,14.0,15.0,Very Good,E,VS1,0.59,IGI,760.0
1993,Promenade Jewelry,2,Cushion,1,1,0,15.55,326.22,552.92,321.0,-56.0,468.7422,14.0,15.0,Very Good,E,VS1,0.59,IGI,760.0
1994,Taiga Gems,2,Asscher,1,1,0,14.08,775.0,759.8,763.0,-69.0,1533.8691,15.0,15.0,Very Good,F,VS2,1.02,IGI,1970.0
1995,Albert's Creations,2,Pear,1,1,0,14.99,2123.0,1056.22,2091.0,-65.0,3938.6289,15.0,15.0,Super Ideal,G,VS1,2.01,IGI,7090.0
1995,Jane Brear,2,Pear,1,1,0,15.2,2152.18,1070.74,2120.0,-64.0,3854.2107,15.0,15.0,Super Ideal,G,VS1,2.01,IGI,7090.0
1995,Mei & Co,2,Pear,1,1,0,11.0,2133.0,1061.19,2101.0,-64.0,3887.4624,15.0,15.0,Super Ideal,G,VS1,2.01,IGI,7090.0
1995,Michelle Kennedy,2,Pear,1,1,0,14.77,2156.16,1072.72,2124.0,-64.0,3937.4006,15.0,15.0,Super Ideal,G,VS1,2.01,IGI,7090.0
1995,Periwinkle Stones,2,Pear,1,1,0,19.29,2127.0,1058.21,2095.0,-64.0,3869.6848,15.0,15.0,Super Ideal,G,VS1,2.01,IGI,7090.0
1995,Serene Peaks Diamonds,2,Pear,1,1,0,16.25,2138.26,1063.81,2106.0,-64.0,3800.7285,15.0,15.0,Super Ideal,G,VS1,2.01,IGI,7090.0
1995,Sunset Gems,2,Pear,1,1,0,19.42,2103.0,1046.27,2071.0,-65.0,3868.7563,15.0,15.0,Super Ideal,G,VS1,2.01,IGI,7090.0
1995,Taiga Gems,2,Pear,1,1,0,14.82,2108.0,1048.76,2076.0,-65.0,3920.8232,15.0,15.0,Super Ideal,G,VS1,2.01,IGI,7090.0
1995,Temperley,2,Pear,1,1,0,13.89,2132.0,1060.7,2100.0,-64.0,3812.7324,15.0,15.0,Super Ideal,G,VS1,2.01,IGI,7090.0
1995,Westport Jewelry,2,Pear,1,1,0,15.77,2066.0,1027.86,2035.0,-66.0,3943.2117,15.0,15.0,Super Ideal,G,VS1,2.01,IGI,7090.0
1995,White Lily,2,Pear,1,1,0,14.67,2112.0,1050.75,2080.0,-64.0,3804.9795,15.0,15.0,Super Ideal,G,VS1,2.01,IGI,7090.0
1998,Cornerstone,2,Oval,1,2,0,10.92,362.0,696.15,357.0,-59.0,595.2251,14.0,15.0,Very Good,D,VVS2,0.52,IGI,850.0
1998,Diamonds by Zoya,2,Oval,2,2,0,13.84,350.24,673.54,345.0,-61.0,602.4428,14.0,15.0,Very Good,D,VVS2,0.52,IGI,850.0
1998,Hoseki,2,Oval,1,2,0,15.42,369.14,709.88,364.0,-59.0,611.5679,15.0,15.0,Very Good,D,VVS2,0.52,IGI,850.0
1998,Magnolia,2,Oval,2,2,0,12.42,350.0,673.08,345.0,-60.0,585.366,15.0,15.0,Very Good,D,VVS2,0.52,IGI,850.0
1998,Meadow & Co,2,Oval,1,1,0,11.49,372.0,715.38,366.0,-53.0,532.1338,15.0,15.0,Very Good,D,VVS2,0.52,IGI,850.0
1998,Rosella,2,Oval,2,2,0,13.9,340.0,653.85,335.0,-65.0,656.1298,15.0,15.0,Very Good,D,VVS2,0.52,IGI,850.0
1998,Silva Diamonds,2,Oval,2,2,0,13.32,358.0,688.46,353.0,-56.0,542.3448,14.0,15.0,Very Good,D,VVS2,0.52,IGI,850.0
2001,Promenade Jewelry,2,Cushion,1,1,0,19.67,3881.0,1176.06,3823.0,-61.0,6318.335,15.0,15.0,Very Good,H,VS1,3.3,IGI,12100.0
2002,Eternity Fine Jewelers,2,Round,1,1,0,13.56,1973.08,1195.81,1943.0,-56.0,3219.7002,18.0,18.0,Super Ideal,D,VVS2,1.65,IGI,7780.0
2002,Jane Brear,2,Round,1,1,0,14.95,1988.0,1204.85,1958.0,-56.0,3201.6721,18.0,18.0,Super Ideal,D,VVS2,1.65,IGI,7780.0
2002,Kara,2,Round,1,1,0,14.49,1966.0,1191.52,1937.0,-55.0,3162.8638,18.0,18.0,Super Ideal,D,VVS2,1.65,IGI,7780.0
2002,Knox Diamonds,2,Round,1,1,0,16.64,1941.24,1176.51,1912.0,-57.0,3224.3572,18.0,18.0,Super Ideal,D,VVS2,1.65,IGI,7780.0
2002,Michelle Kennedy,2,Round,1,1,0,15.46,1972.0,1195.15,1942.0,-56.0,3231.9634,18.0,18.0,Super Ideal,D,VVS2,1.65,IGI,7780.0
2002,Promenade Jewelry,2,Round,1,1,0,11.82,1956.0,1185.45,1927.0,-57.0,3252.1138,18.0,18.0,Super Ideal,D,VVS2,1.65,IGI,7780.0
2002,Summit Gems,2,Round,1,1,0,15.48,1934.0,1172.12,1905.0,-57.0,3198.8108,18.0,18.0,Super Ideal,D,VVS2,1.65,IGI,7780.0
2002,Temperley,2,Round,1,1,0,17.04,2002.94,1213.9,1973.0,-56.0,3225.6655,18.0,18.0,Super Ideal,D,VVS2,1.65,IGI,7780.0
2002,White Lily,2,Round,1,1,0,18.58,2023.83,1226.56,1993.0,-55.0,3229.0591,18.0,18.0,Super Ideal,D,VVS2,1.65,IGI,7780.0
2008,Albert's Creations,2,Oval,1,1,0,17.83,6014.0,2004.67,5924.0,-61.0,10444.4092,15.0,15.0,Super Ideal,D,VS1,3.0,IGI,18600.0
2008,Cut and Craft,2,Oval,1,1,0,19.55,5995.0,1998.33,5905.0,-62.0,10545.7334,15.0,15.0,Super Ideal,D,VS1,3.0,IGI,18600.0
2008,Eternal Flame,2,Oval,1,1,0,16.38,5970.0,1990.0,5880.0,-62.0,10650.9727,15.0,15.0,Super Ideal,D,VS1,3.0,IGI,18600.0
2008,Grace Brooks,2,Oval,1,1,0,22.34,5958.0,1986.0,5869.0,-62.0,10550.1641,15.0,15.0,Super Ideal,D,VS1,3.0,IGI,18600.0
2008,Infinity Diamonds,2,Oval,1,1,0,21.11,6126.0,2042.0,6034.0,-61.0,10550.1641,15.0,15.0,Super Ideal,D,VS1,3.0,IGI,18600.0
2008,Jane Brear,2,Oval,1,1,0,21.27,5947.0,1982.33,5858.0,-62.0,10590.6729,15.0,15.0,Super Ideal,D,VS1,3.0,IGI,18600.0
2008,Mei & Co,2,Oval,1,1,0,15.07,6030.0,2010.0,5940.0,-62.0,10768.7725,15.0,15.0,Super Ideal,D,VS1,3.0,IGI,18600.0
2008,Michelle Kennedy,2,Oval,1,1,0,18.85,5942.0,1980.67,5853.0,-62.0,10598.3066,15.0,15.0,Super Ideal,D,VS1,3.0,IGI,18600.0
2008,Nebula Stones,2,Oval,1,1,0,21.5,6104.0,2034.67,6012.0,-61.0,10453.373,15.0,15.0,Super Ideal,D,VS1,3.0,IGI,18600.0
2008,Pegasus Diamonds,2,Oval,1,1,0,19.24,6349.02,2116.34,6254.0,-60.0,10613.291,15.0,15.0,Super Ideal,D,VS1,3.0,IGI,18600.0
2008,Periwinkle Stones,2,Oval,1,1,0,17.89,6044.0,2014.67,5953.0,-62.0,10719.4551,15.0,15.0,Super Ideal,D,VS1,3.0,IGI,18600.0
2008,Taiga Gems,2,Oval,1,1,0,19.59,5946.0,1982.0,5857.0,-63.0,10758.8037,15.0,15.0,Super Ideal,D,VS1,3.0,IGI,18600.0
2008,Temperley,2,Oval,1,1,0,15.25,5942.0,1980.67,5853.0,-62.0,10601.4844,15.0,15.0,Super Ideal,D,VS1,3.0,IGI,18600.0
2008,The Diamond Source,2,Oval,1,2,0,19.13,5753.0,1917.67,5667.0,-63.0,10565.2227,15.0,15.0,Super Ideal,D,VS1,3.0,IGI,18600.0
2008,Vega Diamonds,2,Oval,1,1,0,17.37,5894.0,1964.67,5806.0,-62.0,10564.085,15.0,15.0,Super Ideal,D,VS1,3.0,IGI,18600.0
2008,White Lily,2,Oval,1,1,0,18.67,5947.0,1982.33,5858.0,-62.0,10599.7793,15.0,15.0,Super Ideal,D,VS1,3.0,IGI,18600.0
2009,Clermont Diamonds,2,Round,1,1,0,14.47,780.0,614.17,768.0,-64.0,1564.9994,18.0,18.0,Ideal,F,VS2,1.27,IGI,2510.0
2009,Michelle Kennedy,2,Round,1,1,0,14.25,821.0,646.46,809.0,-63.0,1576.8455,18.0,18.0,Ideal,F,VS2,1.27,IGI,2510.0
2009,Roma Diamonds,2,Round,1,1,0,12.13,1546.0,1217.32,1523.0,-30.0,1583.0874,18.0,18.0,Ideal,F,VS2,1.27,IGI,2510.0
2009,Temperley,2,Round,1,1,0,12.75,816.0,642.52,804.0,-64.0,1622.1964,18.0,18.0,Ideal,F,VS2,1.27,IGI,2510.0
2014,Meridian Crafts,2,Round,1,1,0,13.87,340.0,557.38,335.0,-55.0,538.5187,18.0,18.0,Super Ideal,G,VVS2,0.61,IGI,820.0
2014,Temperley,2,Round,1,1,0,17.93,372.0,609.84,366.0,-53.0,563.2538,18.0,18.0,Super Ideal,G,VVS2,0.61,IGI,820.0
2015,Albert's Creations,2,Round,1,1,0,13.12,2597.0,1236.67,2558.0,-61.0,4727.3315,18.0,18.0,Ideal,E,VS1,2.1,IGI,9830.0
2015,CV Diamonds,2,Round,1,1,0,12.34,2587.0,1231.9,2548.0,-61.0,4704.7759,18.0,18.0,Ideal,E,VS1,2.1,IGI,9830.0
2015,Clermont Diamonds,2,Round,1,1,0,14.94,2601.0,1238.57,2562.0,-61.0,4741.9946,18.0,18.0,Ideal,E,VS1,2.1,IGI,9830.0
2015,Diamonds by Zoya,2,Round,1,1,0,94.65,2587.0,1231.9,2548.0,-60.0,4650.3667,18.0,18.0,Ideal,E,VS1,2.1,IGI,9830.0
2015,Fabiola,2,Round,1,1,0,12.59,2577.0,1227.14,2538.0,-60.0,4606.292,18.0,18.0,Ideal,E,VS1,2.1,IGI,9830.0
2015,Grace Brooks,2,Round,1,1,0,19.01,2603.0,1239.52,2564.0,-60.0,4608.8477,18.0,18.0,Ideal,E,VS1,2.1,IGI,9830.0
2015,Jane Brear,2,Round,1,1,0,10.93,2611.0,1243.33,2572.0,-60.0,4689.7754,18.0,18.0,Ideal,E,VS1,2.1,IGI,9830.0
2015,Lotus Creation,2,Round,1,1,0,17.74,2543.17,1211.03,2505.0,-61.0,4620.3032,18.0,18.0,Ideal,E,VS1,2.1,IGI,9830.0
2015,Lunar Diamonds,2,Round,1,1,0,13.37,2572.0,1224.76,2533.0,-60.0,4648.9551,18.0,18.0,Ideal,E,VS1,2.1,IGI,9830.0
2015,Magnolia,2,Round,1,1,0,12.44,2583.0,1230.0,2544.0,-60.0,4614.686,18.0,18.0,Ideal,E,VS1,2.1,IGI,9830.0
2015,Michelle Kennedy,2,Round,1,1,0,19.6,2600.0,1238.1,2561.0,-61.0,4747.3335,18.0,18.0,Ideal,E,VS1,2.1,IGI,9830.0
2015,Rosella,2,Round,1,1,0,13.15,2558.0,1218.1,2520.0,-61.0,4643.5303,18.0,18.0,Ideal,E,VS1,2.1,IGI,9830.0
2015,Taiga Gems,2,Round,1,1,0,17.14,2579.0,1228.1,2540.0,-60.0,4632.6445,18.0,18.0,Ideal,E,VS1,2.1,IGI,9830.0
2015,Tamara,2,Round,1,1,0,14.6,2604.91,1240.43,2566.0,-59.0,4586.0571,18.0,18.0,Ideal,E,VS1,2.1,IGI,9830.0
2015,Temperley,2,Round,1,1,0,10.34,2611.0,1243.33,2572.0,-60.0,4718.1294,18.0,18.0,Ideal,E,VS1,2.1,IGI,9830.0
2015,Thalassa Gems,2,Round,1,1,0,11.85,2577.0,1227.14,2538.0,-60.0,4628.0381,18.0,18.0,Ideal,E,VS1,2.1,IGI,9830.0
2015,Tierra Mia Diamonds,2,Round,1,1,0,19.24,2576.95,1227.12,2538.0,-61.0,4721.0732,18.0,18.0,Ideal,E,VS1,2.1,IGI,9830.0
2015,Vega Diamonds,2,Round,1,1,0,13.13,2520.0,1200.0,2482.0,-62.0,4764.8223,18.0,18.0,Ideal,E,VS1,2.1,IGI,9830.0
2015,Vespera Gems,2,Round,1,1,0,11.68,2554.0,1216.19,2516.0,-61.0,4671.5693,18.0,18.0,Ideal,E,VS1,2.1,IGI,9830.0
2015,Westport Jewelry,2,Round,1,1,0,14.86,2541.0,1210.0,2503.0,-62.0,4732.9912,18.0,18.0,Ideal,E,VS1,2.1,IGI,9830.0
2015,White Lily,2,Round,1,1,0,13.03,2600.0,1238.1,2561.0,-59.0,4541.2969,18.0,18.0,Ideal,E,VS1,2.1,IGI,9830.0
2016,Jane Brear,2,Round,3,2,0,19.33,1140.0,1128.71,1123.0,-34.0,1234.9578,14.0,18.0,Very Good,G,VS2,1.01,IGI,2220.0
2021,Michelle Kennedy,2,Pear,2,2,0,10.73,393.0,655.0,387.0,-41.0,435.4207,14.0,15.0,Very Good,H,VS2,0.6,IGI,595.0
2025,Artemis Stones,2,Round,1,1,0,15.29,2278.0,1007.96,2244.0,-64.0,4525.6851,18.0,18.0,Super Ideal,F,VS1,2.26,IGI,9172.0
2025,Emilia Sterling,2,Round,1,1,0,12.08,2263.0,1001.33,2229.0,-64.0,4458.0972,18.0,18.0,Super Ideal,F,VS1,2.26,IGI,9172.0
2025,Jane Brear,2,Round,1,1,0,13.75,2361.0,1044.69,2326.0,-63.0,4577.0796,18.0,18.0,Super Ideal,F,VS1,2.26,IGI,9172.0
2025,Michelle Kennedy,2,Round,1,1,0,13.8,2357.0,1042.92,2322.0,-62.0,4474.1475,18.0,18.0,Super Ideal,F,VS1,2.26,IGI,9172.0
2025,Periwinkle Stones,2,Round,1,1,0,17.0,2358.0,1043.36,2323.0,-63.0,4582.1792,18.0,18.0,Super Ideal,F,VS1,2.26,IGI,9172.0
2025,Simetría,2,Round,1,1,0,11.36,2360.14,1044.31,2325.0,-62.0,4494.5923,18.0,18.0,Super Ideal,F,VS1,2.26,IGI,9172.0
2025,Temperley,2,Round,1,1,0,13.2,2357.0,1042.92,2322.0,-62.0,4471.3335,18.0,18.0,Super Ideal,F,VS1,2.26,IGI,9172.0
2025,White Lily,2,Round,1,1,0,12.37,2366.11,1046.95,2331.0,-62.0,4496.4277,18.0,18.0,Super Ideal,F,VS1,2.26,IGI,9172.0
2030,Avignon Diamonds,2,Round,1,1,0,10.38,1980.0,1144.51,1950.0,-45.0,2598.1074,18.0,18.0,Ideal,D,VS1,1.73,IGI,7780.0
2030,Camden Gems,2,Round,1,1,0,14.39,1977.06,1142.81,1947.0,-45.0,2577.1536,18.0,18.0,Ideal,D,VS1,1.73,IGI,7780.0
2030,Ember Star,2,Round,1,1,0,13.43,1974.0,1141.04,1944.0,-46.0,2601.7043,18.0,18.0,Ideal,D,VS1,1.73,IGI,7780.0
2030,Genesis Stones,2,Round,1,1,0,14.15,2128.0,1230.06,2096.0,-41.0,2600.4595,18.0,18.0,Ideal,D,VS1,1.73,IGI,7780.0
2030,Infinity Diamonds,2,Round,1,1,0,16.36,1971.0,1139.31,1941.0,-47.0,2654.197,18.0,18.0,Ideal,D,VS1,1.73,IGI,7780.0
2030,Jane Brear,2,Round,1,1,0,14.46,1996.0,1153.76,1966.0,-45.0,2621.9856,18.0,18.0,Ideal,D,VS1,1.73,IGI,7780.0
2030,Joan Cooper,2,Round,1,1,0,15.76,1982.0,1145.66,1952.0,-44.0,2547.3079,18.0,18.0,Ideal,D,VS1,1.73,IGI,7780.0
2030,Komorebi Diamonds,2,Round,1,1,0,13.55,1966.12,1136.49,1937.0,-46.0,2598.189,18.0,18.0,Ideal,D,VS1,1.73,IGI,7780.0
2030,Marlowe & Co,2,Round,1,1,0,15.26,1979.0,1143.93,1949.0,-46.0,2606.5737,18.0,18.0,Ideal,D,VS1,1.73,IGI,7780.0
2030,Michelle Kennedy,2,Round,1,1,0,14.92,1994.0,1152.6,1964.0,-45.0,2606.0815,18.0,18.0,Ideal,D,VS1,1.73,IGI,7780.0
2030,Nebula Stones,2,Round,1,1,0,14.33,2007.0,1160.12,1977.0,-46.0,2682.126,18.0,18.0,Ideal,D,VS1,1.73,IGI,7780.0
2030,Periwinkle Stones,2,Round,1,1,0,18.29,2010.0,1161.85,1980.0,-45.0,2631.3821,18.0,18.0,Ideal,D,VS1,1.73,IGI,7780.0
2030,Roma Diamonds,2,Round,1,1,0,15.3,1977.0,1142.77,1947.0,-45.0,2596.0,18.0,18.0,Ideal,D,VS1,1.73,IGI,7780.0
2030,Simetría,2,Round,1,1,0,13.67,1994.98,1153.17,1965.0,-45.0,2576.3567,18.0,18.0,Ideal,D,VS1,1.73,IGI,7780.0
2030,Temperley,2,Round,1,1,0,15.25,2062.0,1191.91,2031.0,-43.0,2612.4854,18.0,18.0,Ideal,D,VS1,1.73,IGI,7780.0
2030,Thalassa Gems,2,Round,1,1,0,14.81,1973.08,1140.51,1943.0,-47.0,2642.0386,18.0,18.0,Ideal,D,VS1,1.73,IGI,7780.0
2030,White Lily,2,Round,1,1,0,14.18,2031.79,1174.45,2001.0,-45.0,2641.1284,18.0,18.0,Ideal,D,VS1,1.73,IGI,7780.0
2039,Jane Brear,2,Emerald,2,2,0,17.58,401.0,520.78,395.0,-38.0,417.7712,15.0,15.0,Super Ideal,F,SI1,0.77,IGI,1000.0
2039,Temperley,2,Emerald,1,2,0,18.38,371.0,481.82,365.0,-44.0,429.6693,15.0,15.0,Super Ideal,F,SI1,0.77,IGI,1000.0
2043,Jane Brear,2,Emerald,1,1,0,14.07,2193.0,1091.04,2160.0,-45.0,2575.8496,15.0,15.0,Super Ideal,I,VS2,2.01,IGI,3905.0
2044,Jane Brear,2,Round,1,1,0,11.99,3103.0,1513.66,3056.0,-16.0,2632.2424,18.0,18.0,Ideal,J,VS1,2.05,IGI,4010.0
2044,Temperley,2,Round,1,1,0,11.51,3103.0,1513.66,3056.0,-17.0,2669.3398,18.0,18.0,Ideal,J,VS1,2.05,IGI,4010.0
2044,White Lily,2,Round,1,1,0,15.27,3103.0,1513.66,3056.0,-15.0,2613.7429,18.0,18.0,Ideal,J,VS1,2.05,IGI,4010.0
2047,Equinox Jewels,2,Round,1,1,0,11.15,576.0,632.97,567.0,-55.0,909.9447,18.0,18.0,Ideal,E,SI1,0.91,IGI,1576.67
2047,Jane Brear,2,Round,1,1,0,14.36,631.82,694.31,622.0,-51.0,914.2156,18.0,18.0,Ideal,E,SI1,0.91,IGI,1576.67
2047,Periwinkle Stones,2,Round,1,1,0,12.1,618.89,680.1,610.0,-51.0,903.6746,18.0,18.0,Ideal,E,SI1,0.91,IGI,1576.67
2049,Avignon Diamonds,2,Round,1,1,0,22.32,326.0,501.54,321.0,-53.0,497.4751,18.0,18.0,Super Ideal,E,VS1,0.65,IGI,910.0
2049,Hill & Holland,2,Round,1,1,0,18.0,320.0,492.31,315.0,-54.0,494.1266,18.0,18.0,Super Ideal,E,VS1,0.65,IGI,910.0
2049,Hoseki,2,Round,1,2,0,23.1,319.0,490.77,314.0,-53.0,488.1284,18.0,18.0,Super Ideal,E,VS1,0.65,IGI,910.0
2049,Lotus Creation,2,Round,1,1,0,20.36,313.0,481.54,308.0,-55.0,498.7252,18.0,18.0,Super Ideal,E,VS1,0.65,IGI,910.0
2049,Marlowe & Co,2,Round,1,1,0,12.49,320.0,492.31,315.0,-55.0,506.6887,18.0,18.0,Super Ideal,E,VS1,0.65,IGI,910.0
2049,Mei & Co,2,Round,1,1,0,13.72,332.33,511.28,327.0,-51.0,488.1284,18.0,18.0,Super Ideal,E,VS1,0.65,IGI,910.0
2049,Michelle Kennedy,2,Round,1,1,0,12.36,355.22,546.49,350.0,-48.0,492.2913,18.0,18.0,Super Ideal,E,VS1,0.65,IGI,910.0
2049,Silva Diamonds,2,Round,1,1,0,10.24,301.0,463.08,296.0,-59.0,526.2678,18.0,18.0,Super Ideal,E,VS1,0.65,IGI,910.0
2049,White Lily,2,Round,1,1,0,10.84,357.2,549.54,352.0,-46.0,469.8285,18.0,18.0,Super Ideal,E,VS1,0.65,IGI,910.0
2050,Serene Peaks Diamonds,2,Round,1,1,0,14.31,1128.0,747.02,1111.0,-53.0,1707.5404,18.0,18.0,Super Ideal,H,VS2,1.51,IGI,3293.33
2055,Albert's Creations,2,Oval,1,1,0,17.8,1996.96,1174.68,1967.0,-45.0,2424.373,15.0,15.0,Super Ideal,E,VS2,1.7,IGI,5260.0
2055,Cut and Craft,2,Oval,1,1,0,15.95,1950.0,1147.06,1921.0,-47.0,2472.5029,15.0,15.0,Super Ideal,E,VS2,1.7,IGI,5260.0
2055,Genesis Stones,2,Oval,1,1,0,18.2,2104.99,1238.23,2073.0,-42.0,2424.7295,15.0,15.0,Super Ideal,E,VS2,1.7,IGI,5260.0
2055,Infinity Diamonds,2,Oval,1,1,0,18.78,1949.0,1146.47,1920.0,-45.0,2375.2981,15.0,15.0,Super Ideal,E,VS2,1.7,IGI,5260.0
2055,Jane Brear,2,Oval,1,1,0,16.74,1999.95,1176.44,1970.0,-45.0,2441.8181,15.0,15.0,Super Ideal,E,VS2,1.7,IGI,5260.0
2055,Leann’s Diamonds,2,Oval,1,2,0,13.61,2110.0,1241.18,2078.0,-41.0,2416.2539,15.0,15.0,Super Ideal,E,VS2,1.7,IGI,5260.0
2055,Michelle Kennedy,2,Oval,1,1,0,11.25,1979.0,1164.12,1949.0,-45.0,2403.7642,15.0,15.0,Super Ideal,E,VS2,1.7,IGI,5260.0
2055,Temperley,2,Oval,1,1,0,15.71,1984.0,1167.06,1954.0,-46.0,2470.4004,15.0,15.0,Super Ideal,E,VS2,1.7,IGI,5260.0
2055,Tierra Mia Diamonds,2,Oval,1,1,0,12.07,1915.0,1126.47,1886.0,-47.0,2433.0623,15.0,15.0,Super Ideal,E,VS2,1.7,IGI,5260.0
2055,Vega Diamonds,2,Oval,1,1,0,13.16,1934.0,1137.65,1905.0,-47.0,2452.1609,15.0,15.0,Super Ideal,E,VS2,1.7,IGI,5260.0
2058,Avignon Diamonds,2,Emerald,1,1,0,15.76,832.0,823.76,820.0,-67.0,1602.1998,14.0,15.0,Very Good,D,VS2,1.01,IGI,2300.0
2058,Clermont Diamonds,2,Emerald,1,1,0,13.54,844.0,835.64,831.0,-66.0,1614.4127,14.0,15.0,Very Good,D,VS2,1.01,IGI,2300.0
2058,Diamonds by Zoya,2,Emerald,1,1,0,14.93,848.74,840.34,836.0,-65.0,1549.0068,13.0,15.0,Very Good,D,VS2,1.01,IGI,2300.0
2058,Fuji Diamonds,2,Emerald,2,3,0,14.4,842.0,833.66,829.0,-66.0,1606.7843,14.0,15.0,Very Good,D,VS2,1.01,IGI,2300.0
2058,Hazel Diamonds,2,Emerald,2,2,0,13.73,852.23,843.79,839.0,-68.0,1736.5146,15.0,15.0,Very Good,D,VS2,1.01,IGI,2300.0
2058,Michelle Kennedy,2,Emerald,1,1,0,15.58,862.0,853.47,849.0,-64.0,1531.8466,14.0,15.0,Very Good,D,VS2,1.01,IGI,2300.0
2058,N. B. Diamonds,2,Emerald,1,1,0,13.17,851.26,842.83,838.0,-66.0,1619.1973,14.0,15.0,Very Good,D,VS2,1.01,IGI,2300.0
2058,Taiga Gems,2,Emerald,1,1,0,12.39,840.0,831.68,827.0,-65.0,1544.2883,13.0,15.0,Very Good,D,VS2,1.01,IGI,2300.0
2058,Temperley,2,Emerald,2,2,0,14.88,869.63,861.02,857.0,-59.0,1355.3398,13.0,15.0,Very Good,D,VS2,1.01,IGI,2300.0
2058,Thalassa Gems,2,Emerald,2,2,0,13.85,834.8,826.53,822.0,-64.0,1493.0985,14.0,15.0,Very Good,D,VS2,1.01,IGI,2300.0
2058,White Lily,2,Emerald,1,2,0,17.5,858.98,850.48,846.0,-65.0,1572.7023,14.0,15.0,Very Good,D,VS2,1.01,IGI,2300.0
2064,Albert's Creations,2,Princess,1,2,0,15.18,339.0,484.29,334.0,-67.0,646.2919,15.0,15.0,Super Ideal,E,VVS2,0.7,IGI,1260.0
2064,Hoseki,2,Princess,1,1,0,15.42,355.22,507.46,350.0,-68.0,694.7675,15.0,15.0,Super Ideal,E,VVS2,0.7,IGI,1260.0
2064,Marlowe & Co,2,Princess,2,2,0,19.33,349.0,498.57,344.0,-65.0,635.6655,15.0,15.0,Super Ideal,E,VVS2,0.7,IGI,1260.0
2064,Meridian Crafts,2,Princess,1,1,0,14.91,358.0,511.43,353.0,-67.0,690.1707,15.0,15.0,Super Ideal,E,VVS2,0.7,IGI,1260.0
2064,Serenade Diamonds,2,Princess,1,1,0,18.18,341.0,487.14,336.0,-67.0,661.3166,15.0,15.0,Super Ideal,E,VVS2,0.7,IGI,1260.0
2064,Temperley,2,Princess,1,2,0,13.71,365.0,521.43,360.0,-63.0,630.6069,15.0,15.0,Super Ideal,E,VVS2,0.7,IGI,1260.0
2067,Hoseki,2,Round,1,1,0,12.25,308.0,603.92,303.0,-57.0,516.078,18.0,18.0,Ideal,E,VVS2,0.51,IGI,782.0
2067,Jane Brear,2,Round,1,1,0,12.3,314.0,615.69,309.0,-59.0,549.0943,18.0,18.0,Ideal,E,VVS2,0.51,IGI,782.0
2067,Mei & Co,2,Round,2,2,0,26.56,300.49,589.2,296.0,-61.0,550.5227,17.0,18.0,Ideal,E,VVS2,0.51,IGI,782.0
2067,Michelle Kennedy,2,Round,1,1,0,24.02,315.42,618.47,311.0,-59.0,547.1786,18.0,18.0,Ideal,E,VVS2,0.51,IGI,782.0
2067,Temperley,2,Round,1,1,0,12.44,315.0,617.65,310.0,-59.0,551.7877,18.0,18.0,Ideal,E,VVS2,0.51,IGI,782.0
2067,White Lily,2,Round,1,1,0,11.49,315.0,617.65,310.0,-59.0,544.3976,18.0,18.0,Ideal,E,VVS2,0.51,IGI,782.0
2068,Jane Brear,2,Round,2,1,0,13.89,333.0,666.0,328.0,-47.0,451.1242,18.0,18.0,Super Ideal,E,VS2,0.5,IGI,625.0
2068,Marlowe & Co,2,Round,1,1,0,9.93,335.0,670.0,330.0,-47.0,455.7415,18.0,18.0,Super Ideal,E,VS2,0.5,IGI,625.0
2068,Michelle Kennedy,2,Round,1,1,0,10.77,329.34,658.68,324.0,-47.0,441.0186,18.0,18.0,Super Ideal,E,VS2,0.5,IGI,625.0
2068,Temperley,2,Round,1,1,0,10.08,340.0,680.0,335.0,-48.0,471.579,18.0,18.0,Super Ideal,E,VS2,0.5,IGI,625.0
2068,White Lily,2,Round,2,1,0,13.63,337.0,674.0,332.0,-46.0,446.8935,18.0,18.0,Super Ideal,E,VS2,0.5,IGI,625.0
2070,Michelle Kennedy,2,Pear,2,2,0,14.81,386.06,482.57,380.0,-42.0,434.8505,14.0,15.0,Very Good,H,VS1,0.8,IGI,1070.0
2072,Jane Brear,2,Cushion,1,1,0,16.12,402.0,558.33,396.0,-60.0,630.572,15.0,15.0,Super Ideal,D,SI1,0.72,IGI,1140.0
2072,White Lily,2,Cushion,1,1,0,15.12,397.0,551.39,391.0,-59.0,604.0385,15.0,15.0,Super Ideal,D,SI1,0.72,IGI,1140.0
2074,Ember Star,2,Pear,1,1,0,13.7,347.0,481.94,342.0,-50.0,449.3658,15.0,15.0,Super Ideal,G,VS2,0.72,IGI,1130.0
2078,Taiga Gems,2,Round,1,1,0,15.4,944.26,679.32,930.0,-55.0,1517.3362,18.0,18.0,Ideal,E,SI1,1.39,IGI,2790.0
2078,White Lily,2,Round,1,1,0,16.82,962.0,692.09,948.0,-54.0,1489.2815,18.0,18.0,Ideal,E,SI1,1.39,IGI,2790.0
2080,Artemis Stones,2,Round,1,1,0,16.49,2150.0,1038.65,2118.0,-64.0,4311.9541,18.0,18.0,Super Ideal,G,VVS2,2.07,IGI,8250.0
2080,Cirrus Gems,2,Round,1,1,0,20.84,2128.0,1028.02,2096.0,-65.0,4382.4888,18.0,18.0,Super Ideal,G,VVS2,2.07,IGI,8250.0
2080,Clermont Diamonds,2,Round,1,1,0,15.98,2164.0,1045.41,2132.0,-65.0,4439.8667,18.0,18.0,Super Ideal,G,VVS2,2.07,IGI,8250.0
2080,Diamonds by Zoya,2,Round,1,1,0,94.75,2170.0,1048.31,2137.0,-65.0,4440.5439,18.0,18.0,Super Ideal,G,VVS2,2.07,IGI,8250.0
2080,Jane Brear,2,Round,1,1,0,20.14,2158.0,1042.51,2126.0,-64.0,4292.126,18.0,18.0,Super Ideal,G,VVS2,2.07,IGI,8250.0
2080,KIYO,2,Round,1,1,0,13.27,2126.0,1027.05,2094.0,-65.0,4407.5371,18.0,18.0,Super Ideal,G,VVS2,2.07,IGI,8250.0
2080,Michelle Kennedy,2,Round,1,1,0,17.36,2466.0,1191.3,2429.0,-60.0,4390.79,18.0,18.0,Super Ideal,G,VVS2,2.07,IGI,8250.0
2080,Roma Diamonds,2,Round,1,1,0,11.45,3405.0,1644.93,3354.0,-45.0,4463.5342,18.0,18.0,Super Ideal,G,VVS2,2.07,IGI,8250.0
2080,Taiga Gems,2,Round,1,1,0,16.56,2152.0,1039.61,2120.0,-64.0,4339.2109,18.0,18.0,Super Ideal,G,VVS2,2.07,IGI,8250.0
2080,Temperley,2,Round,1,1,0,14.01,2201.0,1063.29,2168.0,-64.0,4362.1895,18.0,18.0,Super Ideal,G,VVS2,2.07,IGI,8250.0
2080,Westport Jewelry,2,Round,1,1,0,14.36,2133.0,1030.43,2101.0,-65.0,4410.8604,18.0,18.0,Super Ideal,G,VVS2,2.07,IGI,8250.0
2080,White Lily,2,Round,1,1,0,18.66,2178.0,1052.17,2145.0,-65.0,4411.498,18.0,18.0,Super Ideal,G,VVS2,2.07,IGI,8250.0
2083,Cirrus Gems,2,Princess,1,1,0,16.9,839.68,736.56,827.0,-62.0,1403.6123,15.0,15.0,Super Ideal,G,VS1,1.14,IGI,2330.0
2083,Jane Brear,2,Princess,1,1,0,16.01,865.0,758.77,852.0,-59.0,1327.256,15.0,15.0,Super Ideal,G,VS1,1.14,IGI,2330.0
2083,Rosella,2,Princess,1,1,0,16.16,815.55,715.39,803.0,-62.0,1351.0773,15.0,15.0,Super Ideal,G,VS1,1.14,IGI,2330.0
2083,Temperley,2,Princess,1,1,0,15.12,865.0,758.77,852.0,-59.0,1327.256,15.0,15.0,Super Ideal,G,VS1,1.14,IGI,2330.0
2083,White Lily,2,Princess,1,1,0,18.88,865.0,758.77,852.0,-61.0,1391.6787,15.0,15.0,Super Ideal,G,VS1,1.14,IGI,2330.0
2085,55 E Diamonds,2,Princess,1,1,0,16.44,1628.21,1064.19,1604.0,-63.0,2795.3181,15.0,15.0,Super Ideal,E,VS1,1.53,IGI,4850.0
2085,Albert's Creations,2,Princess,1,1,0,10.73,1585.0,1035.95,1561.0,-64.0,2758.6265,15.0,15.0,Super Ideal,E,VS1,1.53,IGI,4850.0
2085,CV Diamonds,2,Princess,1,1,0,11.89,1592.0,1040.52,1568.0,-63.0,2709.2554,15.0,15.0,Super Ideal,E,VS1,1.53,IGI,4850.0
2085,Cornerstone,2,Princess,1,1,0,10.32,1619.0,1058.17,1595.0,-62.0,2720.5356,15.0,15.0,Super Ideal,E,VS1,1.53,IGI,4850.0
2085,Ember Star,2,Princess,1,1,0,17.22,1540.0,1006.54,1517.0,-66.0,2845.54,15.0,15.0,Super Ideal,E,VS1,1.53,IGI,4850.0
2085,Eterna Luxe,2,Princess,1,1,0,11.84,1600.0,1045.75,1576.0,-65.0,2908.2036,15.0,15.0,Super Ideal,E,VS1,1.53,IGI,4850.0
2085,Eternity Fine Jewelers,2,Princess,1,1,0,13.13,1592.0,1040.52,1568.0,-64.0,2775.8311,15.0,15.0,Super Ideal,E,VS1,1.53,IGI,4850.0
2085,Fuji Diamonds,2,Princess,1,1,0,16.51,1587.0,1037.25,1563.0,-63.0,2758.6265,15.0,15.0,Super Ideal,E,VS1,1.53,IGI,4850.0
2085,Hoseki,2,Princess,1,1,0,12.4,1608.0,1050.98,1584.0,-63.0,2739.6548,15.0,15.0,Super Ideal,E,VS1,1.53,IGI,4850.0
2085,Jane Brear,2,Princess,1,1,0,14.66,1561.0,1020.26,1538.0,-64.0,2779.0471,15.0,15.0,Super Ideal,E,VS1,1.53,IGI,4850.0
2085,Mei & Co,2,Princess,1,2,0,10.12,1655.68,1082.14,1631.0,-63.0,2845.0317,15.0,15.0,Super Ideal,E,VS1,1.53,IGI,4850.0
2085,Michelle Kennedy,2,Princess,1,1,0,11.69,1604.0,1048.37,1580.0,-63.0,2761.8716,15.0,15.0,Super Ideal,E,VS1,1.53,IGI,4850.0
2085,Periwinkle Stones,2,Princess,1,1,0,13.88,1648.72,1077.59,1624.0,-62.0,2778.2688,15.0,15.0,Super Ideal,E,VS1,1.53,IGI,4850.0
2085,Rosella,2,Princess,1,1,0,11.75,1527.0,998.04,1504.0,-65.0,2796.5706,15.0,15.0,Super Ideal,E,VS1,1.53,IGI,4850.0
2085,Serene Peaks Diamonds,2,Princess,1,1,0,14.91,1609.91,1052.23,1586.0,-62.0,2720.5356,15.0,15.0,Super Ideal,E,VS1,1.53,IGI,4850.0
2085,Taiga Gems,2,Princess,1,1,0,13.77,1598.0,1044.44,1574.0,-64.0,2855.5339,15.0,15.0,Super Ideal,E,VS1,1.53,IGI,4850.0
2085,Temperley,2,Princess,1,1,0,13.15,1615.0,1055.56,1591.0,-62.0,2722.1243,15.0,15.0,Super Ideal,E,VS1,1.53,IGI,4850.0
2085,Thalassa Gems,2,Princess,2,2,0,11.98,1592.0,1040.52,1568.0,-63.0,2732.1021,15.0,15.0,Super Ideal,E,VS1,1.53,IGI,4850.0
2085,Vega Diamonds,2,Princess,1,1,0,12.48,1537.0,1004.58,1514.0,-64.0,2721.616,15.0,15.0,Super Ideal,E,VS1,1.53,IGI,4850.0
2085,White Lily,2,Princess,1,1,0,15.09,1604.0,1048.37,1580.0,-64.0,2841.7168,15.0,15.0,Super Ideal,E,VS1,1.53,IGI,4850.0
2087,White Lily,2,Emerald,2,3,0,17.06,703.0,689.22,692.0,-57.0,1054.5496,14.0,15.0,Very Good,G,SI1,1.02,IGI,1610.0
2088,Cirrus Gems,2,Round,1,1,0,21.14,1979.0,903.65,1949.0,-57.0,3285.6924,18.0,18.0,Ideal,H,VVS2,2.19,IGI,7540.0
2088,N. B. Diamonds,2,Round,1,1,0,16.12,2043.22,932.98,2013.0,-58.0,3490.6865,18.0,18.0,Ideal,H,VVS2,2.19,IGI,7540.0
2088,Taiga Gems,2,Round,1,1,0,17.69,2046.0,934.25,2015.0,-56.0,3360.0312,18.0,18.0,Ideal,H,VVS2,2.19,IGI,7540.0
2089,Century Stones,2,Asscher,1,1,0,21.77,2733.3,1333.32,2692.0,-63.0,4631.5181,15.0,15.0,Super Ideal,E,VS1,2.05,IGI,8070.0
2089,Fuji Diamonds,2,Asscher,1,1,0,22.05,2546.07,1241.99,2508.0,-66.0,4639.7197,15.0,15.0,Super Ideal,E,VS1,2.05,IGI,8070.0
2089,Hill & Holland,2,Asscher,1,1,0,17.95,2653.0,1294.15,2613.0,-65.0,4661.6323,15.0,15.0,Super Ideal,E,VS1,2.05,IGI,8070.0
2089,Jane Brear,2,Asscher,1,1,0,14.93,2603.0,1269.76,2564.0,-65.0,4633.7744,15.0,15.0,Super Ideal,E,VS1,2.05,IGI,8070.0
2089,Periwinkle Stones,2,Asscher,1,1,0,10.08,2610.0,1273.17,2571.0,-66.0,4769.9771,15.0,15.0,Super Ideal,E,VS1,2.05,IGI,8070.0
2089,White Lily,2,Asscher,1,1,0,17.46,2609.88,1273.11,2571.0,-65.0,4636.3926,15.0,15.0,Super Ideal,E,VS1,2.05,IGI,8070.0
2095,Jane Brear,2,Round,1,1,0,17.82,1541.0,751.71,1518.0,-62.0,2875.8765,18.0,18.0,Super Ideal,I,VS1,2.05,IGI,4975.0
2095,Michelle Kennedy,2,Round,1,1,0,18.48,1541.0,751.71,1518.0,-64.0,3031.5518,18.0,18.0,Super Ideal,I,VS1,2.05,IGI,4975.0
2095,Oasis Diamonds,2,Round,1,1,0,15.53,1581.0,771.22,1557.0,-61.0,2938.9834,18.0,18.0,Super Ideal,I,VS1,2.05,IGI,4975.0
2095,Temperley,2,Round,1,2,0,20.18,1583.0,772.2,1559.0,-62.0,2953.7466,18.0,18.0,Super Ideal,I,VS1,2.05,IGI,4975.0
2095,White Lily,2,Round,1,1,0,10.64,1541.0,751.71,1518.0,-62.0,2933.5161,18.0,18.0,Super Ideal,I,VS1,2.05,IGI,4975.0
2097,Michelle Kennedy,2,Radiant,1,1,0,17.7,5173.0,1707.26,5095.0,-67.0,10210.9414,15.0,15.0,Very Good,E,VS1,3.03,IGI,16860.0
2097,Taiga Gems,2,Radiant,1,1,0,16.35,5191.0,1713.2,5113.0,-66.0,10005.4678,15.0,15.0,Very Good,E,VS1,3.03,IGI,16860.0
2097,Temperley,2,Radiant,1,1,0,17.21,5270.0,1739.27,5191.0,-66.0,10140.4365,14.0,15.0,Very Good,E,VS1,3.03,IGI,16860.0
2102,Cornerstone,2,Oval,2,2,0,12.49,310.0,596.15,305.0,-46.0,387.0809,14.0,15.0,Very Good,D,VS1,0.52,IGI,773.33
2102,Rosella,2,Oval,2,3,0,16.79,316.0,607.69,311.0,-54.0,460.4283,12.0,15.0,Very Good,D,VS1,0.52,IGI,773.33
2104,Equinox Jewels,2,Round,1,1,0,13.57,764.0,647.46,753.0,-55.0,1212.387,18.0,18.0,Ideal,G,VS1,1.18,IGI,2360.0
2104,Jane Brear,2,Round,1,1,0,13.49,821.87,696.5,810.0,-52.0,1228.5704,18.0,18.0,Ideal,G,VS1,1.18,IGI,2360.0
2104,Magnolia,2,Round,1,1,0,14.15,772.12,654.34,761.0,-56.0,1243.6127,18.0,18.0,Ideal,G,VS1,1.18,IGI,2360.0
2104,Michelle Kennedy,2,Round,1,1,0,12.28,796.0,674.58,784.0,-56.0,1293.7378,18.0,18.0,Ideal,G,VS1,1.18,IGI,2360.0
2104,Sunset Gems,2,Round,1,1,0,13.28,766.33,649.43,755.0,-57.0,1270.4775,18.0,18.0,Ideal,G,VS1,1.18,IGI,2360.0
2104,Temperley,2,Round,1,1,0,12.46,798.0,676.27,786.0,-53.0,1222.4135,18.0,18.0,Ideal,G,VS1,1.18,IGI,2360.0
2104,White Lily,2,Round,1,1,0,13.71,798.98,677.1,787.0,-55.0,1262.3572,18.0,18.0,Ideal,G,VS1,1.18,IGI,2360.0
2105,Ember Star,2,Radiant,2,1,0,14.81,1069.0,1008.49,1053.0,-68.0,2157.093,15.0,15.0,Very Good,D,VVS2,1.06,IGI,3130.0
2105,Jane Brear,2,Radiant,1,1,0,15.83,1122.36,1058.83,1106.0,-65.0,2074.8713,15.0,15.0,Very Good,D,VVS2,1.06,IGI,3130.0
2105,Marlowe & Co,2,Radiant,1,1,0,15.09,1089.52,1027.85,1073.0,-67.0,2134.4348,14.0,15.0,Very Good,D,VVS2,1.06,IGI,3130.0
2105,Michelle Kennedy,2,Radiant,1,1,0,15.56,1085.0,1023.58,1069.0,-67.0,2105.0168,14.0,15.0,Very Good,D,VVS2,1.06,IGI,3130.0
2105,Simetría,2,Radiant,1,1,0,15.29,1084.55,1023.16,1068.0,-67.0,2124.1565,15.0,15.0,Very Good,D,VVS2,1.06,IGI,3130.0
2105,Temperley,2,Radiant,1,1,0,17.29,1171.69,1105.37,1154.0,-63.0,2065.6282,14.0,15.0,Very Good,D,VVS2,1.06,IGI,3130.0
2113,Atkinson Crafts,2,Round,1,1,0,11.03,4002.0,1545.17,3942.0,-62.0,7493.3711,18.0,18.0,Super Ideal,F,VVS2,2.59,IGI,14030.0
2113,Avignon Diamonds,2,Round,1,1,0,18.62,3832.0,1479.54,3775.0,-63.0,7444.3804,18.0,18.0,Super Ideal,F,VVS2,2.59,IGI,14030.0
2113,Bonsai Gems,2,Round,1,1,0,11.2,3917.0,1512.36,3858.0,-62.0,7470.0088,18.0,18.0,Super Ideal,F,VVS2,2.59,IGI,14030.0
2113,Cirrus Gems,2,Round,1,1,0,93.86,3767.0,1454.44,3710.0,-64.0,7430.0845,18.0,18.0,Super Ideal,F,VVS2,2.59,IGI,14030.0
2113,Cornerstone,2,Round,1,1,0,16.92,3906.77,1508.41,3848.0,-63.0,7619.2417,18.0,18.0,Super Ideal,F,VVS2,2.59,IGI,14030.0
2113,Ember Star,2,Round,1,1,0,12.31,3771.13,1456.03,3715.0,-64.0,7567.7544,18.0,18.0,Super Ideal,F,VVS2,2.59,IGI,14030.0
2113,Jane Brear,2,Round,1,1,0,11.56,3938.21,1520.54,3879.0,-62.0,7432.4028,18.0,18.0,Super Ideal,F,VVS2,2.59,IGI,14030.0
2113,Lunar Diamonds,2,Round,1,1,0,13.27,4017.0,1550.97,3957.0,-61.0,7456.0981,18.0,18.0,Super Ideal,F,VVS2,2.59,IGI,14030.0
2113,Michelle Kennedy,2,Round,1,1,0,13.68,3931.0,1517.76,3872.0,-62.0,7412.9453,18.0,18.0,Super Ideal,F,VVS2,2.59,IGI,14030.0
2113,Periwinkle Stones,2,Round,1,1,0,12.14,3974.0,1534.36,3914.0,-62.0,7467.3008,18.0,18.0,Super Ideal,F,VVS2,2.59,IGI,14030.0
2113,Sonata Gems,2,Round,1,1,0,11.59,3932.24,1518.24,3873.0,-62.0,7430.4912,18.0,18.0,Super Ideal,F,VVS2,2.59,IGI,14030.0
2113,Temperley,2,Round,1,1,0,13.69,3949.0,1524.71,3890.0,-62.0,7396.0991,18.0,18.0,Super Ideal,F,VVS2,2.59,IGI,14030.0
2113,Tierra Mia Diamonds,2,Round,1,1,0,17.12,3837.0,1481.47,3779.0,-63.0,7443.4556,18.0,18.0,Super Ideal,F,VVS2,2.59,IGI,14030.0
2113,Vega Diamonds,2,Round,1,1,0,10.51,3791.0,1463.71,3734.0,-64.0,7595.4258,18.0,18.0,Super Ideal,F,VVS2,2.59,IGI,14030.0
2113,White Lily,2,Round,1,1,0,14.47,3941.0,1521.62,3882.0,-62.0,7482.3579,18.0,18.0,Super Ideal,F,VVS2,2.59,IGI,14030.0
2113,Zimmerman Diamonds,2,Round,1,1,0,10.83,3938.21,1520.54,3879.0,-63.0,7566.3755,18.0,18.0,Super Ideal,F,VVS2,2.59,IGI,14030.0
2116,Albert's Creations,2,Round,1,1,0,14.07,318.0,454.29,313.0,-57.0,531.8282,18.0,18.0,Ideal,D,VS2,0.7,IGI,1301.43
2116,Eternity Fine Jewelers,2,Round,1,1,0,22.51,325.36,464.8,320.0,-56.0,525.2596,18.0,18.0,Ideal,D,VS2,0.7,IGI,1301.43
2116,Iris Diamonds,2,Round,1,1,0,89.45,316.0,451.43,311.0,-58.0,538.673,18.0,18.0,Ideal,D,VS2,0.7,IGI,1301.43
2116,Jane Brear,2,Round,1,1,0,21.22,346.26,494.66,341.0,-53.0,530.2441,18.0,18.0,Ideal,D,VS2,0.7,IGI,1301.43
2116,Marlowe & Co,2,Round,1,1,0,21.89,378.0,540.0,372.0,-67.0,819.248,18.0,18.0,Ideal,D,VS2,0.7,IGI,1301.43
2116,Michelle Kennedy,2,Round,1,1,0,19.91,414.0,591.43,408.0,-45.0,534.4257,18.0,18.0,Ideal,D,VS2,0.7,IGI,1301.43
2116,Promenade Jewelry,2,Round,1,1,0,22.13,318.0,454.29,313.0,-57.0,524.9957,18.0,18.0,Ideal,D,VS2,0.7,IGI,1301.43
2116,Riviera Jewels,2,Round,1,1,0,21.28,323.38,461.97,319.0,-54.0,504.9509,18.0,18.0,Ideal,D,VS2,0.7,IGI,1301.43
2116,Temperley,2,Round,1,1,0,21.52,481.0,687.14,474.0,-33.0,517.5132,18.0,18.0,Ideal,D,VS2,0.7,IGI,1301.43
2116,Tilia Diamonds,2,Round,1,1,0,23.69,327.0,467.14,322.0,-55.0,519.8781,18.0,18.0,Ideal,D,VS2,0.7,IGI,1301.43
2116,White Lily,2,Round,1,1,0,19.65,481.0,687.14,474.0,-35.0,528.3096,18.0,18.0,Ideal,D,VS2,0.7,IGI,1301.43
2117,Eternity Fine Jewelers,2,Pear,1,1,0,13.71,961.0,842.98,947.0,-60.0,1576.0142,15.0,15.0,Very Good,E,VS1,1.14,IGI,2610.0
2117,Jane Brear,2,Pear,1,1,0,13.38,943.0,827.19,929.0,-60.0,1528.8627,15.0,15.0,Very Good,E,VS1,1.14,IGI,2610.0
2117,Tierra Mia Diamonds,2,Pear,1,1,0,16.18,941.02,825.46,927.0,-59.0,1502.5322,14.0,15.0,Very Good,E,VS1,1.14,IGI,2610.0
2120,Hoseki,2,Round,2,2,0,14.4,331.0,424.36,326.0,-62.0,627.3306,18.0,18.0,Ideal,E,VVS2,0.78,IGI,1470.0
2120,Jane Brear,2,Round,1,1,0,22.36,403.97,517.91,398.0,-54.0,632.6463,18.0,18.0,Ideal,E,VVS2,0.78,IGI,1470.0
2120,Meadow & Co,2,Round,1,1,0,13.98,333.0,426.92,328.0,-62.0,628.7385,18.0,18.0,Ideal,E,VVS2,0.78,IGI,1470.0
2120,Michelle Kennedy,2,Round,1,1,0,22.28,403.97,517.91,398.0,-55.0,642.1601,18.0,18.0,Ideal,E,VVS2,0.78,IGI,1470.0
2120,Temperley,2,Round,1,1,0,91.14,354.0,453.85,349.0,-61.0,646.9018,18.0,18.0,Ideal,E,VVS2,0.78,IGI,1470.0
2125,Fabiola,2,Heart,1,1,0,20.95,1769.0,880.1,1742.0,-66.0,3138.1079,15.0,15.0,Super Ideal,H,VS2,2.01,IGI,6180.0
2129,Albert's Creations,2,Round,1,1,0,10.19,870.0,719.01,857.0,-67.0,1861.9603,18.0,18.0,Ideal,D,VS1,1.21,IGI,3170.0
2129,Bayside Gems,2,Round,1,1,0,16.3,845.0,698.35,832.0,-68.0,1863.9987,18.0,18.0,Ideal,D,VS1,1.21,IGI,3170.0
2129,CV Diamonds,2,Round,1,1,0,11.64,880.58,727.75,867.0,-66.0,1841.8418,18.0,18.0,Ideal,D,VS1,1.21,IGI,3170.0
2129,Cirrus Gems,2,Round,1,1,0,16.42,867.0,716.53,854.0,-66.0,1838.5673,18.0,18.0,Ideal,D,VS1,1.21,IGI,3170.0
2129,Clermont Diamonds,2,Round,1,1,0,14.35,872.0,720.66,859.0,-65.0,1808.0747,18.0,18.0,Ideal,D,VS1,1.21,IGI,3170.0
2129,Ember Star,2,Round,1,1,0,15.41,867.64,717.06,855.0,-67.0,1857.5763,18.0,18.0,Ideal,D,VS1,1.21,IGI,3170.0
2129,Emilia Sterling,2,Round,1,1,0,11.23,850.0,702.48,837.0,-67.0,1818.6074,18.0,18.0,Ideal,D,VS1,1.21,IGI,3170.0
2129,Equinox Jewels,2,Round,2,1,0,12.03,864.0,714.05,851.0,-67.0,1854.2048,18.0,18.0,Ideal,D,VS1,1.21,IGI,3170.0
2129,Eternity Fine Jewelers,2,Round,1,1,0,14.93,871.0,719.83,858.0,-66.0,1847.3147,18.0,18.0,Ideal,D,VS1,1.21,IGI,3170.0
2129,Fabiola,2,Round,1,1,0,11.86,864.0,714.05,851.0,-67.0,1865.1853,18.0,18.0,Ideal,D,VS1,1.21,IGI,3170.0
2129,Iris Diamonds,2,Round,1,1,0,14.75,865.65,715.41,853.0,-66.0,1830.6381,18.0,18.0,Ideal,D,VS1,1.21,IGI,3170.0
2129,Jane Brear,2,Round,1,1,0,11.79,875.0,723.14,862.0,-66.0,1840.7249,18.0,18.0,Ideal,D,VS1,1.21,IGI,3170.0
2129,Joan Cooper,2,Round,1,1,0,13.96,867.64,717.06,855.0,-66.0,1820.6771,18.0,18.0,Ideal,D,VS1,1.21,IGI,3170.0
2129,Lotus Creation,2,Round,1,1,0,17.86,877.32,725.06,864.0,-65.0,1812.7521,18.0,18.0,Ideal,D,VS1,1.21,IGI,3170.0
2129,Magnolia,2,Round,1,1,0,13.65,864.0,714.05,851.0,-67.0,1856.2631,18.0,18.0,Ideal,D,VS1,1.21,IGI,3170.0
2129,Mei & Co,2,Round,1,1,0,11.23,862.66,712.94,850.0,-67.0,1893.2401,18.0,18.0,Ideal,D,VS1,1.21,IGI,3170.0
2129,Michelle Kennedy,2,Round,1,1,0,11.43,879.0,726.45,866.0,-66.0,1832.8292,18.0,18.0,Ideal,D,VS1,1.21,IGI,3170.0
2129,Promenade Jewelry,2,Round,1,1,0,11.79,875.0,723.14,862.0,-66.0,1861.9603,18.0,18.0,Ideal,D,VS1,1.21,IGI,3170.0
2129,Riviera Jewels,2,Round,1,1,0,13.16,863.0,713.22,850.0,-67.0,1873.5544,18.0,18.0,Ideal,D,VS1,1.21,IGI,3170.0
2129,Rosella,2,Round,1,1,0,14.99,859.95,710.7,847.0,-67.0,1842.7377,18.0,18.0,Ideal,D,VS1,1.21,IGI,3170.0
2129,Sigma Diamonds,2,Round,1,1,0,13.61,857.0,708.26,844.0,-66.0,1806.7621,18.0,18.0,Ideal,D,VS1,1.21,IGI,3170.0
2129,Silva Diamonds,2,Round,1,1,0,11.98,857.0,708.26,844.0,-67.0,1841.2639,18.0,18.0,Ideal,D,VS1,1.21,IGI,3170.0
2129,Simetría,2,Round,1,1,0,15.79,860.0,710.74,847.0,-67.0,1847.5151,18.0,18.0,Ideal,D,VS1,1.21,IGI,3170.0
2129,Summit Gems,2,Round,1,1,0,15.87,859.0,709.92,846.0,-67.0,1838.4054,18.0,18.0,Ideal,D,VS1,1.21,IGI,3170.0
2129,Tamara,2,Round,1,1,0,10.62,878.0,725.62,865.0,-66.0,1824.9812,18.0,18.0,Ideal,D,VS1,1.21,IGI,3170.0
2129,Temperley,2,Round,1,1,0,10.2,879.0,726.45,866.0,-66.0,1853.083,18.0,18.0,Ideal,D,VS1,1.21,IGI,3170.0
2129,Tilia Diamonds,2,Round,1,1,0,14.16,869.0,718.18,856.0,-66.0,1821.4708,18.0,18.0,Ideal,D,VS1,1.21,IGI,3170.0
2129,Vega Diamonds,2,Round,1,1,0,13.38,844.0,697.52,831.0,-68.0,1904.0562,18.0,18.0,Ideal,D,VS1,1.21,IGI,3170.0
2129,White Lily,2,Round,1,1,0,11.01,880.0,727.27,867.0,-66.0,1872.4283,18.0,18.0,Ideal,D,VS1,1.21,IGI,3170.0
2133,Fuji Diamonds,2,Pear,1,1,0,22.32,1502.0,962.82,1479.0,-64.0,2673.8416,14.0,15.0,Very Good,G,VVS2,1.56,IGI,4480.0
2133,Taiga Gems,2,Pear,1,1,0,12.56,1533.0,982.69,1510.0,-63.0,2651.3308,15.0,15.0,Very Good,G,VVS2,1.56,IGI,4480.0
2134,The Diamond Source,2,Cushion,1,1,0,13.2,372.13,459.42,367.0,-63.0,632.5944,14.0,15.0,Very Good,D,VS2,0.81,IGI,1420.0
2136,Adalyn Jewelry,2,Round,1,1,0,13.38,809.0,800.99,797.0,-56.0,1323.8892,18.0,18.0,Ideal,E,VVS2,1.01,IGI,2880.0
2136,Camden Gems,2,Round,1,1,0,11.62,809.0,800.99,797.0,-55.0,1294.0006,18.0,18.0,Ideal,E,VVS2,1.01,IGI,2880.0
2136,Clermont Diamonds,2,Round,1,1,0,14.85,809.0,800.99,797.0,-56.0,1312.8219,18.0,18.0,Ideal,E,VVS2,1.01,IGI,2880.0
2136,Equinox Jewels,2,Round,1,1,0,13.32,805.0,797.03,793.0,-56.0,1319.7791,18.0,18.0,Ideal,E,VVS2,1.01,IGI,2880.0
2136,Eterna Luxe,2,Round,1,1,0,13.02,815.0,806.93,803.0,-56.0,1314.1952,18.0,18.0,Ideal,E,VVS2,1.01,IGI,2880.0
2136,Eternity Fine Jewelers,2,Round,1,1,0,10.9,810.0,801.98,798.0,-55.0,1293.7388,17.0,18.0,Ideal,E,VVS2,1.01,IGI,2880.0
2136,Fabiola,2,Round,1,1,0,13.56,804.0,796.04,792.0,-54.0,1260.4192,17.0,18.0,Ideal,E,VVS2,1.01,IGI,2880.0
2136,Hoseki,2,Round,1,1,0,24.15,819.0,810.89,807.0,-55.0,1312.2551,18.0,18.0,Ideal,E,VVS2,1.01,IGI,2880.0
2136,Iris Diamonds,2,Round,1,1,0,92.89,809.0,800.99,797.0,-55.0,1292.7346,18.0,18.0,Ideal,E,VVS2,1.01,IGI,2880.0
2136,Jane Brear,2,Round,1,1,0,11.55,823.0,814.85,811.0,-55.0,1321.5537,18.0,18.0,Ideal,E,VVS2,1.01,IGI,2880.0
2136,Marlowe & Co,2,Round,1,1,0,24.95,818.0,809.9,806.0,-54.0,1279.0472,18.0,18.0,Ideal,E,VVS2,1.01,IGI,2880.0
2136,Michelle Kennedy,2,Round,1,1,0,10.15,823.0,814.85,811.0,-56.0,1337.6975,18.0,18.0,Ideal,E,VVS2,1.01,IGI,2880.0
2136,N. B. Diamonds,2,Round,1,1,0,11.41,805.0,797.03,793.0,-55.0,1281.5465,18.0,18.0,Ideal,E,VVS2,1.01,IGI,2880.0
2136,Nebula Stones,2,Round,1,1,0,20.72,822.86,814.71,811.0,-55.0,1308.1152,18.0,18.0,Ideal,E,VVS2,1.01,IGI,2880.0
2136,Rosella,2,Round,1,1,0,13.6,806.0,798.02,794.0,-56.0,1303.0178,18.0,18.0,Ideal,E,VVS2,1.01,IGI,2880.0
2136,Serenade Diamonds,2,Round,1,1,0,14.88,786.0,778.22,774.0,-55.0,1247.087,18.0,18.0,Ideal,E,VVS2,1.01,IGI,2880.0
2136,Sigma Diamonds,2,Round,1,1,0,13.18,809.0,800.99,797.0,-56.0,1317.3717,18.0,18.0,Ideal,E,VVS2,1.01,IGI,2880.0
2136,Silva Diamonds,2,Round,1,1,0,14.1,809.0,800.99,797.0,-56.0,1313.1176,18.0,18.0,Ideal,E,VVS2,1.01,IGI,2880.0
2136,Simetría,2,Round,1,1,0,21.27,811.92,803.88,800.0,-56.0,1319.4691,18.0,18.0,Ideal,E,VVS2,1.01,IGI,2880.0
2136,Starlit Stones,2,Round,1,1,0,12.28,806.0,798.02,794.0,-55.0,1289.6219,18.0,18.0,Ideal,E,VVS2,1.01,IGI,2880.0
2136,Taiga Gems,2,Round,1,1,0,21.37,825.0,816.83,813.0,-53.0,1251.2833,18.0,18.0,Ideal,E,VVS2,1.01,IGI,2880.0
2136,Temperley,2,Round,1,1,0,14.13,807.0,799.01,795.0,-57.0,1332.2709,18.0,18.0,Ideal,E,VVS2,1.01,IGI,2880.0
2136,Thalassa Gems,2,Round,1,1,0,14.17,804.0,796.04,792.0,-56.0,1320.6649,18.0,18.0,Ideal,E,VVS2,1.01,IGI,2880.0
2136,Vespera Gems,2,Round,1,1,0,24.57,803.0,795.05,791.0,-55.0,1289.4822,18.0,18.0,Ideal,E,VVS2,1.01,IGI,2880.0
2136,White Lily,2,Round,1,1,0,14.59,823.0,814.85,811.0,-55.0,1296.4148,18.0,18.0,Ideal,E,VVS2,1.01,IGI,2880.0
2141,Jane Brear,2,Oval,1,1,0,14.38,3396.0,1415.0,3345.0,-53.0,4890.48,15.0,15.0,Super Ideal,F,VVS2,2.4,IGI,9850.0
2141,Periwinkle Stones,2,Oval,1,1,0,15.54,3333.0,1388.75,3283.0,-54.0,4855.7974,15.0,15.0,Super Ideal,F,VVS2,2.4,IGI,9850.0
2141,Seraphina Gems,2,Oval,1,1,0,12.45,3973.0,1655.42,3913.0,-46.0,4937.5928,15.0,15.0,Super Ideal,F,VVS2,2.4,IGI,9850.0
2144,Michelle Kennedy,2,Round,1,1,0,15.51,402.0,472.94,396.0,-48.0,554.3999,18.0,18.0,Super Ideal,H,VVS2,0.85,IGI,1350.0
2145,Diamonds by Zoya,2,Radiant,2,2,0,80.69,325.0,637.25,320.0,-69.0,684.8271,15.0,15.0,Super Ideal,E,VS1,0.51,IGI,660.0
2145,Michelle Kennedy,2,Radiant,1,1,0,17.95,391.0,766.67,385.0,-51.0,514.7322,15.0,15.0,Super Ideal,E,VS1,0.51,IGI,660.0
2145,Promenade Jewelry,2,Radiant,1,2,0,22.22,318.0,623.53,313.0,-65.0,586.2145,15.0,15.0,Super Ideal,E,VS1,0.51,IGI,660.0
2145,Silva Diamonds,2,Radiant,1,1,0,18.91,329.0,645.1,324.0,-56.0,486.4957,15.0,15.0,Super Ideal,E,VS1,0.51,IGI,660.0
2150,Albert's Creations,2,Pear,1,1,0,17.4,406.0,580.0,400.0,-35.0,407.0746,15.0,15.0,Super Ideal,G,SI1,0.7,IGI,880.0
2152,Jane Brear,2,Oval,1,1,0,16.08,757.64,721.56,746.0,-64.0,1407.6833,14.0,15.0,Very Good,E,VS2,1.05,IGI,2220.0
2152,Mei & Co,2,Oval,1,1,0,10.85,724.36,689.87,713.0,-65.0,1389.5189,15.0,15.0,Very Good,E,VS2,1.05,IGI,2220.0
2152,Taiga Gems,2,Oval,1,1,0,15.4,730.0,695.24,719.0,-65.0,1392.1422,15.0,15.0,Very Good,E,VS2,1.05,IGI,2220.0
2152,Vega Diamonds,2,Oval,1,1,0,17.22,711.32,677.45,701.0,-67.0,1442.4159,15.0,15.0,Very Good,E,VS2,1.05,IGI,2220.0
2154,Bayside Gems,2,Marquise,1,1,0,14.17,1367.13,899.43,1347.0,-53.0,1877.1466,15.0,15.0,Super Ideal,H,SI1,1.52,IGI,3420.0
2159,Cirrus Gems,2,Round,1,1,0,89.54,787.56,684.83,776.0,-51.0,1140.1235,18.0,18.0,Ideal,F,SI1,1.15,IGI,1990.0
2159,Vega Diamonds,2,Round,1,1,0,17.45,746.06,648.75,735.0,-52.0,1113.175,18.0,18.0,Ideal,F,SI1,1.15,IGI,1990.0
2162,Eternal Flame,2,Oval,1,2,0,12.76,305.46,848.5,301.0,-38.0,332.3803,14.0,15.0,Very Good,D,VS1,0.36,IGI,380.0
2162,Michelle Kennedy,2,Oval,1,1,0,14.56,314.64,874.0,310.0,-39.0,346.913,15.0,15.0,Very Good,D,VS1,0.36,IGI,380.0
2162,Temperley,2,Oval,1,1,0,14.45,314.64,874.0,310.0,-36.0,331.1844,15.0,15.0,Very Good,D,VS1,0.36,IGI,380.0
2180,Albert's Creations,2,Oval,1,1,0,13.62,731.32,703.19,720.0,-59.0,1212.3262,15.0,15.0,Super Ideal,E,SI1,1.04,IGI,1790.0
2180,Emilia Sterling,2,Oval,1,1,0,16.6,714.21,686.74,703.0,-59.0,1162.4058,15.0,15.0,Super Ideal,E,SI1,1.04,IGI,1790.0
2180,Fabiola,2,Oval,1,1,0,14.4,730.0,701.92,719.0,-57.0,1147.6122,15.0,15.0,Super Ideal,E,SI1,1.04,IGI,1790.0
2180,Jane Brear,2,Oval,1,1,0,11.03,815.0,783.65,803.0,-53.0,1169.8796,15.0,15.0,Super Ideal,E,SI1,1.04,IGI,1790.0
2180,Michelle Kennedy,2,Oval,2,1,0,13.22,720.0,692.31,709.0,-58.0,1162.5359,15.0,15.0,Super Ideal,E,SI1,1.04,IGI,1790.0
2180,Periwinkle Stones,2,Oval,1,1,0,10.59,753.22,724.25,742.0,-56.0,1165.6749,15.0,15.0,Super Ideal,E,SI1,1.04,IGI,1790.0
2180,Serene Peaks Diamonds,2,Oval,1,1,0,12.4,722.0,694.23,711.0,-59.0,1177.6089,15.0,15.0,Super Ideal,E,SI1,1.04,IGI,1790.0
2180,Taiga Gems,2,Oval,1,1,0,11.43,727.34,699.37,716.0,-59.0,1182.3551,15.0,15.0,Super Ideal,E,SI1,1.04,IGI,1790.0
2180,Temperley,2,Oval,1,1,0,14.29,810.0,778.85,798.0,-55.0,1219.3185,15.0,15.0,Super Ideal,E,SI1,1.04,IGI,1790.0
2180,Vega Diamonds,2,Oval,1,1,0,14.1,709.39,682.11,699.0,-60.0,1187.0483,15.0,15.0,Super Ideal,E,SI1,1.04,IGI,1790.0
2181,Temperley,2,Round,1,1,0,28.22,388.0,491.14,382.0,-43.0,485.1814,18.0,18.0,Super Ideal,F,SI1,0.79,IGI,1080.0
2186,Jane Brear,2,Cushion,2,2,0,11.36,1986.0,988.06,1956.0,-47.0,2375.7585,15.0,15.0,Super Ideal,J,VS2,2.01,IGI,3605.0
2186,Temperley,2,Cushion,2,2,0,14.0,1986.0,988.06,1956.0,-47.0,2376.7339,15.0,15.0,Super Ideal,J,VS2,2.01,IGI,3605.0
2188,Silva Diamonds,2,Round,1,1,0,19.9,1240.76,925.94,1222.0,-56.0,1998.5521,18.0,18.0,Ideal,G,VVS1,1.34,IGI,3890.0
2188,Taiga Gems,2,Round,1,1,0,16.0,1271.0,948.51,1252.0,-55.0,2005.7527,18.0,18.0,Ideal,G,VVS1,1.34,IGI,3890.0
2194,Meridian Crafts,2,Round,1,1,0,13.6,328.0,596.36,323.0,-63.0,631.0371,18.0,18.0,Ideal,F,VVS1,0.55,IGI,890.0
2195,Albert's Creations,2,Oval,2,1,0,20.86,314.0,550.88,309.0,-46.0,392.3066,15.0,15.0,Very Good,D,VS1,0.57,IGI,840.0
2195,Cornerstone,2,Oval,2,2,0,16.89,316.0,554.39,311.0,-57.0,494.8672,14.0,15.0,Very Good,D,VS1,0.57,IGI,840.0
2195,Diamonds by Zoya,2,Oval,2,2,0,18.22,321.0,563.16,316.0,-50.0,430.4821,13.0,15.0,Very Good,D,VS1,0.57,IGI,840.0
2195,Magnolia,2,Oval,2,2,0,10.49,314.0,550.88,309.0,-44.0,379.7579,15.0,15.0,Very Good,D,VS1,0.57,IGI,840.0
2195,Michelle Kennedy,2,Oval,1,1,0,12.64,342.0,600.0,337.0,-41.0,390.2935,15.0,15.0,Very Good,D,VS1,0.57,IGI,840.0
2195,Promenade Jewelry,2,Oval,1,1,0,19.06,313.67,550.3,309.0,-42.0,364.1074,15.0,15.0,Very Good,D,VS1,0.57,IGI,840.0
2195,Rosella,2,Oval,2,2,0,14.64,306.92,538.46,302.0,-55.0,457.7594,15.0,15.0,Very Good,D,VS1,0.57,IGI,840.0
2195,Silva Diamonds,2,Oval,2,2,0,14.17,319.0,559.65,314.0,-44.0,383.2168,15.0,15.0,Very Good,D,VS1,0.57,IGI,840.0
2195,Vega Diamonds,2,Oval,2,2,0,21.16,304.0,533.33,299.0,-46.0,381.5711,15.0,15.0,Very Good,D,VS1,0.57,IGI,840.0
2199,Taiga Gems,2,Oval,1,1,0,23.37,2036.0,1065.97,2005.0,-56.0,3100.8247,15.0,15.0,Very Good,F,VS2,1.91,IGI,5780.0
2201,Cirrus Gems,2,Round,1,1,0,16.49,1323.22,816.8,1303.0,-58.0,2251.1675,18.0,18.0,Ideal,G,VS2,1.62,IGI,4170.0
2201,Jane Brear,2,Round,1,1,0,11.93,1299.0,801.85,1280.0,-59.0,2253.8171,18.0,18.0,Ideal,G,VS2,1.62,IGI,4170.0
2205,Cirrus Gems,2,Round,1,1,0,18.88,3450.0,1259.12,3398.0,-62.0,6500.376,18.0,18.0,Ideal,F,VS1,2.74,IGI,15820.0
2205,Emilia Sterling,2,Round,1,1,0,14.88,3471.0,1266.79,3419.0,-62.0,6575.6016,18.0,18.0,Ideal,F,VS1,2.74,IGI,15820.0
2205,Eterna Luxe,2,Round,1,1,0,11.21,3617.0,1320.07,3563.0,-60.0,6509.0796,18.0,18.0,Ideal,F,VS1,2.74,IGI,15820.0
2205,Jane Brear,2,Round,1,1,0,14.84,3612.0,1318.25,3558.0,-60.0,6481.2148,18.0,18.0,Ideal,F,VS1,2.74,IGI,15820.0
2205,Lyra Stones,2,Round,1,1,0,14.2,3615.83,1319.65,3562.0,-61.0,6570.5527,18.0,18.0,Ideal,F,VS1,2.74,IGI,15820.0
2205,Michelle Kennedy,2,Round,1,1,0,14.89,3620.0,1321.17,3566.0,-59.0,6390.9722,18.0,18.0,Ideal,F,VS1,2.74,IGI,15820.0
2205,Periwinkle Stones,2,Round,1,1,0,14.02,3650.0,1332.12,3595.0,-61.0,6630.1357,18.0,18.0,Ideal,F,VS1,2.74,IGI,15820.0
2205,Tamara,2,Round,1,1,0,12.86,3621.0,1321.53,3567.0,-60.0,6474.0615,18.0,18.0,Ideal,F,VS1,2.74,IGI,15820.0
2205,Temperley,2,Round,1,1,0,10.73,3650.66,1332.36,3596.0,-59.0,6437.1465,18.0,18.0,Ideal,F,VS1,2.74,IGI,15820.0
2205,White Lily,2,Round,1,1,0,11.92,3717.32,1356.69,3662.0,-59.0,6545.8799,18.0,18.0,Ideal,F,VS1,2.74,IGI,15820.0
2208,Silva Diamonds,2,Emerald,1,2,0,13.08,334.0,477.14,329.0,-69.0,697.6889,14.0,15.0,Very Good,E,VVS2,0.7,IGI,1190.0
2208,Temperley,2,Emerald,1,1,0,18.4,354.0,505.71,349.0,-62.0,606.2394,14.0,15.0,Very Good,E,VVS2,0.7,IGI,1190.0
2209,White Lily,2,Pear,1,1,0,16.53,1038.0,741.43,1022.0,-56.0,1539.9232,15.0,15.0,Super Ideal,F,SI1,1.4,IGI,3130.0
2210,Temperley,2,Round,1,1,0,20.52,783.0,606.98,771.0,-61.0,1447.6438,18.0,18.0,Ideal,G,SI1,1.29,IGI,2210.0
2211,Meridian Crafts,2,Round,1,1,0,13.5,326.0,881.08,321.0,-36.0,363.5123,18.0,18.0,Super Ideal,F,VVS2,0.37,IGI,430.0
2211,Promenade Jewelry,2,Round,1,1,0,11.86,320.0,864.86,315.0,-40.0,384.7946,18.0,18.0,Super Ideal,F,VVS2,0.37,IGI,430.0
2212,Albert's Creations,2,Emerald,1,1,0,14.19,338.0,402.38,333.0,-53.0,464.2797,15.0,15.0,Super Ideal,F,VS1,0.84,IGI,1360.0
2212,Jane Brear,2,Emerald,1,1,0,22.23,361.0,429.76,356.0,-54.0,501.7403,15.0,15.0,Super Ideal,F,VS1,0.84,IGI,1360.0
2212,Kara,2,Emerald,1,1,0,17.83,381.08,453.67,375.0,-50.0,486.0656,15.0,15.0,Super Ideal,F,VS1,0.84,IGI,1360.0
2212,Michelle Kennedy,2,Emerald,1,1,0,21.8,361.0,429.76,356.0,-55.0,510.3251,15.0,15.0,Super Ideal,F,VS1,0.84,IGI,1360.0
2212,Temperley,2,Emerald,1,1,0,20.1,361.0,429.76,356.0,-53.0,498.748,15.0,15.0,Super Ideal,F,VS1,0.84,IGI,1360.0
2212,Vega Diamonds,2,Emerald,1,1,0,20.89,328.0,390.48,323.0,-54.0,462.0297,15.0,15.0,Super Ideal,F,VS1,0.84,IGI,1360.0
2212,White Lily,2,Emerald,1,1,0,20.84,361.0,429.76,356.0,-58.0,547.7122,15.0,15.0,Super Ideal,F,VS1,0.84,IGI,1360.0
2213,Michelle Kennedy,2,Round,1,1,0,14.72,1919.36,876.42,1891.0,-54.0,2985.3789,18.0,18.0,Super Ideal,H,VS1,2.19,IGI,6643.33
2213,Taiga Gems,2,Round,1,1,0,18.12,1901.44,868.24,1873.0,-54.0,2984.7173,18.0,18.0,Super Ideal,H,VS1,2.19,IGI,6643.33
2213,Temperley,2,Round,2,1,0,17.54,1922.0,877.63,1893.0,-52.0,2868.9534,18.0,18.0,Super Ideal,H,VS1,2.19,IGI,6643.33
2214,Michelle Kennedy,2,Round,1,1,0,10.66,2665.6,1332.8,2626.0,5.0,1816.4736,15.0,18.0,Very Good,I,SI2,2.0,IGI,3742.86
2217,Taiga Gems,2,Round,1,1,0,15.64,780.0,609.38,768.0,-60.0,1385.8395,18.0,18.0,Ideal,H,VS2,1.28,IGI,2670.0
2219,Fabiola,2,Radiant,1,1,0,17.87,1383.0,903.92,1362.0,-64.0,2492.7505,15.0,15.0,Very Good,F,VS2,1.53,IGI,3950.0
2220,Cornerstone,2,Round,2,2,0,10.28,715.0,707.92,704.0,-67.0,1570.5623,17.0,18.0,Very Good,D,VS2,1.01,IGI,2550.0
2220,Jane Brear,2,Round,2,3,0,14.96,708.0,700.99,697.0,-68.0,1564.2667,15.0,18.0,Very Good,D,VS2,1.01,IGI,2550.0
2220,Temperley,2,Round,1,2,0,12.68,805.0,797.03,793.0,-63.0,1569.6481,15.0,18.0,Very Good,D,VS2,1.01,IGI,2550.0
2229,Hoseki,2,Asscher,1,1,0,10.84,3865.58,1279.99,3808.0,-66.0,7005.2925,15.0,15.0,Super Ideal,G,VS2,3.02,IGI,12520.0
2229,Taiga Gems,2,Asscher,1,1,0,15.75,3667.97,1214.56,3613.0,-68.0,7132.5132,15.0,15.0,Super Ideal,G,VS2,3.02,IGI,12520.0
2230,CV Diamonds,2,Round,1,1,0,92.97,1534.0,958.75,1511.0,-55.0,2430.886,18.0,18.0,Super Ideal,E,VS1,1.6,IGI,5340.0
2230,Camden Gems,2,Round,1,1,0,13.26,1477.0,923.12,1455.0,-56.0,2418.1467,18.0,18.0,Super Ideal,E,VS1,1.6,IGI,5340.0
2230,Cirrus Gems,2,Round,1,1,0,12.89,1484.4,927.75,1462.0,-56.0,2418.3098,18.0,18.0,Super Ideal,E,VS1,1.6,IGI,5340.0
2230,Clermont Diamonds,2,Round,1,1,0,12.15,1521.0,950.62,1498.0,-55.0,2420.4758,18.0,18.0,Super Ideal,E,VS1,1.6,IGI,5340.0
2230,Elmwood Diamonds,2,Round,1,1,0,15.38,2471.0,1544.38,2434.0,-27.0,2414.6931,18.0,18.0,Super Ideal,E,VS1,1.6,IGI,5340.0
2230,Equinox Jewels,2,Round,1,1,0,14.85,1477.0,923.12,1455.0,-57.0,2478.2119,18.0,18.0,Super Ideal,E,VS1,1.6,IGI,5340.0
2230,Fiona Clément,2,Round,1,1,0,10.82,1530.31,956.44,1507.0,-56.0,2489.574,18.0,18.0,Super Ideal,E,VS1,1.6,IGI,5340.0
2230,Jane Brear,2,Round,1,1,0,93.59,1559.0,974.38,1536.0,-54.0,2428.6252,18.0,18.0,Super Ideal,E,VS1,1.6,IGI,5340.0
2230,Marlowe & Co,2,Round,1,1,0,12.06,1574.0,983.75,1550.0,-53.0,2384.9924,18.0,18.0,Super Ideal,E,VS1,1.6,IGI,5340.0
2230,Mei & Co,2,Round,1,1,0,11.92,1531.0,956.88,1508.0,-56.0,2470.313,18.0,18.0,Super Ideal,E,VS1,1.6,IGI,5340.0
2230,Michelle Kennedy,2,Round,1,1,0,14.71,1554.0,971.25,1531.0,-54.0,2416.7622,18.0,18.0,Super Ideal,E,VS1,1.6,IGI,5340.0
2230,Rosella,2,Round,1,1,0,14.76,1497.91,936.19,1475.0,-56.0,2422.7476,18.0,18.0,Super Ideal,E,VS1,1.6,IGI,5340.0
2230,Silva Diamonds,2,Round,1,1,0,10.89,1477.0,923.12,1455.0,-56.0,2385.531,18.0,18.0,Super Ideal,E,VS1,1.6,IGI,5340.0
2230,Summit Gems,2,Round,1,1,0,14.22,1530.31,956.44,1507.0,-55.0,2413.2185,18.0,18.0,Super Ideal,E,VS1,1.6,IGI,5340.0
2230,Temperley,2,Round,1,1,0,14.5,1547.0,966.88,1524.0,-55.0,2455.3308,18.0,18.0,Super Ideal,E,VS1,1.6,IGI,5340.0
2230,Thalassa Gems,2,Round,1,1,0,12.92,1517.38,948.36,1495.0,-55.0,2416.7954,18.0,18.0,Super Ideal,E,VS1,1.6,IGI,5340.0
2230,Tierra Mia Diamonds,2,Round,1,2,0,13.2,1494.0,933.75,1472.0,-55.0,2390.489,18.0,18.0,Super Ideal,E,VS1,1.6,IGI,5340.0
2230,Vega Diamonds,2,Round,1,1,0,12.77,1474.0,921.25,1452.0,-58.0,2494.1782,18.0,18.0,Super Ideal,E,VS1,1.6,IGI,5340.0
2230,Verve Jewels,2,Round,1,1,0,93.82,1488.0,930.0,1466.0,-56.0,2417.1465,18.0,18.0,Super Ideal,E,VS1,1.6,IGI,5340.0
2230,Vespera Gems,2,Round,1,1,0,15.6,1496.0,935.0,1474.0,-56.0,2457.3179,18.0,18.0,Super Ideal,E,VS1,1.6,IGI,5340.0
2230,White Lily,2,Round,1,1,0,12.29,1547.0,966.88,1524.0,-54.0,2418.8391,18.0,18.0,Super Ideal,E,VS1,1.6,IGI,5340.0
2232,Avignon Diamonds,2,Round,1,1,0,18.87,1189.06,874.31,1171.0,-57.0,1963.406,18.0,18.0,Ideal,E,VVS2,1.36,IGI,4100.0
2232,Bayside Gems,2,Round,1,1,0,18.99,1144.0,841.18,1127.0,-58.0,1949.6958,18.0,18.0,Ideal,E,VVS2,1.36,IGI,4100.0
2232,Blackbird Gems,2,Round,1,1,0,16.18,1192.0,876.47,1174.0,-56.0,1930.7051,18.0,18.0,Ideal,E,VVS2,1.36,IGI,4100.0
2232,Clermont Diamonds,2,Round,1,1,0,10.37,1164.0,855.88,1147.0,-56.0,1911.2168,18.0,18.0,Ideal,E,VVS2,1.36,IGI,4100.0
2232,Ember Star,2,Round,1,1,0,13.09,1128.0,829.41,1111.0,-59.0,1972.3179,18.0,18.0,Ideal,E,VVS2,1.36,IGI,4100.0
2232,Emilia Sterling,2,Round,1,1,0,13.25,1141.0,838.97,1124.0,-58.0,1925.5654,18.0,18.0,Ideal,E,VVS2,1.36,IGI,4100.0
2232,Eterna Luxe,2,Round,1,1,0,13.31,1176.0,864.71,1158.0,-57.0,1969.6719,18.0,18.0,Ideal,E,VVS2,1.36,IGI,4100.0
2232,Eternity Fine Jewelers,2,Round,1,1,0,17.75,1175.1,864.04,1157.0,-56.0,1922.151,18.0,18.0,Ideal,E,VVS2,1.36,IGI,4100.0
2232,Fiona Clément,2,Round,1,1,0,13.95,1160.17,853.07,1143.0,-56.0,1907.7725,18.0,18.0,Ideal,E,VVS2,1.36,IGI,4100.0
2232,Jane Brear,2,Round,1,1,0,17.5,1193.0,877.21,1175.0,-56.0,1949.5967,18.0,18.0,Ideal,E,VVS2,1.36,IGI,4100.0
2232,Magnolia,2,Round,1,1,0,12.66,1148.0,844.12,1131.0,-58.0,1938.1344,18.0,18.0,Ideal,E,VVS2,1.36,IGI,4100.0
2232,Marlowe & Co,2,Round,1,1,0,10.09,1182.0,869.12,1164.0,-57.0,1945.8511,18.0,18.0,Ideal,E,VVS2,1.36,IGI,4100.0
2232,Mei & Co,2,Round,1,1,0,15.48,1161.0,853.68,1144.0,-57.0,1940.8182,18.0,18.0,Ideal,E,VVS2,1.36,IGI,4100.0
2232,Michelle Kennedy,2,Round,1,1,0,12.14,1175.0,863.97,1157.0,-56.0,1926.0035,18.0,18.0,Ideal,E,VVS2,1.36,IGI,4100.0
2232,Nebula Stones,2,Round,1,1,0,16.72,1187.0,872.79,1169.0,-56.0,1938.2639,18.0,18.0,Ideal,E,VVS2,1.36,IGI,4100.0
2232,Promenade Jewelry,2,Round,1,1,0,18.95,1151.42,846.63,1134.0,-58.0,1982.417,18.0,18.0,Ideal,E,VVS2,1.36,IGI,4100.0
2232,Silva Diamonds,2,Round,1,1,0,14.69,1150.0,845.59,1133.0,-57.0,1905.3838,18.0,18.0,Ideal,E,VVS2,1.36,IGI,4100.0
2232,Simetría,2,Round,1,1,0,17.69,1153.0,847.79,1136.0,-56.0,1895.1757,18.0,18.0,Ideal,E,VVS2,1.36,IGI,4100.0
2232,Tamara,2,Round,1,1,0,10.76,1178.08,866.24,1160.0,-56.0,1922.6438,18.0,18.0,Ideal,E,VVS2,1.36,IGI,4100.0
2232,Temperley,2,Round,1,1,0,13.86,1189.0,874.26,1171.0,-56.0,1923.1566,18.0,18.0,Ideal,E,VVS2,1.36,IGI,4100.0
2232,White Lily,2,Round,1,1,0,14.17,1232.8,906.47,1214.0,-55.0,1983.4084,18.0,18.0,Ideal,E,VVS2,1.36,IGI,4100.0
2246,Cirrus Gems,2,Princess,1,1,0,20.83,1714.0,1135.1,1688.0,-64.0,3004.7881,15.0,15.0,Super Ideal,F,VVS2,1.51,IGI,4730.0
2246,Ember Star,2,Princess,1,2,0,17.84,1707.0,1130.46,1681.0,-63.0,2927.6931,15.0,15.0,Super Ideal,F,VVS2,1.51,IGI,4730.0
2246,Fuji Diamonds,2,Princess,1,1,0,18.73,1750.78,1159.46,1725.0,-62.0,2920.4814,15.0,15.0,Super Ideal,F,VVS2,1.51,IGI,4730.0
2246,Jane Brear,2,Princess,1,1,0,17.21,1772.0,1173.51,1745.0,-62.0,2929.936,15.0,15.0,Super Ideal,F,VVS2,1.51,IGI,4730.0
2246,Lotus Creation,2,Princess,1,1,0,20.15,1743.0,1154.3,1717.0,-63.0,2956.4175,15.0,15.0,Super Ideal,F,VVS2,1.51,IGI,4730.0
2246,Marlowe & Co,2,Princess,1,1,0,11.95,1816.87,1203.23,1790.0,-62.0,3007.2273,15.0,15.0,Super Ideal,F,VVS2,1.51,IGI,4730.0
2246,Mei & Co,2,Princess,1,1,0,13.72,1838.0,1217.22,1810.0,-61.0,2970.8599,15.0,15.0,Super Ideal,F,VVS2,1.51,IGI,4730.0
2246,Michelle Kennedy,2,Princess,1,1,0,17.98,1794.21,1188.22,1767.0,-62.0,2969.8464,15.0,15.0,Super Ideal,F,VVS2,1.51,IGI,4730.0
2246,Riviera Jewels,2,Princess,1,1,0,14.8,1782.04,1180.16,1755.0,-61.0,2900.3967,15.0,15.0,Super Ideal,F,VVS2,1.51,IGI,4730.0
2246,Roma Diamonds,2,Princess,1,2,0,14.34,2645.0,1751.66,2605.0,-43.0,2963.8508,15.0,15.0,Super Ideal,F,VVS2,1.51,IGI,4730.0
2246,Rosella,2,Princess,1,1,0,18.51,1716.04,1136.45,1690.0,-63.0,2927.6931,15.0,15.0,Super Ideal,F,VVS2,1.51,IGI,4730.0
2246,Taiga Gems,2,Princess,1,1,0,13.4,1712.0,1133.77,1686.0,-63.0,2906.0847,15.0,15.0,Super Ideal,F,VVS2,1.51,IGI,4730.0
2246,Temperley,2,Princess,1,1,0,91.44,1769.0,1171.52,1742.0,-62.0,2927.6931,15.0,15.0,Super Ideal,F,VVS2,1.51,IGI,4730.0
2246,Thalassa Gems,2,Princess,1,2,0,17.43,1729.0,1145.03,1703.0,-61.0,2816.7009,15.0,15.0,Super Ideal,F,VVS2,1.51,IGI,4730.0
2246,United Diam,2,Princess,1,1,0,19.73,1695.0,1122.52,1670.0,-63.0,2934.0603,15.0,15.0,Super Ideal,F,VVS2,1.51,IGI,4730.0
2246,White Lily,2,Princess,1,1,0,17.74,1738.24,1151.15,1712.0,-62.0,2943.5635,15.0,15.0,Super Ideal,F,VVS2,1.51,IGI,4730.0
2246,Zimmerman Diamonds,2,Princess,1,1,0,17.93,1745.0,1155.63,1719.0,-62.0,2922.5884,15.0,15.0,Super Ideal,F,VVS2,1.51,IGI,4730.0
2249,Avignon Diamonds,2,Round,2,1,0,19.84,778.0,818.95,766.0,-62.0,1455.8816,16.0,18.0,Very Good,D,VVS2,0.95,IGI,2480.0
2249,White Lily,2,Round,1,2,0,16.16,927.34,976.15,913.0,-55.0,1477.9965,16.0,18.0,Very Good,D,VVS2,0.95,IGI,2480.0
2254,Temperley,2,Round,2,3,0,11.47,325.0,464.29,320.0,-62.0,606.5463,15.0,18.0,Very Good,F,VVS2,0.7,IGI,1213.33
2270,Jane Brear,2,Round,1,1,0,13.99,1763.14,860.07,1737.0,-61.0,3268.7388,18.0,18.0,Ideal,I,VVS2,2.05,IGI,5450.0
2270,Michelle Kennedy,2,Round,1,1,0,13.75,1696.48,827.55,1671.0,-63.0,3322.9065,18.0,18.0,Ideal,I,VVS2,2.05,IGI,5450.0
2270,White Lily,2,Round,1,1,0,13.78,3791.94,1849.73,3735.0,-16.0,3238.1863,18.0,18.0,Ideal,I,VVS2,2.05,IGI,5450.0
2271,Jane Brear,2,Round,1,1,0,11.77,317.4,933.53,313.0,-30.0,326.4008,18.0,18.0,Super Ideal,G,VVS2,0.34,IGI,390.0
2271,Michelle Kennedy,2,Round,1,1,0,13.22,311.44,916.0,307.0,-36.0,349.6053,18.0,18.0,Super Ideal,G,VVS2,0.34,IGI,390.0
2271,Temperley,2,Round,1,1,0,13.68,313.0,920.59,308.0,-21.0,285.1206,18.0,18.0,Super Ideal,G,VVS2,0.34,IGI,390.0
2278,Albert's Creations,2,Round,1,1,0,14.56,353.0,458.44,348.0,-62.0,663.6887,18.0,18.0,Super Ideal,D,VS1,0.77,IGI,1560.0
2278,Avignon Diamonds,2,Round,1,1,0,14.35,385.0,500.0,379.0,-58.0,649.3942,18.0,18.0,Super Ideal,D,VS1,0.77,IGI,1560.0
2278,Eternity Fine Jewelers,2,Round,1,1,0,23.97,354.22,460.03,349.0,-61.0,652.5453,18.0,18.0,Super Ideal,D,VS1,0.77,IGI,1560.0
2278,Hoseki,2,Round,2,1,0,22.05,362.18,470.36,357.0,-61.0,665.0019,18.0,18.0,Super Ideal,D,VS1,0.77,IGI,1560.0
2278,Irene Jewelry,2,Round,1,1,0,22.61,349.24,453.56,344.0,-60.0,627.2803,18.0,18.0,Super Ideal,D,VS1,0.77,IGI,1560.0
2278,Jane Brear,2,Round,1,1,0,13.67,428.0,555.84,422.0,-52.0,631.8306,18.0,18.0,Super Ideal,D,VS1,0.77,IGI,1560.0
2278,Mei & Co,2,Round,1,1,0,13.02,350.24,454.86,345.0,-61.0,647.5553,18.0,18.0,Super Ideal,D,VS1,0.77,IGI,1560.0
2278,Michelle Kennedy,2,Round,1,1,0,23.7,376.11,488.45,370.0,-57.0,626.3326,18.0,18.0,Super Ideal,D,VS1,0.77,IGI,1560.0
2278,Promenade Jewelry,2,Round,1,1,0,13.06,354.0,459.74,349.0,-61.0,644.9613,18.0,18.0,Super Ideal,D,VS1,0.77,IGI,1560.0
2278,Silva Diamonds,2,Round,1,1,0,10.97,356.0,462.34,351.0,-61.0,657.0881,18.0,18.0,Super Ideal,D,VS1,0.77,IGI,1560.0
2278,Temperley,2,Round,1,1,0,8.96,412.0,535.06,406.0,-55.0,652.765,18.0,18.0,Super Ideal,D,VS1,0.77,IGI,1560.0
2278,Tilia Diamonds,2,Round,1,1,0,22.24,344.27,447.1,339.0,-59.0,595.8603,18.0,18.0,Super Ideal,D,VS1,0.77,IGI,1560.0
2278,White Lily,2,Round,1,1,0,15.29,380.09,493.62,374.0,-58.0,649.906,18.0,18.0,Super Ideal,D,VS1,0.77,IGI,1560.0
2279,Michelle Kennedy,2,Round,1,1,0,19.86,628.84,587.7,619.0,-55.0,989.9327,18.0,18.0,Super Ideal,E,SI2,1.07,IGI,1940.0
2285,Equinox Jewels,2,Round,1,1,0,15.02,307.0,495.16,302.0,-49.0,431.0226,18.0,18.0,Ideal,E,SI1,0.62,IGI,753.33
2285,White Lily,2,Round,1,1,0,21.34,440.0,709.68,433.0,-32.0,462.5185,18.0,18.0,Ideal,E,SI1,0.62,IGI,753.33
2287,Tamara,2,Round,1,1,0,21.81,576.1,633.08,567.0,-53.0,885.1893,18.0,18.0,Super Ideal,F,SI1,0.91,IGI,1560.0
2287,White Lily,2,Round,1,1,0,20.74,607.0,667.03,598.0,-50.0,876.9654,18.0,18.0,Super Ideal,F,SI1,0.91,IGI,1560.0
2289,Roma Diamonds,2,Round,1,1,0,16.28,667.0,617.59,657.0,-56.0,1085.1332,18.0,18.0,Super Ideal,I,VS2,1.08,IGI,1825.62
2291,55 E Diamonds,2,Round,1,2,0,13.46,916.0,916.0,902.0,-62.0,1707.962,17.0,18.0,Very Good,D,VVS2,1.0,IGI,2970.0
2291,Jane Brear,2,Round,1,1,0,13.94,911.0,911.0,897.0,-63.0,1775.4355,17.0,18.0,Very Good,D,VVS2,1.0,IGI,2970.0
2291,Magnolia,2,Round,1,1,0,14.53,839.0,839.0,826.0,-66.0,1754.7812,16.0,18.0,Very Good,D,VVS2,1.0,IGI,2970.0
2291,Mei & Co,2,Round,2,2,0,11.79,884.0,884.0,871.0,-64.0,1770.3838,14.0,18.0,Very Good,D,VVS2,1.0,IGI,2970.0
2291,Michelle Kennedy,2,Round,1,3,0,11.33,899.0,899.0,886.0,-66.0,1886.1923,16.0,18.0,Very Good,D,VVS2,1.0,IGI,2970.0
2291,Roma Diamonds,2,Round,1,1,0,17.36,839.0,839.0,826.0,-66.0,1767.694,15.0,18.0,Very Good,D,VVS2,1.0,IGI,2970.0
2291,Rosella,2,Round,1,1,0,10.09,879.0,879.0,866.0,-64.0,1745.059,15.0,18.0,Very Good,D,VVS2,1.0,IGI,2970.0
2291,Temperley,2,Round,1,1,0,93.63,901.0,901.0,887.0,-64.0,1791.8107,15.0,18.0,Very Good,D,VVS2,1.0,IGI,2970.0
2293,White Lily,2,Heart,2,2,0,13.83,364.17,512.92,359.0,-73.0,826.0605,15.0,15.0,Very Good,D,VS1,0.71,IGI,1300.0
2294,Jane Brear,2,Oval,1,1,0,13.61,308.45,734.4,304.0,-56.0,467.1539,15.0,15.0,Super Ideal,D,VVS2,0.42,IGI,460.0
2294,Temperley,2,Oval,2,2,0,11.34,300.0,714.29,296.0,-61.0,518.5933,15.0,15.0,Super Ideal,D,VVS2,0.42,IGI,460.0
2297,Cirrus Gems,2,Round,1,1,0,15.73,650.51,602.32,641.0,-59.0,1138.4282,18.0,18.0,Ideal,I,VS1,1.08,IGI,1864.19
2297,Serene Peaks Diamonds,2,Round,1,1,0,12.67,629.0,582.41,620.0,-61.0,1146.7675,18.0,18.0,Ideal,I,VS1,1.08,IGI,1864.19
2301,Jane Brear,2,Princess,1,1,0,18.09,861.88,769.54,849.0,-61.0,1400.6195,15.0,15.0,Super Ideal,G,VS1,1.12,IGI,2290.0
2301,Michelle Kennedy,2,Princess,1,1,0,17.19,861.88,769.54,849.0,-62.0,1426.835,15.0,15.0,Super Ideal,G,VS1,1.12,IGI,2290.0
2301,Roma Diamonds,2,Princess,1,1,0,12.31,852.0,760.71,839.0,-60.0,1365.1262,15.0,15.0,Super Ideal,G,VS1,1.12,IGI,2290.0
2301,Temperley,2,Princess,1,1,0,17.86,861.88,769.54,849.0,-61.0,1391.6787,15.0,15.0,Super Ideal,G,VS1,1.12,IGI,2290.0
2301,White Lily,2,Princess,1,1,0,16.15,861.88,769.54,849.0,-61.0,1410.438,15.0,15.0,Super Ideal,G,VS1,1.12,IGI,2290.0
2308,BonDiam,2,Round,1,1,0,12.97,330.0,970.59,325.0,-9.0,260.7352,18.0,18.0,Ideal,D,VS2,0.34,IGI,390.91
2308,Hoseki,2,Round,1,2,0,14.04,321.0,944.12,316.0,-9.0,251.7249,18.0,18.0,Ideal,D,VS2,0.34,IGI,390.91
2308,Jane Brear,2,Round,1,1,0,12.76,345.0,1014.71,340.0,5.0,235.4582,18.0,18.0,Ideal,D,VS2,0.34,IGI,390.91
2308,Promenade Jewelry,2,Round,1,1,0,11.22,320.0,941.18,315.0,-10.0,253.2373,18.0,18.0,Ideal,D,VS2,0.34,IGI,390.91
2308,Roma Diamonds,2,Round,1,1,0,12.84,322.0,947.06,317.0,-4.0,239.8785,18.0,18.0,Ideal,D,VS2,0.34,IGI,390.91
2308,Seraphina Gems,2,Round,1,1,0,10.72,322.38,948.18,318.0,0.0,231.4809,18.0,18.0,Ideal,D,VS2,0.34,IGI,390.91
2308,Simetría,2,Round,1,1,0,16.61,311.0,914.71,306.0,-7.0,238.7338,18.0,18.0,Ideal,D,VS2,0.34,IGI,390.91
2308,Temperley,2,Round,1,1,0,15.32,347.0,1020.59,342.0,31.0,190.0607,18.0,18.0,Ideal,D,VS2,0.34,IGI,390.91
2310,Cornerstone,2,Princess,2,2,0,12.82,314.0,560.71,309.0,-64.0,548.7891,14.0,15.0,Very Good,E,VS1,0.56,IGI,730.0
2310,Marlowe & Co,2,Princess,2,2,0,13.0,324.37,579.23,320.0,-53.0,441.0397,14.0,15.0,Very Good,E,VS1,0.56,IGI,730.0
2310,Michelle Kennedy,2,Princess,2,2,0,13.5,336.0,600.0,331.0,-53.0,450.1281,14.0,15.0,Very Good,E,VS1,0.56,IGI,730.0
2311,Albert's Creations,2,Round,1,1,0,20.52,338.3,402.74,333.0,-57.0,562.9758,18.0,18.0,Ideal,D,SI1,0.84,IGI,1280.0
2311,Michelle Kennedy,2,Round,1,1,0,17.72,353.22,420.5,348.0,-53.0,535.5696,18.0,18.0,Ideal,D,SI1,0.84,IGI,1280.0
2318,CV Diamonds,2,Round,1,1,0,12.75,926.0,812.28,912.0,-63.0,1813.0784,18.0,18.0,Super Ideal,D,VVS2,1.14,IGI,3420.0
2318,Diamonds by Zoya,2,Round,1,1,0,10.47,924.36,810.84,910.0,-64.0,1813.4888,18.0,18.0,Super Ideal,D,VVS2,1.14,IGI,3420.0
2318,Emilia Sterling,2,Round,1,1,0,12.18,889.0,779.82,876.0,-65.0,1823.5728,18.0,18.0,Super Ideal,D,VVS2,1.14,IGI,3420.0
2318,Eternity Fine Jewelers,2,Round,1,1,0,14.55,920.0,807.02,906.0,-64.0,1829.522,18.0,18.0,Super Ideal,D,VVS2,1.14,IGI,3420.0
2318,Hannah Richards,2,Round,1,1,0,14.71,926.34,812.58,912.0,-64.0,1835.1526,18.0,18.0,Super Ideal,D,VVS2,1.14,IGI,3420.0
2318,Hoseki,2,Round,1,1,0,12.78,923.36,809.96,910.0,-64.0,1851.6287,18.0,18.0,Super Ideal,D,VVS2,1.14,IGI,3420.0
2318,Jane Brear,2,Round,1,1,0,11.78,923.0,809.65,909.0,-64.0,1835.4633,18.0,18.0,Super Ideal,D,VVS2,1.14,IGI,3420.0
2318,Knox Diamonds,2,Round,1,1,0,12.62,908.44,796.88,895.0,-63.0,1781.4189,18.0,18.0,Super Ideal,D,VVS2,1.14,IGI,3420.0
2318,Magnolia,2,Round,1,1,0,15.12,903.0,792.11,889.0,-65.0,1824.4485,18.0,18.0,Super Ideal,D,VVS2,1.14,IGI,3420.0
2318,Marlowe & Co,2,Round,1,1,0,14.19,917.0,804.39,903.0,-64.0,1813.2867,18.0,18.0,Super Ideal,D,VVS2,1.14,IGI,3420.0
2318,Mei & Co,2,Round,1,1,0,12.03,911.0,799.12,897.0,-64.0,1811.4739,18.0,18.0,Super Ideal,D,VVS2,1.14,IGI,3420.0
2318,Michelle Kennedy,2,Round,1,1,0,12.12,923.0,809.65,909.0,-64.0,1846.3246,18.0,18.0,Super Ideal,D,VVS2,1.14,IGI,3420.0
2318,Promenade Jewelry,2,Round,1,1,0,14.9,906.28,794.98,893.0,-65.0,1849.332,18.0,18.0,Super Ideal,D,VVS2,1.14,IGI,3420.0
2318,Sara's Diamonds,2,Round,1,1,0,64.2,882.0,773.68,869.0,-66.0,1843.0977,18.0,18.0,Super Ideal,D,VVS2,1.14,IGI,3420.0
2318,Silva Diamonds,2,Round,1,1,0,13.75,910.0,798.25,896.0,-65.0,1838.0145,18.0,18.0,Super Ideal,D,VVS2,1.14,IGI,3420.0
2318,Simetría,2,Round,1,1,0,15.12,877.0,769.3,864.0,-66.0,1849.7827,18.0,18.0,Super Ideal,D,VVS2,1.14,IGI,3420.0
2318,Temperley,2,Round,1,1,0,15.87,922.0,808.77,908.0,-64.0,1810.811,18.0,18.0,Super Ideal,D,VVS2,1.14,IGI,3420.0
2318,White Lily,2,Round,1,1,0,12.48,922.0,808.77,908.0,-64.0,1820.6284,18.0,18.0,Super Ideal,D,VVS2,1.14,IGI,3420.0
2320,Fabiola,2,Asscher,1,1,0,14.17,716.0,681.9,705.0,-66.0,1318.0923,15.0,15.0,Very Good,F,SI1,1.05,IGI,1730.0
2321,Jane Brear,2,Round,1,1,0,22.23,1480.54,876.06,1458.0,-54.0,2298.095,18.0,18.0,Ideal,E,VS2,1.69,IGI,4960.0
2321,Michelle Kennedy,2,Round,1,1,0,19.8,1402.0,829.59,1381.0,-57.0,2348.7532,18.0,18.0,Ideal,E,VS2,1.69,IGI,4960.0
2321,Silva Diamonds,2,Round,1,1,0,10.28,1389.0,821.89,1368.0,-57.0,2336.8799,18.0,18.0,Ideal,E,VS2,1.69,IGI,4960.0
2321,White Lily,2,Round,1,1,0,21.73,1481.0,876.33,1459.0,-54.0,2317.4307,18.0,18.0,Ideal,E,VS2,1.69,IGI,4960.0
2326,Bayside Gems,2,Round,1,1,0,15.76,3999.42,1328.71,3939.0,-64.0,8054.3354,18.0,18.0,Super Ideal,F,VS2,3.01,IGI,16620.0
2326,CV Diamonds,2,Round,1,1,0,68.68,3944.0,1310.3,3885.0,-65.0,8091.1401,18.0,18.0,Super Ideal,F,VS2,3.01,IGI,16620.0
2326,Clermont Diamonds,2,Round,1,1,0,12.33,3952.0,1312.96,3893.0,-65.0,8068.1235,18.0,18.0,Super Ideal,F,VS2,3.01,IGI,16620.0
2326,Emilia Sterling,2,Round,1,1,0,11.26,3828.0,1271.76,3771.0,-67.0,8338.8096,18.0,18.0,Super Ideal,F,VS2,3.01,IGI,16620.0
2326,Fuji Diamonds,2,Round,1,1,0,14.95,3871.43,1286.19,3813.0,-65.0,8004.0005,18.0,18.0,Super Ideal,F,VS2,3.01,IGI,16620.0
2326,Jane Brear,2,Round,1,1,0,12.49,3969.0,1318.6,3909.0,-64.0,8002.8467,18.0,18.0,Super Ideal,F,VS2,3.01,IGI,16620.0
2326,Mei & Co,2,Round,1,1,0,13.06,3973.0,1319.93,3913.0,-64.0,7991.208,18.0,18.0,Super Ideal,F,VS2,3.01,IGI,16620.0
2326,Michelle Kennedy,2,Round,1,1,0,14.79,4209.0,1398.34,4146.0,-65.0,8542.2891,18.0,18.0,Super Ideal,F,VS2,3.01,IGI,16620.0
2326,Pegasus Diamonds,2,Round,1,1,0,11.67,4145.0,1377.08,4083.0,-64.0,8176.4907,18.0,18.0,Super Ideal,F,VS2,3.01,IGI,16620.0
2326,Periwinkle Stones,2,Round,1,1,0,11.29,4003.0,1329.9,3943.0,-64.0,8068.584,18.0,18.0,Super Ideal,F,VS2,3.01,IGI,16620.0
2326,Taiga Gems,2,Round,1,1,0,13.8,3851.0,1279.4,3793.0,-65.0,7971.1978,18.0,18.0,Super Ideal,F,VS2,3.01,IGI,16620.0
2326,Temperley,2,Round,1,1,0,11.3,3956.0,1314.29,3897.0,-65.0,8082.0195,18.0,18.0,Super Ideal,F,VS2,3.01,IGI,16620.0
2326,Tierra Mia Diamonds,2,Round,1,1,0,11.44,3842.0,1276.41,3784.0,-67.0,8235.9854,18.0,18.0,Super Ideal,F,VS2,3.01,IGI,16620.0
2326,Vespera Gems,2,Round,1,1,0,15.04,3855.0,1280.73,3797.0,-66.0,8009.3179,18.0,18.0,Super Ideal,F,VS2,3.01,IGI,16620.0
2326,White Lily,2,Round,1,1,0,10.83,4018.0,1334.88,3958.0,-66.0,8359.2051,18.0,18.0,Super Ideal,F,VS2,3.01,IGI,16620.0
2331,Artemis Stones,2,Round,1,1,0,20.95,1128.0,752.0,1111.0,-56.0,1844.696,14.0,18.0,Very Good,F,SI1,1.5,IGI,3300.0
2331,Hoseki,2,Round,1,1,0,14.07,1179.0,786.0,1161.0,-53.0,1800.7382,17.0,18.0,Very Good,F,SI1,1.5,IGI,3300.0
2331,Jane Brear,2,Round,1,3,0,13.41,1559.0,1039.33,1536.0,-38.0,1788.8302,15.0,18.0,Very Good,F,SI1,1.5,IGI,3300.0
2335,White Lily,2,Round,1,1,0,18.49,3147.0,1398.67,3100.0,-18.0,2758.3333,18.0,18.0,Super Ideal,J,VS1,2.25,IGI,4593.33
2336,Avignon Diamonds,2,Round,1,1,0,12.49,1422.0,894.34,1401.0,-65.0,2883.9236,18.0,18.0,Super Ideal,G,VVS2,1.59,IGI,4600.0
2336,Camden Gems,2,Round,1,1,0,15.83,1431.8,900.5,1410.0,-64.0,2884.5085,18.0,18.0,Super Ideal,G,VVS2,1.59,IGI,4600.0
2336,Clermont Diamonds,2,Round,1,1,0,13.63,1423.84,895.5,1402.0,-65.0,2888.2119,18.0,18.0,Super Ideal,G,VVS2,1.59,IGI,4600.0
2336,Eterna Luxe,2,Round,1,1,0,12.27,1414.0,889.31,1393.0,-64.0,2848.2336,18.0,18.0,Super Ideal,G,VVS2,1.59,IGI,4600.0
2336,Jane Brear,2,Round,1,1,0,13.4,1465.64,921.79,1444.0,-63.0,2799.6636,18.0,18.0,Super Ideal,G,VVS2,1.59,IGI,4600.0
2336,Marlowe & Co,2,Round,1,1,0,12.43,1438.0,904.4,1416.0,-64.0,2859.7124,18.0,18.0,Super Ideal,G,VVS2,1.59,IGI,4600.0
2336,Nova Stars,2,Round,1,1,0,14.78,1399.0,879.87,1378.0,-65.0,2844.542,18.0,18.0,Super Ideal,G,VVS2,1.59,IGI,4600.0
2336,Starlit Stones,2,Round,1,1,0,74.23,1424.0,895.6,1403.0,-65.0,2889.6445,18.0,18.0,Super Ideal,G,VVS2,1.59,IGI,4600.0
2336,Taiga Gems,2,Round,1,1,0,13.96,1399.0,879.87,1378.0,-64.0,2758.5808,18.0,18.0,Super Ideal,G,VVS2,1.59,IGI,4600.0
2336,Vespera Gems,2,Round,1,1,0,13.33,1392.0,875.47,1371.0,-66.0,2934.2192,18.0,18.0,Super Ideal,G,VVS2,1.59,IGI,4600.0
2336,White Lily,2,Round,1,1,0,15.38,1448.72,911.14,1427.0,-64.0,2857.4729,18.0,18.0,Super Ideal,G,VVS2,1.59,IGI,4600.0
2338,Cirrus Gems,2,Round,1,1,0,16.66,856.0,653.44,843.0,-58.0,1472.7372,18.0,18.0,Ideal,I,VVS2,1.31,IGI,2420.0
2338,Temperley,2,Round,1,1,0,13.06,1354.2,1033.74,1334.0,-41.0,1634.7048,18.0,18.0,Ideal,I,VVS2,1.31,IGI,2420.0
2345,Jane Brear,2,Round,1,1,0,9.76,1330.0,734.81,1310.0,-50.0,1890.0544,18.0,18.0,Super Ideal,J,VS2,1.81,IGI,3000.0
2345,Michelle Kennedy,2,Round,1,1,0,9.39,1330.0,734.81,1310.0,-55.0,2137.7627,18.0,18.0,Super Ideal,J,VS2,1.81,IGI,3000.0
2345,Temperley,2,Round,1,1,0,7.9,1330.0,734.81,1310.0,-50.0,1888.1147,18.0,18.0,Super Ideal,J,VS2,1.81,IGI,3000.0
2346,Bella Gems,2,Round,1,1,0,15.28,3409.0,1549.55,3358.0,-63.0,6620.4849,18.0,18.0,Super Ideal,D,VVS2,2.2,IGI,12470.0
2346,Jane Brear,2,Round,1,1,0,18.16,3444.0,1565.45,3392.0,-63.0,6638.9526,18.0,18.0,Super Ideal,D,VVS2,2.2,IGI,12470.0
2346,Michelle Kennedy,2,Round,1,1,0,22.77,3257.0,1480.45,3208.0,-64.0,6454.2905,18.0,18.0,Super Ideal,D,VVS2,2.2,IGI,12470.0
2346,Promenade Jewelry,2,Round,1,1,0,18.26,3438.72,1563.05,3387.0,-62.0,6473.8989,18.0,18.0,Super Ideal,D,VVS2,2.2,IGI,12470.0
2346,Temperley,2,Round,1,1,0,22.48,3257.0,1480.45,3208.0,-65.0,6612.3042,18.0,18.0,Super Ideal,D,VVS2,2.2,IGI,12470.0
2346,Tierra Mia Diamonds,2,Round,1,1,0,19.24,3265.0,1484.09,3216.0,-64.0,6459.708,18.0,18.0,Super Ideal,D,VVS2,2.2,IGI,12470.0
2348,Albert's Creations,2,Round,1,1,0,13.86,3555.14,1169.45,3502.0,-65.0,7179.9385,18.0,18.0,Ideal,G,VS2,3.04,IGI,14860.0
2348,Mei & Co,2,Round,1,1,0,13.92,3556.0,1169.74,3503.0,-65.0,7211.8853,18.0,18.0,Ideal,G,VS2,3.04,IGI,14860.0
2348,Michelle Kennedy,2,Round,1,1,0,12.77,3588.0,1180.26,3534.0,-65.0,7299.3711,18.0,18.0,Ideal,G,VS2,3.04,IGI,14860.0
2348,Periwinkle Stones,2,Round,1,1,0,15.23,3545.0,1166.12,3492.0,-65.0,7170.2031,18.0,18.0,Ideal,G,VS2,3.04,IGI,14860.0
2348,Temperley,2,Round,1,1,0,10.92,3557.0,1170.07,3504.0,-66.0,7465.8384,18.0,18.0,Ideal,G,VS2,3.04,IGI,14860.0
2357,Nova Stars,2,Round,1,1,0,14.64,302.0,413.7,297.0,-59.0,533.8375,18.0,18.0,Ideal,F,VS1,0.73,IGI,1175.0
2358,Bayside Gems,2,Radiant,1,1,0,18.72,1166.14,1154.59,1149.0,-65.0,2144.5662,15.0,15.0,Super Ideal,E,VVS1,1.01,IGI,2990.0
2358,Bonsai Gems,2,Radiant,1,1,0,19.28,1194.86,1183.03,1177.0,-64.0,2132.6465,15.0,15.0,Super Ideal,E,VVS1,1.01,IGI,2990.0
2358,Ember Star,2,Radiant,1,1,0,20.75,1141.0,1129.7,1124.0,-67.0,2246.479,15.0,15.0,Super Ideal,E,VVS1,1.01,IGI,2990.0
2358,Equinox Jewels,2,Radiant,1,1,0,14.48,1158.0,1146.53,1141.0,-63.0,2045.6447,15.0,15.0,Super Ideal,E,VVS1,1.01,IGI,2990.0
2358,Jane Brear,2,Radiant,1,1,0,19.35,1183.27,1171.55,1166.0,-65.0,2223.4194,15.0,15.0,Super Ideal,E,VVS1,1.01,IGI,2990.0
2358,Kenmare Diamonds,2,Radiant,1,1,0,20.37,1184.05,1172.33,1166.0,-64.0,2163.2983,15.0,15.0,Super Ideal,E,VVS1,1.01,IGI,2990.0
2358,Marlowe & Co,2,Radiant,1,1,0,11.41,1183.06,1171.35,1165.0,-63.0,2079.8396,15.0,15.0,Super Ideal,E,VVS1,1.01,IGI,2990.0
2358,Mei & Co,2,Radiant,1,1,0,16.3,1191.02,1179.23,1173.0,-64.0,2165.5544,15.0,15.0,Super Ideal,E,VVS1,1.01,IGI,2990.0
2358,Michelle Kennedy,2,Radiant,1,1,0,14.24,1194.0,1182.18,1176.0,-63.0,2066.9583,15.0,15.0,Super Ideal,E,VVS1,1.01,IGI,2990.0
2358,Periwinkle Stones,2,Radiant,1,1,0,22.42,1211.0,1199.01,1193.0,-63.0,2142.4829,15.0,15.0,Super Ideal,E,VVS1,1.01,IGI,2990.0
2358,Promenade Jewelry,2,Radiant,1,1,0,20.69,1157.21,1145.75,1140.0,-66.0,2205.3738,15.0,15.0,Super Ideal,E,VVS1,1.01,IGI,2990.0
2358,Rosella,2,Radiant,1,1,0,21.59,1133.0,1121.78,1116.0,-67.0,2203.9473,15.0,15.0,Super Ideal,E,VVS1,1.01,IGI,2990.0
2358,Serenade Diamonds,2,Radiant,1,1,0,21.42,1130.0,1118.81,1113.0,-66.0,2132.9097,15.0,15.0,Super Ideal,E,VVS1,1.01,IGI,2990.0
2358,Simetría,2,Radiant,1,1,0,16.65,1177.08,1165.43,1159.0,-65.0,2162.0232,15.0,15.0,Super Ideal,E,VVS1,1.01,IGI,2990.0
2358,Taiga Gems,2,Radiant,1,1,0,12.71,1160.0,1148.51,1143.0,-65.0,2168.5674,15.0,15.0,Super Ideal,E,VVS1,1.01,IGI,2990.0
2358,Temperley,2,Radiant,1,1,0,88.53,1177.0,1165.35,1159.0,-64.0,2130.9373,15.0,15.0,Super Ideal,E,VVS1,1.01,IGI,2990.0
2358,White Lily,2,Radiant,1,1,0,21.1,1183.27,1171.55,1166.0,-65.0,2164.1272,15.0,15.0,Super Ideal,E,VVS1,1.01,IGI,2990.0
2359,Cirrus Gems,2,Round,1,1,0,18.17,1108.0,738.67,1091.0,-54.0,1735.7754,18.0,18.0,Ideal,H,VS2,1.5,IGI,3293.75
2359,Clermont Diamonds,2,Round,1,1,0,11.72,1084.0,722.67,1068.0,-56.0,1756.4952,18.0,18.0,Ideal,H,VS2,1.5,IGI,3293.75
2359,Serene Peaks Diamonds,2,Round,1,1,0,10.06,1127.0,751.33,1110.0,-55.0,1777.5336,18.0,18.0,Ideal,H,VS2,1.5,IGI,3293.75
2360,Emilia Sterling,2,Round,1,1,0,13.22,2412.0,1048.7,2376.0,-59.0,4248.4844,18.0,18.0,Super Ideal,F,VS2,2.3,IGI,9590.0
2360,Eternity Fine Jewelers,2,Round,1,1,0,16.09,2493.47,1084.12,2456.0,-58.0,4252.3022,18.0,18.0,Super Ideal,F,VS2,2.3,IGI,9590.0
2360,Hoseki,2,Round,1,1,0,16.23,2530.28,1100.12,2492.0,-57.0,4250.2456,18.0,18.0,Super Ideal,F,VS2,2.3,IGI,9590.0
2360,Jane Brear,2,Round,1,1,0,15.42,2487.0,1081.3,2450.0,-58.0,4225.583,18.0,18.0,Super Ideal,F,VS2,2.3,IGI,9590.0
2360,La Marquise,2,Round,1,1,0,17.29,2611.0,1135.22,2572.0,-56.0,4266.7378,18.0,18.0,Super Ideal,F,VS2,2.3,IGI,9590.0
2360,Michelle Kennedy,2,Round,1,1,0,10.93,2452.0,1066.09,2415.0,-59.0,4325.2212,18.0,18.0,Super Ideal,F,VS2,2.3,IGI,9590.0
2360,Serene Peaks Diamonds,2,Round,1,1,0,14.55,2457.0,1068.26,2420.0,-58.0,4233.377,18.0,18.0,Super Ideal,F,VS2,2.3,IGI,9590.0
2360,Sigma Diamonds,2,Round,1,1,0,17.32,2474.0,1075.65,2437.0,-58.0,4245.8423,18.0,18.0,Super Ideal,F,VS2,2.3,IGI,9590.0
2366,Michelle Kennedy,2,Oval,2,2,0,16.93,344.56,662.62,339.0,-54.0,504.4414,14.0,15.0,Very Good,E,VVS2,0.52,IGI,700.0
2368,Albert's Creations,2,Round,1,1,0,14.39,305.0,554.55,300.0,-50.0,434.7126,18.0,18.0,Super Ideal,D,SI1,0.55,IGI,710.0
2368,Equinox Jewels,2,Round,1,1,0,11.9,303.0,550.91,298.0,-56.0,491.0818,18.0,18.0,Super Ideal,D,SI1,0.55,IGI,710.0
2368,Michelle Kennedy,2,Round,1,1,0,14.43,359.2,653.09,354.0,-46.0,480.0872,18.0,18.0,Super Ideal,D,SI1,0.55,IGI,710.0
2368,Promenade Jewelry,2,Round,1,1,0,14.69,321.38,584.33,317.0,-52.0,482.108,18.0,18.0,Super Ideal,D,SI1,0.55,IGI,710.0
2369,Albert's Creations,2,Round,1,1,0,14.43,1725.0,1051.83,1699.0,-60.0,3084.1519,18.0,18.0,Super Ideal,E,VVS2,1.64,IGI,6190.0
2369,Cirrus Gems,2,Round,2,2,0,18.73,1677.0,1022.56,1652.0,-60.0,3028.606,18.0,18.0,Super Ideal,E,VVS2,1.64,IGI,6190.0
2369,Ember Star,2,Round,1,1,0,13.99,1673.57,1020.47,1648.0,-60.0,2965.9614,18.0,18.0,Super Ideal,E,VVS2,1.64,IGI,6190.0
2369,Eterna Luxe,2,Round,1,1,0,14.85,1733.0,1056.71,1707.0,-60.0,3093.0933,18.0,18.0,Super Ideal,E,VVS2,1.64,IGI,6190.0
2369,Infinity Diamonds,2,Round,1,1,0,20.12,1724.0,1051.22,1698.0,-61.0,3130.7158,18.0,18.0,Super Ideal,E,VVS2,1.64,IGI,6190.0
2369,Jane Brear,2,Round,1,1,0,14.53,1871.0,1140.85,1843.0,-56.0,3024.9661,18.0,18.0,Super Ideal,E,VVS2,1.64,IGI,6190.0
2369,Michelle Kennedy,2,Round,1,1,0,16.23,2107.0,1284.76,2075.0,-51.0,3099.3987,18.0,18.0,Super Ideal,E,VVS2,1.64,IGI,6190.0
2369,Oasis Diamonds,2,Round,1,1,0,13.68,1789.01,1090.86,1762.0,-57.0,3008.0161,18.0,18.0,Super Ideal,E,VVS2,1.64,IGI,6190.0
2369,Temperley,2,Round,1,1,0,11.55,1788.02,1090.26,1761.0,-58.0,3023.053,18.0,18.0,Super Ideal,E,VVS2,1.64,IGI,6190.0
2369,White Lily,2,Round,1,1,0,13.59,1775.08,1082.37,1748.0,-58.0,2999.3921,18.0,18.0,Super Ideal,E,VVS2,1.64,IGI,6190.0
2371,Michelle Kennedy,2,Emerald,1,1,0,19.8,2245.0,1049.07,2211.0,-63.0,3906.0078,15.0,15.0,Very Good,G,VS1,2.14,IGI,7440.0
2374,Albert's Creations,2,Round,1,1,0,11.92,2191.0,1079.31,2158.0,-60.0,3930.6118,18.0,18.0,Ideal,E,VS2,2.03,IGI,8113.33
2374,Bayside Gems,2,Round,1,1,0,15.68,2210.0,1088.67,2177.0,-59.0,3856.8235,18.0,18.0,Ideal,E,VS2,2.03,IGI,8113.33
2374,Clermont Diamonds,2,Round,1,1,0,11.71,2186.0,1076.85,2153.0,-58.0,3755.7734,18.0,18.0,Ideal,E,VS2,2.03,IGI,8113.33
2374,Jane Brear,2,Round,1,1,0,14.5,2232.78,1099.89,2199.0,-60.0,3984.3325,18.0,18.0,Ideal,E,VS2,2.03,IGI,8113.33
2374,Mei & Co,2,Round,1,1,0,12.13,2187.0,1077.34,2154.0,-58.0,3765.3655,18.0,18.0,Ideal,E,VS2,2.03,IGI,8113.33
2374,Michelle Kennedy,2,Round,1,1,0,17.2,2225.0,1096.06,2192.0,-59.0,3851.1733,18.0,18.0,Ideal,E,VS2,2.03,IGI,8113.33
2374,N. B. Diamonds,2,Round,1,1,0,,13170.0,6487.68,12972.0,150.0,3765.3423,18.0,18.0,Ideal,E,VS2,2.03,IGI,8113.33
2374,Periwinkle Stones,2,Round,1,1,0,14.0,2217.0,1092.12,2184.0,-59.0,3836.6521,18.0,18.0,Ideal,E,VS2,2.03,IGI,8113.33
2374,Seraphina Gems,2,Round,1,1,0,16.15,2732.0,1345.81,2691.0,-50.0,3940.8191,18.0,18.0,Ideal,E,VS2,2.03,IGI,8113.33
2374,Serenade Diamonds,2,Round,1,1,0,12.75,2155.0,1061.58,2123.0,-60.0,3877.3713,18.0,18.0,Ideal,E,VS2,2.03,IGI,8113.33
2374,Taiga Gems,2,Round,1,1,0,14.45,2159.0,1063.55,2127.0,-60.0,3905.7412,18.0,18.0,Ideal,E,VS2,2.03,IGI,8113.33
2374,Tamara,2,Round,1,1,0,15.56,2214.87,1091.07,2182.0,-58.0,3784.4353,18.0,18.0,Ideal,E,VS2,2.03,IGI,8113.33
2374,Temperley,2,Round,1,1,0,14.34,2190.0,1078.82,2157.0,-59.0,3794.3123,18.0,18.0,Ideal,E,VS2,2.03,IGI,8113.33
2374,Thalassa Gems,2,Round,1,1,0,15.78,2171.09,1069.5,2139.0,-60.0,3884.5894,18.0,18.0,Ideal,E,VS2,2.03,IGI,8113.33
2374,Tierra Mia Diamonds,2,Round,1,2,0,13.73,2136.0,1052.22,2104.0,-60.0,3868.4937,18.0,18.0,Ideal,E,VS2,2.03,IGI,8113.33
2374,Vespera Gems,2,Round,1,1,0,18.29,2158.08,1063.09,2126.0,-60.0,3830.2463,18.0,18.0,Ideal,E,VS2,2.03,IGI,8113.33
2374,White Lily,2,Round,1,1,0,14.58,2177.0,1072.41,2144.0,-60.0,3881.5352,18.0,18.0,Ideal,E,VS2,2.03,IGI,8113.33
2376,White Lily,2,Emerald,1,2,0,11.89,1130.0,1189.47,1113.0,14.0,638.3572,14.0,15.0,Very Good,I,VS2,0.95,IGI,1210.0
2380,Tamara,2,Round,1,1,0,14.44,2847.0,1196.22,2804.0,-61.0,5231.834,18.0,18.0,Super Ideal,D,VS2,2.38,IGI,10670.0
2380,White Lily,2,Round,1,1,0,15.93,2820.0,1184.87,2778.0,-61.0,5154.6455,18.0,18.0,Super Ideal,D,VS2,2.38,IGI,10670.0
2383,Genesis Stones,2,Emerald,1,1,0,18.33,1303.0,840.65,1283.0,-64.0,2312.5537,15.0,15.0,Super Ideal,H,VS1,1.55,IGI,3880.0
2383,Jane Brear,2,Emerald,1,1,0,18.29,1255.0,809.68,1236.0,-65.0,2304.0012,15.0,15.0,Super Ideal,H,VS1,1.55,IGI,3880.0
2383,Lotus Creation,2,Emerald,1,1,0,18.76,1265.31,816.33,1246.0,-66.0,2359.0649,15.0,15.0,Super Ideal,H,VS1,1.55,IGI,3880.0
2383,Michelle Kennedy,2,Emerald,1,1,0,19.36,1267.24,817.57,1248.0,-64.0,2272.4399,15.0,15.0,Super Ideal,H,VS1,1.55,IGI,3880.0
2383,N. B. Diamonds,2,Emerald,1,1,0,18.95,1244.0,802.58,1225.0,-64.0,2220.9053,15.0,15.0,Super Ideal,H,VS1,1.55,IGI,3880.0
2383,Oasis Diamonds,2,Emerald,1,1,0,15.41,1319.37,851.21,1300.0,-64.0,2328.9526,15.0,15.0,Super Ideal,H,VS1,1.55,IGI,3880.0
2383,Taiga Gems,2,Emerald,1,1,0,14.62,1281.0,826.45,1262.0,-64.0,2296.9836,15.0,15.0,Super Ideal,H,VS1,1.55,IGI,3880.0
2383,Temperley,2,Emerald,1,1,0,19.83,1295.0,835.48,1276.0,-64.0,2281.3447,15.0,15.0,Super Ideal,H,VS1,1.55,IGI,3880.0
2385,Jane Brear,2,Oval,1,2,0,19.51,3131.26,1565.63,3084.0,-20.0,2638.1755,14.0,15.0,Very Good,I,SI1,2.0,IGI,4705.0
2385,Michelle Kennedy,2,Oval,1,1,0,17.7,3131.26,1565.63,3084.0,-21.0,2654.2571,15.0,15.0,Very Good,I,SI1,2.0,IGI,4705.0
2385,Temperley,2,Oval,1,1,0,19.64,3131.26,1565.63,3084.0,-19.0,2596.675,15.0,15.0,Very Good,I,SI1,2.0,IGI,4705.0
2385,White Lily,2,Oval,1,2,0,17.94,3131.26,1565.63,3084.0,-29.0,2987.8875,15.0,15.0,Very Good,I,SI1,2.0,IGI,4705.0
2386,CV Diamonds,2,Pear,1,1,0,13.92,889.53,787.19,876.0,-61.0,1476.8861,15.0,15.0,Super Ideal,F,VS1,1.13,IGI,2400.0
2386,Eterna Luxe,2,Pear,1,1,0,13.01,884.0,782.3,871.0,-62.0,1508.7925,15.0,15.0,Super Ideal,F,VS1,1.13,IGI,2400.0
2386,Eternity Fine Jewelers,2,Pear,1,1,0,15.85,902.0,798.23,888.0,-59.0,1410.1906,15.0,15.0,Super Ideal,F,VS1,1.13,IGI,2400.0
2386,Fabiola,2,Pear,1,1,0,11.61,870.0,769.91,857.0,-61.0,1446.6039,15.0,15.0,Super Ideal,F,VS1,1.13,IGI,2400.0
2386,Jane Brear,2,Pear,1,2,0,15.45,893.51,790.72,880.0,-62.0,1516.334,15.0,15.0,Super Ideal,F,VS1,1.13,IGI,2400.0
2386,Kara,2,Pear,1,1,0,17.97,922.36,816.25,909.0,-60.0,1501.7753,15.0,15.0,Super Ideal,F,VS1,1.13,IGI,2400.0
2386,Lotus Creation,2,Pear,1,1,0,17.5,862.84,763.58,850.0,-63.0,1501.2751,15.0,15.0,Super Ideal,F,VS1,1.13,IGI,2400.0
2386,Marlowe & Co,2,Pear,1,1,0,20.05,906.0,801.77,892.0,-60.0,1472.2328,15.0,15.0,Super Ideal,F,VS1,1.13,IGI,2400.0
2386,Mei & Co,2,Pear,1,1,0,15.64,882.0,780.53,869.0,-61.0,1472.7985,15.0,15.0,Super Ideal,F,VS1,1.13,IGI,2400.0
2386,Michelle Kennedy,2,Pear,1,1,0,10.61,887.0,784.96,874.0,-61.0,1485.0349,15.0,15.0,Super Ideal,F,VS1,1.13,IGI,2400.0
2386,Simetría,2,Pear,1,1,0,11.98,897.49,794.24,884.0,-63.0,1561.5391,15.0,15.0,Super Ideal,F,VS1,1.13,IGI,2400.0
2386,Temperley,2,Pear,1,1,0,13.97,894.5,791.59,881.0,-60.0,1460.3329,15.0,15.0,Super Ideal,F,VS1,1.13,IGI,2400.0
2386,Tierra Mia Diamonds,2,Pear,1,1,0,10.24,910.0,805.31,896.0,-60.0,1487.2916,15.0,15.0,Super Ideal,F,VS1,1.13,IGI,2400.0
2386,White Lily,2,Pear,1,1,0,17.5,891.0,788.5,878.0,-62.0,1503.8403,15.0,15.0,Super Ideal,F,VS1,1.13,IGI,2400.0
2388,Temperley,2,Round,1,1,0,13.49,1257.68,838.45,1239.0,-55.0,2019.6431,18.0,18.0,Ideal,I,VVS2,1.5,IGI,3037.5
2388,White Lily,2,Round,1,1,0,22.29,1243.0,828.67,1224.0,-55.0,1980.7031,18.0,18.0,Ideal,I,VVS2,1.5,IGI,3037.5
2389,Camden Gems,2,Round,1,1,0,11.57,1652.0,954.91,1627.0,-46.0,2187.5425,18.0,18.0,Super Ideal,F,VS2,1.73,IGI,5000.0
2389,Fabiola,2,Round,1,1,0,14.46,1653.0,955.49,1628.0,-46.0,2194.7646,18.0,18.0,Super Ideal,F,VS2,1.73,IGI,5000.0
2389,Michelle Kennedy,2,Round,1,1,0,15.23,1617.59,935.02,1593.0,-47.0,2205.7913,18.0,18.0,Super Ideal,F,VS2,1.73,IGI,5000.0
2389,Periwinkle Stones,2,Round,1,1,0,16.51,1679.56,970.84,1654.0,-47.0,2285.1599,18.0,18.0,Super Ideal,F,VS2,1.73,IGI,5000.0
2389,Temperley,2,Round,1,1,0,15.99,1753.68,1013.69,1727.0,-42.0,2168.1099,18.0,18.0,Super Ideal,F,VS2,1.73,IGI,5000.0
2389,White Lily,2,Round,1,1,0,14.42,1652.7,955.32,1628.0,-47.0,2244.3862,18.0,18.0,Super Ideal,F,VS2,1.73,IGI,5000.0
2390,Rosella,2,Oval,2,2,0,3.67,348.0,589.83,343.0,-51.0,474.763,15.0,15.0,Super Ideal,F,VVS2,0.59,IGI,740.0
2391,Taiga Gems,2,Round,1,1,0,16.18,760.18,603.32,749.0,-57.0,1274.432,18.0,18.0,Ideal,I,VS2,1.26,IGI,1920.0
2393,Marlowe & Co,2,Cushion,1,1,0,11.01,2353.0,1170.65,2318.0,-59.0,3613.0718,14.0,15.0,Good,F,VS1,2.01,IGI,6950.0
2393,Temperley,2,Cushion,1,1,0,14.14,2343.22,1165.78,2308.0,-63.0,3984.7598,14.0,15.0,Good,F,VS1,2.01,IGI,6950.0
2393,White Lily,2,Cushion,1,1,0,13.4,2343.22,1165.78,2308.0,-62.0,3909.9211,14.0,15.0,Good,F,VS1,2.01,IGI,6950.0
2395,CV Diamonds,2,Oval,1,1,0,11.88,3996.0,1485.5,3936.0,-61.0,6991.4683,15.0,15.0,Super Ideal,E,VS1,2.69,IGI,12500.0
2395,Jane Brear,2,Oval,1,1,0,11.49,4059.0,1508.92,3998.0,-61.0,7062.3477,15.0,15.0,Super Ideal,E,VS1,2.69,IGI,12500.0
2395,Michelle Kennedy,2,Oval,1,1,0,16.49,4008.0,1489.96,3948.0,-62.0,7089.1553,15.0,15.0,Super Ideal,E,VS1,2.69,IGI,12500.0
2395,Temperley,2,Oval,1,1,0,18.65,4008.0,1489.96,3948.0,-62.0,7162.0635,15.0,15.0,Super Ideal,E,VS1,2.69,IGI,12500.0
2395,White Lily,2,Oval,1,1,0,18.78,4008.0,1489.96,3948.0,-62.0,7025.5869,15.0,15.0,Super Ideal,E,VS1,2.69,IGI,12500.0
2396,White Lily,2,Round,1,1,0,12.23,2287.0,1345.29,2253.0,-17.0,1981.257,14.0,18.0,Very Good,I,VS1,1.7,IGI,3475.0
2397,White Lily,2,Round,1,1,0,14.71,774.11,691.17,762.0,-49.0,1091.0809,18.0,18.0,Super Ideal,F,SI1,1.12,IGI,2035.0
2398,Jane Brear,2,Round,1,1,0,16.5,802.04,729.13,790.0,-53.0,1231.4274,18.0,18.0,Ideal,G,VS2,1.1,IGI,2080.0
2398,Meridian Crafts,2,Round,1,1,0,14.93,729.0,662.73,718.0,-58.0,1246.4061,18.0,18.0,Ideal,G,VS2,1.1,IGI,2080.0
2398,Nova Stars,2,Round,1,1,0,11.32,695.0,631.82,685.0,-58.0,1174.653,18.0,18.0,Ideal,G,VS2,1.1,IGI,2080.0
2398,Roma Diamonds,2,Round,1,1,0,46.43,706.0,641.82,695.0,-60.0,1253.2139,18.0,18.0,Ideal,G,VS2,1.1,IGI,2080.0
2398,Taiga Gems,2,Round,1,1,0,13.06,689.0,626.36,679.0,-58.0,1183.3268,18.0,18.0,Ideal,G,VS2,1.1,IGI,2080.0
2398,White Lily,2,Round,1,1,0,21.51,769.0,699.09,757.0,-55.0,1235.2677,18.0,18.0,Ideal,G,VS2,1.1,IGI,2080.0
2400,Ember Star,2,Round,1,1,0,13.9,339.0,484.29,334.0,-64.0,682.336,18.0,18.0,Ideal,D,VVS2,0.7,IGI,1522.0
2400,Eternity Fine Jewelers,2,Round,1,1,0,20.45,356.0,508.57,351.0,-62.0,665.2988,18.0,18.0,Ideal,D,VVS2,0.7,IGI,1522.0
2400,Hoseki,2,Round,2,1,0,15.03,405.96,579.94,400.0,-58.0,688.8265,18.0,18.0,Ideal,D,VVS2,0.7,IGI,1522.0
2400,Infinity Diamonds,2,Round,1,1,0,24.8,356.0,508.57,351.0,-65.0,718.5289,18.0,18.0,Ideal,D,VVS2,0.7,IGI,1522.0
2400,Jane Brear,2,Round,1,1,0,20.35,388.0,554.29,382.0,-60.0,694.6013,18.0,18.0,Ideal,D,VVS2,0.7,IGI,1522.0
2400,Lotus Creation,2,Round,1,1,0,17.04,398.61,569.44,393.0,-57.0,664.0388,18.0,18.0,Ideal,D,VVS2,0.7,IGI,1522.0
2400,Marlowe & Co,2,Round,2,1,0,12.28,357.0,510.0,352.0,-62.0,681.3914,18.0,18.0,Ideal,D,VVS2,0.7,IGI,1522.0
2400,Meadow & Co,2,Round,1,1,0,14.91,360.0,514.29,355.0,-63.0,687.4302,18.0,18.0,Ideal,D,VVS2,0.7,IGI,1522.0
2400,Mei & Co,2,Round,1,1,0,20.84,357.0,510.0,352.0,-62.0,680.8372,18.0,18.0,Ideal,D,VVS2,0.7,IGI,1522.0
2400,Meridian Gems,2,Round,1,1,0,21.71,352.0,502.86,347.0,-60.0,635.5187,18.0,18.0,Ideal,D,VVS2,0.7,IGI,1522.0
2400,Michelle Kennedy,2,Round,1,1,0,14.59,377.0,538.57,371.0,-60.0,674.9112,18.0,18.0,Ideal,D,VVS2,0.7,IGI,1522.0
2400,Nova Stars,2,Round,1,1,0,18.47,346.0,494.29,341.0,-64.0,687.342,18.0,18.0,Ideal,D,VVS2,0.7,IGI,1522.0
2400,Sara's Diamonds,2,Round,1,1,0,50.53,358.0,511.43,353.0,-63.0,692.5493,18.0,18.0,Ideal,D,VVS2,0.7,IGI,1522.0
2400,Temperley,2,Round,1,1,0,15.24,410.94,587.06,405.0,-56.0,666.5539,18.0,18.0,Ideal,D,VVS2,0.7,IGI,1522.0
2400,White Lily,2,Round,1,1,0,20.93,388.0,554.29,382.0,-60.0,689.6103,18.0,18.0,Ideal,D,VVS2,0.7,IGI,1522.0
2406,Avignon Diamonds,2,Round,1,1,0,14.4,729.0,714.71,718.0,-59.0,1280.0881,18.0,18.0,Super Ideal,E,VS1,1.02,IGI,2575.0
2406,Camden Gems,2,Round,1,1,0,12.14,697.0,683.33,687.0,-60.0,1261.1144,18.0,18.0,Super Ideal,E,VS1,1.02,IGI,2575.0
2406,Cascade Diamonds,2,Round,1,1,0,20.47,701.0,687.25,690.0,-61.0,1280.3735,18.0,18.0,Super Ideal,E,VS1,1.02,IGI,2575.0
2406,Fuji Diamonds,2,Round,1,1,0,12.96,708.0,694.12,697.0,-60.0,1280.3407,18.0,18.0,Super Ideal,E,VS1,1.02,IGI,2575.0
2406,Grace Brooks,2,Round,1,1,0,17.01,766.15,751.13,755.0,-56.0,1237.2277,18.0,18.0,Super Ideal,E,VS1,1.02,IGI,2575.0
2406,Hoseki,2,Round,1,1,0,12.14,718.0,703.92,707.0,-60.0,1286.1285,18.0,18.0,Super Ideal,E,VS1,1.02,IGI,2575.0
2406,Iris Diamonds,2,Round,1,1,0,92.93,695.0,681.37,685.0,-60.0,1247.424,18.0,18.0,Super Ideal,E,VS1,1.02,IGI,2575.0
2406,Jane Brear,2,Round,1,1,0,14.44,724.0,709.8,713.0,-60.0,1300.2812,18.0,18.0,Super Ideal,E,VS1,1.02,IGI,2575.0
2406,Joan Cooper,2,Round,1,1,0,10.7,708.0,694.12,697.0,-59.0,1249.7411,18.0,18.0,Super Ideal,E,VS1,1.02,IGI,2575.0
2406,Marlowe & Co,2,Round,1,1,0,10.34,716.0,701.96,705.0,-60.0,1289.9674,18.0,18.0,Super Ideal,E,VS1,1.02,IGI,2575.0
2406,Meridian Crafts,2,Round,1,1,0,13.24,703.0,689.22,692.0,-60.0,1273.0221,18.0,18.0,Super Ideal,E,VS1,1.02,IGI,2575.0
2406,Michelle Kennedy,2,Round,1,1,0,13.12,728.0,713.73,717.0,-59.0,1276.5946,18.0,18.0,Super Ideal,E,VS1,1.02,IGI,2575.0
2406,Oasis Diamonds,2,Round,1,1,0,16.69,740.0,725.49,729.0,-59.0,1277.8721,18.0,18.0,Super Ideal,E,VS1,1.02,IGI,2575.0
2406,Raelynn Jewels,2,Round,1,1,0,12.46,700.0,686.27,690.0,-61.0,1280.6776,18.0,18.0,Super Ideal,E,VS1,1.02,IGI,2575.0
2406,Serenade Diamonds,2,Round,1,1,0,12.5,683.0,669.61,673.0,-64.0,1340.2982,18.0,18.0,Super Ideal,E,VS1,1.02,IGI,2575.0
2406,Starlit Stones,2,Round,1,1,0,11.45,697.0,683.33,687.0,-60.0,1256.9117,18.0,18.0,Super Ideal,E,VS1,1.02,IGI,2575.0
2406,Taiga Gems,2,Round,1,1,0,12.16,718.0,703.92,707.0,-59.0,1244.4312,18.0,18.0,Super Ideal,E,VS1,1.02,IGI,2575.0
2406,Temperley,2,Round,1,1,0,10.52,729.0,714.71,718.0,-60.0,1298.3657,18.0,18.0,Super Ideal,E,VS1,1.02,IGI,2575.0
2406,Thalassa Gems,2,Round,1,1,0,14.52,701.0,687.25,690.0,-61.0,1274.64,18.0,18.0,Super Ideal,E,VS1,1.02,IGI,2575.0
2406,Westport Jewelry,2,Round,1,1,0,13.7,695.0,681.37,685.0,-59.0,1223.1508,18.0,18.0,Super Ideal,E,VS1,1.02,IGI,2575.0
2406,White Lily,2,Round,1,1,0,18.7,738.29,723.81,727.0,-58.0,1268.8711,18.0,18.0,Super Ideal,E,VS1,1.02,IGI,2575.0
2414,Albert's Creations,2,Pear,1,1,0,19.33,375.0,480.77,369.0,-62.0,641.2199,15.0,15.0,Super Ideal,D,VS1,0.78,IGI,1460.0
2414,Eternity Fine Jewelers,2,Pear,1,1,0,18.46,377.0,483.33,371.0,-57.0,574.5234,15.0,15.0,Super Ideal,D,VS1,0.78,IGI,1460.0
2414,Jane Brear,2,Pear,1,1,0,21.02,410.0,525.64,404.0,-55.0,588.2844,15.0,15.0,Super Ideal,D,VS1,0.78,IGI,1460.0
2414,Michelle Kennedy,2,Pear,1,1,0,16.75,425.0,544.87,419.0,-56.0,622.8367,15.0,15.0,Super Ideal,D,VS1,0.78,IGI,1460.0
2414,Promenade Jewelry,2,Pear,1,2,0,10.15,374.0,479.49,368.0,-56.0,545.8056,15.0,15.0,Super Ideal,D,VS1,0.78,IGI,1460.0
2414,Temperley,2,Pear,1,2,0,17.01,451.73,579.14,445.0,-49.0,573.0823,15.0,15.0,Super Ideal,D,VS1,0.78,IGI,1460.0
2414,Vega Diamonds,2,Pear,1,1,0,19.56,364.0,466.67,359.0,-59.0,581.152,15.0,15.0,Super Ideal,D,VS1,0.78,IGI,1460.0
2414,White Lily,2,Pear,1,2,0,17.46,393.78,504.85,388.0,-54.0,556.4259,15.0,15.0,Super Ideal,D,VS1,0.78,IGI,1460.0
2417,Eternal Flame,2,Oval,1,1,0,12.15,1255.0,1172.9,1236.0,-61.0,2167.3953,15.0,15.0,Very Good,E,VVS1,1.07,IGI,3210.0
2417,Michelle Kennedy,2,Oval,1,1,0,15.22,1255.0,1172.9,1236.0,-60.0,2139.0544,15.0,15.0,Very Good,E,VVS1,1.07,IGI,3210.0
2417,Rosella,2,Oval,1,1,0,15.39,1193.0,1114.95,1175.0,-61.0,2064.978,15.0,15.0,Very Good,E,VVS1,1.07,IGI,3210.0
2417,Taiga Gems,2,Oval,1,1,0,16.71,1206.44,1127.51,1188.0,-62.0,2147.4006,15.0,15.0,Very Good,E,VVS1,1.07,IGI,3210.0
2418,Jane Brear,2,Princess,1,1,0,18.39,3022.0,1337.17,2977.0,-60.0,4778.0449,15.0,15.0,Super Ideal,F,VVS2,2.26,IGI,9600.0
2418,White Lily,2,Princess,1,1,0,15.66,2884.0,1276.11,2841.0,-61.0,4732.0708,15.0,15.0,Super Ideal,F,VVS2,2.26,IGI,9600.0
2420,Jane Brear,2,Round,1,1,0,22.69,335.0,465.28,330.0,-47.0,455.6415,18.0,18.0,Super Ideal,E,SI1,0.72,IGI,1140.0
2420,Michelle Kennedy,2,Round,1,1,0,21.86,357.0,495.83,352.0,-46.0,470.4325,18.0,18.0,Super Ideal,E,SI1,0.72,IGI,1140.0
2420,Temperley,2,Round,1,1,0,20.92,357.0,495.83,352.0,-45.0,464.8109,18.0,18.0,Super Ideal,E,SI1,0.72,IGI,1140.0
2420,White Lily,2,Round,1,1,0,24.28,357.0,495.83,352.0,-47.0,477.8575,18.0,18.0,Super Ideal,E,SI1,0.72,IGI,1140.0
2422,Cirrus Gems,2,Round,1,1,0,17.35,2720.0,900.66,2679.0,-62.0,5124.9604,18.0,18.0,Ideal,J,VS1,3.02,IGI,8250.0
2422,Jane Brear,2,Round,1,1,0,15.27,2903.41,961.39,2860.0,-61.0,5268.2407,18.0,18.0,Ideal,J,VS1,3.02,IGI,8250.0
2422,Michelle Kennedy,2,Round,1,1,0,15.39,2903.41,961.39,2860.0,-59.0,5100.0806,18.0,18.0,Ideal,J,VS1,3.02,IGI,8250.0
2422,N. B. Diamonds,2,Round,1,1,0,16.94,2791.0,924.17,2749.0,-63.0,5332.9639,18.0,18.0,Ideal,J,VS1,3.02,IGI,8250.0
2422,Temperley,2,Round,1,1,0,13.46,2903.41,961.39,2860.0,-60.0,5198.3872,18.0,18.0,Ideal,J,VS1,3.02,IGI,8250.0
2422,White Lily,2,Round,1,1,0,14.06,2903.41,961.39,2860.0,-60.0,5154.9795,18.0,18.0,Ideal,J,VS1,3.02,IGI,8250.0
2423,Jane Brear,2,Round,1,1,0,17.02,374.48,542.72,369.0,-34.0,405.5194,18.0,18.0,Ideal,G,SI1,0.69,IGI,810.0
2429,Bayside Gems,2,Round,1,1,0,12.03,918.38,827.37,905.0,-64.0,1840.2327,18.0,18.0,Super Ideal,D,VVS2,1.11,IGI,3450.0
2429,Diamonds by Zoya,2,Round,1,1,0,11.92,920.38,829.17,907.0,-64.0,1811.3446,18.0,18.0,Super Ideal,D,VVS2,1.11,IGI,3450.0
2429,Emilia Sterling,2,Round,1,1,0,15.35,886.0,798.2,873.0,-64.0,1768.233,18.0,18.0,Super Ideal,D,VVS2,1.11,IGI,3450.0
2429,Eternity Fine Jewelers,2,Round,1,1,0,14.14,918.38,827.37,905.0,-64.0,1807.6783,18.0,18.0,Super Ideal,D,VVS2,1.11,IGI,3450.0
2429,Fuji Diamonds,2,Round,2,2,0,14.83,926.54,834.72,913.0,-64.0,1858.4342,18.0,18.0,Super Ideal,D,VVS2,1.11,IGI,3450.0
2429,Hannah Richards,2,Round,1,1,0,12.52,922.36,830.95,909.0,-63.0,1761.0443,18.0,18.0,Super Ideal,D,VVS2,1.11,IGI,3450.0
2429,Hoseki,2,Round,1,1,0,13.23,919.38,828.27,906.0,-64.0,1806.4286,18.0,18.0,Super Ideal,D,VVS2,1.11,IGI,3450.0
2429,Infinity Diamonds,2,Round,1,1,0,20.45,923.0,831.53,909.0,-64.0,1844.6619,18.0,18.0,Super Ideal,D,VVS2,1.11,IGI,3450.0
2429,Jane Brear,2,Round,1,1,0,14.18,928.0,836.04,914.0,-64.0,1850.4845,18.0,18.0,Super Ideal,D,VVS2,1.11,IGI,3450.0
2429,Knox Diamonds,2,Round,1,1,0,11.51,907.0,817.12,893.0,-65.0,1829.3071,18.0,18.0,Super Ideal,D,VVS2,1.11,IGI,3450.0
2429,Magnolia,2,Round,1,2,0,14.27,906.44,816.61,893.0,-65.0,1829.4762,18.0,18.0,Super Ideal,D,VVS2,1.11,IGI,3450.0
2429,Marlene Crafts,2,Round,1,1,0,13.73,897.0,808.11,884.0,-65.0,1854.8403,18.0,18.0,Super Ideal,D,VVS2,1.11,IGI,3450.0
2429,Marlowe & Co,2,Round,1,1,0,13.59,913.0,822.52,899.0,-65.0,1843.845,18.0,18.0,Super Ideal,D,VVS2,1.11,IGI,3450.0
2429,Michelle Kennedy,2,Round,1,1,0,14.28,927.0,835.14,913.0,-64.0,1835.3684,18.0,18.0,Super Ideal,D,VVS2,1.11,IGI,3450.0
2429,Silva Diamonds,2,Round,1,1,0,10.72,907.0,817.12,893.0,-65.0,1833.7585,18.0,18.0,Super Ideal,D,VVS2,1.11,IGI,3450.0
2429,Temperley,2,Round,1,1,0,11.19,935.3,842.61,921.0,-62.0,1776.4431,18.0,18.0,Super Ideal,D,VVS2,1.11,IGI,3450.0
2429,Tilia Diamonds,2,Round,1,1,0,10.52,910.42,820.2,897.0,-64.0,1796.5249,18.0,18.0,Super Ideal,D,VVS2,1.11,IGI,3450.0
2429,Vespera Gems,2,Round,1,1,0,10.97,921.0,829.73,907.0,-64.0,1822.9999,18.0,18.0,Super Ideal,D,VVS2,1.11,IGI,3450.0
2429,White Lily,2,Round,1,1,0,11.91,921.0,829.73,907.0,-64.0,1843.4155,18.0,18.0,Super Ideal,D,VVS2,1.11,IGI,3450.0
2430,Albert's Creations,2,Round,1,1,0,10.67,1461.0,885.45,1439.0,-58.0,2468.8516,18.0,18.0,Ideal,F,VS1,1.65,IGI,4940.0
2430,Cirrus Gems,2,Round,1,1,0,20.42,1403.0,850.3,1382.0,-60.0,2506.3989,18.0,18.0,Ideal,F,VS1,1.65,IGI,4940.0
2430,Eterna Luxe,2,Round,1,1,0,10.48,1466.0,888.48,1444.0,-56.0,2408.4133,18.0,18.0,Ideal,F,VS1,1.65,IGI,4940.0
2430,Michelle Kennedy,2,Round,1,1,0,19.9,1448.0,877.58,1426.0,-56.0,2361.6528,18.0,18.0,Ideal,F,VS1,1.65,IGI,4940.0
2430,Silva Diamonds,2,Round,1,1,0,17.03,1445.0,875.76,1423.0,-58.0,2437.0828,18.0,18.0,Ideal,F,VS1,1.65,IGI,4940.0
2430,Temperley,2,Round,1,1,0,20.53,1494.0,905.45,1472.0,-55.0,2387.1287,18.0,18.0,Ideal,F,VS1,1.65,IGI,4940.0
2430,White Lily,2,Round,1,1,0,16.7,1564.0,947.88,1541.0,-54.0,2419.8762,18.0,18.0,Ideal,F,VS1,1.65,IGI,4940.0
2432,55 E Diamonds,2,Round,1,1,0,15.47,1854.05,1090.62,1826.0,-44.0,2367.7332,18.0,18.0,Super Ideal,D,VS2,1.7,IGI,6800.0
2432,Avignon Diamonds,2,Round,1,1,0,13.25,1745.96,1027.04,1720.0,-48.0,2421.9751,18.0,18.0,Super Ideal,D,VS2,1.7,IGI,6800.0
2432,Ember Star,2,Round,1,1,0,11.55,1759.16,1034.8,1733.0,-47.0,2369.0752,18.0,18.0,Super Ideal,D,VS2,1.7,IGI,6800.0
2432,Eternity Fine Jewelers,2,Round,1,1,0,15.23,1792.0,1054.12,1765.0,-46.0,2357.2134,18.0,18.0,Super Ideal,D,VS2,1.7,IGI,6800.0
2432,Jane Brear,2,Round,1,1,0,12.27,1854.68,1090.99,1827.0,-45.0,2395.8208,18.0,18.0,Super Ideal,D,VS2,1.7,IGI,6800.0
2432,Michelle Kennedy,2,Round,1,1,0,14.72,1790.0,1052.94,1763.0,-46.0,2379.707,18.0,18.0,Super Ideal,D,VS2,1.7,IGI,6800.0
2432,Periwinkle Stones,2,Round,1,1,0,11.5,1834.78,1079.28,1807.0,-43.0,2323.4443,18.0,18.0,Super Ideal,D,VS2,1.7,IGI,6800.0
2432,Roma Diamonds,2,Round,1,1,0,12.4,1771.0,1041.76,1744.0,-45.0,2314.1011,18.0,18.0,Super Ideal,D,VS2,1.7,IGI,6800.0
2432,Temperley,2,Round,1,1,0,11.0,1787.02,1051.19,1760.0,-46.0,2356.1604,18.0,18.0,Super Ideal,D,VS2,1.7,IGI,6800.0
2432,White Lily,2,Round,1,1,0,10.72,1780.0,1047.06,1753.0,-46.0,2341.2617,18.0,18.0,Super Ideal,D,VS2,1.7,IGI,6800.0
2434,Avignon Diamonds,2,Emerald,1,1,0,14.57,783.0,775.25,771.0,-65.0,1427.3739,14.0,15.0,Very Good,E,VS2,1.01,IGI,2145.71
2434,Cirrus Gems,2,Emerald,1,2,0,17.32,810.73,802.7,799.0,-64.0,1455.2155,15.0,15.0,Very Good,E,VS2,1.01,IGI,2145.71
2434,Clermont Diamonds,2,Emerald,1,1,0,17.7,796.0,788.12,784.0,-64.0,1440.5002,14.0,15.0,Very Good,E,VS2,1.01,IGI,2145.71
2434,Diamonds by Zoya,2,Emerald,1,1,0,15.51,789.0,781.19,777.0,-65.0,1447.3275,14.0,15.0,Very Good,E,VS2,1.01,IGI,2145.71
2434,Michelle Kennedy,2,Emerald,1,1,0,14.95,813.0,804.95,801.0,-63.0,1400.8087,14.0,15.0,Very Good,E,VS2,1.01,IGI,2145.71
2434,White Lily,2,Emerald,1,1,0,16.21,794.0,786.14,782.0,-65.0,1443.1383,13.0,15.0,Very Good,E,VS2,1.01,IGI,2145.71
2435,Fabiola,2,Pear,1,1,0,14.8,2113.0,1040.89,2081.0,-64.0,3844.5767,15.0,15.0,Super Ideal,G,VS1,2.03,IGI,7865.0
2435,Fuji Diamonds,2,Pear,1,2,0,18.82,2121.4,1045.02,2090.0,-64.0,3793.0947,15.0,15.0,Super Ideal,G,VS1,2.03,IGI,7865.0
2435,Jane Brear,2,Pear,1,1,0,15.35,2134.0,1051.23,2102.0,-64.0,3855.5425,15.0,15.0,Super Ideal,G,VS1,2.03,IGI,7865.0
2435,KIYO,2,Pear,1,1,0,17.35,2119.0,1043.84,2087.0,-64.0,3852.9802,15.0,15.0,Super Ideal,G,VS1,2.03,IGI,7865.0
2435,Mei & Co,2,Pear,1,1,0,14.98,2135.0,1051.72,2103.0,-64.0,3813.8513,15.0,15.0,Super Ideal,G,VS1,2.03,IGI,7865.0
2435,Michelle Kennedy,2,Pear,1,1,0,15.46,2164.12,1066.07,2132.0,-64.0,3899.4695,15.0,15.0,Super Ideal,G,VS1,2.03,IGI,7865.0
2435,Periwinkle Stones,2,Pear,1,1,0,17.22,2129.0,1048.77,2097.0,-65.0,3910.6592,15.0,15.0,Super Ideal,G,VS1,2.03,IGI,7865.0
2435,Serene Peaks Diamonds,2,Pear,1,1,0,13.61,2140.24,1054.31,2108.0,-64.0,3882.344,15.0,15.0,Super Ideal,G,VS1,2.03,IGI,7865.0
2435,Taiga Gems,2,Pear,1,1,0,12.77,2108.0,1038.42,2076.0,-64.0,3840.8384,15.0,15.0,Super Ideal,G,VS1,2.03,IGI,7865.0
2435,Temperley,2,Pear,1,1,0,12.35,2128.0,1048.28,2096.0,-64.0,3858.0525,15.0,15.0,Super Ideal,G,VS1,2.03,IGI,7865.0
2435,White Lily,2,Pear,1,1,0,17.95,2078.0,1023.65,2047.0,-65.0,3893.2026,15.0,15.0,Super Ideal,G,VS1,2.03,IGI,7865.0
2436,Rosella,2,Princess,1,1,0,10.83,2573.0,1267.49,2534.0,-65.0,4661.4844,15.0,15.0,Very Good,F,VVS2,2.03,IGI,8500.0
2436,Temperley,2,Princess,1,1,0,17.31,2546.0,1254.19,2508.0,-66.0,4827.1885,15.0,15.0,Very Good,F,VVS2,2.03,IGI,8500.0
2436,White Lily,2,Princess,1,1,0,17.88,2762.26,1360.72,2721.0,-62.0,4613.9893,15.0,15.0,Very Good,F,VVS2,2.03,IGI,8500.0
2437,Iris Diamonds,2,Round,2,1,0,14.67,326.36,441.03,321.0,-62.0,621.0317,18.0,18.0,Ideal,F,VVS2,0.74,IGI,1280.0
2437,Jane Brear,2,Round,1,1,0,12.16,333.0,450.0,328.0,-61.0,616.2491,18.0,18.0,Ideal,F,VVS2,0.74,IGI,1280.0
2437,Meridian Crafts,2,Round,1,1,0,13.97,309.0,417.57,304.0,-64.0,619.6498,18.0,18.0,Ideal,F,VVS2,0.74,IGI,1280.0
2441,Fabiola,2,Princess,1,1,0,12.65,967.0,805.83,952.0,-65.0,1775.1494,15.0,15.0,Super Ideal,G,VS1,1.2,IGI,2450.0
2441,Kasai,2,Princess,1,1,0,13.75,998.98,832.48,984.0,-63.0,1729.6311,15.0,15.0,Super Ideal,G,VS1,1.2,IGI,2450.0
2441,Michelle Kennedy,2,Princess,1,1,0,12.24,977.0,814.17,962.0,-64.0,1711.0742,15.0,15.0,Super Ideal,G,VS1,1.2,IGI,2450.0
2441,Sunset Gems,2,Princess,1,1,0,13.94,957.0,797.5,943.0,-66.0,1769.5155,15.0,15.0,Super Ideal,G,VS1,1.2,IGI,2450.0
2441,Temperley,2,Princess,1,1,0,15.49,978.0,815.0,963.0,-64.0,1715.7566,15.0,15.0,Super Ideal,G,VS1,1.2,IGI,2450.0
2441,Vespera Gems,2,Princess,1,1,0,13.3,957.43,797.86,943.0,-65.0,1748.8474,15.0,15.0,Super Ideal,G,VS1,1.2,IGI,2450.0
2442,Clermont Diamonds,2,Round,1,1,0,20.56,1148.0,760.26,1131.0,-59.0,2025.4663,18.0,18.0,Super Ideal,G,SI1,1.51,IGI,3537.78
2442,Periwinkle Stones,2,Round,1,1,0,17.39,1148.0,760.26,1131.0,-60.0,2042.4053,18.0,18.0,Super Ideal,G,SI1,1.51,IGI,3537.78
2442,White Lily,2,Round,1,1,0,23.51,1204.0,797.35,1186.0,-57.0,2022.6066,18.0,18.0,Super Ideal,G,SI1,1.51,IGI,3537.78
2443,Temperley,2,Round,1,1,0,14.41,456.7,570.88,450.0,-41.0,550.1074,18.0,18.0,Super Ideal,D,SI1,0.8,IGI,1230.0
2443,White Lily,2,Round,1,1,0,14.2,456.7,570.88,450.0,-38.0,531.4073,18.0,18.0,Super Ideal,D,SI1,0.8,IGI,1230.0
2444,Eterna Luxe,2,Round,1,1,0,14.74,894.0,777.39,881.0,-50.0,1272.3602,18.0,18.0,Super Ideal,F,VVS2,1.15,IGI,3001.43
2444,Iris Diamonds,2,Round,1,1,0,21.07,872.0,758.26,859.0,-53.0,1342.4968,18.0,18.0,Super Ideal,F,VVS2,1.15,IGI,3001.43
2444,Jane Brear,2,Round,1,1,0,11.7,902.0,784.35,888.0,-52.0,1341.0406,18.0,18.0,Super Ideal,F,VVS2,1.15,IGI,3001.43
2444,Marlowe & Co,2,Round,1,1,0,12.56,889.0,773.04,876.0,-54.0,1372.812,18.0,18.0,Super Ideal,F,VVS2,1.15,IGI,3001.43
2444,Mei & Co,2,Round,1,1,0,20.16,875.0,760.87,862.0,-54.0,1357.9731,18.0,18.0,Super Ideal,F,VVS2,1.15,IGI,3001.43
2444,Michelle Kennedy,2,Round,1,1,0,20.93,911.0,792.17,897.0,-49.0,1287.0879,18.0,18.0,Super Ideal,F,VVS2,1.15,IGI,3001.43
2444,Temperley,2,Round,1,1,0,23.29,911.0,792.17,897.0,-51.0,1334.325,18.0,18.0,Super Ideal,F,VVS2,1.15,IGI,3001.43
2444,White Lily,2,Round,1,1,0,23.29,902.0,784.35,888.0,-51.0,1325.4141,18.0,18.0,Super Ideal,F,VVS2,1.15,IGI,3001.43
2445,Michelle Kennedy,2,Round,1,1,0,19.82,674.0,576.07,664.0,-55.0,1061.738,18.0,18.0,Super Ideal,I,SI1,1.17,IGI,1908.57
2446,Michelle Kennedy,2,Cushion,2,3,0,24.65,1653.0,806.34,1628.0,-60.0,2595.0449,14.0,15.0,Very Good,I,VS2,2.05,IGI,4270.0
2448,Bayside Gems,2,Round,1,1,0,11.32,4716.0,1572.0,4645.0,-69.0,11039.0068,18.0,18.0,Ideal,E,VS2,3.0,IGI,19470.0
2448,Camden Gems,2,Round,1,1,0,15.61,4573.0,1524.33,4504.0,-70.0,11036.9609,18.0,18.0,Ideal,E,VS2,3.0,IGI,19470.0
2448,Hoseki,2,Round,1,1,0,13.73,4595.9,1531.97,4527.0,-69.0,10618.0205,17.0,18.0,Ideal,E,VS2,3.0,IGI,19470.0
2448,Irene Jewelry,2,Round,1,1,0,14.32,4553.0,1517.67,4485.0,-70.0,10750.1377,18.0,18.0,Ideal,E,VS2,3.0,IGI,19470.0
2448,Jane Brear,2,Round,1,1,0,13.66,4569.0,1523.0,4500.0,-71.0,11163.0508,18.0,18.0,Ideal,E,VS2,3.0,IGI,19470.0
2448,Marlowe & Co,2,Round,1,1,0,13.46,4510.0,1503.33,4442.0,-70.0,10695.8447,18.0,18.0,Ideal,E,VS2,3.0,IGI,19470.0
2448,Mei & Co,2,Round,1,1,0,14.51,4505.0,1501.67,4437.0,-72.0,11519.9463,18.0,18.0,Ideal,E,VS2,3.0,IGI,19470.0
2448,Michelle Kennedy,2,Round,1,1,0,13.9,4523.0,1507.67,4455.0,-71.0,11120.2998,18.0,18.0,Ideal,E,VS2,3.0,IGI,19470.0
2448,Nebula Stones,2,Round,1,1,0,13.17,4535.0,1511.67,4467.0,-73.0,11952.3145,18.0,18.0,Ideal,E,VS2,3.0,IGI,19470.0
2448,Periwinkle Stones,2,Round,1,1,0,15.16,4537.0,1512.33,4469.0,-71.0,11020.4902,18.0,18.0,Ideal,E,VS2,3.0,IGI,19470.0
2448,Promenade Jewelry,2,Round,1,1,0,13.86,4528.0,1509.33,4460.0,-71.0,10995.002,18.0,18.0,Ideal,E,VS2,3.0,IGI,19470.0
2448,Rosella,2,Round,1,1,0,10.65,4339.0,1446.33,4274.0,-71.0,10734.7549,18.0,18.0,Ideal,E,VS2,3.0,IGI,19470.0
2448,Temperley,2,Round,1,1,0,10.83,4559.0,1519.67,4491.0,-70.0,10736.0557,18.0,18.0,Ideal,E,VS2,3.0,IGI,19470.0
2448,White Lily,2,Round,1,1,0,14.86,4522.87,1507.62,4455.0,-70.0,10715.5166,18.0,18.0,Ideal,E,VS2,3.0,IGI,19470.0
2449,Clermont Diamonds,2,Round,1,1,0,13.4,998.0,761.83,983.0,-55.0,1603.6177,18.0,18.0,Ideal,F,VS1,1.31,IGI,3210.0
2449,Ember Star,2,Round,1,1,0,10.98,973.0,742.75,958.0,-58.0,1642.235,18.0,18.0,Ideal,F,VS1,1.31,IGI,3210.0
2449,Emilia Sterling,2,Round,1,1,0,14.11,981.0,748.85,966.0,-56.0,1607.1008,18.0,18.0,Ideal,F,VS1,1.31,IGI,3210.0
2449,Jane Brear,2,Round,1,1,0,11.16,1017.0,776.34,1002.0,-57.0,1680.8868,18.0,18.0,Ideal,F,VS1,1.31,IGI,3210.0
2449,Joan Cooper,2,Round,1,1,0,16.49,1002.0,764.89,987.0,-57.0,1649.676,18.0,18.0,Ideal,F,VS1,1.31,IGI,3210.0
2449,Meridian Crafts,2,Round,1,1,0,13.5,1003.0,765.65,988.0,-57.0,1683.1904,18.0,18.0,Ideal,F,VS1,1.31,IGI,3210.0
2449,Michelle Kennedy,2,Round,1,1,0,16.14,1030.0,786.26,1015.0,-56.0,1678.1768,18.0,18.0,Ideal,F,VS1,1.31,IGI,3210.0
2449,Roma Diamonds,2,Round,1,1,0,11.06,1783.0,1361.07,1756.0,-22.0,1632.2961,18.0,18.0,Ideal,F,VS1,1.31,IGI,3210.0
2449,Serene Peaks Diamonds,2,Round,1,1,0,16.28,1009.0,770.23,994.0,-56.0,1624.1257,18.0,18.0,Ideal,F,VS1,1.31,IGI,3210.0
2449,Silva Diamonds,2,Round,1,1,0,14.1,997.0,761.07,982.0,-56.0,1612.3997,17.0,18.0,Ideal,F,VS1,1.31,IGI,3210.0
2449,Tamara,2,Round,1,1,0,13.53,1025.0,782.44,1010.0,-55.0,1638.5287,18.0,18.0,Ideal,F,VS1,1.31,IGI,3210.0
2449,Temperley,2,Round,1,1,0,10.13,1018.0,777.1,1003.0,-55.0,1616.0516,18.0,18.0,Ideal,F,VS1,1.31,IGI,3210.0
2449,Vega Diamonds,2,Round,1,1,0,15.69,982.0,749.62,967.0,-59.0,1705.2928,18.0,18.0,Ideal,F,VS1,1.31,IGI,3210.0
2449,White Lily,2,Round,1,1,0,17.12,1030.0,786.26,1015.0,-55.0,1636.8467,18.0,18.0,Ideal,F,VS1,1.31,IGI,3210.0
2451,Equinox Jewels,2,Round,1,1,0,11.65,327.0,583.93,322.0,-63.0,635.1342,18.0,18.0,Ideal,E,VVS1,0.56,IGI,970.0
2451,Jane Brear,2,Round,1,1,0,29.18,344.56,615.29,339.0,-62.0,653.3723,18.0,18.0,Ideal,E,VVS1,0.56,IGI,970.0
2451,Meadow & Co,2,Round,1,1,0,12.05,335.0,598.21,330.0,-60.0,598.3417,18.0,18.0,Ideal,E,VVS1,0.56,IGI,970.0
2451,Mei & Co,2,Round,1,1,0,25.77,336.31,600.55,331.0,-58.0,575.6622,18.0,18.0,Ideal,E,VVS1,0.56,IGI,970.0
2451,Michelle Kennedy,2,Round,1,1,0,28.08,364.17,650.3,359.0,-56.0,590.5782,18.0,18.0,Ideal,E,VVS1,0.56,IGI,970.0
2451,Promenade Jewelry,2,Round,1,1,0,15.16,327.0,583.93,322.0,-61.0,593.9838,18.0,18.0,Ideal,E,VVS1,0.56,IGI,970.0
2451,Temperley,2,Round,1,1,0,27.08,339.73,606.66,335.0,-61.0,620.1588,18.0,18.0,Ideal,E,VVS1,0.56,IGI,970.0
2451,White Lily,2,Round,1,1,0,28.52,336.84,601.5,332.0,-63.0,651.7385,18.0,18.0,Ideal,E,VVS1,0.56,IGI,970.0
2452,Periwinkle Stones,2,Oval,1,1,0,14.15,2639.74,1047.52,2600.0,-63.0,4848.231,15.0,15.0,Very Good,G,SI1,2.52,IGI,8080.0
2455,Diamonds by Zoya,2,Pear,2,2,0,13.1,349.0,698.0,344.0,-57.0,531.0475,15.0,15.0,Very Good,D,VS1,0.5,IGI,746.67
2455,Eternal Flame,2,Pear,2,2,0,12.33,363.0,726.0,358.0,-55.0,522.1929,14.0,15.0,Very Good,D,VS1,0.5,IGI,746.67
2455,Mei & Co,2,Pear,1,2,0,14.28,367.16,734.32,362.0,-41.0,405.7241,15.0,15.0,Very Good,D,VS1,0.5,IGI,746.67
2455,Silva Diamonds,2,Pear,2,2,0,16.16,353.0,706.0,348.0,-53.0,485.236,14.0,15.0,Very Good,D,VS1,0.5,IGI,746.67
2457,Genesis Stones,2,Round,1,1,0,17.9,2331.8,1227.26,2297.0,-53.0,3530.2,18.0,18.0,Ideal,D,VS1,1.9,IGI,8540.0
2457,Harper Diamonds,2,Round,1,1,0,21.16,2254.0,1186.32,2220.0,-55.0,3604.1667,18.0,18.0,Ideal,D,VS1,1.9,IGI,8540.0
2457,Hill & Holland,2,Round,1,1,0,16.5,2247.7,1183.0,2214.0,-57.0,3728.6042,18.0,18.0,Ideal,D,VS1,1.9,IGI,8540.0
2457,Jane Brear,2,Round,1,1,0,14.56,2284.52,1202.38,2250.0,-56.0,3722.7983,18.0,18.0,Ideal,D,VS1,1.9,IGI,8540.0
2457,Michelle Kennedy,2,Round,1,1,0,17.73,2250.0,1184.21,2216.0,-55.0,3610.0884,18.0,18.0,Ideal,D,VS1,1.9,IGI,8540.0
2457,Nova Stars,2,Round,1,1,0,11.57,2151.0,1132.11,2119.0,-56.0,3524.6567,18.0,18.0,Ideal,D,VS1,1.9,IGI,8540.0
2457,Periwinkle Stones,2,Round,1,1,0,18.98,2263.62,1191.38,2230.0,-55.0,3636.8784,18.0,18.0,Ideal,D,VS1,1.9,IGI,8540.0
2457,Promenade Jewelry,2,Round,1,1,0,20.53,2123.0,1117.37,2091.0,-59.0,3721.0762,18.0,18.0,Ideal,D,VS1,1.9,IGI,8540.0
2457,Roma Diamonds,2,Round,1,1,0,11.5,3276.0,1724.21,3227.0,-34.0,3551.8916,18.0,18.0,Ideal,D,VS1,1.9,IGI,8540.0
2457,Taiga Gems,2,Round,1,1,0,13.08,2168.0,1141.05,2135.0,-55.0,3471.0281,18.0,18.0,Ideal,D,VS1,1.9,IGI,8540.0
2457,Temperley,2,Round,1,1,0,11.7,2322.0,1222.11,2287.0,-55.0,3672.4421,18.0,18.0,Ideal,D,VS1,1.9,IGI,8540.0
2457,White Lily,2,Round,1,1,0,21.09,2342.0,1232.63,2307.0,-53.0,3536.147,18.0,18.0,Ideal,D,VS1,1.9,IGI,8540.0
2460,Jane Brear,2,Oval,1,1,0,14.64,926.0,873.58,912.0,-63.0,1682.9968,15.0,15.0,Very Good,F,VVS2,1.06,IGI,2440.0
2460,Michelle Kennedy,2,Oval,1,1,0,14.4,951.0,897.17,937.0,-64.0,1761.882,15.0,15.0,Very Good,F,VVS2,1.06,IGI,2440.0
2460,Temperley,2,Oval,2,2,0,16.16,940.06,886.85,926.0,-65.0,1794.918,15.0,15.0,Very Good,F,VVS2,1.06,IGI,2440.0
2460,Tierra Mia Diamonds,2,Oval,1,1,0,13.03,926.0,873.58,912.0,-64.0,1736.1139,15.0,15.0,Very Good,F,VVS2,1.06,IGI,2440.0
2462,Temperley,2,Oval,1,1,0,18.91,1222.0,783.33,1204.0,-57.0,1926.1621,15.0,15.0,Super Ideal,H,SI1,1.56,IGI,3560.0
2464,Jane Brear,2,Round,1,1,0,13.56,314.0,897.14,309.0,-36.0,351.455,18.0,18.0,Ideal,G,VVS2,0.35,IGI,400.0
2467,Ember Star,2,Round,1,1,0,11.18,822.0,652.38,810.0,-63.0,1609.6827,18.0,18.0,Ideal,G,VS1,1.26,IGI,2725.0
2467,Jane Brear,2,Round,1,1,0,11.54,882.56,700.44,869.0,-60.0,1583.3237,18.0,18.0,Ideal,G,VS1,1.26,IGI,2725.0
2467,Taiga Gems,2,Round,1,1,0,10.67,851.72,675.97,839.0,-61.0,1581.5725,18.0,18.0,Ideal,G,VS1,1.26,IGI,2725.0
2467,Temperley,2,Round,1,1,0,15.25,911.0,723.02,897.0,-60.0,1623.2089,18.0,18.0,Ideal,G,VS1,1.26,IGI,2725.0
2476,Michelle Kennedy,2,Round,1,1,0,11.11,1745.0,1125.81,1719.0,-20.0,1553.6025,18.0,18.0,Super Ideal,I,SI1,1.55,IGI,2877.5
2477,Michelle Kennedy,2,Round,1,1,0,12.43,1528.0,741.75,1505.0,-56.0,2478.582,18.0,18.0,Super Ideal,I,VS2,2.06,IGI,4520.0
2477,Oasis Diamonds,2,Round,1,1,0,11.85,1564.0,759.22,1541.0,-54.0,2437.9041,18.0,18.0,Super Ideal,I,VS2,2.06,IGI,4520.0
2481,Cirrus Gems,2,Princess,1,1,0,22.07,1622.0,965.48,1598.0,-63.0,2767.8936,15.0,15.0,Super Ideal,G,VVS2,1.68,IGI,4820.0
2481,Eterna Luxe,2,Princess,1,1,0,14.19,1671.0,994.64,1646.0,-62.0,2800.2568,15.0,15.0,Super Ideal,G,VVS2,1.68,IGI,4820.0
2481,Lotus Creation,2,Princess,1,1,0,23.08,1660.06,988.13,1635.0,-61.0,2724.969,15.0,15.0,Super Ideal,G,VVS2,1.68,IGI,4820.0
2481,Mei & Co,2,Princess,1,1,0,8.34,1793.0,1067.26,1766.0,-59.0,2805.0381,15.0,15.0,Super Ideal,G,VVS2,1.68,IGI,4820.0
2481,Michelle Kennedy,2,Princess,1,1,0,22.11,1744.0,1038.1,1718.0,-59.0,2718.4597,15.0,15.0,Super Ideal,G,VVS2,1.68,IGI,4820.0
2484,Jane Brear,2,Round,1,1,0,13.93,1760.0,1128.21,1734.0,-64.0,3504.2593,18.0,18.0,Super Ideal,G,VVS1,1.56,IGI,7160.0
2484,Michelle Kennedy,2,Round,1,1,0,19.79,1719.0,1101.92,1693.0,-65.0,3561.3306,18.0,18.0,Super Ideal,G,VVS1,1.56,IGI,7160.0
2484,White Lily,2,Round,1,1,0,21.23,1734.28,1111.72,1708.0,-65.0,3548.2034,18.0,18.0,Super Ideal,G,VVS1,1.56,IGI,7160.0
2489,Clermont Diamonds,2,Round,1,1,0,11.17,1780.0,1112.5,1753.0,-64.0,3527.1697,18.0,18.0,Super Ideal,G,VVS1,1.6,IGI,5420.0
2489,Roma Diamonds,2,Round,1,1,0,15.08,1771.0,1106.88,1744.0,-64.0,3528.542,18.0,18.0,Super Ideal,G,VVS1,1.6,IGI,5420.0
2491,Artemis Stones,2,Round,1,1,0,19.55,1899.42,908.81,1871.0,-63.0,3683.1111,18.0,18.0,Super Ideal,G,VS1,2.09,IGI,7373.75
2491,Avignon Diamonds,2,Round,1,1,0,61.53,1926.0,921.53,1897.0,-63.0,3693.1252,18.0,18.0,Super Ideal,G,VS1,2.09,IGI,7373.75
2491,Camden Gems,2,Round,1,1,0,10.3,1938.0,927.27,1909.0,-63.0,3707.6416,18.0,18.0,Super Ideal,G,VS1,2.09,IGI,7373.75
2491,Cirrus Gems,2,Round,1,1,0,20.47,1905.21,911.58,1877.0,-63.0,3660.8635,18.0,18.0,Super Ideal,G,VS1,2.09,IGI,7373.75
2491,Clermont Diamonds,2,Round,1,1,0,16.67,1938.26,927.4,1909.0,-62.0,3674.8943,18.0,18.0,Super Ideal,G,VS1,2.09,IGI,7373.75
2491,Diamonds by Zoya,2,Round,1,1,0,94.85,1926.0,921.53,1897.0,-64.0,3816.1892,18.0,18.0,Super Ideal,G,VS1,2.09,IGI,7373.75
2491,Jane Brear,2,Round,1,1,0,11.29,1958.0,936.84,1929.0,-63.0,3806.0266,18.0,18.0,Super Ideal,G,VS1,2.09,IGI,7373.75
2491,Michelle Kennedy,2,Round,1,1,0,16.19,2029.8,971.2,1999.0,-60.0,3589.9062,18.0,18.0,Super Ideal,G,VS1,2.09,IGI,7373.75
2491,Nova Stars,2,Round,1,1,0,12.69,1900.0,909.09,1872.0,-63.0,3661.3264,18.0,18.0,Super Ideal,G,VS1,2.09,IGI,7373.75
2491,Roma Diamonds,2,Round,1,1,0,10.11,3184.0,1523.44,3136.0,-38.0,3674.4512,18.0,18.0,Super Ideal,G,VS1,2.09,IGI,7373.75
2491,Taiga Gems,2,Round,1,1,0,13.95,1919.68,918.51,1891.0,-63.0,3758.3809,18.0,18.0,Super Ideal,G,VS1,2.09,IGI,7373.75
2491,Tamara,2,Round,1,1,0,13.3,1960.0,937.8,1931.0,-62.0,3709.0454,18.0,18.0,Super Ideal,G,VS1,2.09,IGI,7373.75
2491,Temperley,2,Round,1,1,0,17.12,1959.16,937.4,1930.0,-61.0,3625.4187,18.0,18.0,Super Ideal,G,VS1,2.09,IGI,7373.75
2491,Westport Jewelry,2,Round,1,1,0,15.76,1900.0,909.09,1872.0,-64.0,3760.6211,18.0,18.0,Super Ideal,G,VS1,2.09,IGI,7373.75
2491,White Lily,2,Round,1,1,0,12.29,1958.0,936.84,1929.0,-61.0,3589.1018,18.0,18.0,Super Ideal,G,VS1,2.09,IGI,7373.75
2492,Michelle Kennedy,2,Round,1,1,0,13.45,1027.0,723.24,1012.0,-49.0,1431.0508,18.0,18.0,Ideal,H,VS1,1.42,IGI,2980.0
2492,Taiga Gems,2,Round,1,1,0,15.31,1006.94,709.11,992.0,-51.0,1470.6853,18.0,18.0,Ideal,H,VS1,1.42,IGI,2980.0
