index,retailer,lab,shape,polish,symmetry,fluorescence,discount_%,retail_price,price_carat,wire_price,fair_price_diif,hidden_price,qualityScore,qualityMaxScore,cut,color,clarity,carat,report,price
0,CV Diamonds,2,Round,1,1,0,12.78,1862.0,1082.56,1834.0,-46.0,2481.4575,18.0,18.0,Ideal,F,VS1,1.72,IGI,5520.0
0,Camden Gems,2,Round,1,1,0,11.82,1797.0,1044.77,1770.0,-48.0,2461.031,18.0,18.0,Ideal,F,VS1,1.72,IGI,5520.0
0,Cirrus Gems,2,Round,1,1,0,17.02,1794.21,1043.15,1767.0,-47.0,2431.5325,18.0,18.0,Ideal,F,VS1,1.72,IGI,5520.0
0,Clermont Diamonds,2,Round,1,1,0,14.78,1844.73,1072.52,1817.0,-46.0,2451.584,18.0,18.0,Ideal,F,VS1,1.72,IGI,5520.0
0,Ember Star,2,Round,1,1,0,17.02,1743.0,1013.37,1717.0,-50.0,2474.3955,18.0,18.0,Ideal,F,VS1,1.72,IGI,5520.0
0,Eternity Fine Jewelers,2,Round,1,1,0,11.61,1861.64,1082.35,1834.0,-45.0,2425.3452,18.0,18.0,Ideal,F,VS1,1.72,IGI,5520.0
0,Jane Brear,2,Round,1,1,0,13.08,1829.0,1063.37,1802.0,-45.0,2401.1052,18.0,18.0,Ideal,F,VS1,1.72,IGI,5520.0
0,Lotus Creation,2,Round,1,1,0,14.92,1802.9,1048.2,1776.0,-47.0,2452.907,18.0,18.0,Ideal,F,VS1,1.72,IGI,5520.0
0,Lyra Stones,2,Round,1,1,0,15.29,1851.7,1076.57,1824.0,-46.0,2468.3271,18.0,18.0,Ideal,F,VS1,1.72,IGI,5520.0
0,Michelle Kennedy,2,Round,1,1,0,15.96,1866.6,1085.23,1839.0,-46.0,2452.2048,18.0,18.0,Ideal,F,VS1,1.72,IGI,5520.0
0,Periwinkle Stones,2,Round,1,1,0,15.21,1909.4,1110.12,1881.0,-45.0,2503.802,18.0,18.0,Ideal,F,VS1,1.72,IGI,5520.0
0,Tamara,2,Round,1,1,0,10.92,1859.0,1080.81,1831.0,-46.0,2477.7854,18.0,18.0,Ideal,F,VS1,1.72,IGI,5520.0
0,Temperley,2,Round,1,1,0,11.04,1878.56,1092.19,1850.0,-45.0,2445.1353,18.0,18.0,Ideal,F,VS1,1.72,IGI,5520.0
0,Verve Jewels,2,Round,1,1,0,16.01,1807.0,1050.58,1780.0,-47.0,2461.374,18.0,18.0,Ideal,F,VS1,1.72,IGI,5520.0
0,White Lily,2,Round,1,1,0,12.07,1878.56,1092.19,1850.0,-45.0,2455.2129,18.0,18.0,Ideal,F,VS1,1.72,IGI,5520.0
2,Temperley,2,Round,1,1,0,15.03,1923.34,839.89,1894.0,-60.0,3449.7354,18.0,18.0,Super Ideal,H,VS2,2.29,IGI,5940.0
11,Bayside Gems,2,Round,1,1,0,21.88,1648.48,820.14,1624.0,-60.0,2934.7126,18.0,18.0,Ideal,E,SI2,2.01,IGI,4920.0
11,Tamara,2,Round,1,1,0,12.59,1683.54,837.58,1658.0,-59.0,2944.259,18.0,18.0,Ideal,E,SI2,2.01,IGI,4920.0
14,Diamonds by Zoya,2,Emerald,1,1,0,18.93,2110.4,1024.47,2079.0,-64.0,3765.5486,15.0,15.0,Super Ideal,G,VS1,2.06,IGI,7380.0
14,Ember Star,2,Emerald,1,1,0,10.93,2058.0,999.03,2027.0,-65.0,3779.2065,15.0,15.0,Super Ideal,G,VS1,2.06,IGI,7380.0
14,Jane Brear,2,Emerald,1,1,0,11.95,2106.0,1022.33,2074.0,-64.0,3751.9414,15.0,15.0,Super Ideal,G,VS1,2.06,IGI,7380.0
14,La Marquise,2,Emerald,1,1,0,10.06,2289.0,1111.17,2255.0,-61.0,3765.9219,15.0,15.0,Super Ideal,G,VS1,2.06,IGI,7380.0
14,Mei & Co,2,Emerald,1,1,0,10.95,2153.18,1045.23,2121.0,-64.0,3838.429,15.0,15.0,Super Ideal,G,VS1,2.06,IGI,7380.0
14,Michelle Kennedy,2,Emerald,1,2,0,19.86,2555.72,1240.64,2517.0,-57.0,3823.2368,15.0,15.0,Super Ideal,G,VS1,2.06,IGI,7380.0
14,Periwinkle Stones,2,Emerald,1,1,0,17.37,2185.02,1060.69,2152.0,-63.0,3815.1165,15.0,15.0,Super Ideal,G,VS1,2.06,IGI,7380.0
14,Taiga Gems,2,Emerald,1,1,0,19.19,2122.34,1030.26,2091.0,-64.0,3743.1826,15.0,15.0,Super Ideal,G,VS1,2.06,IGI,7380.0
14,Tamara,2,Emerald,1,1,0,13.43,2155.0,1046.12,2123.0,-63.0,3740.7961,15.0,15.0,Super Ideal,G,VS1,2.06,IGI,7380.0
14,Vespera Gems,2,Emerald,1,1,0,22.5,2117.54,1027.93,2086.0,-64.0,3799.1614,15.0,15.0,Super Ideal,G,VS1,2.06,IGI,7380.0
14,White Lily,2,Emerald,1,2,0,22.36,2133.0,1035.44,2101.0,-63.0,3736.0349,15.0,15.0,Super Ideal,G,VS1,2.06,IGI,7380.0
16,Serene Peaks Diamonds,2,Oval,1,1,0,14.24,938.0,781.67,924.0,-64.0,1734.8798,15.0,15.0,Very Good,F,VS1,1.2,IGI,2610.0
16,White Lily,2,Oval,1,1,0,14.16,949.0,790.83,935.0,-64.0,1776.562,14.0,15.0,Very Good,F,VS1,1.2,IGI,2610.0
22,Cirrus Gems,2,Round,1,1,0,15.37,1264.35,739.39,1245.0,-55.0,2012.8728,18.0,18.0,Ideal,I,VS1,1.71,IGI,3498.75
22,Lotus Creation,2,Round,1,1,0,15.73,1263.0,738.6,1244.0,-55.0,1988.2286,18.0,18.0,Ideal,I,VS1,1.71,IGI,3498.75
22,Temperley,2,Round,1,1,0,12.27,2294.0,1341.52,2260.0,-15.0,1927.0217,18.0,18.0,Ideal,I,VS1,1.71,IGI,3498.75
22,White Lily,2,Round,1,1,0,12.37,1294.0,756.73,1275.0,-55.0,2041.4453,18.0,18.0,Ideal,I,VS1,1.71,IGI,3498.75
23,Camden Gems,2,Round,1,1,0,10.14,1703.0,1064.38,1677.0,-58.0,2929.7847,18.0,18.0,Ideal,F,VVS2,1.6,IGI,5542.5
23,Cirrus Gems,2,Round,1,1,0,16.18,1676.47,1047.79,1651.0,-58.0,2872.4165,18.0,18.0,Ideal,F,VVS2,1.6,IGI,5542.5
23,Clermont Diamonds,2,Round,1,1,0,14.78,1705.0,1065.62,1679.0,-58.0,2898.2649,18.0,18.0,Ideal,F,VVS2,1.6,IGI,5542.5
23,Ember Star,2,Round,1,1,0,14.91,1706.42,1066.51,1681.0,-59.0,2946.2966,18.0,18.0,Ideal,F,VVS2,1.6,IGI,5542.5
23,Emilia Sterling,2,Round,1,1,0,10.76,1652.0,1032.5,1627.0,-59.0,2879.4407,18.0,18.0,Ideal,F,VVS2,1.6,IGI,5542.5
23,Jane Brear,2,Round,1,1,0,15.59,1737.0,1085.62,1711.0,-58.0,2927.3545,18.0,18.0,Ideal,F,VVS2,1.6,IGI,5542.5
23,Mei & Co,2,Round,1,1,0,13.26,1713.0,1070.62,1687.0,-58.0,2891.2234,18.0,18.0,Ideal,F,VVS2,1.6,IGI,5542.5
23,Michelle Kennedy,2,Round,1,1,0,16.61,1673.0,1045.62,1648.0,-58.0,2843.6499,18.0,18.0,Ideal,F,VVS2,1.6,IGI,5542.5
23,Roma Diamonds,2,Round,1,2,0,13.95,1712.0,1070.0,1686.0,-56.0,2796.0793,18.0,18.0,Ideal,F,VVS2,1.6,IGI,5542.5
23,Rosella,2,Round,1,1,0,12.52,1681.0,1050.62,1656.0,-58.0,2897.4604,18.0,18.0,Ideal,F,VVS2,1.6,IGI,5542.5
23,Silva Diamonds,2,Round,1,1,0,12.19,1703.0,1064.38,1677.0,-57.0,2854.3032,18.0,18.0,Ideal,F,VVS2,1.6,IGI,5542.5
23,Starlight Crafts,2,Round,1,1,0,11.0,1703.0,1064.38,1677.0,-58.0,2910.6069,18.0,18.0,Ideal,F,VVS2,1.6,IGI,5542.5
23,Temperley,2,Round,1,1,0,15.3,1722.0,1076.25,1696.0,-57.0,2887.6084,18.0,18.0,Ideal,F,VVS2,1.6,IGI,5542.5
23,Thalassa Gems,2,Round,1,1,0,14.67,1703.0,1064.38,1677.0,-57.0,2840.751,18.0,18.0,Ideal,F,VVS2,1.6,IGI,5542.5
23,Vespera Gems,2,Round,1,1,0,17.75,1663.0,1039.38,1638.0,-59.0,2885.2373,18.0,18.0,Ideal,F,VVS2,1.6,IGI,5542.5
23,Westport Jewelry,2,Round,1,1,0,12.6,1655.0,1034.38,1630.0,-60.0,2957.7942,18.0,18.0,Ideal,F,VVS2,1.6,IGI,5542.5
23,White Lily,2,Round,1,1,0,14.27,1739.0,1086.88,1713.0,-57.0,2871.1863,18.0,18.0,Ideal,F,VVS2,1.6,IGI,5542.5
30,Albert's Creations,2,Pear,1,1,0,14.42,840.0,831.68,827.0,-62.0,1451.719,15.0,15.0,Super Ideal,F,VS1,1.01,IGI,2210.0
30,Bayside Gems,2,Pear,1,1,0,15.13,827.13,818.94,815.0,-64.0,1490.01,15.0,15.0,Super Ideal,F,VS1,1.01,IGI,2210.0
30,Cirrus Gems,2,Pear,1,1,0,14.07,830.0,821.78,818.0,-64.0,1481.8782,15.0,15.0,Super Ideal,F,VS1,1.01,IGI,2210.0
30,Cut and Craft,2,Pear,1,1,0,10.54,860.68,852.16,848.0,-61.0,1445.2675,15.0,15.0,Super Ideal,F,VS1,1.01,IGI,2210.0
30,Ember Star,2,Pear,1,1,0,12.67,821.0,812.87,809.0,-63.0,1443.3865,15.0,15.0,Super Ideal,F,VS1,1.01,IGI,2210.0
30,Emilia Sterling,2,Pear,1,1,0,10.85,814.0,805.94,802.0,-66.0,1541.9084,15.0,15.0,Super Ideal,F,VS1,1.01,IGI,2210.0
30,Fabiola,2,Pear,1,1,0,11.35,839.0,830.69,826.0,-63.0,1455.7538,15.0,15.0,Super Ideal,F,VS1,1.01,IGI,2210.0
30,Fuji Diamonds,2,Pear,1,1,0,15.23,831.0,822.77,819.0,-61.0,1389.9161,15.0,15.0,Super Ideal,F,VS1,1.01,IGI,2210.0
30,Hoseki,2,Pear,1,1,0,13.13,868.64,860.04,856.0,-61.0,1426.1199,15.0,15.0,Super Ideal,F,VS1,1.01,IGI,2210.0
30,Jane Brear,2,Pear,1,1,0,18.27,855.0,846.53,842.0,-62.0,1456.6506,15.0,15.0,Super Ideal,F,VS1,1.01,IGI,2210.0
30,Lotus Creation,2,Pear,1,1,0,14.54,821.0,812.87,809.0,-63.0,1444.1506,15.0,15.0,Super Ideal,F,VS1,1.01,IGI,2210.0
30,Mei & Co,2,Pear,1,1,0,13.38,839.0,830.69,826.0,-64.0,1490.8501,15.0,15.0,Super Ideal,F,VS1,1.01,IGI,2210.0
30,Michelle Kennedy,2,Pear,1,1,0,15.08,870.0,861.39,857.0,-60.0,1417.1263,15.0,15.0,Super Ideal,F,VS1,1.01,IGI,2210.0
30,Roma Diamonds,2,Pear,1,1,0,10.66,840.0,831.68,827.0,-62.0,1425.8771,15.0,15.0,Super Ideal,F,VS1,1.01,IGI,2210.0
30,Taiga Gems,2,Pear,1,1,0,11.33,837.0,828.71,824.0,-62.0,1417.743,15.0,15.0,Super Ideal,F,VS1,1.01,IGI,2210.0
30,Tamara,2,Pear,1,1,0,13.61,856.0,847.52,843.0,-62.0,1460.3243,15.0,15.0,Super Ideal,F,VS1,1.01,IGI,2210.0
30,Temperley,2,Pear,1,1,0,9.98,855.0,846.53,842.0,-62.0,1465.5581,15.0,15.0,Super Ideal,F,VS1,1.01,IGI,2210.0
30,Vespera Gems,2,Pear,1,1,0,15.29,833.0,824.75,821.0,-63.0,1459.8262,15.0,15.0,Super Ideal,F,VS1,1.01,IGI,2210.0
30,White Lily,2,Pear,1,1,0,11.79,873.0,864.36,860.0,-62.0,1475.1106,15.0,15.0,Super Ideal,F,VS1,1.01,IGI,2210.0
30,Woodhouse Diamonds,2,Pear,1,1,0,14.67,784.0,776.24,772.0,-65.0,1444.7673,15.0,15.0,Super Ideal,F,VS1,1.01,IGI,2210.0
31,Avignon Diamonds,2,Oval,1,2,0,10.21,345.0,627.27,340.0,-42.0,401.3924,15.0,15.0,Very Good,E,VS1,0.55,IGI,710.0
31,Diamonds by Zoya,2,Oval,2,3,0,18.09,314.42,571.67,310.0,-20.0,264.1363,13.0,15.0,Very Good,E,VS1,0.55,IGI,710.0
31,Rosella,2,Oval,2,2,0,17.94,300.16,545.75,296.0,-51.0,412.6909,15.0,15.0,Very Good,E,VS1,0.55,IGI,710.0
39,Blackbird Gems,2,Round,1,1,0,13.57,789.04,652.1,777.0,-63.0,1542.2714,18.0,18.0,Ideal,F,VS2,1.21,IGI,2468.0
39,Fabiola,2,Round,1,1,0,12.4,772.0,638.02,760.0,-64.0,1523.8068,18.0,18.0,Ideal,F,VS2,1.21,IGI,2468.0
39,Jane Brear,2,Round,1,1,0,14.24,798.0,659.5,786.0,-62.0,1519.7891,18.0,18.0,Ideal,F,VS2,1.21,IGI,2468.0
39,Serene Peaks Diamonds,2,Round,1,1,0,14.71,782.07,646.34,770.0,-63.0,1520.2263,18.0,18.0,Ideal,F,VS2,1.21,IGI,2468.0
39,Temperley,2,Round,1,1,0,13.47,809.0,668.6,797.0,-63.0,1583.6458,18.0,18.0,Ideal,F,VS2,1.21,IGI,2468.0
41,Thalassa Gems,2,Round,1,3,0,17.01,1030.82,687.21,1015.0,-52.0,1535.447,16.0,18.0,Very Good,H,SI1,1.5,IGI,2922.5
45,White Lily,2,Princess,1,2,0,13.85,362.0,724.0,357.0,-64.0,643.5426,15.0,15.0,Super Ideal,G,VVS2,0.5,IGI,590.0
49,Lotus Creation,2,Round,1,1,0,20.45,1078.0,665.43,1062.0,-59.0,1894.5754,18.0,18.0,Ideal,I,VS1,1.62,IGI,3121.25
49,Michelle Kennedy,2,Round,1,1,0,15.3,1262.66,779.42,1244.0,-55.0,2010.9045,18.0,18.0,Ideal,I,VS1,1.62,IGI,3121.25
49,Oasis Diamonds,2,Round,1,1,0,17.25,1107.44,683.6,1091.0,-58.0,1882.9067,18.0,18.0,Ideal,I,VS1,1.62,IGI,3121.25
49,White Lily,2,Round,1,1,0,16.7,1103.0,680.86,1086.0,-58.0,1875.0634,18.0,18.0,Ideal,I,VS1,1.62,IGI,3121.25
50,Jane Brear,2,Round,1,1,0,12.54,1152.21,753.08,1135.0,-53.0,1762.4371,18.0,18.0,Super Ideal,H,VS2,1.53,IGI,3577.5
54,Temperley,2,Round,3,2,0,12.58,352.0,718.37,347.0,-15.0,294.7597,15.0,18.0,Very Good,D,VS2,0.49,IGI,940.0
55,Jane Brear,2,Emerald,1,1,0,20.52,5263.0,1670.79,5184.0,-65.0,9586.4785,15.0,15.0,Super Ideal,E,VS1,3.15,IGI,17440.0
63,Albert's Creations,2,Round,1,1,0,21.25,301.0,567.92,296.0,-53.0,457.9141,18.0,18.0,Ideal,E,SI1,0.53,IGI,640.0
63,Mei & Co,2,Round,1,1,0,23.76,301.0,567.92,296.0,-53.0,460.0217,18.0,18.0,Ideal,E,SI1,0.53,IGI,640.0
63,White Lily,2,Round,1,1,0,22.78,317.0,598.11,312.0,-39.0,374.9913,18.0,18.0,Ideal,E,SI1,0.53,IGI,640.0
64,Cirrus Gems,2,Round,1,1,0,22.35,1816.41,890.4,1789.0,-55.0,2908.2837,15.0,18.0,Very Good,H,VS1,2.04,IGI,6260.0
67,Albert's Creations,2,Emerald,1,1,0,14.33,1594.0,1055.63,1570.0,-63.0,2801.2061,15.0,15.0,Super Ideal,E,VS1,1.51,IGI,4780.0
67,Artemis Stones,2,Emerald,1,1,0,13.39,1599.0,1058.94,1575.0,-64.0,2847.0117,15.0,15.0,Super Ideal,E,VS1,1.51,IGI,4780.0
67,Avignon Diamonds,2,Emerald,1,1,0,13.63,1569.0,1039.07,1545.0,-64.0,2769.8472,15.0,15.0,Super Ideal,E,VS1,1.51,IGI,4780.0
67,Bayside Gems,2,Emerald,1,1,0,15.08,1551.0,1027.15,1528.0,-64.0,2798.2141,15.0,15.0,Super Ideal,E,VS1,1.51,IGI,4780.0
67,Ember Star,2,Emerald,1,1,0,14.84,1603.94,1062.21,1580.0,-63.0,2800.4062,15.0,15.0,Super Ideal,E,VS1,1.51,IGI,4780.0
67,Eternal Flame,2,Emerald,1,1,0,13.7,1610.0,1066.23,1586.0,-63.0,2803.1208,15.0,15.0,Super Ideal,E,VS1,1.51,IGI,4780.0
67,Eternity Fine Jewelers,2,Emerald,1,1,0,11.26,1622.84,1074.73,1598.0,-63.0,2845.5234,15.0,15.0,Super Ideal,E,VS1,1.51,IGI,4780.0
67,Fuji Diamonds,2,Emerald,1,1,0,16.0,1592.0,1054.3,1568.0,-64.0,2863.5242,15.0,15.0,Super Ideal,E,VS1,1.51,IGI,4780.0
67,Hoseki,2,Emerald,1,1,0,11.2,1618.0,1071.52,1594.0,-64.0,2862.4719,15.0,15.0,Super Ideal,E,VS1,1.51,IGI,4780.0
67,Infinity Diamonds,2,Emerald,1,1,0,20.57,1593.0,1054.97,1569.0,-64.0,2865.1677,15.0,15.0,Super Ideal,E,VS1,1.51,IGI,4780.0
67,Jane Brear,2,Emerald,1,1,0,13.79,1631.8,1080.66,1607.0,-62.0,2780.3188,15.0,15.0,Super Ideal,E,VS1,1.51,IGI,4780.0
67,Marlowe & Co,2,Emerald,1,1,0,11.76,1627.0,1077.48,1603.0,-63.0,2822.97,15.0,15.0,Super Ideal,E,VS1,1.51,IGI,4780.0
67,Mei & Co,2,Emerald,2,1,0,10.15,1644.74,1089.23,1620.0,-63.0,2845.5234,15.0,15.0,Super Ideal,E,VS1,1.51,IGI,4780.0
67,Michelle Kennedy,2,Emerald,1,1,0,11.44,1631.8,1080.66,1607.0,-63.0,2862.2788,15.0,15.0,Super Ideal,E,VS1,1.51,IGI,4780.0
67,Olympus Diamonds,2,Emerald,1,1,0,10.84,1601.0,1060.26,1577.0,-63.0,2811.8137,15.0,15.0,Super Ideal,E,VS1,1.51,IGI,4780.0
67,Periwinkle Stones,2,Emerald,1,1,0,11.26,1621.0,1073.51,1597.0,-62.0,2759.4136,15.0,15.0,Super Ideal,E,VS1,1.51,IGI,4780.0
67,Rosella,2,Emerald,1,1,0,15.1,1541.0,1020.53,1518.0,-64.0,2716.8628,15.0,15.0,Super Ideal,E,VS1,1.51,IGI,4780.0
67,Seraphina Gems,2,Emerald,1,1,0,12.87,1601.0,1060.26,1577.0,-63.0,2804.2678,15.0,15.0,Super Ideal,E,VS1,1.51,IGI,4780.0
67,Serene Peaks Diamonds,2,Emerald,1,1,0,12.7,1591.0,1053.64,1567.0,-64.0,2805.6465,15.0,15.0,Super Ideal,E,VS1,1.51,IGI,4780.0
67,Silva Diamonds,2,Emerald,1,1,0,13.65,1582.0,1047.68,1558.0,-64.0,2856.8857,15.0,15.0,Super Ideal,E,VS1,1.51,IGI,4780.0
67,Starlight Crafts,2,Emerald,1,1,0,11.08,1570.0,1039.74,1546.0,-64.0,2799.1567,15.0,15.0,Super Ideal,E,VS1,1.51,IGI,4780.0
67,Taiga Gems,2,Emerald,1,1,0,14.03,1585.0,1049.67,1561.0,-63.0,2785.7808,15.0,15.0,Super Ideal,E,VS1,1.51,IGI,4780.0
67,Temperley,2,Emerald,1,1,0,15.4,1619.86,1072.75,1596.0,-62.0,2767.7681,15.0,15.0,Super Ideal,E,VS1,1.51,IGI,4780.0
67,Thalassa Gems,2,Emerald,1,1,0,10.94,1581.0,1047.02,1557.0,-64.0,2795.4941,15.0,15.0,Super Ideal,E,VS1,1.51,IGI,4780.0
67,The Diamond Source,2,Emerald,1,1,0,11.92,1585.0,1049.67,1561.0,-63.0,2733.7153,15.0,15.0,Super Ideal,E,VS1,1.51,IGI,4780.0
67,Tierra Mia Diamonds,2,Emerald,1,1,0,14.13,1576.0,1043.71,1552.0,-64.0,2788.3513,15.0,15.0,Super Ideal,E,VS1,1.51,IGI,4780.0
67,Vega Diamonds,2,Emerald,1,1,0,16.52,1546.0,1023.84,1523.0,-65.0,2819.1118,15.0,15.0,Super Ideal,E,VS1,1.51,IGI,4780.0
67,Verve Jewels,2,Emerald,1,1,0,15.36,1564.0,1035.76,1541.0,-65.0,2848.7705,15.0,15.0,Super Ideal,E,VS1,1.51,IGI,4780.0
67,Vespera Gems,2,Emerald,1,1,0,16.31,1590.0,1052.98,1566.0,-64.0,2823.0715,15.0,15.0,Super Ideal,E,VS1,1.51,IGI,4780.0
67,White Lily,2,Emerald,1,1,0,13.15,1616.0,1070.2,1592.0,-63.0,2815.6262,15.0,15.0,Super Ideal,E,VS1,1.51,IGI,4780.0
69,Adalyn Jewelry,2,Emerald,1,1,0,15.32,738.29,738.29,727.0,-66.0,1402.7354,14.0,15.0,Very Good,F,VS2,1.0,IGI,1935.0
69,Cirrus Gems,2,Emerald,1,2,0,15.21,744.13,744.13,733.0,-64.0,1315.5699,15.0,15.0,Very Good,F,VS2,1.0,IGI,1935.0
69,Jane Brear,2,Emerald,1,2,0,14.04,751.85,751.85,741.0,-62.0,1260.0643,13.0,15.0,Very Good,F,VS2,1.0,IGI,1935.0
69,Serene Peaks Diamonds,2,Emerald,2,2,0,14.66,734.0,734.0,723.0,-65.0,1342.3602,14.0,15.0,Very Good,F,VS2,1.0,IGI,1935.0
69,Tierra Mia Diamonds,2,Emerald,1,1,0,14.24,721.0,721.0,710.0,-64.0,1289.5414,13.0,15.0,Very Good,F,VS2,1.0,IGI,1935.0
69,White Lily,2,Emerald,1,2,0,11.28,797.0,797.0,785.0,-61.0,1302.7052,14.0,15.0,Very Good,F,VS2,1.0,IGI,1935.0
70,Avignon Diamonds,2,Cushion,1,1,0,16.7,4152.0,1374.83,4090.0,-58.0,6256.4082,15.0,15.0,Very Good,F,VS2,3.02,IGI,13500.0
70,Diamonds by Zoya,2,Cushion,1,1,0,12.52,4043.0,1338.74,3982.0,-59.0,6156.0176,15.0,15.0,Very Good,F,VS2,3.02,IGI,13500.0
70,Jane Brear,2,Cushion,1,1,0,12.6,4396.9,1455.93,4331.0,-54.0,6072.7427,14.0,15.0,Very Good,F,VS2,3.02,IGI,13500.0
70,Marlowe & Co,2,Cushion,1,1,0,12.35,4310.0,1427.15,4245.0,-55.0,6039.0229,14.0,15.0,Very Good,F,VS2,3.02,IGI,13500.0
79,Cirrus Gems,2,Pear,1,1,0,22.85,1365.69,904.43,1345.0,-63.0,2402.084,15.0,15.0,Super Ideal,G,VS1,1.51,IGI,4350.0
79,Fabiola,2,Pear,1,1,0,13.45,1368.0,905.96,1347.0,-63.0,2388.2437,15.0,15.0,Super Ideal,G,VS1,1.51,IGI,4350.0
79,Hill & Holland,2,Pear,1,1,0,18.38,1414.0,936.42,1393.0,-62.0,2393.3279,15.0,15.0,Super Ideal,G,VS1,1.51,IGI,4350.0
79,Jane Brear,2,Pear,1,1,0,14.58,1414.0,936.42,1393.0,-63.0,2485.2026,15.0,15.0,Super Ideal,G,VS1,1.51,IGI,4350.0
79,Mei & Co,2,Pear,1,1,0,20.06,1397.0,925.17,1376.0,-62.0,2373.4895,15.0,15.0,Super Ideal,G,VS1,1.51,IGI,4350.0
79,Michelle Kennedy,2,Pear,1,1,0,22.42,1415.0,937.09,1394.0,-62.0,2404.0667,15.0,15.0,Super Ideal,G,VS1,1.51,IGI,4350.0
79,N. B. Diamonds,2,Pear,1,1,0,20.32,1384.99,917.21,1364.0,-63.0,2418.405,15.0,15.0,Super Ideal,G,VS1,1.51,IGI,4350.0
79,Nebula Stones,2,Pear,1,1,0,21.74,1426.83,944.92,1405.0,-62.0,2427.7163,15.0,15.0,Super Ideal,G,VS1,1.51,IGI,4350.0
79,Nova Stars,2,Pear,1,1,0,52.97,1361.0,901.32,1341.0,-63.0,2366.5952,15.0,15.0,Super Ideal,G,VS1,1.51,IGI,4350.0
79,Rosella,2,Pear,1,1,0,11.02,1314.0,870.2,1294.0,-65.0,2426.6309,15.0,15.0,Super Ideal,G,VS1,1.51,IGI,4350.0
79,Simetría,2,Pear,1,2,0,23.27,1368.0,905.96,1347.0,-63.0,2410.4165,15.0,15.0,Super Ideal,G,VS1,1.51,IGI,4350.0
79,Taiga Gems,2,Pear,1,1,0,14.26,1379.0,913.25,1358.0,-62.0,2365.501,15.0,15.0,Super Ideal,G,VS1,1.51,IGI,4350.0
79,Temperley,2,Pear,1,1,0,12.07,1392.0,921.85,1371.0,-62.0,2390.5781,15.0,15.0,Super Ideal,G,VS1,1.51,IGI,4350.0
79,White Lily,2,Pear,1,2,0,20.67,1456.68,964.69,1435.0,-60.0,2377.6875,15.0,15.0,Super Ideal,G,VS1,1.51,IGI,4350.0
82,White Lily,2,Pear,1,1,0,16.91,300.16,638.64,296.0,-37.0,308.1728,15.0,15.0,Super Ideal,F,SI1,0.47,IGI,460.0
83,Michelle Kennedy,2,Oval,1,2,0,15.02,1511.0,1000.66,1488.0,-43.0,1794.7345,15.0,15.0,Super Ideal,I,VS1,1.51,IGI,3070.0
90,Cascade Diamonds,2,Round,1,1,0,17.93,676.0,676.0,666.0,-63.0,1294.6252,18.0,18.0,Super Ideal,D,SI1,1.0,IGI,1943.75
90,Iris Diamonds,2,Round,1,1,0,13.66,669.0,669.0,659.0,-65.0,1349.2843,18.0,18.0,Super Ideal,D,SI1,1.0,IGI,1943.75
90,Jane Brear,2,Round,1,1,0,14.34,706.0,706.0,695.0,-61.0,1310.0619,18.0,18.0,Super Ideal,D,SI1,1.0,IGI,1943.75
90,Michelle Kennedy,2,Round,1,1,0,10.97,700.0,700.0,690.0,-63.0,1359.3519,18.0,18.0,Super Ideal,D,SI1,1.0,IGI,1943.75
90,Periwinkle Stones,2,Round,1,1,0,13.59,724.36,724.36,713.0,-59.0,1273.1282,18.0,18.0,Super Ideal,D,SI1,1.0,IGI,1943.75
90,Roma Diamonds,2,Round,1,1,0,53.26,681.0,681.0,671.0,-61.0,1234.6218,18.0,18.0,Super Ideal,D,SI1,1.0,IGI,1943.75
90,Sigma Diamonds,2,Round,1,1,0,13.87,669.0,669.0,659.0,-64.0,1325.3103,18.0,18.0,Super Ideal,D,SI1,1.0,IGI,1943.75
90,Taiga Gems,2,Round,1,1,0,11.07,694.0,694.0,684.0,-59.0,1221.7258,18.0,18.0,Super Ideal,D,SI1,1.0,IGI,1943.75
90,Temperley,2,Round,1,1,0,12.74,705.0,705.0,694.0,-60.0,1274.5631,18.0,18.0,Super Ideal,D,SI1,1.0,IGI,1943.75
90,Thalassa Gems,2,Round,1,1,0,14.88,669.0,669.0,659.0,-63.0,1304.064,18.0,18.0,Super Ideal,D,SI1,1.0,IGI,1943.75
90,Vega Diamonds,2,Round,1,1,0,13.76,672.0,672.0,662.0,-62.0,1258.797,18.0,18.0,Super Ideal,D,SI1,1.0,IGI,1943.75
90,White Lily,2,Round,1,1,0,17.13,711.42,711.42,701.0,-59.0,1245.7638,18.0,18.0,Super Ideal,D,SI1,1.0,IGI,1943.75
93,Fabiola,2,Asscher,1,1,0,17.29,711.0,703.96,700.0,-67.0,1325.6885,15.0,15.0,Very Good,E,SI1,1.01,IGI,1723.08
93,Grace Brooks,2,Asscher,1,2,0,18.16,699.0,692.08,689.0,-68.0,1345.2111,14.0,15.0,Very Good,E,SI1,1.01,IGI,1723.08
95,Elmwood Diamonds,2,Radiant,2,3,0,13.5,757.64,750.14,746.0,-67.0,1475.1915,14.0,15.0,Very Good,E,SI1,1.01,IGI,1720.0
95,Fuji Diamonds,2,Radiant,1,1,0,17.7,698.77,691.85,688.0,-65.0,1288.2842,13.0,15.0,Very Good,E,SI1,1.01,IGI,1720.0
95,Michelle Kennedy,2,Radiant,1,1,0,15.02,734.31,727.04,723.0,-65.0,1355.4751,14.0,15.0,Very Good,E,SI1,1.01,IGI,1720.0
95,White Lily,2,Radiant,1,1,0,16.05,730.0,722.77,719.0,-65.0,1360.3657,15.0,15.0,Very Good,E,SI1,1.01,IGI,1720.0
98,BonDiam,2,Round,1,1,0,13.43,321.0,867.57,316.0,-31.0,330.8743,18.0,18.0,Super Ideal,E,VS1,0.37,IGI,430.0
98,Hoseki,2,Round,1,1,0,11.85,316.41,855.16,312.0,-36.0,352.0295,18.0,18.0,Super Ideal,E,VS1,0.37,IGI,430.0
98,Promenade Jewelry,2,Round,1,1,0,11.56,310.0,837.84,305.0,-21.0,281.8192,18.0,18.0,Super Ideal,E,VS1,0.37,IGI,430.0
98,Temperley,2,Round,1,1,0,13.25,336.0,908.11,331.0,-23.0,314.2815,18.0,18.0,Super Ideal,E,VS1,0.37,IGI,430.0
103,Temperley,2,Round,1,1,0,23.08,361.0,722.0,356.0,-40.0,434.3308,15.0,18.0,Very Good,D,VS2,0.5,IGI,736.0
107,Michelle Kennedy,2,Round,1,1,0,13.37,347.45,681.27,342.0,-30.0,357.3802,18.0,18.0,Ideal,H,VS2,0.51,IGI,606.67
110,Irene Jewelry,2,Princess,1,2,0,17.54,363.0,595.08,358.0,-58.0,546.7612,15.0,15.0,Super Ideal,G,VS1,0.61,IGI,730.0
111,Michelle Kennedy,2,Round,1,1,0,15.07,764.16,658.76,753.0,-44.0,978.6271,18.0,18.0,Ideal,F,SI2,1.16,IGI,1750.0
111,White Lily,2,Round,1,1,0,15.64,771.0,664.66,759.0,-44.0,993.8627,18.0,18.0,Ideal,F,SI2,1.16,IGI,1750.0
112,Magnolia,2,Oval,2,1,0,12.94,2184.02,1108.64,2151.0,-58.0,3497.8093,15.0,15.0,Very Good,F,VS1,1.97,IGI,6500.0
112,Taiga Gems,2,Oval,1,1,0,12.9,2180.0,1106.6,2147.0,-59.0,3584.0383,15.0,15.0,Very Good,F,VS1,1.97,IGI,6500.0
116,Marlowe & Co,2,Round,1,1,0,16.34,364.17,638.89,359.0,-51.0,528.3739,18.0,18.0,Ideal,G,VVS2,0.57,IGI,860.0
122,Atkinson Crafts,2,Pear,1,2,0,19.51,373.0,690.74,367.0,-45.0,438.3925,15.0,15.0,Super Ideal,G,VVS2,0.54,IGI,630.0
122,Eternal Flame,2,Pear,2,2,0,15.85,369.0,683.33,363.0,-43.0,418.8949,15.0,15.0,Super Ideal,G,VVS2,0.54,IGI,630.0
130,Jane Brear,2,Round,1,1,0,,1826.0,1163.06,1799.0,-31.0,1897.1917,18.0,18.0,Super Ideal,I,VS1,1.57,IGI,3290.0
130,White Lily,2,Round,1,1,0,15.95,1055.0,671.97,1039.0,-60.0,1901.7948,18.0,18.0,Super Ideal,I,VS1,1.57,IGI,3290.0
136,Bonsai Gems,2,Princess,1,1,0,21.66,2175.0,1310.24,2142.0,-59.0,3357.4316,15.0,15.0,Super Ideal,F,VVS1,1.66,IGI,5610.0
141,Jane Brear,2,Round,1,1,0,16.63,1051.0,678.06,1035.0,-60.0,1879.5326,18.0,18.0,Super Ideal,I,VS1,1.55,IGI,3120.0
141,Temperley,2,Round,1,1,0,16.8,1939.26,1251.14,1910.0,-27.0,1903.3969,18.0,18.0,Super Ideal,I,VS1,1.55,IGI,3120.0
141,White Lily,2,Round,1,1,0,16.09,1051.0,678.06,1035.0,-61.0,1945.2025,18.0,18.0,Super Ideal,I,VS1,1.55,IGI,3120.0
150,Camden Gems,2,Round,1,1,0,14.84,1406.0,907.1,1385.0,-65.0,2910.4866,18.0,18.0,Super Ideal,G,VVS2,1.55,IGI,4490.0
150,Cirrus Gems,2,Round,1,1,0,17.53,1405.26,906.62,1384.0,-65.0,2851.9753,18.0,18.0,Super Ideal,G,VVS2,1.55,IGI,4490.0
150,Clermont Diamonds,2,Round,1,1,0,13.33,1414.89,912.83,1394.0,-65.0,2858.2959,18.0,18.0,Super Ideal,G,VVS2,1.55,IGI,4490.0
150,Ember Star,2,Round,1,1,0,13.14,1413.0,911.61,1392.0,-65.0,2873.9731,18.0,18.0,Super Ideal,G,VVS2,1.55,IGI,4490.0
150,Jane Brear,2,Round,1,1,0,13.89,1449.72,935.3,1428.0,-62.0,2759.3853,18.0,18.0,Super Ideal,G,VVS2,1.55,IGI,4490.0
150,Mei & Co,2,Round,1,1,0,15.69,1423.0,918.06,1402.0,-65.0,2913.4067,18.0,18.0,Super Ideal,G,VVS2,1.55,IGI,4490.0
150,Michelle Kennedy,2,Round,1,1,0,15.17,1448.72,934.66,1427.0,-63.0,2823.0796,18.0,18.0,Super Ideal,G,VVS2,1.55,IGI,4490.0
150,Rosella,2,Round,1,1,0,12.91,1375.0,887.1,1354.0,-66.0,2860.3623,18.0,18.0,Super Ideal,G,VVS2,1.55,IGI,4490.0
150,Temperley,2,Round,1,1,0,13.07,1447.0,933.55,1425.0,-64.0,2907.5522,18.0,18.0,Super Ideal,G,VVS2,1.55,IGI,4490.0
150,Vespera Gems,2,Round,1,1,0,13.23,1387.0,894.84,1366.0,-66.0,2890.4272,18.0,18.0,Super Ideal,G,VVS2,1.55,IGI,4490.0
150,Westport Jewelry,2,Round,1,1,0,12.74,1392.0,898.06,1371.0,-65.0,2818.1689,18.0,18.0,Super Ideal,G,VVS2,1.55,IGI,4490.0
150,White Lily,2,Round,1,1,0,13.71,1760.0,1135.48,1734.0,-56.0,2865.032,18.0,18.0,Super Ideal,G,VVS2,1.55,IGI,4490.0
154,Jane Brear,2,Round,1,1,0,17.84,399.0,480.72,393.0,-48.0,546.9349,18.0,18.0,Super Ideal,H,VVS2,0.83,IGI,1800.0
155,Avignon Diamonds,2,Round,1,1,0,14.66,1012.0,816.13,997.0,-66.0,2156.4563,18.0,18.0,Super Ideal,D,VVS2,1.24,IGI,3690.0
155,Bayside Gems,2,Round,1,1,0,17.69,1017.0,820.16,1002.0,-67.0,2186.7092,18.0,18.0,Super Ideal,D,VVS2,1.24,IGI,3690.0
155,Clermont Diamonds,2,Round,1,1,0,13.51,1031.0,831.45,1016.0,-66.0,2170.9202,18.0,18.0,Super Ideal,D,VVS2,1.24,IGI,3690.0
155,Emilia Sterling,2,Round,1,1,0,13.85,983.0,792.74,968.0,-68.0,2172.3157,18.0,18.0,Super Ideal,D,VVS2,1.24,IGI,3690.0
155,Infinity Diamonds,2,Round,1,1,0,10.81,1033.0,833.06,1018.0,-66.0,2162.4473,18.0,18.0,Super Ideal,D,VVS2,1.24,IGI,3690.0
155,Jane Brear,2,Round,1,1,0,93.86,1027.0,828.23,1012.0,-66.0,2137.0635,18.0,18.0,Super Ideal,D,VVS2,1.24,IGI,3690.0
155,Joan Cooper,2,Round,1,1,0,16.32,1022.0,824.19,1007.0,-66.0,2161.7678,18.0,18.0,Super Ideal,D,VVS2,1.24,IGI,3690.0
155,Knox Diamonds,2,Round,1,1,0,14.4,1012.91,816.86,998.0,-65.0,2092.0161,18.0,18.0,Super Ideal,D,VVS2,1.24,IGI,3690.0
155,Marlowe & Co,2,Round,1,1,0,16.6,1030.0,830.65,1015.0,-65.0,2125.0828,18.0,18.0,Super Ideal,D,VVS2,1.24,IGI,3690.0
155,Meridian Gems,2,Round,1,1,0,16.7,1017.0,820.16,1002.0,-66.0,2171.6948,18.0,18.0,Super Ideal,D,VVS2,1.24,IGI,3690.0
155,Michelle Kennedy,2,Round,1,1,0,11.48,1023.0,825.0,1008.0,-67.0,2197.3403,18.0,18.0,Super Ideal,D,VVS2,1.24,IGI,3690.0
155,Promenade Jewelry,2,Round,1,1,0,12.8,1028.0,829.03,1013.0,-66.0,2180.2383,18.0,18.0,Super Ideal,D,VVS2,1.24,IGI,3690.0
155,Riviera Jewels,2,Round,1,1,0,14.13,1010.0,814.52,995.0,-66.0,2157.7202,18.0,18.0,Super Ideal,D,VVS2,1.24,IGI,3690.0
155,Sigma Diamonds,2,Round,1,1,0,13.77,1004.0,809.68,989.0,-67.0,2159.5486,18.0,18.0,Super Ideal,D,VVS2,1.24,IGI,3690.0
155,Simetría,2,Round,1,1,0,93.57,1008.0,812.9,993.0,-66.0,2138.6443,18.0,18.0,Super Ideal,D,VVS2,1.24,IGI,3690.0
155,Starlight Crafts,2,Round,1,1,0,10.93,1020.0,822.58,1005.0,-66.0,2177.7437,18.0,18.0,Super Ideal,D,VVS2,1.24,IGI,3690.0
155,Summit Gems,2,Round,1,1,0,13.69,1005.0,810.48,990.0,-66.0,2130.0591,18.0,18.0,Super Ideal,D,VVS2,1.24,IGI,3690.0
155,Temperley,2,Round,1,1,0,14.08,1027.0,828.23,1012.0,-66.0,2140.5837,18.0,18.0,Super Ideal,D,VVS2,1.24,IGI,3690.0
155,Tilia Diamonds,2,Round,1,1,0,13.03,1019.0,821.77,1004.0,-66.0,2166.5698,18.0,18.0,Super Ideal,D,VVS2,1.24,IGI,3690.0
155,Vespera Gems,2,Round,1,1,0,18.99,1018.23,821.15,1003.0,-66.0,2148.5122,18.0,18.0,Super Ideal,D,VVS2,1.24,IGI,3690.0
155,White Lily,2,Round,1,1,0,17.22,1027.0,828.23,1012.0,-65.0,2110.4556,18.0,18.0,Super Ideal,D,VVS2,1.24,IGI,3690.0
160,Diamonds by Zoya,2,Oval,2,2,0,12.14,312.0,742.86,307.0,-36.0,329.1446,15.0,15.0,Super Ideal,E,VS1,0.42,IGI,440.0
160,Meridian Crafts,2,Oval,1,2,0,10.11,313.0,745.24,308.0,-41.0,359.9137,15.0,15.0,Super Ideal,E,VS1,0.42,IGI,440.0
160,Promenade Jewelry,2,Oval,1,2,0,14.03,302.09,719.26,298.0,-49.0,399.6548,15.0,15.0,Super Ideal,E,VS1,0.42,IGI,440.0
163,I & M Designs,2,Pear,1,1,0,13.92,1549.22,1012.56,1526.0,-37.0,1604.0563,15.0,15.0,Super Ideal,I,SI1,1.53,IGI,2740.0
163,White Lily,2,Pear,1,1,0,16.44,1801.0,1177.12,1774.0,-28.0,1619.193,15.0,15.0,Super Ideal,I,SI1,1.53,IGI,2740.0
164,Diamonds by Zoya,2,Oval,1,1,0,90.66,1958.0,1138.37,1929.0,-50.0,2644.6953,15.0,15.0,Very Good,F,VS1,1.72,IGI,5410.0
164,Michelle Kennedy,2,Oval,1,1,0,14.86,1940.0,1127.91,1911.0,-50.0,2614.7109,15.0,15.0,Very Good,F,VS1,1.72,IGI,5410.0
166,Taiga Gems,2,Round,1,1,0,19.07,1293.5,779.22,1274.0,-54.0,2004.9773,18.0,18.0,Super Ideal,F,SI1,1.66,IGI,3615.0
167,Albert's Creations,2,Oval,1,1,0,14.05,892.0,810.91,879.0,-58.0,1442.9677,15.0,15.0,Super Ideal,E,VS2,1.1,IGI,2350.0
167,Eterna Luxe,2,Oval,1,1,0,13.88,892.0,810.91,879.0,-57.0,1404.0153,15.0,15.0,Super Ideal,E,VS2,1.1,IGI,2350.0
167,Eternity Fine Jewelers,2,Oval,1,1,0,11.41,907.44,824.95,894.0,-58.0,1458.0265,15.0,15.0,Super Ideal,E,VS2,1.1,IGI,2350.0
167,Fabiola,2,Oval,1,1,0,12.06,886.0,805.45,873.0,-59.0,1464.1387,15.0,15.0,Super Ideal,E,VS2,1.1,IGI,2350.0
167,Hoseki,2,Oval,1,1,0,12.83,910.42,827.65,897.0,-58.0,1471.6278,15.0,15.0,Super Ideal,E,VS2,1.1,IGI,2350.0
167,Infinity Diamonds,2,Oval,1,1,0,14.64,901.45,819.5,888.0,-57.0,1407.1417,15.0,15.0,Super Ideal,E,VS2,1.1,IGI,2350.0
167,Marlene Crafts,2,Oval,1,1,0,14.4,890.83,809.85,877.0,-58.0,1443.9845,15.0,15.0,Super Ideal,E,VS2,1.1,IGI,2350.0
167,Mei & Co,2,Oval,1,1,0,12.96,886.54,805.95,873.0,-57.0,1395.1256,15.0,15.0,Super Ideal,E,VS2,1.1,IGI,2350.0
167,Michelle Kennedy,2,Oval,1,2,0,12.56,906.0,823.64,892.0,-57.0,1435.1328,15.0,15.0,Super Ideal,E,VS2,1.1,IGI,2350.0
167,Periwinkle Stones,2,Oval,1,1,0,15.1,905.0,822.73,891.0,-57.0,1416.1136,15.0,15.0,Super Ideal,E,VS2,1.1,IGI,2350.0
167,Rosella,2,Oval,1,1,0,14.85,862.0,783.64,849.0,-61.0,1497.6881,15.0,15.0,Super Ideal,E,VS2,1.1,IGI,2350.0
167,Serene Peaks Diamonds,2,Oval,1,1,0,13.39,893.0,811.82,880.0,-59.0,1449.8721,15.0,15.0,Super Ideal,E,VS2,1.1,IGI,2350.0
167,Taiga Gems,2,Oval,1,1,0,11.41,892.0,810.91,879.0,-57.0,1411.7386,15.0,15.0,Super Ideal,E,VS2,1.1,IGI,2350.0
167,Temperley,2,Oval,1,1,0,18.48,890.0,809.09,877.0,-59.0,1465.5416,15.0,15.0,Super Ideal,E,VS2,1.1,IGI,2350.0
167,Thalassa Gems,2,Oval,1,2,0,15.06,851.0,773.64,838.0,-59.0,1388.9564,15.0,15.0,Super Ideal,E,VS2,1.1,IGI,2350.0
167,Vega Diamonds,2,Oval,1,1,0,14.6,865.0,786.36,852.0,-59.0,1431.0022,15.0,15.0,Super Ideal,E,VS2,1.1,IGI,2350.0
167,White Lily,2,Oval,1,1,0,12.64,905.0,822.73,891.0,-57.0,1423.1838,15.0,15.0,Super Ideal,E,VS2,1.1,IGI,2350.0
173,Eterna Luxe,2,Round,1,1,0,11.88,2251.0,957.87,2217.0,-59.0,3942.2058,18.0,18.0,Ideal,G,VS2,2.35,IGI,7900.0
173,Lyra Stones,2,Round,1,1,0,20.69,2240.0,953.19,2206.0,-58.0,3819.4648,18.0,18.0,Ideal,G,VS2,2.35,IGI,7900.0
173,Michelle Kennedy,2,Round,1,1,0,16.88,2274.57,967.9,2240.0,-58.0,3858.7026,18.0,18.0,Ideal,G,VS2,2.35,IGI,7900.0
173,Roma Diamonds,2,Round,1,1,0,13.19,2238.0,952.34,2204.0,-59.0,3866.4827,18.0,18.0,Ideal,G,VS2,2.35,IGI,7900.0
173,White Lily,2,Round,1,1,0,10.99,2353.18,1001.35,2318.0,-58.0,3981.1921,18.0,18.0,Ideal,G,VS2,2.35,IGI,7900.0
181,Clermont Diamonds,2,Round,1,1,0,11.27,734.0,667.27,723.0,-59.0,1287.249,18.0,18.0,Super Ideal,F,VS2,1.1,IGI,2250.0
181,Jane Brear,2,Round,1,1,0,12.99,770.0,700.0,758.0,-57.0,1277.2852,18.0,18.0,Super Ideal,F,VS2,1.1,IGI,2250.0
181,Mei & Co,2,Round,1,1,0,15.19,734.0,667.27,723.0,-59.0,1288.897,18.0,18.0,Super Ideal,F,VS2,1.1,IGI,2250.0
181,Meridian Crafts,2,Round,1,1,0,12.64,746.0,678.18,735.0,-57.0,1254.4264,18.0,18.0,Super Ideal,F,VS2,1.1,IGI,2250.0
181,Nova Stars,2,Round,1,1,0,13.45,734.0,667.27,723.0,-59.0,1295.7762,18.0,18.0,Super Ideal,F,VS2,1.1,IGI,2250.0
181,Rosella,2,Round,1,1,0,11.2,734.0,667.27,723.0,-58.0,1264.796,18.0,18.0,Super Ideal,F,VS2,1.1,IGI,2250.0
181,Serene Peaks Diamonds,2,Round,1,1,0,15.96,746.0,678.18,735.0,-58.0,1267.5035,18.0,18.0,Super Ideal,F,VS2,1.1,IGI,2250.0
181,Taiga Gems,2,Round,1,1,0,16.42,737.0,670.0,726.0,-58.0,1253.9487,18.0,18.0,Super Ideal,F,VS2,1.1,IGI,2250.0
181,White Lily,2,Round,1,1,0,53.11,765.0,695.45,754.0,-58.0,1310.3414,18.0,18.0,Super Ideal,F,VS2,1.1,IGI,2250.0
183,Adalyn Jewelry,2,Round,1,1,0,12.41,3448.0,1532.44,3396.0,-62.0,6542.9146,18.0,18.0,Super Ideal,D,VVS2,2.25,IGI,13010.0
183,Bayside Gems,2,Round,1,1,0,11.57,3530.0,1568.89,3477.0,-61.0,6450.2993,18.0,18.0,Super Ideal,D,VVS2,2.25,IGI,13010.0
183,Jane Brear,2,Round,1,1,0,12.91,3448.0,1532.44,3396.0,-62.0,6554.3911,18.0,18.0,Super Ideal,D,VVS2,2.25,IGI,13010.0
183,Periwinkle Stones,2,Round,1,1,0,18.68,3372.0,1498.67,3321.0,-64.0,6695.3413,18.0,18.0,Super Ideal,D,VVS2,2.25,IGI,13010.0
183,Temperley,2,Round,1,1,0,9.22,3448.0,1532.44,3396.0,-62.0,6476.2056,18.0,18.0,Super Ideal,D,VVS2,2.25,IGI,13010.0
183,White Lily,2,Round,1,1,0,10.55,3441.0,1529.33,3389.0,-63.0,6606.1343,18.0,18.0,Super Ideal,D,VVS2,2.25,IGI,13010.0
186,Albert's Creations,2,Round,1,1,0,13.43,4599.0,1527.91,4530.0,-66.0,9654.8945,18.0,18.0,Ideal,F,VS1,3.01,IGI,18890.0
186,Avignon Diamonds,2,Round,1,1,0,13.57,4467.0,1484.05,4400.0,-65.0,9081.0332,18.0,18.0,Ideal,F,VS1,3.01,IGI,18890.0
186,Bayside Gems,2,Round,1,1,0,16.34,4776.0,1586.71,4704.0,-65.0,9679.1064,18.0,18.0,Ideal,F,VS1,3.01,IGI,18890.0
186,Clermont Diamonds,2,Round,1,1,0,13.14,4588.0,1524.25,4519.0,-64.0,9086.2295,18.0,18.0,Ideal,F,VS1,3.01,IGI,18890.0
186,Diamonds by Zoya,2,Round,1,1,0,95.67,4594.0,1526.25,4525.0,-64.0,9206.9922,18.0,18.0,Ideal,F,VS1,3.01,IGI,18890.0
186,Emilia Sterling,2,Round,1,1,0,95.8,4431.0,1472.09,4365.0,-66.0,9361.3535,18.0,18.0,Ideal,F,VS1,3.01,IGI,18890.0
186,Eterna Luxe,2,Round,1,1,0,14.34,4622.0,1535.55,4553.0,-65.0,9471.6748,18.0,18.0,Ideal,F,VS1,3.01,IGI,18890.0
186,Hill & Holland,2,Round,1,1,0,12.51,4718.29,1567.54,4648.0,-66.0,9846.5723,18.0,18.0,Ideal,F,VS1,3.01,IGI,18890.0
186,Hoseki,2,Round,1,1,0,13.22,4674.0,1552.82,4604.0,-65.0,9490.3076,18.0,18.0,Ideal,F,VS1,3.01,IGI,18890.0
186,Jane Brear,2,Round,1,1,0,12.29,4763.0,1582.39,4692.0,-65.0,9671.5322,18.0,18.0,Ideal,F,VS1,3.01,IGI,18890.0
186,Mei & Co,2,Round,1,1,0,12.49,4609.0,1531.23,4540.0,-65.0,9458.9922,18.0,18.0,Ideal,F,VS1,3.01,IGI,18890.0
186,Michelle Kennedy,2,Round,1,1,0,13.21,4596.0,1526.91,4527.0,-65.0,9325.0156,18.0,18.0,Ideal,F,VS1,3.01,IGI,18890.0
186,Nebula Stones,2,Round,1,1,0,17.19,4632.0,1538.87,4563.0,-66.0,9813.4863,18.0,18.0,Ideal,F,VS1,3.01,IGI,18890.0
186,Pegasus Diamonds,2,Round,1,1,0,15.14,4770.03,1584.73,4698.0,-63.0,9221.0488,18.0,18.0,Ideal,F,VS1,3.01,IGI,18890.0
186,Temperley,2,Round,1,1,0,14.07,4722.0,1568.77,4651.0,-65.0,9587.751,18.0,18.0,Ideal,F,VS1,3.01,IGI,18890.0
186,Verve Jewels,2,Round,1,1,0,12.54,4439.0,1474.75,4372.0,-65.0,9197.2959,18.0,18.0,Ideal,F,VS1,3.01,IGI,18890.0
186,Vespera Gems,2,Round,1,1,0,13.28,4447.0,1477.41,4380.0,-67.0,9674.9766,18.0,18.0,Ideal,F,VS1,3.01,IGI,18890.0
186,Westport Jewelry,2,Round,1,1,0,11.75,4431.0,1472.09,4365.0,-67.0,9487.4414,18.0,18.0,Ideal,F,VS1,3.01,IGI,18890.0
186,White Lily,2,Round,1,1,0,11.49,4628.0,1537.54,4559.0,-64.0,9274.3164,18.0,18.0,Ideal,F,VS1,3.01,IGI,18890.0
189,White Lily,2,Round,1,1,0,14.29,484.56,663.78,477.0,-28.0,481.4596,18.0,18.0,Ideal,D,SI2,0.73,IGI,960.0
191,Taiga Gems,2,Round,1,1,0,19.55,1003.0,716.43,988.0,-47.0,1366.3652,18.0,18.0,Ideal,I,VVS2,1.4,IGI,2580.0
195,Emilia Sterling,2,Round,1,1,0,12.78,755.0,634.45,744.0,-56.0,1241.6658,18.0,18.0,Super Ideal,G,VS1,1.19,IGI,2676.67
195,Fabiola,2,Round,1,1,0,10.4,765.0,642.86,754.0,-56.0,1254.1924,18.0,18.0,Super Ideal,G,VS1,1.19,IGI,2676.67
195,Magnolia,2,Round,1,1,0,13.25,764.0,642.02,753.0,-56.0,1252.5841,18.0,18.0,Super Ideal,G,VS1,1.19,IGI,2676.67
195,White Lily,2,Round,1,1,0,11.21,809.0,679.83,797.0,-53.0,1224.8373,18.0,18.0,Super Ideal,G,VS1,1.19,IGI,2676.67
197,55 E Diamonds,2,Round,1,1,0,13.39,978.0,795.12,963.0,-63.0,1872.9539,18.0,18.0,Ideal,F,VVS2,1.23,IGI,3230.0
197,Atkinson Crafts,2,Round,1,1,0,12.81,988.0,803.25,973.0,-62.0,1864.7888,18.0,18.0,Ideal,F,VVS2,1.23,IGI,3230.0
197,Jane Brear,2,Round,1,1,0,19.58,992.02,806.52,977.0,-61.0,1825.0387,18.0,18.0,Ideal,F,VVS2,1.23,IGI,3230.0
197,Lyra Stones,2,Round,1,1,0,20.61,973.11,791.15,959.0,-62.0,1833.3265,18.0,18.0,Ideal,F,VVS2,1.23,IGI,3230.0
197,Marlowe & Co,2,Round,1,1,0,10.99,987.0,802.44,972.0,-61.0,1834.1642,18.0,18.0,Ideal,F,VVS2,1.23,IGI,3230.0
197,Mei & Co,2,Round,1,1,0,18.74,953.21,774.97,939.0,-63.0,1855.277,18.0,18.0,Ideal,F,VVS2,1.23,IGI,3230.0
197,Michelle Kennedy,2,Round,1,1,0,17.49,994.0,808.13,979.0,-62.0,1865.5795,18.0,18.0,Ideal,F,VVS2,1.23,IGI,3230.0
197,Oasis Diamonds,2,Round,1,1,0,18.56,996.0,809.76,981.0,-62.0,1877.9742,18.0,18.0,Ideal,F,VVS2,1.23,IGI,3230.0
197,Periwinkle Stones,2,Round,1,1,0,7.61,1006.0,817.89,991.0,-61.0,1854.38,18.0,18.0,Ideal,F,VVS2,1.23,IGI,3230.0
197,Roma Diamonds,2,Round,1,1,0,13.45,975.0,792.68,960.0,-63.0,1863.606,18.0,18.0,Ideal,F,VVS2,1.23,IGI,3230.0
197,Rosella,2,Round,1,1,0,9.64,964.0,783.74,950.0,-63.0,1856.0306,18.0,18.0,Ideal,F,VVS2,1.23,IGI,3230.0
197,Starlight Crafts,2,Round,1,1,0,11.25,963.0,782.93,949.0,-63.0,1877.3436,18.0,18.0,Ideal,F,VVS2,1.23,IGI,3230.0
197,Tilia Diamonds,2,Round,1,1,0,20.72,966.14,785.48,952.0,-61.0,1793.6915,18.0,18.0,Ideal,F,VVS2,1.23,IGI,3230.0
197,White Lily,2,Round,1,1,0,14.42,988.0,803.25,973.0,-62.0,1857.1829,18.0,18.0,Ideal,F,VVS2,1.23,IGI,3230.0
198,Temperley,2,Round,1,1,0,19.22,1312.0,937.14,1292.0,-25.0,1250.1169,17.0,18.0,Ideal,I,VS2,1.4,IGI,2363.33
206,CV Diamonds,2,Round,1,1,0,92.64,1736.0,1027.22,1710.0,-59.0,3029.5137,18.0,18.0,Super Ideal,F,VVS2,1.69,IGI,5850.0
206,Cirrus Gems,2,Round,1,1,0,17.46,1664.0,984.62,1639.0,-60.0,2970.521,18.0,18.0,Super Ideal,F,VVS2,1.69,IGI,5850.0
206,Iris Diamonds,2,Round,1,1,0,11.2,1709.0,1011.24,1683.0,-58.0,2921.2271,18.0,18.0,Super Ideal,F,VVS2,1.69,IGI,5850.0
206,Jane Brear,2,Round,1,1,0,11.8,1718.0,1016.57,1692.0,-59.0,2969.6401,18.0,18.0,Super Ideal,F,VVS2,1.69,IGI,5850.0
206,Michelle Kennedy,2,Round,1,1,0,13.15,1748.22,1034.45,1722.0,-58.0,2982.9265,18.0,18.0,Super Ideal,F,VVS2,1.69,IGI,5850.0
206,Temperley,2,Round,1,1,0,13.96,1856.95,1098.79,1829.0,-55.0,2952.6062,18.0,18.0,Super Ideal,F,VVS2,1.69,IGI,5850.0
206,White Lily,2,Round,1,1,0,14.81,1949.6,1153.61,1920.0,-53.0,2983.1265,18.0,18.0,Super Ideal,F,VVS2,1.69,IGI,5850.0
210,Avignon Diamonds,2,Round,1,1,0,10.89,2814.0,2024.46,2772.0,6.0,1903.824,18.0,18.0,Ideal,G,VVS2,1.39,IGI,3450.0
210,Cirrus Gems,2,Round,1,1,0,21.51,999.9,719.35,985.0,-63.0,1919.2776,18.0,18.0,Ideal,G,VVS2,1.39,IGI,3450.0
210,Michelle Kennedy,2,Round,1,1,0,20.57,1033.8,743.74,1018.0,-61.0,1908.1725,18.0,18.0,Ideal,G,VVS2,1.39,IGI,3450.0
210,Sunset Gems,2,Round,1,2,0,21.95,1019.2,733.24,1004.0,-62.0,1902.5244,18.0,18.0,Ideal,G,VVS2,1.39,IGI,3450.0
210,Taiga Gems,2,Round,1,1,0,15.5,988.31,711.01,973.0,-63.0,1920.2863,18.0,18.0,Ideal,G,VVS2,1.39,IGI,3450.0
210,Temperley,2,Round,1,1,0,19.35,1034.8,744.46,1019.0,-60.0,1869.2074,18.0,18.0,Ideal,G,VVS2,1.39,IGI,3450.0
210,White Lily,2,Round,1,1,0,18.92,1036.79,745.89,1021.0,-61.0,1904.5179,18.0,18.0,Ideal,G,VVS2,1.39,IGI,3450.0
211,Cirrus Gems,2,Round,1,1,0,10.86,924.0,705.34,910.0,-58.0,1590.5817,18.0,18.0,Super Ideal,H,VVS2,1.31,IGI,2815.0
211,Jane Brear,2,Round,1,1,0,17.55,1013.41,773.6,998.0,-54.0,1592.391,18.0,18.0,Super Ideal,H,VVS2,1.31,IGI,2815.0
211,Sunset Gems,2,Round,1,1,0,17.48,1033.68,789.07,1018.0,-52.0,1557.7032,18.0,18.0,Super Ideal,H,VVS2,1.31,IGI,2815.0
211,Taiga Gems,2,Round,1,1,0,21.86,954.0,728.24,940.0,-57.0,1597.6318,18.0,18.0,Super Ideal,H,VVS2,1.31,IGI,2815.0
211,Temperley,2,Round,1,1,0,20.25,972.0,741.98,957.0,-57.0,1609.6421,18.0,18.0,Super Ideal,H,VVS2,1.31,IGI,2815.0
214,Jane Brear,2,Pear,1,1,0,17.53,655.7,936.71,646.0,43.0,298.3024,15.0,15.0,Very Good,I,VS2,0.7,IGI,710.0
215,Albert's Creations,2,Oval,2,1,0,13.6,345.26,548.03,340.0,-52.0,488.2934,14.0,15.0,Very Good,E,VVS2,0.63,IGI,840.0
215,Diamonds by Zoya,2,Oval,2,2,0,15.21,343.28,544.89,338.0,-54.0,504.4377,14.0,15.0,Very Good,E,VVS2,0.63,IGI,840.0
222,Camden Gems,2,Round,1,1,0,18.31,1307.0,848.7,1287.0,-61.0,2415.9148,18.0,18.0,Super Ideal,G,VS1,1.54,IGI,3997.14
222,Fabiola,2,Round,1,1,0,12.19,1310.0,850.65,1290.0,-60.0,2369.0659,18.0,18.0,Super Ideal,G,VS1,1.54,IGI,3997.14
222,Marlowe & Co,2,Round,1,1,0,10.29,1320.0,857.14,1300.0,-60.0,2380.3223,18.0,18.0,Super Ideal,G,VS1,1.54,IGI,3997.14
222,Michelle Kennedy,2,Round,1,1,0,11.52,1323.0,859.09,1303.0,-60.0,2368.3218,18.0,18.0,Super Ideal,G,VS1,1.54,IGI,3997.14
222,Roma Diamonds,2,Round,1,1,0,11.11,1311.0,851.3,1291.0,-61.0,2380.0447,18.0,18.0,Super Ideal,G,VS1,1.54,IGI,3997.14
222,Tamara,2,Round,1,1,0,20.09,1332.0,864.94,1312.0,-60.0,2385.0291,18.0,18.0,Super Ideal,G,VS1,1.54,IGI,3997.14
222,Temperley,2,Round,1,1,0,13.66,1336.0,867.53,1316.0,-59.0,2345.7285,18.0,18.0,Super Ideal,G,VS1,1.54,IGI,3997.14
222,Vespera Gems,2,Round,1,1,0,17.6,1299.0,843.51,1280.0,-61.0,2391.9053,18.0,18.0,Super Ideal,G,VS1,1.54,IGI,3997.14
228,Cirrus Gems,2,Round,1,1,0,15.78,1689.01,836.14,1664.0,-63.0,3259.4622,18.0,18.0,Super Ideal,I,VVS2,2.02,IGI,5380.0
228,Michelle Kennedy,2,Round,1,1,0,13.95,3758.12,1860.46,3702.0,-22.0,3433.6113,18.0,18.0,Super Ideal,I,VVS2,2.02,IGI,5380.0
228,White Lily,2,Round,1,1,0,10.07,1760.0,871.29,1734.0,-60.0,3134.3193,18.0,18.0,Super Ideal,I,VVS2,2.02,IGI,5380.0
230,Adalyn Jewelry,2,Emerald,1,1,0,16.07,747.24,739.84,736.0,-57.0,1115.1285,15.0,15.0,Super Ideal,F,SI1,1.01,IGI,1680.0
230,Bayside Gems,2,Emerald,1,1,0,19.6,726.76,719.56,716.0,-59.0,1140.0791,15.0,15.0,Super Ideal,F,SI1,1.01,IGI,1680.0
230,Cirrus Gems,2,Emerald,1,1,0,15.46,751.85,744.41,741.0,-57.0,1119.8506,15.0,15.0,Super Ideal,F,SI1,1.01,IGI,1680.0
230,Fabiola,2,Emerald,1,1,0,16.77,732.0,724.75,721.0,-60.0,1165.1389,15.0,15.0,Super Ideal,F,SI1,1.01,IGI,1680.0
230,Jane Brear,2,Emerald,1,1,0,20.79,750.0,742.57,739.0,-57.0,1132.6355,15.0,15.0,Super Ideal,F,SI1,1.01,IGI,1680.0
230,Marlowe & Co,2,Emerald,1,1,0,14.09,749.24,741.82,738.0,-57.0,1127.1865,15.0,15.0,Super Ideal,F,SI1,1.01,IGI,1680.0
230,Michelle Kennedy,2,Emerald,1,1,0,18.44,731.58,724.34,721.0,-59.0,1142.1829,15.0,15.0,Super Ideal,F,SI1,1.01,IGI,1680.0
230,N. B. Diamonds,2,Emerald,1,1,0,15.76,750.89,743.46,740.0,-57.0,1114.4006,15.0,15.0,Super Ideal,F,SI1,1.01,IGI,1680.0
230,Serene Peaks Diamonds,2,Emerald,1,1,0,16.35,727.0,719.8,716.0,-58.0,1102.6136,15.0,15.0,Super Ideal,F,SI1,1.01,IGI,1680.0
230,Taiga Gems,2,Emerald,1,1,0,13.77,739.28,731.96,728.0,-56.0,1080.1768,15.0,15.0,Super Ideal,F,SI1,1.01,IGI,1680.0
230,Temperley,2,Emerald,1,1,0,15.69,763.16,755.6,752.0,-51.0,991.2159,15.0,15.0,Super Ideal,F,SI1,1.01,IGI,1680.0
230,White Lily,2,Emerald,1,1,0,15.51,760.18,752.65,749.0,-57.0,1124.7877,15.0,15.0,Super Ideal,F,SI1,1.01,IGI,1680.0
230,Woodhouse Diamonds,2,Emerald,1,2,0,14.64,735.3,728.02,724.0,-55.0,1061.1831,15.0,15.0,Super Ideal,F,SI1,1.01,IGI,1680.0
233,Eternal Flame,2,Oval,2,2,0,14.43,372.13,689.13,367.0,-54.0,543.6738,15.0,15.0,Super Ideal,D,VVS2,0.54,IGI,880.0
233,Magnolia,2,Oval,2,2,0,10.79,364.0,674.07,359.0,-60.0,615.704,15.0,15.0,Super Ideal,D,VVS2,0.54,IGI,880.0
233,Meadow & Co,2,Oval,1,1,0,10.44,375.0,694.44,369.0,-55.0,567.3964,15.0,15.0,Super Ideal,D,VVS2,0.54,IGI,880.0
233,Rosella,2,Oval,2,2,0,13.26,353.0,653.7,348.0,-63.0,644.0573,15.0,15.0,Super Ideal,D,VVS2,0.54,IGI,880.0
233,Silva Diamonds,2,Oval,1,2,0,14.8,360.0,666.67,355.0,-59.0,586.0228,15.0,15.0,Super Ideal,D,VVS2,0.54,IGI,880.0
233,Temperley,2,Oval,1,2,0,11.43,382.0,707.41,376.0,-58.0,615.0872,15.0,15.0,Super Ideal,D,VVS2,0.54,IGI,880.0
233,Vega Diamonds,2,Oval,2,1,0,16.98,353.0,653.7,348.0,-54.0,514.5419,15.0,15.0,Super Ideal,D,VVS2,0.54,IGI,880.0
233,White Lily,2,Oval,1,2,0,14.23,382.0,707.41,376.0,-51.0,528.7686,15.0,15.0,Super Ideal,D,VVS2,0.54,IGI,880.0
235,Jane Brear,2,Round,2,2,0,10.99,302.48,703.44,298.0,-41.0,366.8259,16.0,18.0,Very Good,D,VVS1,0.43,IGI,640.0
235,Michelle Kennedy,2,Round,2,3,0,12.68,302.48,703.44,298.0,-47.0,409.2433,16.0,18.0,Very Good,D,VVS1,0.43,IGI,640.0
240,Avignon Diamonds,2,Cushion,1,1,0,21.58,1314.0,858.82,1294.0,-64.0,2318.8303,15.0,15.0,Super Ideal,G,VS2,1.53,IGI,4530.0
240,Cirrus Gems,2,Cushion,1,2,0,21.08,1312.0,857.52,1292.0,-64.0,2274.7773,15.0,15.0,Super Ideal,G,VS2,1.53,IGI,4530.0
240,Jane Brear,2,Cushion,1,1,0,19.78,1676.47,1095.73,1651.0,-52.0,2213.1685,15.0,15.0,Super Ideal,G,VS2,1.53,IGI,4530.0
240,Michelle Kennedy,2,Cushion,1,1,0,20.69,1369.0,894.77,1348.0,-60.0,2166.4543,15.0,15.0,Super Ideal,G,VS2,1.53,IGI,4530.0
240,Promenade Jewelry,2,Cushion,1,1,0,15.36,1305.0,852.94,1285.0,-65.0,2324.3481,15.0,15.0,Super Ideal,G,VS2,1.53,IGI,4530.0
240,Taiga Gems,2,Cushion,1,1,0,17.13,1344.0,878.43,1324.0,-64.0,2324.2346,15.0,15.0,Super Ideal,G,VS2,1.53,IGI,4530.0
240,Temperley,2,Cushion,1,1,0,21.95,1370.0,895.42,1349.0,-61.0,2214.5273,15.0,15.0,Super Ideal,G,VS2,1.53,IGI,4530.0
242,Albert's Creations,2,Princess,1,1,0,11.51,761.0,827.17,750.0,-63.0,1307.6443,15.0,15.0,Super Ideal,D,VS1,0.92,IGI,2110.0
242,Jane Brear,2,Princess,1,1,0,19.84,774.05,841.36,762.0,-62.0,1282.2272,15.0,15.0,Super Ideal,D,VS1,0.92,IGI,2110.0
242,Lunar Diamonds,2,Princess,1,2,0,14.59,759.18,825.2,748.0,-61.0,1247.2631,15.0,15.0,Super Ideal,D,VS1,0.92,IGI,2110.0
242,Promenade Jewelry,2,Princess,1,1,0,17.78,790.46,859.2,779.0,-59.0,1222.9717,15.0,15.0,Super Ideal,D,VS1,0.92,IGI,2110.0
242,Starlight Crafts,2,Princess,1,1,0,10.9,760.0,826.09,749.0,-63.0,1313.3976,15.0,15.0,Super Ideal,D,VS1,0.92,IGI,2110.0
242,Vega Diamonds,2,Princess,1,1,0,24.25,738.0,802.17,727.0,-63.0,1269.78,15.0,15.0,Super Ideal,D,VS1,0.92,IGI,2110.0
243,Diamonds by Zoya,2,Pear,2,2,0,79.68,339.0,664.71,334.0,-52.0,456.0081,15.0,15.0,Super Ideal,D,VS2,0.51,IGI,710.0
243,Eternal Flame,2,Pear,2,1,0,12.97,349.0,684.31,344.0,-52.0,473.1691,15.0,15.0,Super Ideal,D,VS2,0.51,IGI,710.0
243,Michelle Kennedy,2,Pear,2,2,0,16.57,357.0,700.0,352.0,-47.0,439.112,15.0,15.0,Super Ideal,D,VS2,0.51,IGI,710.0
243,Temperley,2,Pear,2,1,0,15.63,357.0,700.0,352.0,-46.0,430.8335,15.0,15.0,Super Ideal,D,VS2,0.51,IGI,710.0
247,White Lily,2,Round,1,1,0,14.58,322.0,555.17,317.0,-61.0,587.7481,16.0,18.0,Very Good,D,SI1,0.58,IGI,780.0
250,Artemis Stones,2,Radiant,1,1,0,21.61,1437.0,951.66,1415.0,-64.0,2618.332,15.0,15.0,Very Good,E,VS2,1.51,IGI,4400.0
250,Diamonds by Zoya,2,Radiant,1,1,0,20.54,1418.0,939.07,1397.0,-65.0,2597.219,14.0,15.0,Very Good,E,VS2,1.51,IGI,4400.0
250,Fabiola,2,Radiant,1,1,0,19.68,1471.0,974.17,1449.0,-64.0,2684.6953,15.0,15.0,Very Good,E,VS2,1.51,IGI,4400.0
252,Eternity Fine Jewelers,2,Oval,1,1,0,18.62,1110.42,847.65,1094.0,-57.0,1724.0374,15.0,15.0,Super Ideal,G,VS1,1.31,IGI,2920.0
252,Fabiola,2,Oval,1,1,0,15.52,1107.0,845.04,1090.0,-56.0,1702.5629,15.0,15.0,Super Ideal,G,VS1,1.31,IGI,2920.0
252,Michelle Kennedy,2,Oval,1,1,0,16.04,1157.18,883.34,1140.0,-55.0,1723.3939,15.0,15.0,Super Ideal,G,VS1,1.31,IGI,2920.0
252,Periwinkle Stones,2,Oval,1,1,0,14.11,1123.36,857.53,1107.0,-57.0,1755.6161,15.0,15.0,Super Ideal,G,VS1,1.31,IGI,2920.0
252,Serene Peaks Diamonds,2,Oval,1,1,0,13.25,1119.0,854.2,1102.0,-57.0,1758.1283,15.0,15.0,Super Ideal,G,VS1,1.31,IGI,2920.0
252,Sonata Gems,2,Oval,1,1,0,12.94,1104.45,843.09,1088.0,-56.0,1695.1909,15.0,15.0,Super Ideal,G,VS1,1.31,IGI,2920.0
252,Taiga Gems,2,Oval,1,1,0,10.77,1088.53,830.94,1072.0,-58.0,1741.2778,15.0,15.0,Super Ideal,G,VS1,1.31,IGI,2920.0
252,Temperley,2,Oval,1,1,0,17.83,1103.46,842.34,1087.0,-58.0,1772.0166,15.0,15.0,Super Ideal,G,VS1,1.31,IGI,2920.0
252,White Lily,2,Oval,1,1,0,17.65,1103.46,842.34,1087.0,-57.0,1710.577,15.0,15.0,Super Ideal,G,VS1,1.31,IGI,2920.0
254,White Lily,2,Pear,1,1,0,11.7,1144.25,1121.81,1127.0,-27.0,1021.9375,15.0,15.0,Super Ideal,I,SI1,1.02,IGI,1310.0
263,Michelle Kennedy,2,Round,1,1,0,18.48,932.0,745.6,918.0,-55.0,1493.2592,18.0,18.0,Ideal,H,VVS2,1.25,IGI,2496.67
263,N. B. Diamonds,2,Round,1,1,0,21.7,909.0,727.2,895.0,-58.0,1554.735,18.0,18.0,Ideal,H,VVS2,1.25,IGI,2496.67
263,Temperley,2,Round,1,1,0,16.75,961.0,768.8,947.0,-56.0,1552.3737,18.0,18.0,Ideal,H,VVS2,1.25,IGI,2496.67
263,White Lily,2,Round,1,1,0,17.92,942.0,753.6,928.0,-56.0,1541.8585,18.0,18.0,Ideal,H,VVS2,1.25,IGI,2496.67
276,Avignon Diamonds,2,Heart,2,2,0,16.42,344.0,491.43,339.0,-76.0,853.5439,14.0,15.0,Very Good,D,VS2,0.7,IGI,1240.0
279,White Lily,2,Oval,2,3,0,15.07,315.0,431.51,310.0,-60.0,525.3082,14.0,15.0,Very Good,H,VS1,0.73,IGI,960.0
283,Jane Brear,2,Round,1,1,0,19.45,1054.0,675.64,1038.0,-61.0,1911.2224,18.0,18.0,Ideal,I,VS1,1.56,IGI,2995.0
283,Lotus Creation,2,Round,1,1,0,20.17,1008.58,646.53,993.0,-61.0,1856.2144,18.0,18.0,Ideal,I,VS1,1.56,IGI,2995.0
283,Michelle Kennedy,2,Round,1,1,0,17.74,1002.96,642.92,988.0,-63.0,1926.7294,18.0,18.0,Ideal,I,VS1,1.56,IGI,2995.0
283,Temperley,2,Round,1,1,0,15.76,1002.96,642.92,988.0,-64.0,1974.2266,18.0,18.0,Ideal,I,VS1,1.56,IGI,2995.0
285,Albert's Creations,2,Pear,2,1,0,11.26,329.0,577.19,324.0,-50.0,428.6491,14.0,15.0,Very Good,F,VS2,0.57,IGI,630.0
286,White Lily,2,Pear,1,1,0,14.24,2563.0,1294.44,2525.0,-61.0,4281.9717,15.0,15.0,Very Good,E,VVS2,1.98,IGI,7450.0
287,Century Stones,2,Round,1,1,0,18.67,1374.37,904.19,1354.0,-55.0,2203.1306,18.0,18.0,Ideal,G,VS2,1.52,IGI,3720.0
287,Michelle Kennedy,2,Round,1,1,0,12.38,1242.0,817.11,1223.0,-61.0,2262.9758,18.0,18.0,Ideal,G,VS2,1.52,IGI,3720.0
287,Nova Stars,2,Round,1,1,0,13.28,1185.0,779.61,1167.0,-62.0,2224.0188,18.0,18.0,Ideal,G,VS2,1.52,IGI,3720.0
287,Starlight Crafts,2,Round,1,1,0,12.78,1191.0,783.55,1173.0,-63.0,2280.0393,18.0,18.0,Ideal,G,VS2,1.52,IGI,3720.0
291,Clermont Diamonds,2,Round,1,1,0,12.12,1752.0,842.31,1726.0,-60.0,3128.6616,18.0,18.0,Super Ideal,F,SI1,2.08,IGI,6540.0
291,Jane Brear,2,Round,1,1,0,18.32,1734.0,833.65,1708.0,-61.0,3151.2375,18.0,18.0,Super Ideal,F,SI1,2.08,IGI,6540.0
291,Taiga Gems,2,Round,1,1,0,13.21,1741.0,837.02,1715.0,-60.0,3116.1345,18.0,18.0,Super Ideal,F,SI1,2.08,IGI,6540.0
291,Thalassa Gems,2,Round,1,1,0,15.27,1749.0,840.87,1723.0,-60.0,3123.9556,18.0,18.0,Super Ideal,F,SI1,2.08,IGI,6540.0
291,Vega Diamonds,2,Round,1,1,0,16.96,1728.58,831.05,1703.0,-61.0,3196.9255,18.0,18.0,Super Ideal,F,SI1,2.08,IGI,6540.0
291,White Lily,2,Round,1,1,0,19.72,1938.99,932.21,1910.0,-54.0,3003.2798,18.0,18.0,Super Ideal,F,SI1,2.08,IGI,6540.0
293,Emilia Sterling,2,Cushion,1,1,0,13.5,896.62,870.5,883.0,-68.0,1747.9734,14.0,15.0,Very Good,E,VVS2,1.03,IGI,2610.0
293,Hazel Diamonds,2,Cushion,1,1,0,16.97,922.68,895.81,909.0,-66.0,1716.6609,15.0,15.0,Very Good,E,VVS2,1.03,IGI,2610.0
293,Jane Brear,2,Cushion,1,1,0,11.81,990.02,961.18,975.0,-65.0,1788.1761,15.0,15.0,Very Good,E,VVS2,1.03,IGI,2610.0
293,Lotus Creation,2,Cushion,1,1,0,15.68,922.68,895.81,909.0,-66.0,1730.5156,15.0,15.0,Very Good,E,VVS2,1.03,IGI,2610.0
293,Marlowe & Co,2,Cushion,1,2,0,11.82,942.26,914.82,928.0,-60.0,1477.7393,14.0,15.0,Very Good,E,VVS2,1.03,IGI,2610.0
293,Michelle Kennedy,2,Cushion,1,1,0,8.17,989.0,960.19,974.0,-65.0,1777.6434,15.0,15.0,Very Good,E,VVS2,1.03,IGI,2610.0
293,Periwinkle Stones,2,Cushion,1,1,0,9.47,963.0,934.95,949.0,-66.0,1772.8378,15.0,15.0,Very Good,E,VVS2,1.03,IGI,2610.0
293,Temperley,2,Cushion,1,1,0,14.51,990.02,961.18,975.0,-65.0,1782.7721,15.0,15.0,Very Good,E,VVS2,1.03,IGI,2610.0
293,White Lily,2,Cushion,1,1,0,11.15,936.3,909.03,922.0,-67.0,1767.1646,14.0,15.0,Very Good,E,VVS2,1.03,IGI,2610.0
296,Century Stones,2,Round,1,1,0,17.86,1387.0,883.44,1366.0,-55.0,2193.6519,18.0,18.0,Super Ideal,G,VS2,1.57,IGI,3985.0
296,Clermont Diamonds,2,Round,1,1,0,13.08,1205.0,767.52,1187.0,-61.0,2232.2637,18.0,18.0,Super Ideal,G,VS2,1.57,IGI,3985.0
296,Jane Brear,2,Round,1,1,0,14.32,1262.66,804.24,1244.0,-58.0,2162.2981,18.0,18.0,Super Ideal,G,VS2,1.57,IGI,3985.0
296,Mei & Co,2,Round,2,1,0,16.38,1197.98,763.04,1180.0,-62.0,2256.2898,18.0,18.0,Super Ideal,G,VS2,1.57,IGI,3985.0
296,Michelle Kennedy,2,Round,1,1,0,15.43,1306.44,832.13,1287.0,-59.0,2298.301,18.0,18.0,Super Ideal,G,VS2,1.57,IGI,3985.0
296,White Lily,2,Round,1,1,0,18.16,1204.51,767.2,1186.0,-62.0,2262.1509,18.0,18.0,Super Ideal,G,VS2,1.57,IGI,3985.0
297,Jane Brear,2,Round,1,1,0,14.64,650.73,715.09,641.0,-51.0,949.9294,18.0,18.0,Super Ideal,F,VS1,0.91,IGI,1790.0
297,Lotus Creation,2,Round,1,1,0,16.0,639.0,702.2,629.0,-55.0,1007.5886,18.0,18.0,Super Ideal,F,VS1,0.91,IGI,1790.0
297,Marlowe & Co,2,Round,1,1,0,11.23,721.0,792.31,710.0,-47.0,967.555,18.0,18.0,Super Ideal,F,VS1,0.91,IGI,1790.0
297,Michelle Kennedy,2,Round,1,1,0,12.22,658.0,723.08,648.0,-51.0,954.2592,18.0,18.0,Super Ideal,F,VS1,0.91,IGI,1790.0
297,Nova Stars,2,Round,1,1,0,12.71,631.0,693.41,622.0,-54.0,971.754,18.0,18.0,Super Ideal,F,VS1,0.91,IGI,1790.0
297,Temperley,2,Round,1,1,0,10.58,658.0,723.08,648.0,-52.0,985.2094,18.0,18.0,Super Ideal,F,VS1,0.91,IGI,1790.0
297,White Lily,2,Round,1,1,0,15.22,830.82,912.99,818.0,-39.0,968.4739,18.0,18.0,Super Ideal,F,VS1,0.91,IGI,1790.0
301,Bayside Gems,2,Round,1,1,0,17.62,3994.65,1322.73,3935.0,-64.0,7939.1304,18.0,18.0,Super Ideal,F,VS2,3.02,IGI,16680.0
301,Clermont Diamonds,2,Round,1,1,0,15.07,3974.03,1315.9,3914.0,-65.0,8080.7778,18.0,18.0,Super Ideal,F,VS2,3.02,IGI,16680.0
301,Hoseki,2,Round,1,1,0,15.74,4032.0,1335.1,3972.0,-64.0,8068.3496,18.0,18.0,Super Ideal,F,VS2,3.02,IGI,16680.0
301,Jane Brear,2,Round,1,1,0,13.83,3949.0,1307.62,3890.0,-65.0,7983.1279,18.0,18.0,Super Ideal,F,VS2,3.02,IGI,16680.0
301,Lotus Creation,2,Round,1,1,0,18.15,3900.0,1291.39,3842.0,-65.0,8052.9351,18.0,18.0,Super Ideal,F,VS2,3.02,IGI,16680.0
301,Michelle Kennedy,2,Round,1,1,0,15.12,3949.0,1307.62,3890.0,-66.0,8292.9854,18.0,18.0,Super Ideal,F,VS2,3.02,IGI,16680.0
301,Pegasus Diamonds,2,Round,1,1,0,13.34,4147.0,1373.18,4085.0,-63.0,8034.7959,18.0,18.0,Super Ideal,F,VS2,3.02,IGI,16680.0
301,Periwinkle Stones,2,Round,1,1,0,12.07,4004.0,1325.83,3944.0,-66.0,8345.7783,18.0,18.0,Super Ideal,F,VS2,3.02,IGI,16680.0
301,Taiga Gems,2,Round,1,1,0,17.95,3858.0,1277.48,3800.0,-67.0,8393.6562,18.0,18.0,Super Ideal,F,VS2,3.02,IGI,16680.0
301,Temperley,2,Round,1,1,0,21.75,6383.0,2113.58,6287.0,-43.0,8071.8843,18.0,18.0,Super Ideal,F,VS2,3.02,IGI,16680.0
301,White Lily,2,Round,1,1,0,13.21,3948.0,1307.28,3889.0,-65.0,8178.458,18.0,18.0,Super Ideal,F,VS2,3.02,IGI,16680.0
302,Cirrus Gems,2,Round,1,1,0,24.39,886.01,646.72,873.0,-54.0,1381.39,18.0,18.0,Ideal,H,VS2,1.37,IGI,2590.0
302,Starlit Stones,2,Round,1,1,0,64.65,900.0,656.93,886.0,-53.0,1365.3088,18.0,18.0,Ideal,H,VS2,1.37,IGI,2590.0
302,Taiga Gems,2,Round,1,1,0,22.47,884.56,645.66,871.0,-54.0,1374.7576,18.0,18.0,Ideal,H,VS2,1.37,IGI,2590.0
302,White Lily,2,Round,1,1,0,24.28,992.17,724.21,977.0,-48.0,1369.5994,18.0,18.0,Ideal,H,VS2,1.37,IGI,2590.0
303,55 E Diamonds,2,Round,1,1,0,14.29,852.0,692.68,839.0,-63.0,1654.9755,18.0,18.0,Ideal,E,VS1,1.23,IGI,2870.0
303,Avignon Diamonds,2,Round,1,1,0,14.82,844.0,686.18,831.0,-62.0,1605.549,18.0,18.0,Ideal,E,VS1,1.23,IGI,2870.0
303,Blackbird Gems,2,Round,1,1,0,15.7,849.73,690.84,837.0,-63.0,1664.6576,18.0,18.0,Ideal,E,VS1,1.23,IGI,2870.0
303,CV Diamonds,2,Round,1,1,0,17.52,855.7,695.69,843.0,-63.0,1641.5059,18.0,18.0,Ideal,E,VS1,1.23,IGI,2870.0
303,Cirrus Gems,2,Round,1,1,0,93.54,822.0,668.29,810.0,-64.0,1645.6774,18.0,18.0,Ideal,E,VS1,1.23,IGI,2870.0
303,Clermont Diamonds,2,Round,1,1,0,11.6,849.0,690.24,836.0,-63.0,1626.7041,18.0,18.0,Ideal,E,VS1,1.23,IGI,2870.0
303,Cornerstone,2,Round,1,1,0,11.42,864.0,702.44,851.0,-62.0,1630.4388,18.0,18.0,Ideal,E,VS1,1.23,IGI,2870.0
303,Diamonds by Zoya,2,Round,1,1,0,14.56,850.0,691.06,837.0,-62.0,1618.182,18.0,18.0,Ideal,E,VS1,1.23,IGI,2870.0
303,Emilia Sterling,2,Round,1,1,0,12.72,830.0,674.8,818.0,-64.0,1645.1693,18.0,18.0,Ideal,E,VS1,1.23,IGI,2870.0
303,Eterna Luxe,2,Round,1,1,0,15.02,860.0,699.19,847.0,-62.0,1635.226,18.0,18.0,Ideal,E,VS1,1.23,IGI,2870.0
303,Eternity Fine Jewelers,2,Round,1,1,0,16.38,848.0,689.43,835.0,-63.0,1653.3259,18.0,18.0,Ideal,E,VS1,1.23,IGI,2870.0
303,Fabiola,2,Round,1,1,0,14.65,850.0,691.06,837.0,-63.0,1664.5632,18.0,18.0,Ideal,E,VS1,1.23,IGI,2870.0
303,Genesis Stones,2,Round,1,1,0,12.0,923.0,750.41,909.0,-60.0,1664.5632,18.0,18.0,Ideal,E,VS1,1.23,IGI,2870.0
303,Jane Brear,2,Round,1,1,0,14.17,872.0,708.94,859.0,-61.0,1595.6444,18.0,18.0,Ideal,E,VS1,1.23,IGI,2870.0
303,Lotus Creation,2,Round,1,1,0,18.57,851.26,692.08,838.0,-63.0,1644.1376,17.0,18.0,Ideal,E,VS1,1.23,IGI,2870.0
303,Marlowe & Co,2,Round,1,1,0,10.44,859.0,698.37,846.0,-63.0,1648.0575,18.0,18.0,Ideal,E,VS1,1.23,IGI,2870.0
303,Michelle Kennedy,2,Round,1,1,0,19.4,889.87,723.47,877.0,-61.0,1638.1108,18.0,18.0,Ideal,E,VS1,1.23,IGI,2870.0
303,N. B. Diamonds,2,Round,1,1,0,,7750.0,6300.81,7634.0,245.0,1608.922,18.0,18.0,Ideal,E,VS1,1.23,IGI,2870.0
303,Oasis Diamonds,2,Round,1,1,0,16.7,892.0,725.2,879.0,-61.0,1631.6532,18.0,18.0,Ideal,E,VS1,1.23,IGI,2870.0
303,Periwinkle Stones,2,Round,1,1,0,9.98,867.0,704.88,854.0,-63.0,1681.4896,18.0,18.0,Ideal,E,VS1,1.23,IGI,2870.0
303,Riviera Jewels,2,Round,1,1,0,14.35,842.0,684.55,829.0,-64.0,1663.67,18.0,18.0,Ideal,E,VS1,1.23,IGI,2870.0
303,Roma Diamonds,2,Round,1,1,0,15.06,848.0,689.43,835.0,-63.0,1661.6206,18.0,18.0,Ideal,E,VS1,1.23,IGI,2870.0
303,Rosella,2,Round,1,1,0,16.86,836.0,679.67,823.0,-64.0,1661.9305,18.0,18.0,Ideal,E,VS1,1.23,IGI,2870.0
303,Serene Peaks Diamonds,2,Round,2,1,0,14.17,854.0,694.31,841.0,-63.0,1634.0355,18.0,18.0,Ideal,E,VS1,1.23,IGI,2870.0
303,Sigma Diamonds,2,Round,1,1,0,13.43,850.0,691.06,837.0,-64.0,1668.9806,18.0,18.0,Ideal,E,VS1,1.23,IGI,2870.0
303,Silva Diamonds,2,Round,1,1,0,11.47,838.0,681.3,825.0,-63.0,1603.2888,18.0,18.0,Ideal,E,VS1,1.23,IGI,2870.0
303,Starlight Crafts,2,Round,1,1,0,11.93,850.0,691.06,837.0,-63.0,1642.2592,18.0,18.0,Ideal,E,VS1,1.23,IGI,2870.0
303,Taiga Gems,2,Round,1,1,0,12.57,857.0,696.75,844.0,-62.0,1612.4528,18.0,18.0,Ideal,E,VS1,1.23,IGI,2870.0
303,Temperley,2,Round,1,1,0,92.77,882.0,717.07,869.0,-61.0,1610.6475,18.0,18.0,Ideal,E,VS1,1.23,IGI,2870.0
303,Verve Jewels,2,Round,1,1,0,93.38,848.0,689.43,835.0,-63.0,1641.8009,18.0,18.0,Ideal,E,VS1,1.23,IGI,2870.0
303,White Lily,2,Round,1,1,0,13.52,919.38,747.46,906.0,-60.0,1655.4645,18.0,18.0,Ideal,E,VS1,1.23,IGI,2870.0
304,Temperley,2,Round,1,1,0,10.58,1856.0,923.38,1828.0,-43.0,2325.8628,18.0,18.0,Super Ideal,J,SI1,2.01,IGI,3869.23
305,Hannah Richards,2,Pear,2,2,0,20.9,438.0,547.5,431.0,-61.0,724.6863,15.0,15.0,Very Good,E,VVS1,0.8,IGI,1510.0
307,Jane Brear,2,Cushion,1,1,0,25.99,3669.0,1825.37,3614.0,-60.0,5776.4302,14.0,15.0,Very Good,D,VVS1,2.01,IGI,14500.0
307,Marlowe & Co,2,Cushion,1,1,0,20.9,3948.16,1964.26,3889.0,-54.0,5364.2515,15.0,15.0,Very Good,D,VVS1,2.01,IGI,14500.0
307,Michelle Kennedy,2,Cushion,1,1,0,19.83,3775.0,1878.11,3718.0,-58.0,5719.7915,15.0,15.0,Very Good,D,VVS1,2.01,IGI,14500.0
307,Sara's Diamonds,2,Cushion,1,1,0,58.5,3632.0,1806.97,3578.0,-59.0,5643.8452,14.0,15.0,Very Good,D,VVS1,2.01,IGI,14500.0
307,Temperley,2,Cushion,1,1,0,25.68,3669.0,1825.37,3614.0,-59.0,5671.6289,14.0,15.0,Very Good,D,VVS1,2.01,IGI,14500.0
308,Jane Brear,2,Round,1,1,0,14.71,350.0,583.33,345.0,-39.0,409.4829,18.0,18.0,Ideal,E,VS2,0.6,IGI,810.0
308,Marlowe & Co,2,Round,2,1,0,15.8,333.32,555.53,328.0,-47.0,446.4315,18.0,18.0,Ideal,E,VS2,0.6,IGI,810.0
308,Michelle Kennedy,2,Round,1,1,0,12.76,379.1,631.83,373.0,-35.0,416.8131,18.0,18.0,Ideal,E,VS2,0.6,IGI,810.0
308,Nova Stars,2,Round,1,1,0,14.11,322.38,537.3,318.0,-48.0,440.6723,18.0,18.0,Ideal,E,VS2,0.6,IGI,810.0
308,Temperley,2,Round,1,1,0,12.43,350.0,583.33,345.0,-46.0,460.1812,18.0,18.0,Ideal,E,VS2,0.6,IGI,810.0
309,Cirrus Gems,2,Pear,2,3,0,16.23,747.03,747.03,736.0,-63.0,1316.7006,14.0,15.0,Very Good,G,VS2,1.0,IGI,1906.67
309,Grace Brooks,2,Pear,1,1,0,19.35,749.92,749.92,739.0,-59.0,1195.8137,14.0,15.0,Very Good,G,VS2,1.0,IGI,1906.67
309,I & M Designs,2,Pear,2,3,0,16.19,797.0,797.0,785.0,-60.0,1308.2202,13.0,15.0,Very Good,G,VS2,1.0,IGI,1906.67
309,Jane Brear,2,Pear,1,2,0,17.65,757.2,757.2,746.0,-64.0,1356.1034,15.0,15.0,Very Good,G,VS2,1.0,IGI,1906.67
309,Roma Diamonds,2,Pear,1,1,0,13.19,745.0,745.0,734.0,-62.0,1272.9069,15.0,15.0,Very Good,G,VS2,1.0,IGI,1906.67
309,Temperley,2,Pear,2,2,0,13.64,769.14,769.14,758.0,-57.0,1155.5264,14.0,15.0,Very Good,G,VS2,1.0,IGI,1906.67
310,Meridian Crafts,2,Round,1,1,0,14.35,323.0,897.22,318.0,-36.0,359.783,18.0,18.0,Ideal,F,VVS2,0.36,IGI,420.0
312,Silva Diamonds,2,Emerald,1,1,0,14.44,316.0,619.61,311.0,-58.0,478.7867,14.0,15.0,Very Good,E,VVS2,0.51,IGI,680.0
313,Cirrus Gems,2,Round,1,1,0,19.94,1917.0,855.8,1888.0,-63.0,3756.0576,18.0,18.0,Ideal,H,VS1,2.24,IGI,7710.0
313,Jane Brear,2,Round,1,1,0,14.21,1998.0,891.96,1968.0,-61.0,3665.7734,18.0,18.0,Ideal,H,VS1,2.24,IGI,7710.0
313,White Lily,2,Round,1,1,0,16.54,2014.88,899.5,1985.0,-61.0,3741.3784,18.0,18.0,Ideal,H,VS1,2.24,IGI,7710.0
314,Temperley,2,Round,1,1,0,11.84,442.0,818.52,435.0,-20.0,397.3258,18.0,18.0,Super Ideal,I,VS1,0.54,IGI,600.0
317,55 E Diamonds,2,Round,1,1,0,16.73,2103.06,1015.97,2072.0,-60.0,3746.2676,18.0,18.0,Super Ideal,G,VS1,2.07,IGI,7361.25
317,Artemis Stones,2,Round,1,1,0,18.16,1897.48,916.66,1869.0,-64.0,3752.0117,18.0,18.0,Super Ideal,G,VS1,2.07,IGI,7361.25
317,Clermont Diamonds,2,Round,1,1,0,14.01,1938.26,936.36,1909.0,-62.0,3678.0144,18.0,18.0,Super Ideal,G,VS1,2.07,IGI,7361.25
317,Diamonds by Zoya,2,Round,1,1,0,94.8,1924.0,929.47,1895.0,-64.0,3788.7083,18.0,18.0,Super Ideal,G,VS1,2.07,IGI,7361.25
317,Meridian Crafts,2,Round,1,1,0,12.42,1927.0,930.92,1898.0,-62.0,3661.1377,18.0,18.0,Super Ideal,G,VS1,2.07,IGI,7361.25
317,Michelle Kennedy,2,Round,1,1,0,14.42,1924.0,929.47,1895.0,-63.0,3749.2847,18.0,18.0,Super Ideal,G,VS1,2.07,IGI,7361.25
317,Sonata Gems,2,Round,1,1,0,12.38,1972.09,952.7,1943.0,-62.0,3725.821,18.0,18.0,Super Ideal,G,VS1,2.07,IGI,7361.25
317,Tamara,2,Round,1,1,0,16.26,1977.06,955.1,1947.0,-61.0,3670.501,18.0,18.0,Super Ideal,G,VS1,2.07,IGI,7361.25
317,Temperley,2,Round,1,1,0,14.01,1996.96,964.71,1967.0,-61.0,3710.4824,18.0,18.0,Super Ideal,G,VS1,2.07,IGI,7361.25
317,Westport Jewelry,2,Round,1,1,0,16.03,1898.0,916.91,1870.0,-63.0,3708.2068,18.0,18.0,Super Ideal,G,VS1,2.07,IGI,7361.25
317,White Lily,2,Round,1,1,0,14.17,2026.82,979.14,1996.0,-60.0,3635.5508,18.0,18.0,Super Ideal,G,VS1,2.07,IGI,7361.25
318,Sunset Gems,2,Round,1,1,0,17.45,1162.0,769.54,1145.0,-63.0,2231.4409,17.0,18.0,Very Good,I,VVS2,1.51,IGI,3030.0
323,Jane Brear,2,Oval,1,1,0,17.3,927.51,719.0,914.0,-62.0,1644.6312,15.0,15.0,Super Ideal,G,VS2,1.29,IGI,2510.0
323,Taiga Gems,2,Oval,1,1,0,17.28,912.42,707.3,899.0,-65.0,1745.1946,15.0,15.0,Super Ideal,G,VS2,1.29,IGI,2510.0
323,Temperley,2,Oval,1,1,0,18.68,1040.77,806.8,1025.0,-57.0,1635.3942,15.0,15.0,Super Ideal,G,VS2,1.29,IGI,2510.0
327,Avignon Diamonds,2,Cushion,1,1,0,17.01,4479.0,1488.04,4412.0,-62.0,7455.7803,15.0,15.0,Very Good,E,VS2,3.01,IGI,14340.0
327,Marlowe & Co,2,Cushion,1,1,0,14.77,4649.64,1544.73,4580.0,-61.0,7611.3984,14.0,15.0,Very Good,E,VS2,3.01,IGI,14340.0
327,Temperley,2,Cushion,1,2,0,20.14,4493.0,1492.69,4426.0,-62.0,7418.2676,14.0,15.0,Very Good,E,VS2,3.01,IGI,14340.0
327,White Lily,2,Cushion,1,1,0,13.5,4607.0,1530.56,4538.0,-59.0,7120.6938,13.0,15.0,Very Good,E,VS2,3.01,IGI,14340.0
332,Elmwood Diamonds,2,Oval,2,2,0,19.72,2743.0,1097.2,2702.0,-47.0,3488.3975,15.0,15.0,Super Ideal,I,VS1,2.5,IGI,6220.0
332,Taiga Gems,2,Oval,1,1,0,12.69,2125.0,850.0,2093.0,-57.0,3315.1594,15.0,15.0,Super Ideal,I,VS1,2.5,IGI,6220.0
332,Temperley,2,Oval,1,1,0,18.48,2181.0,872.4,2148.0,-55.0,3230.2908,15.0,15.0,Super Ideal,I,VS1,2.5,IGI,6220.0
337,Taiga Gems,2,Oval,1,1,0,13.23,2017.0,951.42,1987.0,-58.0,3223.2922,15.0,15.0,Super Ideal,I,VVS2,2.12,IGI,4850.0
342,Cirrus Gems,2,Round,1,1,0,13.31,707.45,686.84,697.0,-57.0,1166.5229,18.0,18.0,Ideal,H,VVS2,1.03,IGI,2050.0
342,Jane Brear,2,Round,1,1,0,14.65,737.3,715.83,726.0,-55.0,1167.5149,18.0,18.0,Ideal,H,VVS2,1.03,IGI,2050.0
342,Temperley,2,Round,1,1,0,11.28,719.38,698.43,709.0,-58.0,1220.5332,18.0,18.0,Ideal,H,VVS2,1.03,IGI,2050.0
344,Artemis Stones,2,Round,1,1,0,22.27,1970.0,895.45,1940.0,-63.0,3783.3369,18.0,18.0,Super Ideal,G,VS2,2.2,IGI,7380.0
344,Hoseki,2,Round,1,1,0,20.28,2063.0,937.73,2032.0,-61.0,3802.1946,18.0,18.0,Super Ideal,G,VS2,2.2,IGI,7380.0
344,Lyra Stones,2,Round,1,1,0,17.42,2025.0,920.45,1995.0,-62.0,3776.9773,18.0,18.0,Super Ideal,G,VS2,2.2,IGI,7380.0
344,Michelle Kennedy,2,Round,1,1,0,16.28,2043.0,928.64,2012.0,-61.0,3723.9087,18.0,18.0,Super Ideal,G,VS2,2.2,IGI,7380.0
344,Temperley,2,Round,1,1,0,19.19,2065.0,938.64,2034.0,-60.0,3690.0164,18.0,18.0,Super Ideal,G,VS2,2.2,IGI,7380.0
345,Cirrus Gems,2,Emerald,1,1,0,23.18,1618.0,908.99,1594.0,-57.0,2439.2703,15.0,15.0,Super Ideal,H,VVS2,1.78,IGI,4640.0
358,Michelle Kennedy,2,Round,2,1,0,12.67,819.0,682.5,807.0,-58.0,1384.3064,18.0,18.0,Ideal,H,VS2,1.2,IGI,2186.67
367,Cirrus Gems,2,Round,1,1,0,94.42,3038.0,1309.48,2992.0,-62.0,5756.3584,18.0,18.0,Ideal,F,VVS2,2.32,IGI,12010.0
367,Emilia Sterling,2,Round,1,1,0,19.57,3041.36,1310.93,2996.0,-62.0,5718.1694,18.0,18.0,Ideal,F,VVS2,2.32,IGI,12010.0
367,Eterna Luxe,2,Round,1,1,0,14.14,3171.0,1366.81,3123.0,-60.0,5685.0688,18.0,18.0,Ideal,F,VVS2,2.32,IGI,12010.0
367,I & M Designs,2,Round,1,1,0,18.61,3318.0,1430.17,3268.0,-59.0,5728.002,18.0,18.0,Ideal,F,VVS2,2.32,IGI,12010.0
367,Jane Brear,2,Round,1,1,0,17.16,3264.6,1407.16,3216.0,-60.0,5836.5732,18.0,18.0,Ideal,F,VVS2,2.32,IGI,12010.0
367,Meridian Crafts,2,Round,1,1,0,13.15,3160.0,1362.07,3113.0,-60.0,5645.5435,18.0,18.0,Ideal,F,VVS2,2.32,IGI,12010.0
367,Michelle Kennedy,2,Round,1,1,0,18.27,3083.39,1329.05,3037.0,-62.0,5849.9097,18.0,18.0,Ideal,F,VVS2,2.32,IGI,12010.0
367,Temperley,2,Round,1,1,0,17.33,3200.92,1379.71,3153.0,-61.0,5817.0391,18.0,18.0,Ideal,F,VVS2,2.32,IGI,12010.0
367,Tierra Mia Diamonds,2,Round,1,1,0,18.78,3100.58,1336.46,3054.0,-61.0,5750.7378,18.0,18.0,Ideal,F,VVS2,2.32,IGI,12010.0
368,Jane Brear,2,Round,1,1,0,10.33,711.0,711.0,700.0,-67.0,1549.7405,14.0,18.0,Very Good,D,VS2,1.0,IGI,2315.0
368,Marlowe & Co,2,Round,2,3,0,14.95,693.0,693.0,683.0,-67.0,1510.5566,16.0,18.0,Very Good,D,VS2,1.0,IGI,2315.0
368,Michelle Kennedy,2,Round,1,1,0,11.65,711.0,711.0,700.0,-67.0,1557.5769,15.0,18.0,Very Good,D,VS2,1.0,IGI,2315.0
368,Roma Diamonds,2,Round,1,1,0,13.78,1283.0,1283.0,1264.0,-37.0,1463.9491,17.0,18.0,Very Good,D,VS2,1.0,IGI,2315.0
368,Temperley,2,Round,1,1,0,15.07,707.0,707.0,696.0,-67.0,1519.7737,16.0,18.0,Very Good,D,VS2,1.0,IGI,2315.0
368,Thalassa Gems,2,Round,1,2,0,12.31,681.0,681.0,671.0,-68.0,1514.1298,16.0,18.0,Very Good,D,VS2,1.0,IGI,2315.0
372,Albert's Creations,2,Radiant,1,1,0,15.03,5737.0,1770.68,5651.0,-65.0,10504.3965,15.0,15.0,Super Ideal,E,VS1,3.24,IGI,19190.0
372,Bonsai Gems,2,Radiant,1,1,0,19.7,6034.32,1862.44,5944.0,-63.0,10473.7637,15.0,15.0,Super Ideal,E,VS1,3.24,IGI,19190.0
372,Diamonds by Zoya,2,Radiant,1,1,0,19.13,5532.0,1707.41,5449.0,-66.0,10586.4814,15.0,15.0,Super Ideal,E,VS1,3.24,IGI,19190.0
372,Periwinkle Stones,2,Radiant,1,1,0,15.18,5766.0,1779.63,5680.0,-64.0,10441.0938,15.0,15.0,Super Ideal,E,VS1,3.24,IGI,19190.0
372,Starlit Stones,2,Radiant,1,1,0,71.11,5861.0,1808.95,5773.0,-63.0,10420.3604,15.0,15.0,Super Ideal,E,VS1,3.24,IGI,19190.0
373,Diamonds by Zoya,2,Round,1,1,0,93.19,3349.17,1339.67,3299.0,-63.0,6461.9727,16.0,18.0,Very Good,G,VVS2,2.5,IGI,11090.0
373,White Lily,2,Round,1,1,0,15.15,3354.0,1341.6,3304.0,-62.0,6308.998,15.0,18.0,Very Good,G,VVS2,2.5,IGI,11090.0
375,Avignon Diamonds,2,Round,1,1,0,24.16,364.0,587.1,359.0,-56.0,591.5147,18.0,18.0,Ideal,D,VVS2,0.62,IGI,1106.67
375,Felicity Diamonds,2,Round,1,1,0,14.29,344.0,554.84,339.0,-61.0,632.9242,18.0,18.0,Ideal,D,VVS2,0.62,IGI,1106.67
375,Hoseki,2,Round,1,2,0,14.9,406.96,656.39,401.0,-55.0,652.3782,18.0,18.0,Ideal,D,VVS2,0.62,IGI,1106.67
375,Iris Diamonds,2,Round,1,1,0,67.94,337.0,543.55,332.0,-60.0,604.9547,18.0,18.0,Ideal,D,VVS2,0.62,IGI,1106.67
375,Jane Brear,2,Round,1,1,0,12.22,366.0,590.32,361.0,-58.0,622.525,18.0,18.0,Ideal,D,VVS2,0.62,IGI,1106.67
375,Marlowe & Co,2,Round,1,1,0,21.88,398.0,641.94,392.0,-54.0,619.1913,18.0,18.0,Ideal,D,VVS2,0.62,IGI,1106.67
375,Michelle Kennedy,2,Round,1,1,0,29.15,353.0,569.35,348.0,-61.0,642.1374,18.0,18.0,Ideal,D,VVS2,0.62,IGI,1106.67
375,Roma Diamonds,2,Round,1,1,0,12.94,344.0,554.84,339.0,-63.0,657.2411,18.0,18.0,Ideal,D,VVS2,0.62,IGI,1106.67
375,Sara's Diamonds,2,Round,1,1,0,43.0,339.0,546.77,334.0,-62.0,644.6647,18.0,18.0,Ideal,D,VVS2,0.62,IGI,1106.67
375,Temperley,2,Round,1,1,0,21.22,370.0,596.77,364.0,-57.0,618.2706,18.0,18.0,Ideal,D,VVS2,0.62,IGI,1106.67
375,White Lily,2,Round,1,1,0,29.76,353.0,569.35,348.0,-60.0,637.7634,18.0,18.0,Ideal,D,VVS2,0.62,IGI,1106.67
378,Jane Brear,2,Round,1,1,0,17.61,775.1,851.76,763.0,-51.0,1126.0844,18.0,18.0,Ideal,G,VVS2,0.91,IGI,1945.0
378,White Lily,2,Round,1,1,0,18.23,746.0,819.78,735.0,-51.0,1090.15,18.0,18.0,Ideal,G,VVS2,0.91,IGI,1945.0
384,Albert's Creations,2,Pear,1,1,0,13.39,357.0,510.0,352.0,-61.0,593.0699,15.0,15.0,Very Good,D,VS2,0.7,IGI,1260.0
384,BonDiam,2,Pear,2,1,0,16.5,375.12,535.89,369.0,-57.0,560.064,14.0,15.0,Very Good,D,VS2,0.7,IGI,1260.0
384,Vega Diamonds,2,Pear,2,2,0,19.62,348.42,497.74,343.0,-60.0,558.9829,14.0,15.0,Very Good,D,VS2,0.7,IGI,1260.0
385,Michelle Kennedy,2,Round,1,1,0,14.35,321.39,973.91,317.0,-47.0,430.7966,18.0,18.0,Super Ideal,D,VVS1,0.33,IGI,480.0
385,White Lily,2,Round,1,1,0,13.56,304.47,922.64,300.0,-46.0,402.9915,18.0,18.0,Super Ideal,D,VVS1,0.33,IGI,480.0
386,Camden Gems,2,Round,1,1,0,13.05,871.0,791.82,858.0,-54.0,1353.1946,18.0,18.0,Super Ideal,F,VVS2,1.1,IGI,2877.5
386,Clermont Diamonds,2,Round,1,1,0,12.1,873.0,793.64,860.0,-55.0,1392.7336,18.0,18.0,Super Ideal,F,VVS2,1.1,IGI,2877.5
386,Diamonds by Zoya,2,Round,1,1,0,92.22,883.0,802.73,870.0,-53.0,1348.2452,18.0,18.0,Super Ideal,F,VVS2,1.1,IGI,2877.5
386,Eterna Luxe,2,Round,1,1,0,12.59,888.0,807.27,875.0,-52.0,1336.788,18.0,18.0,Super Ideal,F,VVS2,1.1,IGI,2877.5
386,Eternity Fine Jewelers,2,Round,1,1,0,21.62,878.0,798.18,865.0,-52.0,1323.0573,18.0,18.0,Super Ideal,F,VVS2,1.1,IGI,2877.5
386,Fabiola,2,Round,1,1,0,10.25,874.0,794.55,861.0,-53.0,1332.6484,18.0,18.0,Super Ideal,F,VVS2,1.1,IGI,2877.5
386,Hoseki,2,Round,1,1,0,20.09,880.0,800.0,867.0,-54.0,1362.5736,18.0,18.0,Super Ideal,F,VVS2,1.1,IGI,2877.5
386,Jane Brear,2,Round,1,1,0,19.29,906.44,824.04,893.0,-52.0,1339.1202,18.0,18.0,Super Ideal,F,VVS2,1.1,IGI,2877.5
386,Lotus Creation,2,Round,1,1,0,24.51,882.0,801.82,869.0,-53.0,1352.5404,18.0,18.0,Super Ideal,F,VVS2,1.1,IGI,2877.5
386,Marlene Crafts,2,Round,1,1,0,16.07,864.0,785.45,851.0,-54.0,1343.9625,18.0,18.0,Super Ideal,F,VVS2,1.1,IGI,2877.5
386,Marlowe & Co,2,Round,1,1,0,14.05,885.0,804.55,872.0,-53.0,1343.8826,18.0,18.0,Super Ideal,F,VVS2,1.1,IGI,2877.5
386,Meridian Crafts,2,Round,1,1,0,10.58,874.0,794.55,861.0,-55.0,1379.3088,18.0,18.0,Super Ideal,F,VVS2,1.1,IGI,2877.5
386,Michelle Kennedy,2,Round,1,1,0,11.07,915.0,831.82,901.0,-50.0,1307.7478,18.0,18.0,Super Ideal,F,VVS2,1.1,IGI,2877.5
386,Nova Stars,2,Round,1,1,0,10.31,873.0,793.64,860.0,-54.0,1350.4341,18.0,18.0,Super Ideal,F,VVS2,1.1,IGI,2877.5
386,Oasis Diamonds,2,Round,1,1,0,22.01,909.0,826.36,895.0,-51.0,1330.7179,18.0,18.0,Super Ideal,F,VVS2,1.1,IGI,2877.5
386,Roma Diamonds,2,Round,1,1,0,11.45,880.0,800.0,867.0,-54.0,1363.7079,18.0,18.0,Super Ideal,F,VVS2,1.1,IGI,2877.5
386,Rosella,2,Round,1,1,0,10.3,873.0,793.64,860.0,-54.0,1354.8798,18.0,18.0,Super Ideal,F,VVS2,1.1,IGI,2877.5
386,Seraphina Gems,2,Round,1,1,0,11.5,874.0,794.55,861.0,-53.0,1330.8013,18.0,18.0,Super Ideal,F,VVS2,1.1,IGI,2877.5
386,Serenade Diamonds,2,Round,1,1,0,12.64,875.0,795.45,862.0,-54.0,1361.974,18.0,18.0,Super Ideal,F,VVS2,1.1,IGI,2877.5
386,Taiga Gems,2,Round,1,1,0,14.21,869.0,790.0,856.0,-53.0,1311.877,18.0,18.0,Super Ideal,F,VVS2,1.1,IGI,2877.5
386,Temperley,2,Round,1,1,0,19.68,908.0,825.45,894.0,-53.0,1382.6559,18.0,18.0,Super Ideal,F,VVS2,1.1,IGI,2877.5
386,Thalassa Gems,2,Round,1,1,0,21.74,876.0,796.36,863.0,-55.0,1407.7676,18.0,18.0,Super Ideal,F,VVS2,1.1,IGI,2877.5
386,Vespera Gems,2,Round,1,1,0,16.66,872.0,792.73,859.0,-54.0,1361.001,18.0,18.0,Super Ideal,F,VVS2,1.1,IGI,2877.5
386,White Lily,2,Round,1,1,0,92.26,914.0,830.91,900.0,-51.0,1328.7429,18.0,18.0,Super Ideal,F,VVS2,1.1,IGI,2877.5
392,Camden Gems,2,Round,1,1,0,11.25,1809.0,878.16,1782.0,-61.0,3292.7029,18.0,18.0,Ideal,G,VS2,2.06,IGI,6225.0
392,Clermont Diamonds,2,Round,1,1,0,13.71,1809.0,878.16,1782.0,-60.0,3223.8569,18.0,18.0,Ideal,G,VS2,2.06,IGI,6225.0
392,Jane Brear,2,Round,1,1,0,17.88,1838.0,892.23,1810.0,-59.0,3192.5667,18.0,18.0,Ideal,G,VS2,2.06,IGI,6225.0
392,Michelle Kennedy,2,Round,2,1,0,20.69,1855.0,900.49,1827.0,-59.0,3201.6863,18.0,18.0,Ideal,G,VS2,2.06,IGI,6225.0
392,Roma Diamonds,2,Round,1,1,0,11.29,1804.0,875.73,1777.0,-60.0,3203.5159,18.0,18.0,Ideal,G,VS2,2.06,IGI,6225.0
392,Serene Peaks Diamonds,2,Round,1,1,0,10.9,1827.0,886.89,1800.0,-60.0,3248.7734,18.0,18.0,Ideal,G,VS2,2.06,IGI,6225.0
392,Sonata Gems,2,Round,1,1,0,23.44,1794.0,870.87,1767.0,-61.0,3281.2556,18.0,18.0,Ideal,G,VS2,2.06,IGI,6225.0
392,Temperley,2,Round,1,1,0,17.95,1838.0,892.23,1810.0,-59.0,3224.6177,17.0,18.0,Ideal,G,VS2,2.06,IGI,6225.0
392,Thalassa Gems,2,Round,1,1,0,11.16,1803.0,875.24,1776.0,-60.0,3248.1626,18.0,18.0,Ideal,G,VS2,2.06,IGI,6225.0
394,Clermont Diamonds,2,Round,1,1,0,12.08,1207.0,799.34,1189.0,-58.0,2043.2985,18.0,18.0,Super Ideal,H,VS1,1.51,IGI,4002.5
394,Jane Brear,2,Round,1,1,0,14.55,1233.0,816.56,1215.0,-56.0,2000.8468,18.0,18.0,Super Ideal,H,VS1,1.51,IGI,4002.5
394,Serene Peaks Diamonds,2,Round,1,1,0,18.54,1243.0,823.18,1224.0,-56.0,2014.9208,18.0,18.0,Super Ideal,H,VS1,1.51,IGI,4002.5
394,Temperley,2,Round,1,1,0,20.81,1302.0,862.25,1282.0,-53.0,1976.1456,18.0,18.0,Super Ideal,H,VS1,1.51,IGI,4002.5
397,Marlowe & Co,5,Oval,1,1,0,13.48,820.88,796.97,809.0,-64.0,1523.6146,14.0,15.0,Ideal,E,VS1,1.03,GCAL,2390.0
403,Fuji Diamonds,2,Asscher,1,1,0,17.75,845.47,828.89,833.0,-68.0,1623.1208,14.0,15.0,Very Good,E,VS1,1.02,IGI,2315.0
403,Taiga Gems,2,Asscher,1,1,0,12.12,855.0,838.24,842.0,-64.0,1469.1792,14.0,15.0,Very Good,E,VS1,1.02,IGI,2315.0
407,Bayside Gems,2,Oval,1,1,0,11.09,1090.52,1000.48,1074.0,-64.0,2061.9675,15.0,15.0,Super Ideal,D,VVS2,1.09,IGI,3260.0
407,Diamonds by Zoya,2,Oval,1,1,0,14.58,1071.32,982.86,1055.0,-65.0,2046.7655,15.0,15.0,Super Ideal,D,VVS2,1.09,IGI,3260.0
407,Ember Star,2,Oval,1,1,0,13.5,1081.56,992.26,1065.0,-65.0,2071.9678,15.0,15.0,Super Ideal,D,VVS2,1.09,IGI,3260.0
407,Equinox Jewels,2,Oval,1,1,0,10.99,1086.0,996.33,1070.0,-65.0,2061.5867,15.0,15.0,Super Ideal,D,VVS2,1.09,IGI,3260.0
407,Fabiola,2,Oval,1,1,0,12.79,1092.0,1001.83,1076.0,-64.0,2064.9897,15.0,15.0,Super Ideal,D,VVS2,1.09,IGI,3260.0
407,Gemstone Harmony,2,Oval,1,1,0,12.15,1092.0,1001.83,1076.0,-64.0,2038.1605,15.0,15.0,Super Ideal,D,VVS2,1.09,IGI,3260.0
407,Hazel Diamonds,2,Oval,1,1,0,17.16,1093.51,1003.22,1077.0,-65.0,2084.0417,15.0,15.0,Super Ideal,D,VVS2,1.09,IGI,3260.0
407,Jane Brear,2,Oval,1,1,0,89.75,1095.0,1004.59,1079.0,-63.0,2014.0898,15.0,15.0,Super Ideal,D,VVS2,1.09,IGI,3260.0
407,Lotus Creation,2,Oval,1,1,0,17.39,1079.04,989.94,1063.0,-65.0,2060.4045,15.0,15.0,Super Ideal,D,VVS2,1.09,IGI,3260.0
407,Mei & Co,2,Oval,1,1,0,15.23,1074.6,985.87,1058.0,-65.0,2089.2151,15.0,15.0,Super Ideal,D,VVS2,1.09,IGI,3260.0
407,Michelle Kennedy,2,Oval,1,1,0,89.65,1095.0,1004.59,1079.0,-64.0,2023.3737,15.0,15.0,Super Ideal,D,VVS2,1.09,IGI,3260.0
407,Roma Diamonds,2,Oval,2,1,0,12.77,1095.0,1004.59,1079.0,-65.0,2109.5151,15.0,15.0,Super Ideal,D,VVS2,1.09,IGI,3260.0
407,Rosella,2,Oval,1,1,0,11.97,1064.0,976.15,1048.0,-66.0,2089.0298,15.0,15.0,Super Ideal,D,VVS2,1.09,IGI,3260.0
407,Serenade Diamonds,2,Oval,1,1,0,13.47,1093.0,1002.75,1077.0,-65.0,2090.3933,15.0,15.0,Super Ideal,D,VVS2,1.09,IGI,3260.0
407,Sigma Diamonds,2,Oval,1,1,0,13.32,1085.54,995.91,1069.0,-64.0,2039.9819,15.0,15.0,Super Ideal,D,VVS2,1.09,IGI,3260.0
407,Simetría,2,Oval,1,1,0,11.29,1090.52,1000.48,1074.0,-64.0,2069.2205,15.0,15.0,Super Ideal,D,VVS2,1.09,IGI,3260.0
407,Sonata Gems,2,Oval,1,1,0,14.73,1098.48,1007.78,1082.0,-64.0,2046.7655,15.0,15.0,Super Ideal,D,VVS2,1.09,IGI,3260.0
407,Starlight Crafts,2,Oval,1,1,0,14.94,1085.0,995.41,1069.0,-65.0,2061.4695,15.0,15.0,Super Ideal,D,VVS2,1.09,IGI,3260.0
407,Temperley,2,Oval,1,1,0,89.24,1095.0,1004.59,1079.0,-64.0,2050.8853,15.0,15.0,Super Ideal,D,VVS2,1.09,IGI,3260.0
407,Tilia Diamonds,2,Oval,1,1,0,13.92,1090.52,1000.48,1074.0,-65.0,2075.4863,15.0,15.0,Super Ideal,D,VVS2,1.09,IGI,3260.0
407,Vega Diamonds,2,Oval,1,1,0,14.6,1053.94,966.92,1038.0,-66.0,2067.8196,15.0,15.0,Super Ideal,D,VVS2,1.09,IGI,3260.0
407,Westport Jewelry,2,Oval,1,1,0,13.0,1074.0,985.32,1058.0,-65.0,2080.0486,15.0,15.0,Super Ideal,D,VVS2,1.09,IGI,3260.0
407,White Lily,2,Oval,1,1,0,89.68,1095.0,1004.59,1079.0,-64.0,2067.4749,15.0,15.0,Super Ideal,D,VVS2,1.09,IGI,3260.0
408,Jane Brear,2,Heart,1,1,0,15.4,2425.0,1160.29,2389.0,-67.0,4462.7803,15.0,15.0,Super Ideal,G,VVS2,2.09,IGI,7770.0
411,Cirrus Gems,2,Round,1,1,0,16.02,1136.95,733.52,1120.0,-52.0,1686.3817,18.0,18.0,Ideal,H,VS2,1.55,IGI,3250.0
411,Jane Brear,2,Round,1,1,0,13.1,1125.34,726.03,1108.0,-54.0,1758.5203,18.0,18.0,Ideal,H,VS2,1.55,IGI,3250.0
411,Marlowe & Co,2,Round,1,1,0,11.29,1101.0,710.32,1084.0,-54.0,1713.8286,18.0,18.0,Ideal,H,VS2,1.55,IGI,3250.0
411,Temperley,2,Round,1,1,0,10.63,1141.26,736.3,1124.0,-54.0,1773.8268,18.0,18.0,Ideal,H,VS2,1.55,IGI,3250.0
412,Jane Brear,2,Marquise,1,1,0,10.62,990.0,779.53,975.0,-63.0,1701.4275,15.0,15.0,Super Ideal,G,VS1,1.27,IGI,2600.0
412,Taiga Gems,2,Marquise,1,1,0,15.04,915.4,720.79,902.0,-66.0,1697.0526,15.0,15.0,Super Ideal,G,VS1,1.27,IGI,2600.0
413,Hoseki,2,Pear,1,2,0,17.42,382.0,538.03,376.0,-53.0,526.0439,15.0,15.0,Very Good,D,VS1,0.71,IGI,1310.0
413,Michelle Kennedy,2,Pear,2,2,0,14.27,390.0,549.3,384.0,-60.0,633.4822,14.0,15.0,Very Good,D,VS1,0.71,IGI,1310.0
413,Vega Diamonds,2,Pear,2,2,0,19.44,356.0,501.41,351.0,-58.0,554.1652,15.0,15.0,Very Good,D,VS1,0.71,IGI,1310.0
414,Hill & Holland,2,Cushion,1,1,0,20.11,5678.0,1843.51,5593.0,-56.0,8138.3862,15.0,15.0,Very Good,E,VS1,3.08,IGI,17050.0
414,Jane Brear,2,Cushion,1,1,0,21.48,5527.0,1794.48,5444.0,-60.0,8717.9639,15.0,15.0,Very Good,E,VS1,3.08,IGI,17050.0
414,Michelle Kennedy,2,Cushion,1,1,0,20.25,5521.28,1792.62,5438.0,-56.0,7927.834,15.0,15.0,Very Good,E,VS1,3.08,IGI,17050.0
414,Temperley,2,Cushion,1,1,0,25.68,6001.0,1948.38,5911.0,-54.0,8226.4658,14.0,15.0,Very Good,E,VS1,3.08,IGI,17050.0
414,White Lily,2,Cushion,1,1,0,22.78,5392.0,1750.65,5311.0,-61.0,8673.8018,14.0,15.0,Very Good,E,VS1,3.08,IGI,17050.0
415,Cirrus Gems,2,Round,1,1,0,12.65,1907.14,916.89,1879.0,-60.0,3372.4106,18.0,18.0,Ideal,H,VVS2,2.08,IGI,7270.0
415,Clermont Diamonds,2,Round,1,1,0,14.69,1896.0,911.54,1868.0,-58.0,3244.2283,18.0,18.0,Ideal,H,VVS2,2.08,IGI,7270.0
415,Jane Brear,2,Round,1,1,0,15.09,1900.45,913.68,1872.0,-60.0,3398.792,17.0,18.0,Ideal,H,VVS2,2.08,IGI,7270.0
415,Michelle Kennedy,2,Round,1,1,0,12.54,1929.3,927.55,1900.0,-59.0,3369.6748,18.0,18.0,Ideal,H,VVS2,2.08,IGI,7270.0
415,Taiga Gems,2,Round,1,1,0,12.65,1914.0,920.19,1885.0,-59.0,3318.8562,18.0,18.0,Ideal,H,VVS2,2.08,IGI,7270.0
415,Temperley,2,Round,1,1,0,10.53,1931.0,928.37,1902.0,-57.0,3247.407,18.0,18.0,Ideal,H,VVS2,2.08,IGI,7270.0
417,Temperley,2,Round,1,1,0,17.84,338.0,427.85,333.0,-57.0,559.56,18.0,18.0,Super Ideal,F,VS1,0.79,IGI,1256.84
418,Vega Diamonds,2,Round,1,1,0,25.21,1346.0,825.77,1326.0,-56.0,2204.0264,18.0,18.0,Ideal,D,SI1,1.63,IGI,4410.0
418,White Lily,2,Round,1,1,0,23.71,1384.0,849.08,1363.0,-54.0,2176.0515,18.0,18.0,Ideal,D,SI1,1.63,IGI,4410.0
420,Michelle Kennedy,2,Round,1,1,0,12.75,1857.66,1092.74,1830.0,6.0,1252.8632,18.0,18.0,Super Ideal,I,SI2,1.7,IGI,2650.0
423,Mei & Co,2,Princess,1,1,0,16.33,5170.92,1723.64,5093.0,-64.0,9106.4229,14.0,15.0,Very Good,F,VVS2,3.0,IGI,16590.0
423,Temperley,2,Princess,1,1,0,21.02,5183.0,1727.67,5105.0,-63.0,8954.9629,14.0,15.0,Very Good,F,VVS2,3.0,IGI,16590.0
424,Periwinkle Stones,2,Oval,1,1,0,14.74,1761.0,871.78,1735.0,-62.0,3083.3499,15.0,15.0,Super Ideal,H,VS2,2.02,IGI,5430.0
424,Serene Peaks Diamonds,2,Oval,1,1,0,13.44,1790.0,886.14,1763.0,-62.0,3170.0388,15.0,15.0,Super Ideal,H,VS2,2.02,IGI,5430.0
424,Taiga Gems,2,Oval,1,1,0,10.95,1751.2,866.93,1725.0,-61.0,3043.7961,15.0,15.0,Super Ideal,H,VS2,2.02,IGI,5430.0
424,White Lily,2,Oval,1,1,0,12.88,1820.85,901.41,1794.0,-60.0,3093.6685,15.0,15.0,Super Ideal,H,VS2,2.02,IGI,5430.0
426,Albert's Creations,2,Oval,1,1,0,13.86,1622.0,1081.33,1598.0,-59.0,2663.0325,15.0,15.0,Super Ideal,E,VS1,1.5,IGI,4878.57
426,Clermont Diamonds,2,Oval,1,1,0,15.27,1621.85,1081.23,1598.0,-60.0,2753.8413,15.0,15.0,Super Ideal,E,VS1,1.5,IGI,4878.57
426,Diamonds by Zoya,2,Oval,1,1,0,91.64,1618.0,1078.67,1594.0,-59.0,2685.5691,15.0,15.0,Super Ideal,E,VS1,1.5,IGI,4878.57
426,Eternity Fine Jewelers,2,Oval,1,1,0,11.74,1616.0,1077.33,1592.0,-60.0,2730.7532,15.0,15.0,Super Ideal,E,VS1,1.5,IGI,4878.57
426,Fabiola,2,Oval,1,1,0,12.74,1602.0,1068.0,1578.0,-60.0,2682.8867,15.0,15.0,Super Ideal,E,VS1,1.5,IGI,4878.57
426,Grace Brooks,2,Oval,1,1,0,16.56,1627.24,1084.83,1603.0,-59.0,2697.1492,15.0,15.0,Super Ideal,E,VS1,1.5,IGI,4878.57
426,Infinity Diamonds,2,Oval,1,1,0,22.25,1617.0,1078.0,1593.0,-60.0,2701.2837,15.0,15.0,Super Ideal,E,VS1,1.5,IGI,4878.57
426,Jane Brear,2,Oval,1,1,0,15.21,1599.0,1066.0,1575.0,-60.0,2712.8608,15.0,15.0,Super Ideal,E,VS1,1.5,IGI,4878.57
426,Marlowe & Co,2,Oval,1,1,0,14.41,1622.0,1081.33,1598.0,-60.0,2710.0483,15.0,15.0,Super Ideal,E,VS1,1.5,IGI,4878.57
426,Michelle Kennedy,2,Oval,1,1,0,14.39,1623.0,1082.0,1599.0,-60.0,2700.8828,15.0,15.0,Super Ideal,E,VS1,1.5,IGI,4878.57
426,N. B. Diamonds,2,Oval,1,1,0,10.26,1569.0,1046.0,1545.0,-61.0,2682.6692,15.0,15.0,Super Ideal,E,VS1,1.5,IGI,4878.57
426,Rosella,2,Oval,1,2,0,16.14,1562.0,1041.33,1539.0,-62.0,2748.8726,15.0,15.0,Super Ideal,E,VS1,1.5,IGI,4878.57
426,Starlight Crafts,2,Oval,1,1,0,11.01,1602.0,1068.0,1578.0,-60.0,2706.9951,15.0,15.0,Super Ideal,E,VS1,1.5,IGI,4878.57
426,Stellar Radiance,2,Oval,1,1,0,11.67,1602.0,1068.0,1578.0,-60.0,2730.8083,15.0,15.0,Super Ideal,E,VS1,1.5,IGI,4878.57
426,Taiga Gems,2,Oval,1,1,0,12.46,1613.0,1075.33,1589.0,-60.0,2704.6255,15.0,15.0,Super Ideal,E,VS1,1.5,IGI,4878.57
426,Tamara,2,Oval,1,1,0,17.07,1619.0,1079.33,1595.0,-61.0,2770.0127,15.0,15.0,Super Ideal,E,VS1,1.5,IGI,4878.57
426,Temperley,2,Oval,1,2,0,14.3,1621.0,1080.67,1597.0,-58.0,2607.8857,15.0,15.0,Super Ideal,E,VS1,1.5,IGI,4878.57
426,Verve Jewels,2,Oval,1,1,0,14.76,1574.0,1049.33,1550.0,-60.0,2680.45,15.0,15.0,Super Ideal,E,VS1,1.5,IGI,4878.57
426,White Lily,2,Oval,1,2,0,13.79,1621.0,1080.67,1597.0,-60.0,2711.2693,15.0,15.0,Super Ideal,E,VS1,1.5,IGI,4878.57
430,White Lily,2,Round,1,1,0,14.52,406.33,549.09,400.0,-35.0,446.7672,18.0,18.0,Super Ideal,G,VS2,0.74,IGI,990.0
434,Albert's Creations,2,Pear,1,1,0,10.08,2333.0,1160.7,2298.0,-62.0,4027.5583,15.0,15.0,Super Ideal,E,VS2,2.01,IGI,8440.0
434,Clermont Diamonds,2,Pear,1,1,0,18.34,2325.0,1156.72,2290.0,-62.0,4016.7058,15.0,15.0,Super Ideal,E,VS2,2.01,IGI,8440.0
434,Cut and Craft,2,Pear,1,1,0,10.9,2290.0,1139.3,2256.0,-62.0,3908.636,15.0,15.0,Super Ideal,E,VS2,2.01,IGI,8440.0
434,Ember Star,2,Pear,1,1,0,15.12,2313.0,1150.75,2278.0,-63.0,4011.936,15.0,15.0,Super Ideal,E,VS2,2.01,IGI,8440.0
434,Jane Brear,2,Pear,1,1,0,16.27,2318.0,1153.23,2283.0,-62.0,3984.8765,15.0,15.0,Super Ideal,E,VS2,2.01,IGI,8440.0
434,Michelle Kennedy,2,Pear,1,1,0,13.54,2316.0,1152.24,2281.0,-63.0,4027.4131,15.0,15.0,Super Ideal,E,VS2,2.01,IGI,8440.0
434,Periwinkle Stones,2,Pear,1,1,0,21.88,2338.0,1163.18,2303.0,-62.0,4019.4246,15.0,15.0,Super Ideal,E,VS2,2.01,IGI,8440.0
434,Starlight Crafts,2,Pear,1,1,0,12.05,2299.0,1143.78,2265.0,-62.0,3961.3306,15.0,15.0,Super Ideal,E,VS2,2.01,IGI,8440.0
434,Taiga Gems,2,Pear,1,1,0,14.0,2306.0,1147.26,2271.0,-62.0,3983.1038,15.0,15.0,Super Ideal,E,VS2,2.01,IGI,8440.0
434,Temperley,2,Pear,1,1,0,14.66,2318.0,1153.23,2283.0,-63.0,4029.5886,15.0,15.0,Super Ideal,E,VS2,2.01,IGI,8440.0
434,The Diamond Source,2,Pear,1,1,0,10.52,2304.42,1146.48,2270.0,-61.0,3865.9751,15.0,15.0,Super Ideal,E,VS2,2.01,IGI,8440.0
434,Vega Diamonds,2,Pear,1,1,0,21.53,2263.0,1125.87,2229.0,-64.0,4031.772,15.0,15.0,Super Ideal,E,VS2,2.01,IGI,8440.0
434,White Lily,2,Pear,1,1,0,14.11,2332.28,1160.34,2297.0,-61.0,3907.3855,15.0,15.0,Super Ideal,E,VS2,2.01,IGI,8440.0
435,Fabiola,2,Round,1,1,0,11.67,744.0,625.21,733.0,-57.0,1249.4198,18.0,18.0,Super Ideal,F,VS2,1.19,IGI,2730.0
435,Jane Brear,2,Round,1,1,0,11.92,775.0,651.26,763.0,-56.0,1262.4225,18.0,18.0,Super Ideal,F,VS2,1.19,IGI,2730.0
435,Temperley,2,Round,1,1,0,17.99,792.02,665.56,780.0,-56.0,1302.8141,18.0,18.0,Super Ideal,F,VS2,1.19,IGI,2730.0
435,White Lily,2,Round,1,1,0,11.46,775.0,651.26,763.0,-56.0,1252.5762,18.0,18.0,Super Ideal,F,VS2,1.19,IGI,2730.0
439,Avignon Diamonds,2,Round,2,2,0,25.58,329.12,645.33,324.0,-54.0,508.4627,18.0,18.0,Ideal,D,VS1,0.51,IGI,796.0
439,Diamonds by Zoya,2,Round,1,1,0,83.92,333.0,652.94,328.0,-54.0,518.0756,18.0,18.0,Ideal,D,VS1,0.51,IGI,796.0
439,Hoseki,2,Round,1,1,0,14.47,334.32,655.53,329.0,-56.0,538.4634,18.0,18.0,Ideal,D,VS1,0.51,IGI,796.0
439,Iris Diamonds,2,Round,1,1,0,14.35,328.0,643.14,323.0,-58.0,553.8635,18.0,18.0,Ideal,D,VS1,0.51,IGI,796.0
439,Jane Brear,2,Round,1,1,0,14.34,348.0,682.35,343.0,-55.0,553.22,18.0,18.0,Ideal,D,VS1,0.51,IGI,796.0
439,Knox Diamonds,2,Round,1,1,0,11.16,315.0,617.65,310.0,-57.0,522.1215,18.0,18.0,Ideal,D,VS1,0.51,IGI,796.0
439,Magnolia,2,Round,2,2,0,14.45,315.0,617.65,310.0,-58.0,536.489,18.0,18.0,Ideal,D,VS1,0.51,IGI,796.0
439,Marlowe & Co,2,Round,2,1,0,24.03,331.34,649.69,326.0,-52.0,496.5006,18.0,18.0,Ideal,D,VS1,0.51,IGI,796.0
439,Meridian Crafts,2,Round,1,1,0,14.27,330.0,647.06,325.0,-56.0,538.5873,0.0,0.0,Ideal,D,VS1,0.51,IGI,796.0
439,Michelle Kennedy,2,Round,1,1,0,82.74,358.0,701.96,353.0,-51.0,528.1913,18.0,18.0,Ideal,D,VS1,0.51,IGI,796.0
439,Rosella,2,Round,2,2,0,19.22,305.0,598.04,300.0,-59.0,538.3326,18.0,18.0,Ideal,D,VS1,0.51,IGI,796.0
439,Stellar Radiance,2,Round,1,1,0,14.4,330.0,647.06,325.0,-55.0,522.0468,18.0,18.0,Ideal,D,VS1,0.51,IGI,796.0
439,Temperley,2,Round,1,1,0,13.3,354.0,694.12,349.0,-53.0,537.9639,18.0,18.0,Ideal,D,VS1,0.51,IGI,796.0
439,Thalassa Gems,2,Round,2,2,0,11.48,328.0,643.14,323.0,-56.0,539.3204,18.0,18.0,Ideal,D,VS1,0.51,IGI,796.0
439,Tilia Diamonds,2,Round,1,1,0,14.85,316.41,620.41,312.0,-58.0,543.9426,18.0,18.0,Ideal,D,VS1,0.51,IGI,796.0
439,White Lily,2,Round,1,1,0,12.66,354.0,694.12,349.0,-53.0,542.5369,18.0,18.0,Ideal,D,VS1,0.51,IGI,796.0
440,White Lily,2,Round,1,1,0,13.9,882.0,658.21,869.0,-51.0,1281.0137,18.0,18.0,Super Ideal,J,VVS2,1.34,IGI,2200.0
442,Rosella,2,Radiant,1,1,0,21.0,1308.74,849.83,1289.0,-63.0,2323.9717,15.0,15.0,Very Good,E,SI1,1.54,IGI,3730.0
443,Bayside Gems,2,Round,1,1,0,17.44,892.76,769.62,879.0,-55.0,1417.8021,18.0,18.0,Super Ideal,E,VVS2,1.16,IGI,3295.0
443,Cascade Diamonds,2,Round,1,1,0,15.51,916.4,790.0,903.0,-53.0,1401.299,18.0,18.0,Super Ideal,E,VVS2,1.16,IGI,3295.0
443,Cirrus Gems,2,Round,1,1,0,93.13,896.62,772.95,883.0,-52.0,1324.1097,18.0,18.0,Super Ideal,E,VVS2,1.16,IGI,3295.0
443,Emilia Sterling,2,Round,1,1,0,15.05,879.0,757.76,866.0,-54.0,1382.2018,18.0,18.0,Super Ideal,E,VVS2,1.16,IGI,3295.0
443,Eterna Luxe,2,Round,1,1,0,14.21,919.0,792.24,905.0,-51.0,1345.251,18.0,18.0,Super Ideal,E,VVS2,1.16,IGI,3295.0
443,Eternity Fine Jewelers,2,Round,1,1,0,14.64,918.38,791.71,905.0,-53.0,1384.3889,18.0,18.0,Super Ideal,E,VVS2,1.16,IGI,3295.0
443,Fabiola,2,Round,1,1,0,10.27,901.0,776.72,887.0,-55.0,1418.6885,18.0,18.0,Super Ideal,E,VVS2,1.16,IGI,3295.0
443,Jane Brear,2,Round,1,1,0,12.71,928.34,800.29,914.0,-51.0,1367.463,18.0,18.0,Super Ideal,E,VVS2,1.16,IGI,3295.0
443,Magnolia,2,Round,1,1,0,12.7,900.0,775.86,886.0,-54.0,1396.327,18.0,18.0,Super Ideal,E,VVS2,1.16,IGI,3295.0
443,Marlowe & Co,2,Round,1,1,0,13.07,921.0,793.97,907.0,-53.0,1413.2269,18.0,18.0,Super Ideal,E,VVS2,1.16,IGI,3295.0
443,Meridian Gems,2,Round,1,1,0,12.47,914.4,788.28,901.0,-53.0,1381.3749,18.0,18.0,Super Ideal,E,VVS2,1.16,IGI,3295.0
443,Michelle Kennedy,2,Round,1,1,0,16.15,918.0,791.38,904.0,-53.0,1389.3848,18.0,18.0,Super Ideal,E,VVS2,1.16,IGI,3295.0
443,Nova Stars,2,Round,1,1,0,54.64,901.0,776.72,887.0,-53.0,1386.4318,18.0,18.0,Super Ideal,E,VVS2,1.16,IGI,3295.0
443,Silva Diamonds,2,Round,1,1,0,13.89,896.0,772.41,883.0,-55.0,1423.4456,18.0,18.0,Super Ideal,E,VVS2,1.16,IGI,3295.0
443,Simetría,2,Round,1,1,0,93.13,900.0,775.86,886.0,-53.0,1367.761,18.0,18.0,Super Ideal,E,VVS2,1.16,IGI,3295.0
443,Starlight Crafts,2,Round,1,1,0,11.75,910.0,784.48,896.0,-53.0,1395.7389,18.0,18.0,Super Ideal,E,VVS2,1.16,IGI,3295.0
443,Summit Gems,2,Round,1,1,0,12.33,906.44,781.41,893.0,-54.0,1396.3536,18.0,18.0,Super Ideal,E,VVS2,1.16,IGI,3295.0
443,Sunset Gems,2,Round,1,1,0,17.21,899.0,775.0,886.0,-54.0,1399.8665,18.0,18.0,Super Ideal,E,VVS2,1.16,IGI,3295.0
443,Temperley,2,Round,1,1,0,15.06,890.0,767.24,877.0,-54.0,1384.6823,18.0,18.0,Super Ideal,E,VVS2,1.16,IGI,3295.0
443,Vespera Gems,2,Round,1,1,0,18.34,893.73,770.46,880.0,-54.0,1395.632,18.0,18.0,Super Ideal,E,VVS2,1.16,IGI,3295.0
443,White Lily,2,Round,1,1,0,14.84,928.0,800.0,914.0,-53.0,1421.6699,18.0,18.0,Super Ideal,E,VVS2,1.16,IGI,3295.0
446,Cirrus Gems,2,Round,1,1,0,14.72,804.94,659.79,793.0,-60.0,1437.0461,18.0,18.0,Ideal,H,VS1,1.22,IGI,2554.0
446,Taiga Gems,2,Round,1,1,0,15.23,810.92,664.69,799.0,-59.0,1426.3757,18.0,18.0,Ideal,H,VS1,1.22,IGI,2554.0
446,Temperley,2,Round,1,1,0,14.52,861.67,706.29,849.0,-56.0,1395.613,18.0,18.0,Ideal,H,VS1,1.22,IGI,2554.0
447,Cirrus Gems,2,Round,1,1,0,18.16,1341.0,798.21,1321.0,-58.0,2259.4062,18.0,18.0,Ideal,F,VS2,1.68,IGI,4530.0
447,Eterna Luxe,2,Round,1,1,0,13.31,1389.0,826.79,1368.0,-55.0,2223.1167,18.0,18.0,Ideal,F,VS2,1.68,IGI,4530.0
447,Fabiola,2,Round,1,1,0,15.46,1380.06,821.46,1359.0,-55.0,2215.5505,18.0,18.0,Ideal,F,VS2,1.68,IGI,4530.0
447,Jane Brear,2,Round,1,1,0,20.52,1513.0,900.6,1490.0,-52.0,2248.6277,18.0,18.0,Ideal,F,VS2,1.68,IGI,4530.0
447,Michelle Kennedy,2,Round,1,1,0,17.41,1416.0,842.86,1395.0,-55.0,2240.7822,18.0,18.0,Ideal,F,VS2,1.68,IGI,4530.0
447,Vega Diamonds,2,Round,1,1,0,20.9,1348.0,802.38,1328.0,-58.0,2298.7979,18.0,18.0,Ideal,F,VS2,1.68,IGI,4530.0
450,Michelle Kennedy,2,Pear,1,2,0,15.55,519.39,1018.41,512.0,23.0,273.2379,15.0,15.0,Very Good,I,VS2,0.51,IGI,496.67
457,Cirrus Gems,2,Round,1,1,0,18.52,1580.92,929.95,1557.0,-56.0,2549.9258,18.0,18.0,Super Ideal,H,VVS2,1.7,IGI,4470.0
457,Jane Brear,2,Round,1,1,0,13.98,2045.72,1203.36,2015.0,-40.0,2428.9788,18.0,18.0,Super Ideal,H,VVS2,1.7,IGI,4470.0
457,N. B. Diamonds,2,Round,1,1,0,20.23,1599.0,940.59,1575.0,-55.0,2541.1443,18.0,18.0,Super Ideal,H,VVS2,1.7,IGI,4470.0
457,Taiga Gems,2,Round,1,1,0,16.61,1594.98,938.22,1571.0,-55.0,2509.7559,18.0,18.0,Super Ideal,H,VVS2,1.7,IGI,4470.0
458,Thalassa Gems,2,Round,1,1,0,16.52,704.46,640.42,694.0,-52.0,1040.1511,18.0,18.0,Super Ideal,G,SI1,1.1,IGI,2090.0
461,Mei & Co,2,Round,1,1,0,14.03,3508.0,1169.33,3455.0,-65.0,7239.4019,18.0,18.0,Super Ideal,G,VS2,3.0,IGI,15010.0
461,Michelle Kennedy,2,Round,1,1,0,11.36,3553.0,1184.33,3500.0,-65.0,7270.0288,18.0,18.0,Super Ideal,G,VS2,3.0,IGI,15010.0
461,Nova Stars,2,Round,1,1,0,10.57,3473.0,1157.67,3421.0,-67.0,7426.0649,18.0,18.0,Super Ideal,G,VS2,3.0,IGI,15010.0
461,Periwinkle Stones,2,Round,1,1,0,16.36,3540.0,1180.0,3487.0,-65.0,7165.3965,18.0,18.0,Super Ideal,G,VS2,3.0,IGI,15010.0
461,Roma Diamonds,2,Round,1,1,0,11.78,3526.0,1175.33,3473.0,-64.0,7035.3281,18.0,18.0,Super Ideal,G,VS2,3.0,IGI,15010.0
461,Taiga Gems,2,Round,1,1,0,14.75,3402.0,1134.0,3351.0,-66.0,7197.8472,18.0,18.0,Super Ideal,G,VS2,3.0,IGI,15010.0
461,Temperley,2,Round,1,1,0,13.44,3544.0,1181.33,3491.0,-64.0,7054.1294,18.0,18.0,Super Ideal,G,VS2,3.0,IGI,15010.0
461,White Lily,2,Round,1,1,0,17.4,3591.95,1197.32,3538.0,-64.0,7057.0762,18.0,18.0,Super Ideal,G,VS2,3.0,IGI,15010.0
463,Avignon Diamonds,2,Round,1,1,0,64.86,1281.0,842.76,1262.0,-59.0,2238.3616,18.0,18.0,Super Ideal,F,VS2,1.52,IGI,4156.25
463,Camden Gems,2,Round,1,1,0,10.56,1273.0,837.5,1254.0,-60.0,2266.781,18.0,18.0,Super Ideal,F,VS2,1.52,IGI,4156.25
463,Clermont Diamonds,2,Round,1,1,0,16.51,1271.0,836.18,1252.0,-60.0,2255.6602,18.0,18.0,Super Ideal,F,VS2,1.52,IGI,4156.25
463,Fabiola,2,Round,1,1,0,13.66,1265.0,832.24,1246.0,-59.0,2213.8542,18.0,18.0,Super Ideal,F,VS2,1.52,IGI,4156.25
463,Jane Brear,2,Round,1,1,0,14.46,1271.0,836.18,1252.0,-59.0,2229.353,18.0,18.0,Super Ideal,F,VS2,1.52,IGI,4156.25
463,Mei & Co,2,Round,2,1,0,13.79,1257.0,826.97,1238.0,-61.0,2297.918,18.0,18.0,Super Ideal,F,VS2,1.52,IGI,4156.25
463,Michelle Kennedy,2,Round,1,1,0,20.9,1352.0,889.47,1332.0,-56.0,2223.2556,18.0,18.0,Super Ideal,F,VS2,1.52,IGI,4156.25
463,Silva Diamonds,2,Round,1,1,0,14.16,1259.0,828.29,1240.0,-60.0,2257.9314,18.0,18.0,Super Ideal,F,VS2,1.52,IGI,4156.25
463,Temperley,2,Round,1,1,0,10.93,1292.0,850.0,1273.0,-59.0,2243.0398,18.0,18.0,Super Ideal,F,VS2,1.52,IGI,4156.25
463,Thalassa Gems,2,Round,1,1,0,14.15,1271.0,836.18,1252.0,-58.0,2150.1631,18.0,18.0,Super Ideal,F,VS2,1.52,IGI,4156.25
463,White Lily,2,Round,1,1,0,11.92,1294.0,851.32,1275.0,-59.0,2245.2175,18.0,18.0,Super Ideal,F,VS2,1.52,IGI,4156.25
469,Jane Brear,2,Oval,1,1,0,17.42,922.68,831.24,909.0,-57.0,1443.4799,15.0,15.0,Very Good,E,VS2,1.11,IGI,2400.0
469,Serene Peaks Diamonds,2,Oval,1,1,0,14.72,894.0,805.41,881.0,-60.0,1491.3621,14.0,15.0,Very Good,E,VS2,1.11,IGI,2400.0
477,Jane Brear,2,Round,1,1,0,15.89,772.0,584.85,760.0,-48.0,1057.5575,18.0,18.0,Ideal,J,SI2,1.32,IGI,1670.0
478,Jane Brear,2,Pear,2,2,0,16.91,526.36,993.13,518.0,35.0,252.2789,15.0,15.0,Super Ideal,I,VS2,0.53,IGI,510.0
478,Michelle Kennedy,2,Pear,1,1,0,17.93,526.36,993.13,518.0,60.0,213.9701,15.0,15.0,Super Ideal,I,VS2,0.53,IGI,510.0
478,Temperley,2,Pear,1,1,0,16.22,526.36,993.13,518.0,49.0,228.5603,15.0,15.0,Super Ideal,I,VS2,0.53,IGI,510.0
478,White Lily,2,Pear,1,2,0,13.41,526.36,993.13,518.0,48.0,231.2529,15.0,15.0,Super Ideal,I,VS2,0.53,IGI,510.0
481,Elmwood Diamonds,2,Cushion,2,3,0,20.42,892.76,875.25,879.0,-62.0,1485.1838,13.0,15.0,Very Good,E,VS2,1.02,IGI,2170.0
481,Fabiola,2,Cushion,1,1,0,12.98,804.0,788.24,792.0,-66.0,1486.8416,14.0,15.0,Very Good,E,VS2,1.02,IGI,2170.0
481,Grace Brooks,2,Cushion,1,1,0,17.73,830.03,813.75,818.0,-64.0,1450.0087,14.0,15.0,Very Good,E,VS2,1.02,IGI,2170.0
481,Jane Brear,2,Cushion,1,1,0,15.64,842.0,825.49,829.0,-64.0,1486.3494,15.0,15.0,Very Good,E,VS2,1.02,IGI,2170.0
481,Michelle Kennedy,2,Cushion,1,1,0,18.28,828.84,812.59,816.0,-65.0,1490.2253,14.0,15.0,Very Good,E,VS2,1.02,IGI,2170.0
481,Periwinkle Stones,2,Cushion,1,1,0,17.89,835.8,819.41,823.0,-63.0,1424.6051,14.0,15.0,Very Good,E,VS2,1.02,IGI,2170.0
481,Taiga Gems,2,Cushion,1,1,0,13.66,801.97,786.25,790.0,-59.0,1234.558,14.0,15.0,Very Good,E,VS2,1.02,IGI,2170.0
481,Temperley,2,Cushion,1,1,0,20.26,842.0,825.49,829.0,-64.0,1491.478,15.0,15.0,Very Good,E,VS2,1.02,IGI,2170.0
481,The Diamond Source,2,Cushion,2,1,0,16.9,806.94,791.12,795.0,-66.0,1494.6554,15.0,15.0,Very Good,E,VS2,1.02,IGI,2170.0
481,White Lily,2,Cushion,1,1,0,16.86,842.0,825.49,829.0,-64.0,1491.478,15.0,15.0,Very Good,E,VS2,1.02,IGI,2170.0
482,Clermont Diamonds,2,Round,1,1,0,13.79,766.0,696.36,755.0,-66.0,1611.4517,18.0,18.0,Super Ideal,D,VS2,1.1,IGI,2511.67
482,Eternity Fine Jewelers,2,Round,1,1,0,12.16,774.11,703.74,762.0,-65.0,1593.4211,18.0,18.0,Super Ideal,D,VS2,1.1,IGI,2511.67
482,Hoseki,2,Round,1,1,0,12.09,782.07,710.97,770.0,-65.0,1592.4712,18.0,18.0,Super Ideal,D,VS2,1.1,IGI,2511.67
482,Jane Brear,2,Round,1,1,0,11.88,786.05,714.59,774.0,-65.0,1608.8073,18.0,18.0,Super Ideal,D,VS2,1.1,IGI,2511.67
482,Magnolia,2,Round,1,1,0,11.41,766.15,696.5,755.0,-64.0,1544.6737,18.0,18.0,Super Ideal,D,VS2,1.1,IGI,2511.67
482,Marlowe & Co,2,Round,1,1,0,12.15,784.0,712.73,772.0,-65.0,1610.6735,18.0,18.0,Super Ideal,D,VS2,1.1,IGI,2511.67
482,Mei & Co,2,Round,1,1,0,15.5,759.0,690.0,748.0,-66.0,1595.5062,18.0,18.0,Super Ideal,D,VS2,1.1,IGI,2511.67
482,Michelle Kennedy,2,Round,1,1,0,11.51,794.0,721.82,782.0,-64.0,1581.4933,18.0,18.0,Super Ideal,D,VS2,1.1,IGI,2511.67
482,Nebula Stones,2,Round,1,1,0,10.47,775.1,704.64,763.0,-65.0,1575.2848,18.0,18.0,Super Ideal,D,VS2,1.1,IGI,2511.67
482,Nova Stars,2,Round,1,1,0,12.74,758.0,689.09,747.0,-66.0,1592.3484,18.0,18.0,Super Ideal,D,VS2,1.1,IGI,2511.67
482,Roma Diamonds,2,Round,1,1,0,13.42,769.0,699.09,757.0,-66.0,1640.3782,18.0,18.0,Super Ideal,D,VS2,1.1,IGI,2511.67
482,Serene Peaks Diamonds,2,Round,1,1,0,12.5,771.0,700.91,759.0,-64.0,1534.9788,18.0,18.0,Super Ideal,D,VS2,1.1,IGI,2511.67
482,Silva Diamonds,2,Round,1,1,0,13.11,762.0,692.73,751.0,-66.0,1596.1345,18.0,18.0,Super Ideal,D,VS2,1.1,IGI,2511.67
482,Taiga Gems,2,Round,1,1,0,17.72,770.19,700.17,759.0,-65.0,1584.2927,18.0,18.0,Super Ideal,D,VS2,1.1,IGI,2511.67
482,Tamara,2,Round,1,1,0,15.42,777.0,706.36,765.0,-64.0,1559.4554,18.0,18.0,Super Ideal,D,VS2,1.1,IGI,2511.67
482,Temperley,2,Round,1,1,0,11.42,787.0,715.45,775.0,-65.0,1617.4775,18.0,18.0,Super Ideal,D,VS2,1.1,IGI,2511.67
482,Thalassa Gems,2,Round,1,1,0,12.32,763.16,693.78,752.0,-65.0,1545.0072,18.0,18.0,Super Ideal,D,VS2,1.1,IGI,2511.67
482,Vega Diamonds,2,Round,1,1,0,14.37,750.0,681.82,739.0,-67.0,1630.375,18.0,18.0,Super Ideal,D,VS2,1.1,IGI,2511.67
483,Periwinkle Stones,2,Pear,1,1,0,21.84,1155.0,807.69,1138.0,-58.0,1785.8466,15.0,15.0,Super Ideal,G,VS2,1.43,IGI,3160.0
483,White Lily,2,Pear,1,1,0,18.04,1161.16,812.0,1144.0,-57.0,1768.3839,15.0,15.0,Super Ideal,G,VS2,1.43,IGI,3160.0
486,Cornerstone,2,Oval,2,2,0,15.12,308.0,603.92,303.0,-54.0,452.2289,15.0,15.0,Super Ideal,D,VS1,0.51,IGI,760.0
486,Diamonds by Zoya,2,Oval,2,2,0,81.9,313.0,613.73,308.0,-46.0,390.2935,15.0,15.0,Super Ideal,D,VS1,0.51,IGI,760.0
486,Eternal Flame,2,Oval,2,2,0,14.74,325.0,637.25,320.0,-55.0,489.2084,15.0,15.0,Super Ideal,D,VS1,0.51,IGI,760.0
486,Hoseki,2,Oval,1,2,0,13.8,326.0,639.22,321.0,-45.0,400.7981,15.0,15.0,Super Ideal,D,VS1,0.51,IGI,760.0
486,Jane Brear,2,Oval,1,1,0,15.46,334.0,654.9,329.0,-45.0,408.5039,15.0,15.0,Super Ideal,D,VS1,0.51,IGI,760.0
486,Magnolia,2,Oval,2,2,0,13.38,319.0,625.49,314.0,-43.0,379.4615,15.0,15.0,Super Ideal,D,VS1,0.51,IGI,760.0
486,Meridian Crafts,2,Oval,1,2,0,11.54,319.0,625.49,314.0,-51.0,439.8214,15.0,15.0,Super Ideal,D,VS1,0.51,IGI,760.0
486,Rosella,2,Oval,2,2,0,19.61,310.0,607.84,305.0,-58.0,497.9867,15.0,15.0,Super Ideal,D,VS1,0.51,IGI,760.0
488,Jane Brear,2,Oval,1,2,0,14.34,1579.0,877.22,1555.0,-41.0,1810.6647,15.0,15.0,Super Ideal,J,SI1,1.8,IGI,2930.0
488,Temperley,2,Oval,1,1,0,13.52,1579.0,877.22,1555.0,-41.0,1795.2451,15.0,15.0,Super Ideal,J,SI1,1.8,IGI,2930.0
488,White Lily,2,Oval,1,1,0,15.42,1579.0,877.22,1555.0,-41.0,1796.5188,15.0,15.0,Super Ideal,J,SI1,1.8,IGI,2930.0
499,BonDiam,2,Pear,1,1,0,17.61,393.02,479.29,387.0,-59.0,614.8058,14.0,15.0,Very Good,E,VVS2,0.82,IGI,1630.0
499,Hoseki,2,Pear,1,2,0,10.86,375.12,457.46,369.0,-59.0,599.5382,15.0,15.0,Very Good,E,VVS2,0.82,IGI,1630.0
499,Michelle Kennedy,2,Pear,1,2,0,20.08,381.08,464.73,375.0,-62.0,651.363,14.0,15.0,Very Good,E,VVS2,0.82,IGI,1630.0
499,Promenade Jewelry,2,Pear,2,1,0,21.7,361.93,441.38,357.0,-61.0,606.6273,15.0,15.0,Very Good,E,VVS2,0.82,IGI,1630.0
499,Temperley,2,Pear,2,2,0,11.2,383.08,467.17,377.0,-59.0,603.1188,14.0,15.0,Very Good,E,VVS2,0.82,IGI,1630.0
501,Hill & Holland,2,Emerald,1,1,0,12.82,4504.0,1739.0,4436.0,-68.0,9011.5625,15.0,15.0,Super Ideal,D,VVS2,2.59,IGI,14390.0
501,Jane Brear,2,Emerald,1,1,0,12.72,4335.0,1673.75,4270.0,-69.0,8983.2803,15.0,15.0,Super Ideal,D,VVS2,2.59,IGI,14390.0
501,Marlowe & Co,2,Emerald,1,1,0,13.08,4376.0,1689.58,4310.0,-69.0,9018.9199,15.0,15.0,Super Ideal,D,VVS2,2.59,IGI,14390.0
501,Michelle Kennedy,2,Emerald,1,1,0,13.63,4457.0,1720.85,4390.0,-68.0,8952.4014,15.0,15.0,Super Ideal,D,VVS2,2.59,IGI,14390.0
501,Pegasus Diamonds,2,Emerald,1,1,0,13.82,4479.0,1729.34,4412.0,-68.0,8971.7822,15.0,15.0,Super Ideal,D,VVS2,2.59,IGI,14390.0
501,Periwinkle Stones,2,Emerald,1,1,0,16.41,4356.0,1681.85,4291.0,-69.0,8940.4336,15.0,15.0,Super Ideal,D,VVS2,2.59,IGI,14390.0
501,Vega Diamonds,2,Emerald,1,1,0,10.87,4178.0,1613.13,4115.0,-70.0,8968.1787,15.0,15.0,Super Ideal,D,VVS2,2.59,IGI,14390.0
501,White Lily,2,Emerald,1,1,0,17.08,4171.36,1610.56,4109.0,-70.0,9027.9131,15.0,15.0,Super Ideal,D,VVS2,2.59,IGI,14390.0
502,Diamonds by Zoya,2,Pear,2,3,0,18.68,343.28,647.7,338.0,-55.0,489.7236,14.0,15.0,Very Good,D,VS2,0.53,IGI,755.0
504,Cirrus Gems,2,Round,1,1,0,16.69,1358.0,798.82,1338.0,-58.0,2313.791,18.0,18.0,Super Ideal,I,VVS2,1.7,IGI,3640.0
504,Lotus Creation,2,Round,1,1,0,15.09,1363.76,802.21,1343.0,-58.0,2309.3794,18.0,18.0,Super Ideal,I,VVS2,1.7,IGI,3640.0
504,Sunset Gems,2,Round,1,1,0,16.28,1343.49,790.29,1323.0,-59.0,2334.99,18.0,18.0,Super Ideal,I,VVS2,1.7,IGI,3640.0
504,White Lily,2,Round,1,1,0,10.48,1434.79,843.99,1413.0,-56.0,2329.7258,18.0,18.0,Super Ideal,I,VVS2,1.7,IGI,3640.0
506,Avignon Diamonds,2,Round,1,1,0,11.61,1650.0,1071.43,1625.0,-59.0,2898.2649,18.0,18.0,Ideal,F,VVS2,1.54,IGI,5340.0
506,Camden Gems,2,Round,1,1,0,12.71,1675.0,1087.66,1650.0,-58.0,2875.4648,18.0,18.0,Ideal,F,VVS2,1.54,IGI,5340.0
506,Ember Star,2,Round,1,1,0,14.17,1644.0,1067.53,1619.0,-59.0,2874.5024,18.0,18.0,Ideal,F,VVS2,1.54,IGI,5340.0
506,Emilia Sterling,2,Round,1,1,0,93.49,1614.0,1048.05,1590.0,-60.0,2866.2146,18.0,18.0,Ideal,F,VVS2,1.54,IGI,5340.0
506,Fabiola,2,Round,1,1,0,13.12,1640.0,1064.94,1615.0,-59.0,2874.1904,18.0,18.0,Ideal,F,VVS2,1.54,IGI,5340.0
506,Gemstone Harmony,2,Round,1,1,0,10.69,1636.0,1062.34,1611.0,-59.0,2865.8315,18.0,18.0,Ideal,F,VVS2,1.54,IGI,5340.0
506,Hazel Diamonds,2,Round,1,1,0,14.79,1612.0,1046.75,1588.0,-61.0,2925.5383,18.0,18.0,Ideal,F,VVS2,1.54,IGI,5340.0
506,Iris Diamonds,2,Round,1,1,0,93.61,1647.72,1069.95,1623.0,-59.0,2890.9795,18.0,18.0,Ideal,F,VVS2,1.54,IGI,5340.0
506,Jane Brear,2,Round,1,1,0,15.04,1656.0,1075.32,1631.0,-60.0,2932.6758,18.0,18.0,Ideal,F,VVS2,1.54,IGI,5340.0
506,Marlowe & Co,2,Round,1,1,0,11.0,1652.0,1072.73,1627.0,-59.0,2871.3567,18.0,18.0,Ideal,F,VVS2,1.54,IGI,5340.0
506,Michelle Kennedy,2,Round,1,1,0,93.39,1673.0,1086.36,1648.0,-58.0,2880.4023,18.0,18.0,Ideal,F,VVS2,1.54,IGI,5340.0
506,Oasis Diamonds,2,Round,1,1,0,14.78,1703.44,1106.13,1678.0,-58.0,2916.4751,18.0,18.0,Ideal,F,VVS2,1.54,IGI,5340.0
506,Periwinkle Stones,2,Round,1,1,0,11.52,1676.0,1088.31,1651.0,-59.0,2925.0466,18.0,18.0,Ideal,F,VVS2,1.54,IGI,5340.0
506,Rosella,2,Round,1,1,0,14.94,1625.0,1055.19,1601.0,-60.0,2917.6182,18.0,18.0,Ideal,F,VVS2,1.54,IGI,5340.0
506,Serenade Diamonds,2,Round,1,1,0,10.49,1585.0,1029.22,1561.0,-61.0,2925.4319,18.0,18.0,Ideal,F,VVS2,1.54,IGI,5340.0
506,Simetría,2,Round,1,1,0,93.25,1646.0,1068.83,1621.0,-59.0,2857.106,18.0,18.0,Ideal,F,VVS2,1.54,IGI,5340.0
506,Temperley,2,Round,1,1,0,11.98,1673.0,1086.36,1648.0,-59.0,2956.6995,18.0,18.0,Ideal,F,VVS2,1.54,IGI,5340.0
506,Thalassa Gems,2,Round,1,1,0,12.54,1643.0,1066.88,1618.0,-59.0,2889.3569,18.0,18.0,Ideal,F,VVS2,1.54,IGI,5340.0
506,United Diam,2,Round,1,1,0,19.92,1604.08,1041.61,1580.0,-60.0,2862.05,18.0,18.0,Ideal,F,VVS2,1.54,IGI,5340.0
506,Vespera Gems,2,Round,1,1,0,11.4,1616.0,1049.35,1592.0,-60.0,2923.5957,18.0,18.0,Ideal,F,VVS2,1.54,IGI,5340.0
506,Westminster Diamonds,2,Round,1,1,0,15.98,1661.65,1078.99,1637.0,-59.0,2888.2964,18.0,18.0,Ideal,F,VVS2,1.54,IGI,5340.0
506,White Lily,2,Round,1,1,0,14.52,1688.0,1096.1,1663.0,-59.0,2914.3816,18.0,18.0,Ideal,F,VVS2,1.54,IGI,5340.0
513,Michelle Kennedy,2,Round,1,1,0,20.15,622.87,610.66,614.0,-53.0,947.754,18.0,18.0,Ideal,G,SI2,1.02,IGI,1455.0
514,Equinox Jewels,2,Round,1,1,0,13.79,333.0,489.71,328.0,-48.0,456.5905,18.0,18.0,Super Ideal,E,VS2,0.68,IGI,850.0
514,Nova Stars,2,Round,1,1,0,11.59,323.38,475.56,319.0,-50.0,461.1944,18.0,18.0,Super Ideal,E,VS2,0.68,IGI,850.0
514,Vega Diamonds,2,Round,1,1,0,19.83,313.67,461.28,309.0,-54.0,484.3948,18.0,18.0,Super Ideal,E,VS2,0.68,IGI,850.0
519,Genesis Stones,2,Oval,1,1,0,20.35,1603.11,801.55,1579.0,-60.0,2704.0591,14.0,15.0,Super Ideal,H,SI2,2.0,IGI,4916.67
524,Jane Brear,2,Oval,2,2,0,14.22,321.0,802.5,316.0,-37.0,343.8873,15.0,15.0,Super Ideal,E,VS1,0.4,IGI,420.0
531,Albert's Creations,2,Oval,1,1,0,13.56,321.0,573.21,316.0,-41.0,367.6837,15.0,15.0,Super Ideal,G,VS2,0.56,IGI,570.0
533,Rosella,2,Pear,2,2,0,17.45,359.0,505.63,354.0,-61.0,590.4817,14.0,15.0,Very Good,E,VVS2,0.71,IGI,1226.67
535,Michelle Kennedy,2,Round,1,1,0,15.31,763.16,587.05,752.0,-57.0,1281.6061,18.0,18.0,Super Ideal,I,SI1,1.3,IGI,2140.0
536,Sunset Gems,2,Princess,1,1,0,20.28,1519.0,868.0,1496.0,-54.0,2106.5898,15.0,15.0,Super Ideal,G,SI1,1.75,IGI,3890.0
536,Taiga Gems,2,Princess,1,1,0,16.94,1502.0,858.29,1479.0,-55.0,2133.7815,15.0,15.0,Super Ideal,G,SI1,1.75,IGI,3890.0
541,Michelle Kennedy,2,Princess,1,1,0,15.61,5158.0,1696.71,5081.0,-63.0,8752.3057,14.0,15.0,Very Good,F,VVS2,3.04,IGI,18040.0
541,Temperley,2,Princess,1,1,0,20.24,5015.0,1649.67,4940.0,-65.0,9135.2549,15.0,15.0,Very Good,F,VVS2,3.04,IGI,18040.0
542,Avignon Diamonds,2,Round,1,1,0,8.76,1055.0,1990.57,1039.0,27.0,594.6053,15.0,18.0,Very Good,E,VS2,0.53,IGI,650.0
544,Temperley,2,Round,1,1,0,16.19,1586.0,1036.6,1562.0,-15.0,1333.1919,18.0,18.0,Ideal,J,VS2,1.53,IGI,2330.0
545,Artemis Stones,2,Round,1,1,0,17.93,868.0,748.28,855.0,-50.0,1233.1213,18.0,18.0,Super Ideal,G,VVS2,1.16,IGI,2775.0
545,Cirrus Gems,2,Round,1,1,0,22.4,857.0,738.79,844.0,-53.0,1306.5205,18.0,18.0,Super Ideal,G,VVS2,1.16,IGI,2775.0
545,Fabiola,2,Round,1,1,0,14.48,876.0,755.17,863.0,-50.0,1248.3584,18.0,18.0,Super Ideal,G,VVS2,1.16,IGI,2775.0
545,Jane Brear,2,Round,1,1,0,20.45,912.0,786.21,898.0,-51.0,1333.6125,18.0,18.0,Super Ideal,G,VVS2,1.16,IGI,2775.0
545,Sunset Gems,2,Round,2,1,0,18.26,869.0,749.14,856.0,-53.0,1337.2456,18.0,18.0,Super Ideal,G,VVS2,1.16,IGI,2775.0
548,Fabiola,2,Round,1,1,0,13.37,661.0,641.75,651.0,-62.0,1231.662,18.0,18.0,Ideal,F,VS2,1.03,IGI,2000.0
548,Jane Brear,2,Round,1,1,0,13.75,684.0,664.08,674.0,-61.0,1255.2078,18.0,18.0,Ideal,F,VS2,1.03,IGI,2000.0
548,Michelle Kennedy,2,Round,1,1,0,11.24,687.0,666.99,677.0,-62.0,1287.5385,18.0,18.0,Ideal,F,VS2,1.03,IGI,2000.0
548,Nova Stars,2,Round,1,1,0,11.26,657.0,637.86,647.0,-63.0,1265.8752,18.0,18.0,Ideal,F,VS2,1.03,IGI,2000.0
548,White Lily,2,Round,1,1,0,13.87,683.0,663.11,673.0,-62.0,1291.0243,18.0,18.0,Ideal,F,VS2,1.03,IGI,2000.0
554,Michelle Kennedy,2,Round,1,2,0,15.27,806.94,672.45,795.0,-51.0,1176.6863,18.0,18.0,Ideal,E,SI2,1.2,IGI,2080.0
561,Albert's Creations,2,Princess,1,1,0,11.17,2548.0,1242.93,2510.0,-64.0,4513.2051,15.0,15.0,Super Ideal,E,VS1,2.05,IGI,8000.0
561,Avignon Diamonds,2,Princess,1,1,0,14.14,2526.0,1232.2,2488.0,-65.0,4550.2612,15.0,15.0,Super Ideal,E,VS1,2.05,IGI,8000.0
561,Eternity Fine Jewelers,2,Princess,1,1,0,13.54,2551.0,1244.39,2513.0,-64.0,4559.5767,15.0,15.0,Super Ideal,E,VS1,2.05,IGI,8000.0
561,Fuji Diamonds,2,Princess,1,1,0,19.2,2540.27,1239.16,2502.0,-64.0,4527.0112,15.0,15.0,Super Ideal,E,VS1,2.05,IGI,8000.0
561,Jane Brear,2,Princess,1,1,0,14.7,2568.0,1252.68,2529.0,-63.0,4437.5527,15.0,15.0,Super Ideal,E,VS1,2.05,IGI,8000.0
561,Michelle Kennedy,2,Princess,1,1,0,15.27,2583.02,1260.01,2544.0,-63.0,4474.6167,15.0,15.0,Super Ideal,E,VS1,2.05,IGI,8000.0
561,Periwinkle Stones,2,Princess,1,1,0,14.6,2640.73,1288.16,2601.0,-63.0,4523.7847,15.0,15.0,Super Ideal,E,VS1,2.05,IGI,8000.0
561,Roma Diamonds,2,Princess,1,1,0,38.49,2559.0,1248.29,2521.0,-64.0,4454.6177,15.0,15.0,Super Ideal,E,VS1,2.05,IGI,8000.0
561,Rosella,2,Princess,1,1,0,10.86,2465.0,1202.44,2428.0,-65.0,4476.4116,15.0,15.0,Super Ideal,E,VS1,2.05,IGI,8000.0
561,Taiga Gems,2,Princess,1,1,0,10.28,2546.0,1241.95,2508.0,-64.0,4474.6167,15.0,15.0,Super Ideal,E,VS1,2.05,IGI,8000.0
561,Temperley,2,Princess,1,1,0,13.74,2554.0,1245.85,2516.0,-65.0,4594.8828,15.0,15.0,Super Ideal,E,VS1,2.05,IGI,8000.0
561,Vega Diamonds,2,Princess,1,1,0,10.61,2472.0,1205.85,2435.0,-65.0,4514.2817,15.0,15.0,Super Ideal,E,VS1,2.05,IGI,8000.0
561,Vespera Gems,2,Princess,1,1,0,14.35,2480.0,1209.76,2443.0,-66.0,4593.5806,15.0,15.0,Super Ideal,E,VS1,2.05,IGI,8000.0
561,White Lily,2,Princess,1,1,0,17.95,2624.0,1280.0,2585.0,-65.0,4704.2803,15.0,15.0,Super Ideal,E,VS1,2.05,IGI,8000.0
563,Diamonds by Zoya,2,Oval,1,2,0,12.49,338.3,573.39,333.0,-52.0,470.0945,15.0,15.0,Super Ideal,E,VVS2,0.59,IGI,790.0
563,Hoseki,2,Oval,2,2,0,15.97,352.23,597.0,347.0,-57.0,554.6886,15.0,15.0,Super Ideal,E,VVS2,0.59,IGI,790.0
563,Meadow & Co,2,Oval,1,1,0,10.38,353.22,598.68,348.0,-50.0,475.9486,15.0,15.0,Super Ideal,E,VVS2,0.59,IGI,790.0
563,Promenade Jewelry,2,Oval,1,1,0,19.11,328.15,556.19,323.0,-57.0,512.6453,15.0,15.0,Super Ideal,E,VVS2,0.59,IGI,790.0
563,Rosella,2,Oval,2,2,0,18.72,348.0,589.83,343.0,-59.0,568.902,15.0,15.0,Super Ideal,E,VVS2,0.59,IGI,790.0
563,Temperley,2,Oval,1,1,0,15.44,361.18,612.17,356.0,-56.0,554.6886,15.0,15.0,Super Ideal,E,VVS2,0.59,IGI,790.0
563,Vega Diamonds,2,Oval,2,2,0,18.34,328.15,556.19,323.0,-54.0,475.8271,15.0,15.0,Super Ideal,E,VVS2,0.59,IGI,790.0
564,White Lily,2,Round,1,1,0,16.53,1288.0,780.61,1269.0,-53.0,1964.6343,18.0,18.0,Super Ideal,F,SI1,1.65,IGI,3585.0
568,Albert's Creations,2,Oval,1,1,0,12.54,985.0,895.45,970.0,-65.0,1894.4773,15.0,15.0,Super Ideal,E,VVS2,1.1,IGI,2800.0
568,Avignon Diamonds,2,Oval,1,1,0,14.85,977.0,888.18,962.0,-66.0,1917.8584,15.0,15.0,Super Ideal,E,VVS2,1.1,IGI,2800.0
568,Bayside Gems,2,Oval,1,1,0,14.95,961.29,873.9,947.0,-66.0,1917.4918,15.0,15.0,Super Ideal,E,VVS2,1.1,IGI,2800.0
568,Clermont Diamonds,2,Oval,1,1,0,13.47,983.0,893.64,968.0,-65.0,1884.2017,15.0,15.0,Super Ideal,E,VVS2,1.1,IGI,2800.0
568,Diamonds by Zoya,2,Oval,1,1,0,89.55,986.0,896.36,971.0,-64.0,1859.1555,15.0,15.0,Super Ideal,E,VVS2,1.1,IGI,2800.0
568,Ember Star,2,Oval,1,1,0,16.68,954.53,867.75,940.0,-66.0,1889.3181,15.0,15.0,Super Ideal,E,VVS2,1.1,IGI,2800.0
568,Equinox Jewels,2,Oval,1,1,0,12.41,976.0,887.27,961.0,-66.0,1938.5953,15.0,15.0,Super Ideal,E,VVS2,1.1,IGI,2800.0
568,Infinity Diamonds,2,Oval,1,1,0,20.08,989.0,899.09,974.0,-65.0,1896.6077,15.0,15.0,Super Ideal,E,VVS2,1.1,IGI,2800.0
568,Iris Diamonds,2,Oval,1,1,0,14.97,994.0,903.64,979.0,-65.0,1935.7981,15.0,15.0,Super Ideal,E,VVS2,1.1,IGI,2800.0
568,Jane Brear,2,Oval,1,1,0,19.12,992.0,901.82,977.0,-64.0,1881.2869,15.0,15.0,Super Ideal,E,VVS2,1.1,IGI,2800.0
568,Lotus Creation,2,Oval,1,1,0,16.81,981.56,892.33,967.0,-66.0,1941.7965,15.0,15.0,Super Ideal,E,VVS2,1.1,IGI,2800.0
568,Mei & Co,2,Oval,1,1,0,11.96,976.0,887.27,961.0,-66.0,1922.3,15.0,15.0,Super Ideal,E,VVS2,1.1,IGI,2800.0
568,Michelle Kennedy,2,Oval,1,1,0,14.96,994.0,903.64,979.0,-65.0,1896.6077,15.0,15.0,Super Ideal,E,VVS2,1.1,IGI,2800.0
568,Roma Diamonds,2,Oval,1,2,0,13.52,986.0,896.36,971.0,-65.0,1901.5475,15.0,15.0,Super Ideal,E,VVS2,1.1,IGI,2800.0
568,Rosella,2,Oval,1,1,0,17.6,960.32,873.02,946.0,-65.0,1868.2644,15.0,15.0,Super Ideal,E,VVS2,1.1,IGI,2800.0
568,Simetría,2,Oval,1,1,0,11.06,994.0,903.64,979.0,-65.0,1903.8624,15.0,15.0,Super Ideal,E,VVS2,1.1,IGI,2800.0
568,Sonata Gems,2,Oval,1,1,0,14.52,993.01,902.74,978.0,-65.0,1921.1854,15.0,15.0,Super Ideal,E,VVS2,1.1,IGI,2800.0
568,Starlight Crafts,2,Oval,1,1,0,11.75,976.0,887.27,961.0,-65.0,1896.6077,15.0,15.0,Super Ideal,E,VVS2,1.1,IGI,2800.0
568,Taiga Gems,2,Oval,1,1,0,14.81,986.0,896.36,971.0,-65.0,1905.8341,15.0,15.0,Super Ideal,E,VVS2,1.1,IGI,2800.0
568,Temperley,2,Oval,1,1,0,11.85,994.0,903.64,979.0,-65.0,1940.5511,15.0,15.0,Super Ideal,E,VVS2,1.1,IGI,2800.0
568,Thalassa Gems,2,Oval,1,1,0,11.74,979.0,890.0,964.0,-65.0,1886.5016,15.0,15.0,Super Ideal,E,VVS2,1.1,IGI,2800.0
568,Tierra Mia Diamonds,2,Oval,1,1,0,11.77,983.0,893.64,968.0,-64.0,1857.8215,15.0,15.0,Super Ideal,E,VVS2,1.1,IGI,2800.0
568,Tilia Diamonds,2,Oval,1,1,0,11.44,992.0,901.82,977.0,-66.0,1937.6602,15.0,15.0,Super Ideal,E,VVS2,1.1,IGI,2800.0
568,Vega Diamonds,2,Oval,1,1,0,14.35,957.43,870.39,943.0,-66.0,1896.8704,15.0,15.0,Super Ideal,E,VVS2,1.1,IGI,2800.0
568,Verve Jewels,2,Oval,1,1,0,17.17,984.0,894.55,969.0,-65.0,1912.0109,15.0,15.0,Super Ideal,E,VVS2,1.1,IGI,2800.0
568,White Lily,2,Oval,1,1,0,16.31,992.0,901.82,977.0,-65.0,1888.9738,15.0,15.0,Super Ideal,E,VVS2,1.1,IGI,2800.0
569,Cirrus Gems,2,Round,1,1,0,22.2,2204.4,926.22,2171.0,-59.0,3845.5405,18.0,18.0,Ideal,G,VS2,2.38,IGI,8030.0
569,Jane Brear,2,Round,1,1,0,18.42,2277.56,956.96,2243.0,-59.0,3929.9609,18.0,18.0,Ideal,G,VS2,2.38,IGI,8030.0
569,Taiga Gems,2,Round,1,1,0,21.79,2182.2,916.89,2149.0,-60.0,3868.5569,18.0,18.0,Ideal,G,VS2,2.38,IGI,8030.0
572,Diamonds by Zoya,2,Round,1,1,0,12.01,761.18,685.75,750.0,-60.0,1376.8363,18.0,18.0,Ideal,D,SI1,1.11,IGI,2320.0
572,Periwinkle Stones,2,Round,1,1,0,10.96,810.92,730.56,799.0,-58.0,1381.991,18.0,18.0,Ideal,D,SI1,1.11,IGI,2320.0
572,Silva Diamonds,2,Round,1,1,0,12.17,765.0,689.19,754.0,-60.0,1362.3463,18.0,18.0,Ideal,D,SI1,1.11,IGI,2320.0
573,Meridian Crafts,2,Princess,1,1,0,14.57,423.0,587.5,417.0,-55.0,592.7974,15.0,15.0,Super Ideal,G,VS2,0.72,IGI,1060.0
575,CV Diamonds,2,Round,1,1,0,56.01,678.0,622.02,668.0,-62.0,1272.3602,18.0,18.0,Ideal,E,VS2,1.09,IGI,2620.0
575,Cirrus Gems,2,Round,1,1,0,14.21,677.54,621.6,667.0,-62.0,1267.6892,18.0,18.0,Ideal,E,VS2,1.09,IGI,2620.0
575,Clermont Diamonds,2,Round,1,1,0,14.74,672.0,616.51,662.0,-61.0,1249.3649,18.0,18.0,Ideal,E,VS2,1.09,IGI,2620.0
575,Dahlia Diamonds,2,Round,1,1,0,14.91,674.61,618.91,664.0,-61.0,1229.5449,18.0,18.0,Ideal,E,VS2,1.09,IGI,2620.0
575,Fabiola,2,Round,1,1,0,14.56,669.0,613.76,659.0,-62.0,1269.8086,18.0,18.0,Ideal,E,VS2,1.09,IGI,2620.0
575,Jane Brear,2,Round,1,1,0,14.78,698.0,640.37,688.0,-61.0,1282.9188,18.0,18.0,Ideal,E,VS2,1.09,IGI,2620.0
575,Marlowe & Co,2,Round,2,1,0,16.54,683.0,626.61,673.0,-61.0,1262.1304,18.0,18.0,Ideal,E,VS2,1.09,IGI,2620.0
575,Michelle Kennedy,2,Round,1,1,0,10.29,703.0,644.95,692.0,-60.0,1250.0287,18.0,18.0,Ideal,E,VS2,1.09,IGI,2620.0
575,Roma Diamonds,2,Round,1,1,0,12.92,676.0,620.18,666.0,-61.0,1253.057,18.0,18.0,Ideal,E,VS2,1.09,IGI,2620.0
575,Sigma Diamonds,2,Round,1,1,0,13.85,667.0,611.93,657.0,-62.0,1262.3018,18.0,18.0,Ideal,E,VS2,1.09,IGI,2620.0
575,Silva Diamonds,2,Round,1,1,0,12.99,673.0,617.43,663.0,-63.0,1288.929,18.0,18.0,Ideal,E,VS2,1.09,IGI,2620.0
575,Taiga Gems,2,Round,1,1,0,11.08,694.0,636.7,684.0,-61.0,1276.6199,18.0,18.0,Ideal,E,VS2,1.09,IGI,2620.0
575,Temperley,2,Round,1,1,0,13.68,694.0,636.7,684.0,-61.0,1282.8665,18.0,18.0,Ideal,E,VS2,1.09,IGI,2620.0
575,Thalassa Gems,2,Round,1,1,0,12.94,677.6,621.65,667.0,-61.0,1248.1191,18.0,18.0,Ideal,E,VS2,1.09,IGI,2620.0
575,White Lily,2,Round,1,1,0,13.61,694.91,637.53,684.0,-60.0,1229.7036,18.0,18.0,Ideal,E,VS2,1.09,IGI,2620.0
578,White Lily,2,Round,1,1,0,15.0,310.0,574.07,305.0,-59.0,540.8109,16.0,18.0,Very Good,E,VVS2,0.54,IGI,880.0
580,Jane Brear,2,Round,1,1,0,13.4,2969.08,1313.75,2925.0,-23.0,2754.5964,18.0,18.0,Ideal,J,VS2,2.26,IGI,4200.0
580,Michelle Kennedy,2,Round,1,1,0,12.23,2969.08,1313.75,2925.0,-15.0,2512.4126,17.0,18.0,Ideal,J,VS2,2.26,IGI,4200.0
580,Temperley,2,Round,1,1,0,13.66,2969.08,1313.75,2925.0,-20.0,2645.9084,18.0,18.0,Ideal,J,VS2,2.26,IGI,4200.0
585,Bayside Gems,2,Round,1,1,0,16.56,2323.0,1032.44,2288.0,-63.0,4512.2139,18.0,18.0,Super Ideal,F,VS1,2.25,IGI,8980.0
585,Eccles Diamonds,2,Round,1,1,0,13.04,2329.3,1035.24,2294.0,-63.0,4487.3037,18.0,18.0,Super Ideal,F,VS1,2.25,IGI,8980.0
585,Emilia Sterling,2,Round,1,1,0,12.71,2273.0,1010.22,2239.0,-64.0,4544.9546,18.0,18.0,Super Ideal,F,VS1,2.25,IGI,8980.0
585,Eterna Luxe,2,Round,1,1,0,14.8,2329.0,1035.11,2294.0,-64.0,4589.438,18.0,18.0,Super Ideal,F,VS1,2.25,IGI,8980.0
585,Eternity Fine Jewelers,2,Round,1,1,0,16.19,2324.0,1032.89,2289.0,-63.0,4487.2266,18.0,18.0,Super Ideal,F,VS1,2.25,IGI,8980.0
585,La Marquise,2,Round,1,1,0,17.75,2537.0,1127.56,2499.0,-60.0,4490.4561,18.0,18.0,Super Ideal,F,VS1,2.25,IGI,8980.0
585,Michelle Kennedy,2,Round,1,1,0,15.79,2342.0,1040.89,2307.0,-63.0,4519.3208,18.0,18.0,Super Ideal,F,VS1,2.25,IGI,8980.0
585,Oasis Diamonds,2,Round,1,1,0,14.51,2399.0,1066.22,2363.0,-62.0,4556.1055,18.0,18.0,Super Ideal,F,VS1,2.25,IGI,8980.0
585,Periwinkle Stones,2,Round,1,1,0,16.67,2356.0,1047.11,2321.0,-63.0,4595.8662,18.0,18.0,Super Ideal,F,VS1,2.25,IGI,8980.0
585,Vega Diamonds,2,Round,1,1,0,13.96,2257.0,1003.11,2223.0,-65.0,4623.4243,18.0,18.0,Super Ideal,F,VS1,2.25,IGI,8980.0
585,White Lily,2,Round,1,1,0,14.19,2360.14,1048.95,2325.0,-63.0,4548.3789,18.0,18.0,Super Ideal,F,VS1,2.25,IGI,8980.0
589,Adalyn Jewelry,2,Pear,1,1,0,19.87,1148.0,1114.56,1131.0,-64.0,2065.6045,15.0,15.0,Super Ideal,E,VVS1,1.03,IGI,3100.0
589,Bayside Gems,2,Pear,1,1,0,21.94,1111.0,1078.64,1094.0,-64.0,2026.3029,15.0,15.0,Super Ideal,E,VVS1,1.03,IGI,3100.0
589,Equinox Jewels,2,Pear,1,1,0,15.21,1142.0,1108.74,1125.0,-64.0,2044.5507,15.0,15.0,Super Ideal,E,VVS1,1.03,IGI,3100.0
589,Eternity Fine Jewelers,2,Pear,1,1,0,19.12,1166.14,1132.17,1149.0,-63.0,2043.2062,15.0,15.0,Super Ideal,E,VVS1,1.03,IGI,3100.0
589,Infinity Diamonds,2,Pear,1,1,0,12.22,1156.0,1122.33,1139.0,-63.0,2049.7747,15.0,15.0,Super Ideal,E,VVS1,1.03,IGI,3100.0
589,Jane Brear,2,Pear,1,1,0,11.71,1140.0,1106.8,1123.0,-64.0,2049.4656,15.0,15.0,Super Ideal,E,VVS1,1.03,IGI,3100.0
589,Joan Cooper,2,Pear,1,1,0,11.08,1148.0,1114.56,1131.0,-64.0,2080.0464,15.0,15.0,Super Ideal,E,VVS1,1.03,IGI,3100.0
589,Marlowe & Co,2,Pear,1,1,0,18.87,1176.09,1141.83,1158.0,-63.0,2080.6633,15.0,15.0,Super Ideal,E,VVS1,1.03,IGI,3100.0
589,Mei & Co,2,Pear,1,2,0,21.14,1157.18,1123.48,1140.0,-64.0,2070.8743,15.0,15.0,Super Ideal,E,VVS1,1.03,IGI,3100.0
589,Michelle Kennedy,2,Pear,1,1,0,21.0,1220.0,1184.47,1202.0,-61.0,2033.8435,15.0,15.0,Super Ideal,E,VVS1,1.03,IGI,3100.0
589,Promenade Jewelry,2,Pear,1,1,0,17.12,1175.55,1141.31,1158.0,-63.0,2064.334,15.0,15.0,Super Ideal,E,VVS1,1.03,IGI,3100.0
589,Rosella,2,Pear,1,1,0,23.72,1135.02,1101.96,1118.0,-64.0,2049.9634,15.0,15.0,Super Ideal,E,VVS1,1.03,IGI,3100.0
589,Sara's Diamonds,2,Pear,1,1,0,22.81,1114.75,1082.28,1098.0,-65.0,2052.7695,15.0,15.0,Super Ideal,E,VVS1,1.03,IGI,3100.0
589,Serenade Diamonds,2,Pear,1,1,0,22.11,1112.0,1079.61,1095.0,-65.0,2063.0886,15.0,15.0,Super Ideal,E,VVS1,1.03,IGI,3100.0
589,Sigma Diamonds,2,Pear,1,1,0,19.66,1151.0,1117.48,1134.0,-63.0,2040.4436,15.0,15.0,Super Ideal,E,VVS1,1.03,IGI,3100.0
589,Taiga Gems,2,Pear,1,1,0,11.51,1148.0,1114.56,1131.0,-63.0,2036.5621,15.0,15.0,Super Ideal,E,VVS1,1.03,IGI,3100.0
589,Temperley,2,Pear,1,1,0,11.73,1169.0,1134.95,1151.0,-63.0,2063.0886,15.0,15.0,Super Ideal,E,VVS1,1.03,IGI,3100.0
589,Vega Diamonds,2,Pear,1,1,0,22.43,1159.0,1125.24,1142.0,-63.0,2023.5842,15.0,15.0,Super Ideal,E,VVS1,1.03,IGI,3100.0
590,Meridian Crafts,2,Oval,1,1,0,13.75,346.0,494.29,341.0,-46.0,432.6771,15.0,15.0,Super Ideal,G,VS2,0.7,IGI,1040.0
590,Michelle Kennedy,2,Oval,1,1,0,16.44,356.0,508.57,351.0,-45.0,438.1272,15.0,15.0,Super Ideal,G,VS2,0.7,IGI,1040.0
590,Temperley,2,Oval,1,1,0,15.02,433.0,618.57,427.0,-34.0,440.5372,15.0,15.0,Super Ideal,G,VS2,0.7,IGI,1040.0
591,Adalyn Jewelry,2,Round,1,1,0,10.44,2871.0,1421.29,2828.0,-63.0,5540.0635,18.0,18.0,Ideal,E,VVS2,2.02,IGI,11273.33
591,Avignon Diamonds,2,Round,1,1,0,13.88,2834.0,1402.97,2791.0,-64.0,5623.6875,18.0,18.0,Ideal,E,VVS2,2.02,IGI,11273.33
591,Camden Gems,2,Round,1,1,0,11.21,2879.0,1425.25,2836.0,-63.0,5543.749,18.0,18.0,Ideal,E,VVS2,2.02,IGI,11273.33
591,Ember Star,2,Round,1,1,0,12.96,2866.0,1418.81,2823.0,-62.0,5416.0566,18.0,18.0,Ideal,E,VVS2,2.02,IGI,11273.33
591,Gemstone Harmony,2,Round,1,1,0,13.29,2871.0,1421.29,2828.0,-62.0,5426.375,18.0,18.0,Ideal,E,VVS2,2.02,IGI,11273.33
591,Grace Brooks,2,Round,1,1,0,16.1,2866.56,1419.09,2824.0,-63.0,5483.6743,18.0,18.0,Ideal,E,VVS2,2.02,IGI,11273.33
591,Infinity Diamonds,2,Round,1,1,0,16.88,2841.0,1406.44,2798.0,-64.0,5657.9673,18.0,18.0,Ideal,E,VVS2,2.02,IGI,11273.33
591,Jane Brear,2,Round,2,1,0,17.1,2785.0,1378.71,2743.0,-64.0,5514.689,18.0,18.0,Ideal,E,VVS2,2.02,IGI,11273.33
591,Knox Diamonds,2,Round,1,1,0,11.54,2871.0,1421.29,2828.0,-63.0,5605.2446,18.0,18.0,Ideal,E,VVS2,2.02,IGI,11273.33
591,Michelle Kennedy,2,Round,1,2,0,17.21,2785.0,1378.71,2743.0,-64.0,5606.4946,18.0,18.0,Ideal,E,VVS2,2.02,IGI,11273.33
591,Serenade Diamonds,2,Round,1,1,0,14.58,2780.6,1376.53,2739.0,-65.0,5711.2725,18.0,18.0,Ideal,E,VVS2,2.02,IGI,11273.33
591,Stellar Radiance,2,Round,1,1,0,12.41,2871.0,1421.29,2828.0,-64.0,5669.6284,18.0,18.0,Ideal,E,VVS2,2.02,IGI,11273.33
591,Sunset Gems,2,Round,1,1,0,10.63,2809.0,1390.59,2767.0,-63.0,5432.5532,18.0,18.0,Ideal,E,VVS2,2.02,IGI,11273.33
591,Taiga Gems,2,Round,1,1,0,14.81,2834.0,1402.97,2791.0,-62.0,5346.4468,18.0,18.0,Ideal,E,VVS2,2.02,IGI,11273.33
591,Temperley,2,Round,1,1,0,14.89,2874.0,1422.77,2831.0,-62.0,5429.5928,18.0,18.0,Ideal,E,VVS2,2.02,IGI,11273.33
591,Tierra Mia Diamonds,2,Round,1,1,0,10.46,2853.0,1412.38,2810.0,-63.0,5452.9844,18.0,18.0,Ideal,E,VVS2,2.02,IGI,11273.33
591,United Diam,2,Round,1,1,0,11.47,2786.0,1379.21,2744.0,-64.0,5585.832,18.0,18.0,Ideal,E,VVS2,2.02,IGI,11273.33
591,Vega Diamonds,2,Round,1,1,0,13.4,2788.0,1380.2,2746.0,-64.0,5609.3477,18.0,18.0,Ideal,E,VVS2,2.02,IGI,11273.33
591,White Lily,2,Round,1,1,0,94.5,2859.0,1415.35,2816.0,-63.0,5523.894,18.0,18.0,Ideal,E,VVS2,2.02,IGI,11273.33
592,Eternal Flame,2,Oval,1,1,0,12.37,343.28,715.17,338.0,-29.0,325.1018,15.0,15.0,Super Ideal,D,VS1,0.48,IGI,520.0
592,Michelle Kennedy,2,Oval,2,1,0,16.22,320.0,666.67,315.0,-43.0,380.3028,15.0,15.0,Super Ideal,D,VS1,0.48,IGI,520.0
592,Promenade Jewelry,2,Oval,2,2,0,16.34,308.0,641.67,303.0,-35.0,321.3971,15.0,15.0,Super Ideal,D,VS1,0.48,IGI,520.0
592,Temperley,2,Oval,1,1,0,16.06,320.0,666.67,315.0,-32.0,318.067,15.0,15.0,Super Ideal,D,VS1,0.48,IGI,520.0
592,White Lily,2,Oval,1,2,0,16.44,320.0,666.67,315.0,-30.0,306.4016,15.0,15.0,Super Ideal,D,VS1,0.48,IGI,520.0
593,Jane Brear,2,Oval,1,2,0,12.66,1592.0,874.73,1568.0,-37.0,1711.9552,15.0,15.0,Super Ideal,J,SI1,1.82,IGI,3110.0
593,Temperley,2,Oval,1,1,0,12.14,1592.0,874.73,1568.0,-38.0,1721.0613,15.0,15.0,Super Ideal,J,SI1,1.82,IGI,3110.0
596,Ithaca Diamonds,2,Emerald,1,2,0,18.41,569.14,632.38,561.0,-56.0,832.0193,14.0,15.0,Super Ideal,E,SI2,0.9,IGI,1210.0
596,Sunset Gems,2,Emerald,1,1,0,18.98,568.0,631.11,559.0,-55.0,806.446,14.0,15.0,Super Ideal,E,SI2,0.9,IGI,1210.0
596,Vega Diamonds,2,Emerald,1,1,0,18.55,554.0,615.56,546.0,-54.0,769.8946,14.0,15.0,Super Ideal,E,SI2,0.9,IGI,1210.0
597,Cirrus Gems,2,Round,1,1,0,20.83,881.0,677.69,868.0,-55.0,1392.0614,18.0,18.0,Ideal,H,VS1,1.3,IGI,2630.0
597,Jane Brear,2,Round,1,1,0,15.82,925.0,711.54,911.0,-53.0,1414.1958,18.0,18.0,Ideal,H,VS1,1.3,IGI,2630.0
597,Riviera Jewels,2,Round,1,1,0,14.8,902.0,693.85,888.0,-52.0,1349.4315,18.0,18.0,Ideal,H,VS1,1.3,IGI,2630.0
597,Taiga Gems,2,Round,1,1,0,15.86,904.0,695.38,890.0,-54.0,1415.7554,18.0,18.0,Ideal,H,VS1,1.3,IGI,2630.0
601,Periwinkle Stones,2,Cushion,1,1,0,19.93,708.0,700.99,697.0,-64.0,1233.6995,15.0,15.0,Very Good,F,SI1,1.01,IGI,1674.29
602,Temperley,2,Cushion,1,2,0,13.29,318.0,676.6,313.0,-59.0,487.1256,14.0,15.0,Very Good,D,VS2,0.47,IGI,490.0
604,Fabiola,2,Oval,1,1,0,11.51,931.0,878.3,917.0,-63.0,1679.9532,15.0,15.0,Super Ideal,F,VVS2,1.06,IGI,2420.0
604,Genesis Stones,2,Oval,1,1,0,17.28,994.1,937.83,979.0,-61.0,1704.7698,15.0,15.0,Super Ideal,F,VVS2,1.06,IGI,2420.0
604,Jane Brear,2,Oval,1,1,0,13.53,956.0,901.89,942.0,-62.0,1683.142,15.0,15.0,Super Ideal,F,VVS2,1.06,IGI,2420.0
604,KIYO,2,Oval,1,1,0,17.52,920.75,868.63,907.0,-63.0,1694.6637,15.0,15.0,Super Ideal,F,VVS2,1.06,IGI,2420.0
604,Michelle Kennedy,2,Oval,1,1,0,12.46,960.18,905.83,946.0,-62.0,1696.1091,15.0,15.0,Super Ideal,F,VVS2,1.06,IGI,2420.0
604,Periwinkle Stones,2,Oval,1,1,0,12.08,968.14,913.34,954.0,-61.0,1675.7274,15.0,15.0,Super Ideal,F,VVS2,1.06,IGI,2420.0
604,Rosella,2,Oval,1,1,0,13.58,909.0,857.55,895.0,-64.0,1698.7871,15.0,15.0,Super Ideal,F,VVS2,1.06,IGI,2420.0
604,Taiga Gems,2,Oval,1,1,0,12.46,937.0,883.96,923.0,-64.0,1733.3722,15.0,15.0,Super Ideal,F,VVS2,1.06,IGI,2420.0
604,Temperley,2,Oval,1,1,0,14.08,1031.75,973.35,1016.0,-60.0,1719.7366,15.0,15.0,Super Ideal,F,VVS2,1.06,IGI,2420.0
604,White Lily,2,Oval,1,1,0,14.92,975.77,920.54,961.0,-61.0,1696.1644,15.0,15.0,Super Ideal,F,VVS2,1.06,IGI,2420.0
605,Jane Brear,2,Princess,1,1,0,13.8,2406.9,1124.72,2371.0,-62.0,4016.1135,15.0,15.0,Super Ideal,F,VS1,2.14,IGI,7320.0
605,Michelle Kennedy,2,Princess,1,1,0,10.73,2406.9,1124.72,2371.0,-62.0,3978.7,15.0,15.0,Super Ideal,F,VS1,2.14,IGI,7320.0
605,Rosella,2,Princess,1,1,0,14.89,2354.0,1100.0,2319.0,-63.0,4046.5896,15.0,15.0,Super Ideal,F,VS1,2.14,IGI,7320.0
605,Taiga Gems,2,Princess,1,1,0,11.58,2394.96,1119.14,2359.0,-62.0,3991.1121,15.0,15.0,Super Ideal,F,VS1,2.14,IGI,7320.0
605,Temperley,2,Princess,1,1,0,12.71,2406.9,1124.72,2371.0,-61.0,3960.3577,15.0,15.0,Super Ideal,F,VS1,2.14,IGI,7320.0
605,White Lily,2,Princess,1,1,0,13.42,2406.9,1124.72,2371.0,-62.0,4046.5896,15.0,15.0,Super Ideal,F,VS1,2.14,IGI,7320.0
607,Eternal Flame,2,Oval,2,1,0,13.2,343.0,672.55,338.0,-33.0,343.8912,15.0,15.0,Super Ideal,D,VS2,0.51,IGI,708.0
607,Jane Brear,2,Oval,1,1,0,12.75,364.0,713.73,359.0,-35.0,379.447,15.0,15.0,Super Ideal,D,VS2,0.51,IGI,708.0
609,Michelle Kennedy,2,Oval,1,1,0,11.76,755.2,733.2,744.0,-63.0,1379.7567,15.0,15.0,Very Good,E,VS2,1.03,IGI,2233.33
609,Rosella,2,Oval,1,1,0,17.46,703.0,682.52,692.0,-66.0,1389.5189,15.0,15.0,Very Good,E,VS2,1.03,IGI,2233.33
609,Serene Peaks Diamonds,2,Oval,1,1,0,13.75,731.0,709.71,720.0,-65.0,1389.1281,15.0,15.0,Very Good,E,VS2,1.03,IGI,2233.33
609,Temperley,2,Oval,1,1,0,10.08,752.0,730.1,741.0,-64.0,1389.5189,15.0,15.0,Very Good,E,VS2,1.03,IGI,2233.33
609,Vega Diamonds,2,Oval,1,1,0,16.57,706.49,685.91,696.0,-66.0,1401.7349,15.0,15.0,Very Good,E,VS2,1.03,IGI,2233.33
613,Fabiola,2,Round,1,1,0,10.3,1404.0,856.1,1383.0,-57.0,2335.4795,18.0,18.0,Super Ideal,G,VS1,1.64,IGI,4260.0
613,Jane Brear,2,Round,1,1,0,19.54,1412.0,860.98,1391.0,-57.0,2366.9866,18.0,18.0,Super Ideal,G,VS1,1.64,IGI,4260.0
613,Michelle Kennedy,2,Round,1,1,0,17.88,1412.0,860.98,1391.0,-59.0,2488.9519,18.0,18.0,Super Ideal,G,VS1,1.64,IGI,4260.0
613,Temperley,2,Round,1,1,0,17.27,1452.0,885.37,1430.0,-56.0,2375.8801,18.0,18.0,Super Ideal,G,VS1,1.64,IGI,4260.0
613,White Lily,2,Round,1,1,0,13.08,1436.0,875.61,1414.0,-59.0,2490.5327,18.0,18.0,Super Ideal,G,VS1,1.64,IGI,4260.0
615,Jane Brear,2,Round,1,1,0,10.72,2412.0,1200.0,2376.0,-30.0,2482.9077,18.0,18.0,Super Ideal,I,SI1,2.01,IGI,4532.5
615,White Lily,2,Round,1,1,0,9.88,2412.0,1200.0,2376.0,-28.0,2399.2734,18.0,18.0,Super Ideal,I,SI1,2.01,IGI,4532.5
621,Fabiola,2,Round,1,1,0,16.57,857.0,857.0,844.0,-60.0,1524.9396,18.0,18.0,Super Ideal,G,VVS1,1.0,IGI,2660.0
621,Roma Diamonds,2,Round,1,1,0,12.38,1493.0,1493.0,1471.0,-29.0,1508.415,18.0,18.0,Super Ideal,G,VVS1,1.0,IGI,2660.0
623,Thalassa Gems,2,Round,1,1,0,21.87,1162.16,754.65,1145.0,-58.0,1983.9948,18.0,18.0,Ideal,G,SI1,1.54,IGI,3203.33
625,Jane Brear,2,Oval,1,1,0,14.28,1924.0,938.54,1895.0,-64.0,3607.0803,15.0,15.0,Very Good,G,VS2,2.05,IGI,6510.0
625,Taiga Gems,2,Oval,1,1,0,17.73,1880.11,917.13,1852.0,-66.0,3732.2615,15.0,15.0,Very Good,G,VS2,2.05,IGI,6510.0
627,Jane Brear,2,Oval,2,2,0,13.83,381.0,521.92,375.0,-63.0,698.9535,14.0,15.0,Very Good,D,VVS2,0.73,IGI,1410.0
627,Magnolia,2,Oval,2,2,0,11.32,367.0,502.74,361.0,-68.0,779.7673,14.0,15.0,Very Good,D,VVS2,0.73,IGI,1410.0
627,Michelle Kennedy,2,Oval,2,2,0,14.67,381.0,521.92,375.0,-65.0,735.5832,14.0,15.0,Very Good,D,VVS2,0.73,IGI,1410.0
627,Rosella,2,Oval,2,2,0,13.75,358.0,490.41,353.0,-60.0,605.5718,14.0,15.0,Very Good,D,VVS2,0.73,IGI,1410.0
627,White Lily,2,Oval,3,3,0,13.31,381.0,521.92,375.0,-65.0,726.9031,13.0,15.0,Very Good,D,VVS2,0.73,IGI,1410.0
630,Jane Brear,2,Round,1,1,0,12.25,319.4,499.06,315.0,-52.0,478.9024,18.0,18.0,Ideal,F,VS1,0.64,IGI,870.0
630,Michelle Kennedy,2,Round,1,1,0,18.08,324.0,506.25,319.0,-51.0,473.811,18.0,18.0,Ideal,F,VS1,0.64,IGI,870.0
631,Avignon Diamonds,2,Round,1,1,0,63.6,1381.0,890.97,1360.0,-59.0,2426.0237,18.0,18.0,Super Ideal,F,VS1,1.55,IGI,4680.0
631,Camden Gems,2,Round,1,1,0,12.49,1356.0,874.84,1336.0,-60.0,2411.833,18.0,18.0,Super Ideal,F,VS1,1.55,IGI,4680.0
631,Hazel Diamonds,2,Round,1,1,0,10.11,1344.0,867.1,1324.0,-59.0,2353.3599,18.0,18.0,Super Ideal,F,VS1,1.55,IGI,4680.0
631,Jane Brear,2,Round,1,1,0,15.13,1397.0,901.29,1376.0,-59.0,2410.9053,18.0,18.0,Super Ideal,F,VS1,1.55,IGI,4680.0
631,Marlowe & Co,2,Round,1,1,0,14.15,1381.0,890.97,1360.0,-60.0,2470.7678,18.0,18.0,Super Ideal,F,VS1,1.55,IGI,4680.0
631,Michelle Kennedy,2,Round,1,1,0,10.8,1403.0,905.16,1382.0,-58.0,2387.6143,18.0,18.0,Super Ideal,F,VS1,1.55,IGI,4680.0
631,Nebula Stones,2,Round,1,1,0,13.44,1397.98,901.92,1377.0,-59.0,2417.1479,18.0,18.0,Super Ideal,F,VS1,1.55,IGI,4680.0
631,Nova Stars,2,Round,1,1,0,14.85,1357.0,875.48,1337.0,-61.0,2461.3237,18.0,18.0,Super Ideal,F,VS1,1.55,IGI,4680.0
631,Periwinkle Stones,2,Round,1,1,0,11.67,1391.0,897.42,1370.0,-59.0,2430.8926,18.0,18.0,Super Ideal,F,VS1,1.55,IGI,4680.0
631,Riley Stones,2,Round,1,1,0,30.79,1365.0,880.65,1345.0,-60.0,2440.2446,18.0,18.0,Super Ideal,F,VS1,1.55,IGI,4680.0
631,Rosella,2,Round,1,1,0,10.76,1352.0,872.26,1332.0,-60.0,2426.0237,18.0,18.0,Super Ideal,F,VS1,1.55,IGI,4680.0
631,Sigma Diamonds,2,Round,1,1,0,12.64,1359.0,876.77,1339.0,-60.0,2432.8728,18.0,18.0,Super Ideal,F,VS1,1.55,IGI,4680.0
631,Starlight Crafts,2,Round,1,1,0,10.7,1356.0,874.84,1336.0,-60.0,2407.73,18.0,18.0,Super Ideal,F,VS1,1.55,IGI,4680.0
631,Taiga Gems,2,Round,1,1,0,11.11,1398.0,901.94,1377.0,-58.0,2409.3899,18.0,18.0,Super Ideal,F,VS1,1.55,IGI,4680.0
631,Temperley,2,Round,1,1,0,12.49,1412.0,910.97,1391.0,-58.0,2397.7388,18.0,18.0,Super Ideal,F,VS1,1.55,IGI,4680.0
631,Thalassa Gems,2,Round,1,1,0,10.86,1368.0,882.58,1347.0,-59.0,2409.9177,18.0,18.0,Super Ideal,F,VS1,1.55,IGI,4680.0
631,Vespera Gems,2,Round,1,1,0,13.59,1363.76,879.85,1343.0,-59.0,2407.915,18.0,18.0,Super Ideal,F,VS1,1.55,IGI,4680.0
631,Westport Jewelry,2,Round,1,1,0,14.99,1345.0,867.74,1325.0,-61.0,2467.4805,18.0,18.0,Super Ideal,F,VS1,1.55,IGI,4680.0
631,White Lily,2,Round,1,1,0,14.91,1397.0,901.29,1376.0,-59.0,2411.1467,18.0,18.0,Super Ideal,F,VS1,1.55,IGI,4680.0
634,BonDiam,2,Round,1,1,0,15.31,334.32,903.57,329.0,0.0,240.3548,18.0,18.0,Super Ideal,D,VS2,0.37,IGI,430.56
634,Hoseki,2,Round,1,1,0,14.89,326.36,882.05,321.0,-4.0,243.5931,18.0,18.0,Super Ideal,D,VS2,0.37,IGI,430.56
634,Meridian Crafts,2,Round,1,2,0,16.53,320.0,864.86,315.0,-4.0,237.6165,18.0,18.0,Super Ideal,D,VS2,0.37,IGI,430.56
634,Promenade Jewelry,2,Round,1,1,0,12.94,324.0,875.68,319.0,-11.0,259.2708,18.0,18.0,Super Ideal,D,VS2,0.37,IGI,430.56
634,Temperley,2,Round,1,1,0,12.96,345.0,932.43,340.0,2.0,241.0747,18.0,18.0,Super Ideal,D,VS2,0.37,IGI,430.56
640,Temperley,2,Round,1,1,0,11.83,903.46,684.44,890.0,-55.0,1448.3287,18.0,18.0,Super Ideal,F,SI1,1.32,IGI,2480.0
641,Albert's Creations,2,Round,1,1,0,10.97,4306.0,1537.86,4241.0,-62.0,8208.9053,18.0,18.0,Super Ideal,E,VS1,2.8,IGI,18480.0
641,CV Diamonds,2,Round,1,1,0,16.22,4288.45,1531.59,4224.0,-61.0,7825.459,18.0,18.0,Super Ideal,E,VS1,2.8,IGI,18480.0
641,Emilia Sterling,2,Round,1,1,0,12.37,4158.0,1485.0,4096.0,-63.0,8049.0576,18.0,18.0,Super Ideal,E,VS1,2.8,IGI,18480.0
641,Fabiola,2,Round,1,1,0,14.45,4274.0,1526.43,4210.0,-61.0,7858.1338,18.0,18.0,Super Ideal,E,VS1,2.8,IGI,18480.0
641,Genesis Stones,2,Round,1,1,0,11.07,4331.0,1546.79,4266.0,-63.0,8278.1152,18.0,18.0,Super Ideal,E,VS1,2.8,IGI,18480.0
641,Hoseki,2,Round,1,1,0,11.21,4357.0,1556.07,4292.0,-62.0,8232.8877,18.0,18.0,Super Ideal,E,VS1,2.8,IGI,18480.0
641,Michelle Kennedy,2,Round,1,1,0,21.57,4468.0,1595.71,4401.0,-60.0,8027.5811,18.0,18.0,Super Ideal,E,VS1,2.8,IGI,18480.0
641,Nebula Stones,2,Round,1,1,0,17.37,4353.12,1554.69,4288.0,-63.0,8317.3096,18.0,18.0,Super Ideal,E,VS1,2.8,IGI,18480.0
641,Pegasus Diamonds,2,Round,1,1,0,12.46,4479.49,1599.82,4412.0,-60.0,8040.6919,18.0,18.0,Super Ideal,E,VS1,2.8,IGI,18480.0
641,Periwinkle Stones,2,Round,1,1,0,13.5,4328.0,1545.71,4263.0,-62.0,8172.4072,18.0,18.0,Super Ideal,E,VS1,2.8,IGI,18480.0
641,Promenade Jewelry,2,Round,1,1,0,18.14,4117.0,1470.36,4055.0,-64.0,8256.5947,18.0,18.0,Super Ideal,E,VS1,2.8,IGI,18480.0
641,Tamara,2,Round,1,1,0,13.71,4300.0,1535.71,4236.0,-62.0,8043.5454,18.0,18.0,Super Ideal,E,VS1,2.8,IGI,18480.0
641,White Lily,2,Round,1,1,0,10.97,4287.0,1531.07,4223.0,-62.0,8164.0156,18.0,18.0,Super Ideal,E,VS1,2.8,IGI,18480.0
647,Jane Brear,2,Round,1,1,0,18.32,1380.0,851.85,1359.0,-56.0,2234.2554,18.0,18.0,Super Ideal,F,VS2,1.62,IGI,4340.0
647,White Lily,2,Round,1,1,0,20.15,1500.81,926.43,1478.0,-52.0,2215.9871,18.0,18.0,Super Ideal,F,VS2,1.62,IGI,4340.0
648,Avignon Diamonds,2,Round,1,1,0,14.42,1920.0,1072.63,1891.0,-47.0,2576.7341,18.0,18.0,Super Ideal,E,VS1,1.79,IGI,6470.0
648,Camden Gems,2,Round,1,1,0,13.7,1907.0,1065.36,1878.0,-47.0,2565.4375,18.0,18.0,Super Ideal,E,VS1,1.79,IGI,6470.0
648,Cirrus Gems,2,Round,1,1,0,19.16,1883.01,1051.96,1855.0,-47.0,2562.9849,18.0,18.0,Super Ideal,E,VS1,1.79,IGI,6470.0
648,Eternity Fine Jewelers,2,Round,1,1,0,15.63,1926.0,1075.98,1897.0,-46.0,2556.1731,18.0,18.0,Super Ideal,E,VS1,1.79,IGI,6470.0
648,Iris Diamonds,2,Round,1,1,0,16.84,1907.0,1065.36,1878.0,-46.0,2523.49,18.0,18.0,Super Ideal,E,VS1,1.79,IGI,6470.0
648,Jane Brear,2,Round,1,1,0,19.35,1960.0,1094.97,1931.0,-46.0,2587.5535,18.0,18.0,Super Ideal,E,VS1,1.79,IGI,6470.0
648,La Marquise,2,Round,1,1,0,17.45,2073.0,1158.1,2042.0,-42.0,2578.1494,18.0,18.0,Super Ideal,E,VS1,1.79,IGI,6470.0
648,Michelle Kennedy,2,Round,1,1,0,16.83,1960.0,1094.97,1931.0,-45.0,2535.1865,18.0,18.0,Super Ideal,E,VS1,1.79,IGI,6470.0
648,Periwinkle Stones,2,Round,1,1,0,18.07,1956.0,1092.74,1927.0,-47.0,2627.3647,18.0,18.0,Super Ideal,E,VS1,1.79,IGI,6470.0
648,Sigma Diamonds,2,Round,1,1,0,15.55,1911.0,1067.6,1882.0,-47.0,2557.3904,18.0,18.0,Super Ideal,E,VS1,1.79,IGI,6470.0
648,Simetría,2,Round,1,1,0,14.42,1912.0,1068.16,1883.0,-46.0,2555.3633,18.0,18.0,Super Ideal,E,VS1,1.79,IGI,6470.0
648,Starlight Crafts,2,Round,1,1,0,10.95,1905.0,1064.25,1876.0,-46.0,2542.1355,18.0,18.0,Super Ideal,E,VS1,1.79,IGI,6470.0
648,Starlit Stones,2,Round,1,1,0,59.53,1978.0,1105.03,1948.0,-46.0,2644.1265,18.0,18.0,Super Ideal,E,VS1,1.79,IGI,6470.0
648,Summit Gems,2,Round,1,1,0,14.46,1920.0,1072.63,1891.0,-47.0,2600.3679,18.0,18.0,Super Ideal,E,VS1,1.79,IGI,6470.0
648,Temperley,2,Round,1,1,0,15.97,1965.12,1097.83,1936.0,-47.0,2663.6523,18.0,18.0,Super Ideal,E,VS1,1.79,IGI,6470.0
648,United Diam,2,Round,1,1,0,18.94,1879.0,1049.72,1851.0,-47.0,2560.968,18.0,18.0,Super Ideal,E,VS1,1.79,IGI,6470.0
648,Vega Diamonds,2,Round,1,1,0,14.82,1873.0,1046.37,1845.0,-49.0,2613.4392,18.0,18.0,Super Ideal,E,VS1,1.79,IGI,6470.0
648,White Lily,2,Round,1,1,0,16.77,1977.0,1104.47,1947.0,-45.0,2569.6482,18.0,18.0,Super Ideal,E,VS1,1.79,IGI,6470.0
648,Zimmerman Diamonds,2,Round,1,1,0,13.18,1932.29,1079.49,1903.0,-46.0,2554.5337,18.0,18.0,Super Ideal,E,VS1,1.79,IGI,6470.0
649,Temperley,2,Pear,1,1,0,10.49,2635.76,1171.45,2596.0,-53.0,3647.551,15.0,15.0,Super Ideal,H,VS1,2.25,IGI,8410.0
649,White Lily,2,Pear,1,1,0,20.37,2231.0,991.56,2198.0,-61.0,3678.9993,15.0,15.0,Super Ideal,H,VS1,2.25,IGI,8410.0
651,White Lily,2,Round,1,1,0,10.07,329.0,645.1,324.0,-54.0,511.0592,18.0,18.0,Super Ideal,G,VVS2,0.51,IGI,700.0
654,Michelle Kennedy,2,Round,1,1,0,14.0,668.0,654.9,658.0,-62.0,1254.9794,18.0,18.0,Super Ideal,G,VS2,1.02,IGI,1960.0
654,Nova Stars,2,Round,1,1,0,11.78,646.0,633.33,636.0,-62.0,1214.7946,18.0,18.0,Super Ideal,G,VS2,1.02,IGI,1960.0
654,Temperley,2,Round,1,1,0,11.11,675.0,661.76,665.0,-61.0,1235.3457,18.0,18.0,Super Ideal,G,VS2,1.02,IGI,1960.0
658,Artemis Stones,2,Round,1,1,0,19.54,864.0,714.05,851.0,-61.0,1590.8661,18.0,18.0,Ideal,E,VS1,1.21,IGI,2982.0
658,Avignon Diamonds,2,Round,1,1,0,10.46,870.0,719.01,857.0,-61.0,1601.6776,18.0,18.0,Ideal,E,VS1,1.21,IGI,2982.0
658,Cirrus Gems,2,Round,1,1,0,19.65,829.06,685.17,817.0,-62.0,1581.1383,18.0,18.0,Ideal,E,VS1,1.21,IGI,2982.0
658,Clermont Diamonds,2,Round,1,1,0,13.26,843.0,696.69,830.0,-62.0,1580.665,18.0,18.0,Ideal,E,VS1,1.21,IGI,2982.0
658,Emilia Sterling,2,Round,1,1,0,93.1,823.0,680.17,811.0,-63.0,1609.2507,18.0,18.0,Ideal,E,VS1,1.21,IGI,2982.0
658,Eternity Fine Jewelers,2,Round,1,1,0,14.57,851.72,703.9,839.0,-62.0,1603.126,18.0,18.0,Ideal,E,VS1,1.21,IGI,2982.0
658,Fabiola,2,Round,1,1,0,11.38,836.0,690.91,823.0,-62.0,1591.844,18.0,18.0,Ideal,E,VS1,1.21,IGI,2982.0
658,Fiona Clément,2,Round,1,1,0,13.22,836.0,690.91,823.0,-62.0,1558.0846,18.0,18.0,Ideal,E,VS1,1.21,IGI,2982.0
658,Jane Brear,2,Round,1,1,0,16.19,889.0,734.71,876.0,-60.0,1595.0509,18.0,18.0,Ideal,E,VS1,1.21,IGI,2982.0
658,Marlowe & Co,2,Round,1,1,0,12.6,857.0,708.26,844.0,-62.0,1607.8503,18.0,18.0,Ideal,E,VS1,1.21,IGI,2982.0
658,Michelle Kennedy,2,Round,1,1,0,92.89,880.0,727.27,867.0,-60.0,1591.6101,18.0,18.0,Ideal,E,VS1,1.21,IGI,2982.0
658,Nebula Stones,2,Round,1,1,0,11.31,858.0,709.09,845.0,-60.0,1538.6343,18.0,18.0,Ideal,E,VS1,1.21,IGI,2982.0
658,Oasis Diamonds,2,Round,1,1,0,15.04,889.0,734.71,876.0,-61.0,1627.4927,18.0,18.0,Ideal,E,VS1,1.21,IGI,2982.0
658,Periwinkle Stones,2,Round,1,1,0,10.75,865.0,714.88,852.0,-62.0,1633.3031,18.0,18.0,Ideal,E,VS1,1.21,IGI,2982.0
658,Riviera Jewels,2,Round,1,1,0,12.07,840.0,694.21,827.0,-63.0,1613.7645,18.0,18.0,Ideal,E,VS1,1.21,IGI,2982.0
658,Roma Diamonds,2,Round,1,1,0,11.41,845.0,698.35,832.0,-62.0,1604.2385,18.0,18.0,Ideal,E,VS1,1.21,IGI,2982.0
658,Serene Peaks Diamonds,2,Round,1,1,0,14.03,851.72,703.9,839.0,-62.0,1597.6248,18.0,18.0,Ideal,E,VS1,1.21,IGI,2982.0
658,Sigma Diamonds,2,Round,1,1,0,13.77,836.0,690.91,823.0,-64.0,1665.9996,18.0,18.0,Ideal,E,VS1,1.21,IGI,2982.0
658,Silva Diamonds,2,Round,1,1,0,10.07,836.0,690.91,823.0,-63.0,1597.8777,18.0,18.0,Ideal,E,VS1,1.21,IGI,2982.0
658,Starlight Crafts,2,Round,1,1,0,11.87,836.0,690.91,823.0,-62.0,1589.3595,18.0,18.0,Ideal,E,VS1,1.21,IGI,2982.0
658,Tamara,2,Round,1,1,0,15.07,851.0,703.31,838.0,-62.0,1616.042,18.0,18.0,Ideal,E,VS1,1.21,IGI,2982.0
658,Temperley,2,Round,1,1,0,15.93,870.62,719.52,858.0,-62.0,1619.1663,18.0,18.0,Ideal,E,VS1,1.21,IGI,2982.0
658,Tilia Diamonds,2,Round,1,1,0,16.46,846.0,699.17,833.0,-63.0,1626.9585,18.0,18.0,Ideal,E,VS1,1.21,IGI,2982.0
658,White Lily,2,Round,1,1,0,13.95,889.0,734.71,876.0,-59.0,1559.5822,18.0,18.0,Ideal,E,VS1,1.21,IGI,2982.0
659,Elmwood Diamonds,2,Oval,1,1,0,21.04,1838.0,1044.32,1810.0,-43.0,2189.5745,15.0,15.0,Super Ideal,H,VS1,1.76,IGI,4380.0
659,Jane Brear,2,Oval,1,2,0,91.13,1545.0,877.84,1522.0,-54.0,2254.5869,15.0,15.0,Super Ideal,H,VS1,1.76,IGI,4380.0
659,Michelle Kennedy,2,Oval,1,1,0,18.44,1592.0,904.55,1568.0,-52.0,2235.8381,15.0,15.0,Super Ideal,H,VS1,1.76,IGI,4380.0
659,Nebula Stones,2,Oval,1,1,0,17.06,1565.14,889.28,1542.0,-51.0,2172.8425,15.0,15.0,Super Ideal,H,VS1,1.76,IGI,4380.0
659,Temperley,2,Oval,1,1,0,91.21,1545.0,877.84,1522.0,-52.0,2187.938,15.0,15.0,Super Ideal,H,VS1,1.76,IGI,4380.0
660,Michelle Kennedy,2,Emerald,2,2,0,18.26,343.59,490.84,338.0,-47.0,416.1052,14.0,15.0,Very Good,F,VS1,0.7,IGI,1110.0
660,Temperley,2,Emerald,2,1,0,10.9,335.0,478.57,330.0,-37.0,339.243,14.0,15.0,Very Good,F,VS1,0.7,IGI,1110.0
660,White Lily,2,Emerald,2,2,0,21.35,343.59,490.84,338.0,-60.0,551.2954,14.0,15.0,Very Good,F,VS1,0.7,IGI,1110.0
669,Jane Brear,2,Round,1,1,0,12.79,1860.0,1075.14,1832.0,-22.0,1700.7582,18.0,18.0,Super Ideal,J,VS1,1.73,IGI,3053.33
670,Mei & Co,2,Oval,1,1,0,15.58,2386.01,1074.78,2350.0,-58.0,3787.1565,15.0,15.0,Super Ideal,E,SI1,2.22,IGI,8330.0
674,Taiga Gems,2,Round,1,1,0,17.68,1300.46,738.9,1281.0,-43.0,1629.8199,18.0,18.0,Ideal,I,VS2,1.76,IGI,3290.0
676,Jane Brear,2,Oval,1,1,0,17.56,372.0,516.67,366.0,-40.0,419.0312,15.0,15.0,Super Ideal,F,VS2,0.72,IGI,1080.0
676,Michelle Kennedy,2,Oval,1,1,0,15.51,372.0,516.67,366.0,-40.0,416.6966,15.0,15.0,Super Ideal,F,VS2,0.72,IGI,1080.0
676,Temperley,2,Oval,1,1,0,14.71,372.0,516.67,366.0,-40.0,419.9923,15.0,15.0,Super Ideal,F,VS2,0.72,IGI,1080.0
676,White Lily,2,Oval,1,1,0,14.36,372.0,516.67,366.0,-44.0,445.7568,15.0,15.0,Super Ideal,F,VS2,0.72,IGI,1080.0
677,Camden Gems,2,Round,1,1,0,12.66,1929.0,964.5,1900.0,-62.0,3660.8096,18.0,18.0,Super Ideal,G,VS1,2.0,IGI,7253.75
677,Century Stones,2,Round,1,1,0,19.97,2083.76,1041.88,2053.0,-57.0,3503.2644,18.0,18.0,Super Ideal,G,VS1,2.0,IGI,7253.75
677,Clermont Diamonds,2,Round,1,1,0,11.82,1910.0,955.0,1881.0,-61.0,3527.0168,18.0,18.0,Super Ideal,G,VS1,2.0,IGI,7253.75
677,Jane Brear,2,Round,1,1,0,11.4,1954.0,977.0,1925.0,-60.0,3527.5352,18.0,18.0,Super Ideal,G,VS1,2.0,IGI,7253.75
677,Marlowe & Co,2,Round,1,1,0,14.69,1948.21,974.11,1919.0,-61.0,3604.96,18.0,18.0,Super Ideal,G,VS1,2.0,IGI,7253.75
677,Michelle Kennedy,2,Round,1,1,0,17.8,1956.17,978.09,1927.0,-60.0,3524.0173,18.0,18.0,Super Ideal,G,VS1,2.0,IGI,7253.75
677,N. B. Diamonds,2,Round,1,1,0,12.58,1910.0,955.0,1881.0,-61.0,3508.3108,18.0,18.0,Super Ideal,G,VS1,2.0,IGI,7253.75
677,Nova Stars,2,Round,1,1,0,11.46,1900.0,950.0,1872.0,-62.0,3609.1492,18.0,18.0,Super Ideal,G,VS1,2.0,IGI,7253.75
677,Roma Diamonds,2,Round,1,1,0,13.33,3121.0,1560.5,3074.0,-37.0,3534.8271,18.0,18.0,Super Ideal,G,VS1,2.0,IGI,7253.75
677,Sonata Gems,2,Round,1,1,0,13.09,1920.0,960.0,1891.0,-63.0,3707.3625,18.0,18.0,Super Ideal,G,VS1,2.0,IGI,7253.75
677,White Lily,2,Round,1,1,0,13.29,2016.86,1008.43,1987.0,-60.0,3578.0613,18.0,18.0,Super Ideal,G,VS1,2.0,IGI,7253.75
681,Michelle Kennedy,2,Round,1,1,0,10.97,629.0,622.77,620.0,-56.0,1021.3,18.0,18.0,Ideal,E,SI2,1.01,IGI,1625.0
683,Jane Brear,2,Princess,1,1,0,19.41,2106.0,1047.76,2074.0,-65.0,3854.4004,15.0,15.0,Super Ideal,G,VS1,2.01,IGI,6625.0
683,Meridian Crafts,2,Princess,1,1,0,13.97,2133.0,1061.19,2101.0,-65.0,3867.9792,15.0,15.0,Super Ideal,G,VS1,2.01,IGI,6625.0
683,Michelle Kennedy,2,Princess,1,1,0,12.43,2164.0,1076.62,2132.0,-64.0,3867.238,15.0,15.0,Super Ideal,G,VS1,2.01,IGI,6625.0
683,Serene Peaks Diamonds,2,Princess,1,1,0,15.53,2168.1,1078.66,2136.0,-65.0,3891.7661,15.0,15.0,Super Ideal,G,VS1,2.01,IGI,6625.0
683,Taiga Gems,2,Princess,1,1,0,13.49,2060.6,1025.17,2030.0,-66.0,3859.8071,15.0,15.0,Super Ideal,G,VS1,2.01,IGI,6625.0
683,Tamara,2,Princess,1,1,0,20.11,2155.0,1072.14,2123.0,-65.0,3868.7622,15.0,15.0,Super Ideal,G,VS1,2.01,IGI,6625.0
683,Temperley,2,Princess,1,1,0,17.89,2121.0,1055.22,2089.0,-65.0,3864.8474,15.0,15.0,Super Ideal,G,VS1,2.01,IGI,6625.0
683,Vespera Gems,2,Princess,1,1,0,18.35,2103.0,1046.27,2071.0,-66.0,3892.894,15.0,15.0,Super Ideal,G,VS1,2.01,IGI,6625.0
683,White Lily,2,Princess,1,1,0,16.74,2119.0,1054.23,2087.0,-65.0,3833.3167,15.0,15.0,Super Ideal,G,VS1,2.01,IGI,6625.0
684,White Lily,2,Pear,1,1,0,21.38,2321.0,1143.35,2286.0,-59.0,3670.6624,15.0,15.0,Very Good,F,VS2,2.03,IGI,7100.0
685,Serene Peaks Diamonds,2,Oval,1,1,0,15.6,1826.82,895.5,1799.0,-63.0,3301.5977,15.0,15.0,Super Ideal,G,SI1,2.04,IGI,6330.0
688,Bayside Gems,2,Round,1,1,0,13.96,762.17,692.88,751.0,-52.0,1139.4117,18.0,18.0,Super Ideal,E,SI1,1.1,IGI,2006.0
688,Clara Belle Gems,2,Round,1,1,0,13.8,735.3,668.45,724.0,-54.0,1135.1318,18.0,18.0,Super Ideal,E,SI1,1.1,IGI,2006.0
688,Equinox Jewels,2,Round,1,1,0,11.99,734.0,667.27,723.0,-53.0,1120.2087,18.0,18.0,Super Ideal,E,SI1,1.1,IGI,2006.0
688,Eterna Luxe,2,Round,1,1,0,11.32,752.0,683.64,741.0,-50.0,1075.0935,18.0,18.0,Super Ideal,E,SI1,1.1,IGI,2006.0
688,Hannah Richards,2,Round,1,1,0,16.81,752.22,683.84,741.0,-50.0,1074.4475,18.0,18.0,Super Ideal,E,SI1,1.1,IGI,2006.0
688,Jane Brear,2,Round,1,1,0,18.43,766.33,696.66,755.0,-49.0,1075.0935,18.0,18.0,Super Ideal,E,SI1,1.1,IGI,2006.0
688,Kasai,2,Round,1,1,0,12.88,752.0,683.64,741.0,-51.0,1106.2623,18.0,18.0,Super Ideal,E,SI1,1.1,IGI,2006.0
688,Marlowe & Co,2,Round,1,1,0,10.11,748.0,680.0,737.0,-50.0,1075.4282,18.0,18.0,Super Ideal,E,SI1,1.1,IGI,2006.0
688,Michelle Kennedy,2,Round,1,1,0,15.51,770.0,700.0,758.0,-49.0,1086.7863,18.0,18.0,Super Ideal,E,SI1,1.1,IGI,2006.0
688,Periwinkle Stones,2,Round,1,1,0,15.37,784.06,712.78,772.0,-51.0,1134.9186,18.0,18.0,Super Ideal,E,SI1,1.1,IGI,2006.0
688,Roma Diamonds,2,Round,1,1,0,10.34,1407.0,1279.09,1386.0,-9.0,1112.6792,18.0,18.0,Super Ideal,E,SI1,1.1,IGI,2006.0
688,Taiga Gems,2,Round,1,1,0,19.56,732.0,665.45,721.0,-54.0,1134.4423,18.0,18.0,Super Ideal,E,SI1,1.1,IGI,2006.0
688,Temperley,2,Round,1,1,0,11.56,766.0,696.36,755.0,-51.0,1129.5768,18.0,18.0,Super Ideal,E,SI1,1.1,IGI,2006.0
688,Thalassa Gems,2,Round,1,1,0,14.82,741.28,673.89,730.0,-50.0,1069.7821,18.0,18.0,Super Ideal,E,SI1,1.1,IGI,2006.0
688,White Lily,2,Round,1,1,0,16.58,766.33,696.66,755.0,-50.0,1093.6482,18.0,18.0,Super Ideal,E,SI1,1.1,IGI,2006.0
691,Fuji Diamonds,2,Princess,1,1,0,14.21,1112.82,869.39,1096.0,-64.0,1982.3417,15.0,15.0,Super Ideal,F,VVS2,1.28,IGI,3150.0
691,Michelle Kennedy,2,Princess,1,1,0,14.06,1155.0,902.34,1138.0,-63.0,1972.8386,15.0,15.0,Super Ideal,F,VVS2,1.28,IGI,3150.0
691,Temperley,2,Princess,1,1,0,13.37,1154.0,901.56,1137.0,-63.0,1971.4424,15.0,15.0,Super Ideal,F,VVS2,1.28,IGI,3150.0
691,White Lily,2,Princess,1,1,0,12.81,1155.0,902.34,1138.0,-64.0,2032.6671,15.0,15.0,Super Ideal,F,VVS2,1.28,IGI,3150.0
692,Camden Gems,2,Round,1,1,0,23.95,349.0,471.62,344.0,-62.0,662.1487,18.0,18.0,Super Ideal,D,VVS2,0.74,IGI,1600.0
692,Eternity Fine Jewelers,2,Round,1,1,0,20.17,361.0,487.84,356.0,-62.0,675.2964,18.0,18.0,Super Ideal,D,VVS2,0.74,IGI,1600.0
692,Knox Diamonds,2,Round,1,1,0,14.96,349.0,471.62,344.0,-64.0,690.3385,18.0,18.0,Super Ideal,D,VVS2,0.74,IGI,1600.0
692,Mei & Co,2,Round,1,1,0,11.02,351.0,474.32,346.0,-63.0,679.0842,18.0,18.0,Super Ideal,D,VVS2,0.74,IGI,1600.0
692,Meridian Gems,2,Round,1,1,0,10.98,357.0,482.43,352.0,-63.0,687.1245,18.0,18.0,Super Ideal,D,VVS2,0.74,IGI,1600.0
692,Promenade Jewelry,2,Round,1,1,0,28.51,352.0,475.68,347.0,-64.0,697.6821,18.0,18.0,Super Ideal,D,VVS2,0.74,IGI,1600.0
692,Rosella,2,Round,2,2,0,17.76,337.0,455.41,332.0,-65.0,690.8588,18.0,18.0,Super Ideal,D,VVS2,0.74,IGI,1600.0
692,Seraphina Gems,2,Round,1,1,0,21.36,359.0,485.14,354.0,-62.0,671.6591,18.0,18.0,Super Ideal,D,VVS2,0.74,IGI,1600.0
692,Simetría,2,Round,1,1,0,91.31,354.0,478.38,349.0,-63.0,681.9558,18.0,18.0,Super Ideal,D,VVS2,0.74,IGI,1600.0
696,Temperley,2,Radiant,1,1,0,12.94,3391.0,1474.35,3340.0,-55.0,4927.4761,15.0,15.0,Super Ideal,F,VVS2,2.3,IGI,9190.0
698,White Lily,2,Round,1,1,0,9.12,2439.0,1195.59,2402.0,-29.0,2445.6062,18.0,18.0,Ideal,I,SI1,2.04,IGI,4260.0
703,Avignon Diamonds,2,Round,1,1,0,55.86,3310.0,1313.49,3260.0,-62.0,6314.707,18.0,18.0,Super Ideal,F,VS1,2.52,IGI,11655.0
703,Diamonds by Zoya,2,Round,1,1,0,93.88,3363.0,1334.52,3313.0,-62.0,6416.3447,18.0,18.0,Super Ideal,F,VS1,2.52,IGI,11655.0
703,Ember Star,2,Round,1,1,0,13.94,3263.0,1294.84,3214.0,-64.0,6412.5449,18.0,18.0,Super Ideal,F,VS1,2.52,IGI,11655.0
703,Emilia Sterling,2,Round,1,1,0,93.91,3294.0,1307.14,3245.0,-63.0,6321.0981,18.0,18.0,Super Ideal,F,VS1,2.52,IGI,11655.0
703,Genesis Stones,2,Round,1,1,0,12.05,3504.0,1390.48,3451.0,-61.0,6452.7275,18.0,18.0,Super Ideal,F,VS1,2.52,IGI,11655.0
703,Infinity Diamonds,2,Round,1,1,0,19.92,3352.0,1330.16,3302.0,-62.0,6291.5483,18.0,18.0,Super Ideal,F,VS1,2.52,IGI,11655.0
703,Jane Brear,2,Round,1,1,0,16.53,3416.0,1355.56,3365.0,-61.0,6230.7153,18.0,18.0,Super Ideal,F,VS1,2.52,IGI,11655.0
703,Lunar Diamonds,2,Round,1,1,0,15.0,3367.0,1336.11,3316.0,-62.0,6303.2573,18.0,18.0,Super Ideal,F,VS1,2.52,IGI,11655.0
703,Michelle Kennedy,2,Round,1,1,0,12.32,3406.0,1351.59,3355.0,-61.0,6173.5591,18.0,18.0,Super Ideal,F,VS1,2.52,IGI,11655.0
703,Periwinkle Stones,2,Round,1,1,0,10.25,3424.0,1358.73,3373.0,-62.0,6417.4912,18.0,18.0,Super Ideal,F,VS1,2.52,IGI,11655.0
703,Riley Stones,2,Round,1,1,0,9.59,3345.0,1327.38,3295.0,-62.0,6279.9736,18.0,18.0,Super Ideal,F,VS1,2.52,IGI,11655.0
703,Serenade Diamonds,2,Round,1,1,0,14.09,3241.0,1286.11,3192.0,-63.0,6251.4619,18.0,18.0,Super Ideal,F,VS1,2.52,IGI,11655.0
703,Temperley,2,Round,1,1,0,13.66,3457.0,1371.83,3405.0,-61.0,6387.7329,18.0,18.0,Super Ideal,F,VS1,2.52,IGI,11655.0
703,White Lily,2,Round,1,1,0,12.8,3431.76,1361.81,3380.0,-61.0,6325.3237,18.0,18.0,Super Ideal,F,VS1,2.52,IGI,11655.0
705,Albert's Creations,2,Oval,1,1,0,18.15,344.27,447.1,339.0,-54.0,502.1335,15.0,15.0,Very Good,D,VS1,0.77,IGI,1420.0
705,Cornerstone,2,Oval,2,2,0,12.45,340.0,441.56,335.0,-52.0,479.9554,15.0,15.0,Very Good,D,VS1,0.77,IGI,1420.0
705,Magnolia,2,Oval,2,3,0,14.46,327.0,424.68,322.0,-59.0,533.2838,13.0,15.0,Very Good,D,VS1,0.77,IGI,1420.0
705,Rosella,2,Oval,2,2,0,17.98,320.0,415.58,315.0,-57.0,506.1272,15.0,15.0,Very Good,D,VS1,0.77,IGI,1420.0
705,Temperley,2,Oval,2,1,0,18.96,352.0,457.14,347.0,-55.0,522.4499,14.0,15.0,Very Good,D,VS1,0.77,IGI,1420.0
705,Vega Diamonds,2,Oval,1,1,0,19.06,333.94,433.69,329.0,-56.0,506.4174,15.0,15.0,Very Good,D,VS1,0.77,IGI,1420.0
705,White Lily,2,Oval,1,2,0,15.16,372.0,483.12,366.0,-50.0,499.4897,15.0,15.0,Very Good,D,VS1,0.77,IGI,1420.0
708,Marlowe & Co,2,Round,1,1,0,30.18,345.0,638.89,340.0,-60.0,618.3759,18.0,18.0,Ideal,G,VVS1,0.54,IGI,740.0
709,Jane Brear,2,Round,1,2,0,11.1,2017.86,956.33,1988.0,-55.0,3238.2964,18.0,18.0,Super Ideal,G,VS2,2.11,IGI,6806.67
709,Temperley,2,Round,1,1,0,17.1,2113.0,1001.42,2081.0,-53.0,3233.1931,18.0,18.0,Super Ideal,G,VS2,2.11,IGI,6806.67
709,White Lily,2,Round,1,1,0,19.43,1952.0,925.12,1923.0,-56.0,3168.3049,18.0,18.0,Super Ideal,G,VS2,2.11,IGI,6806.67
711,Promenade Jewelry,2,Pear,1,1,0,18.9,380.0,542.86,374.0,-64.0,675.5865,14.0,15.0,Very Good,D,VVS2,0.7,IGI,1380.0
713,Jane Brear,2,Round,1,1,0,19.54,1541.0,856.11,1518.0,-57.0,2546.6626,18.0,18.0,Super Ideal,H,VS1,1.8,IGI,5110.0
713,Michelle Kennedy,2,Round,1,1,0,17.7,1541.0,856.11,1518.0,-57.0,2542.7314,18.0,18.0,Super Ideal,H,VS1,1.8,IGI,5110.0
713,Taiga Gems,2,Round,1,1,0,13.0,1548.0,860.0,1525.0,-57.0,2600.3193,18.0,18.0,Super Ideal,H,VS1,1.8,IGI,5110.0
713,Temperley,2,Round,1,1,0,15.28,1584.0,880.0,1560.0,-55.0,2531.0583,18.0,18.0,Super Ideal,H,VS1,1.8,IGI,5110.0
716,Jane Brear,2,Oval,1,2,0,13.91,498.0,939.62,491.0,5.0,319.0115,15.0,15.0,Super Ideal,H,VS2,0.53,IGI,520.0
716,Michelle Kennedy,2,Oval,1,1,0,13.02,519.39,979.98,512.0,9.0,321.4028,15.0,15.0,Super Ideal,H,VS2,0.53,IGI,520.0
719,Jane Brear,2,Round,1,1,0,11.84,359.2,764.26,354.0,-6.0,272.9638,18.0,18.0,Super Ideal,D,VS2,0.47,IGI,550.0
719,Meridian Crafts,2,Round,1,2,0,15.65,331.0,704.26,326.0,-7.0,253.6583,18.0,18.0,Super Ideal,D,VS2,0.47,IGI,550.0
719,Michelle Kennedy,2,Round,1,1,0,13.08,352.0,748.94,347.0,-1.0,254.1291,18.0,18.0,Super Ideal,D,VS2,0.47,IGI,550.0
719,Promenade Jewelry,2,Round,1,1,0,13.31,326.0,693.62,321.0,-14.0,271.4815,18.0,18.0,Super Ideal,D,VS2,0.47,IGI,550.0
719,White Lily,2,Round,1,1,0,13.82,360.0,765.96,355.0,0.0,256.5256,18.0,18.0,Super Ideal,D,VS2,0.47,IGI,550.0
722,White Lily,2,Round,1,1,0,10.07,329.0,645.1,324.0,-54.0,511.0592,18.0,18.0,Ideal,G,VVS2,0.51,IGI,620.0
730,Sunset Gems,2,Round,1,1,0,13.33,1008.0,812.9,993.0,-64.0,1978.3636,18.0,18.0,Super Ideal,G,VVS1,1.24,IGI,3290.0
733,Atkinson Crafts,2,Round,1,1,0,10.51,4291.0,1682.75,4227.0,-62.0,8077.7935,18.0,18.0,Ideal,E,VVS2,2.55,IGI,15570.0
733,Avignon Diamonds,2,Round,1,1,0,53.31,4104.0,1609.41,4042.0,-63.0,7911.8345,18.0,18.0,Ideal,E,VVS2,2.55,IGI,15570.0
733,Emilia Sterling,2,Round,1,1,0,16.01,4041.0,1584.71,3980.0,-64.0,8048.8423,18.0,18.0,Ideal,E,VVS2,2.55,IGI,15570.0
733,Genesis Stones,2,Round,1,1,0,10.39,4357.0,1708.63,4292.0,-62.0,8313.4854,18.0,18.0,Ideal,E,VVS2,2.55,IGI,15570.0
733,Jane Brear,2,Round,1,1,0,13.4,4226.76,1657.55,4163.0,-62.0,8022.3027,18.0,18.0,Ideal,E,VVS2,2.55,IGI,15570.0
733,Michelle Kennedy,2,Round,1,1,0,11.82,4227.0,1657.65,4164.0,-62.0,8032.6226,18.0,18.0,Ideal,E,VVS2,2.55,IGI,15570.0
733,Nebula Stones,2,Round,1,1,0,16.87,4287.46,1681.36,4223.0,-62.0,8023.1055,18.0,18.0,Ideal,E,VVS2,2.55,IGI,15570.0
733,Periwinkle Stones,2,Round,1,1,0,15.86,4250.0,1666.67,4186.0,-64.0,8367.4004,18.0,18.0,Ideal,E,VVS2,2.55,IGI,15570.0
733,Serenade Diamonds,2,Round,1,1,0,14.75,4031.0,1580.78,3971.0,-64.0,7981.2993,18.0,18.0,Ideal,E,VVS2,2.55,IGI,15570.0
733,Taiga Gems,2,Round,1,1,0,14.31,4251.0,1667.06,4187.0,-62.0,7925.0864,18.0,18.0,Ideal,E,VVS2,2.55,IGI,15570.0
733,Temperley,2,Round,1,1,0,13.15,4201.0,1647.45,4138.0,-64.0,8261.9189,18.0,18.0,Ideal,E,VVS2,2.55,IGI,15570.0
733,White Lily,2,Round,1,1,0,19.2,4218.0,1654.12,4155.0,-62.0,7947.9585,18.0,18.0,Ideal,E,VVS2,2.55,IGI,15570.0
736,Blackbird Gems,2,Round,1,1,0,19.22,1161.0,763.82,1144.0,-56.0,1891.4332,18.0,18.0,Ideal,F,SI1,1.52,IGI,3705.0
736,Clermont Diamonds,2,Round,1,1,0,13.37,1166.14,767.2,1149.0,-57.0,1937.0458,18.0,18.0,Ideal,F,SI1,1.52,IGI,3705.0
736,Michelle Kennedy,2,Round,1,1,0,18.16,1207.0,794.08,1189.0,-55.0,1924.9489,18.0,18.0,Ideal,F,SI1,1.52,IGI,3705.0
736,White Lily,2,Round,1,1,0,12.55,1523.0,1001.97,1500.0,-46.0,2035.7482,18.0,18.0,Ideal,F,SI1,1.52,IGI,3705.0
738,Bayside Gems,2,Round,1,1,0,17.43,785.63,677.27,774.0,-66.0,1667.1227,18.0,18.0,Super Ideal,D,VS1,1.16,IGI,3135.0
738,Dahlia Diamonds,2,Round,1,1,0,15.25,802.96,692.21,791.0,-65.0,1629.0995,18.0,18.0,Super Ideal,D,VS1,1.16,IGI,3135.0
738,Eternity Fine Jewelers,2,Round,1,1,0,12.76,812.92,700.79,801.0,-65.0,1673.7267,18.0,18.0,Super Ideal,D,VS1,1.16,IGI,3135.0
738,Hannah Richards,2,Round,1,1,0,11.21,809.93,698.22,798.0,-64.0,1598.1976,18.0,18.0,Super Ideal,D,VS1,1.16,IGI,3135.0
738,Infinity Diamonds,2,Round,1,1,0,14.83,844.51,728.03,832.0,-64.0,1670.9868,18.0,18.0,Super Ideal,D,VS1,1.16,IGI,3135.0
738,Iris Diamonds,2,Round,1,1,0,11.42,800.98,690.5,789.0,-65.0,1648.3269,18.0,18.0,Super Ideal,D,VS1,1.16,IGI,3135.0
738,Jane Brear,2,Round,1,1,0,13.1,821.0,707.76,809.0,-64.0,1637.6971,18.0,18.0,Super Ideal,D,VS1,1.16,IGI,3135.0
738,Magnolia,2,Round,1,1,0,12.69,798.98,688.78,787.0,-66.0,1663.1976,18.0,18.0,Super Ideal,D,VS1,1.16,IGI,3135.0
738,Marlowe & Co,2,Round,1,1,0,10.57,826.0,712.07,814.0,-65.0,1672.2311,18.0,18.0,Super Ideal,D,VS1,1.16,IGI,3135.0
738,Mei & Co,2,Round,1,1,0,13.57,797.99,687.92,786.0,-66.0,1667.0078,18.0,18.0,Super Ideal,D,VS1,1.16,IGI,3135.0
738,Meridian Crafts,2,Round,1,1,0,13.02,792.0,682.76,780.0,-66.0,1645.0365,18.0,18.0,Super Ideal,D,VS1,1.16,IGI,3135.0
738,Michelle Kennedy,2,Round,1,1,0,11.15,824.0,710.34,812.0,-64.0,1630.6934,18.0,18.0,Super Ideal,D,VS1,1.16,IGI,3135.0
738,Oasis Diamonds,2,Round,1,1,0,15.47,849.0,731.9,836.0,-63.0,1655.6686,18.0,18.0,Super Ideal,D,VS1,1.16,IGI,3135.0
738,Periwinkle Stones,2,Round,1,1,0,16.78,827.0,712.93,815.0,-65.0,1675.7521,18.0,18.0,Super Ideal,D,VS1,1.16,IGI,3135.0
738,Roma Diamonds,2,Round,1,1,0,11.07,1489.0,1283.62,1467.0,-36.0,1657.7773,18.0,18.0,Super Ideal,D,VS1,1.16,IGI,3135.0
738,Silva Diamonds,2,Round,1,1,0,14.1,793.0,683.62,781.0,-70.0,1868.4685,18.0,18.0,Super Ideal,D,VS1,1.16,IGI,3135.0
738,Simetría,2,Round,1,1,0,11.78,806.94,695.64,795.0,-65.0,1632.5305,18.0,18.0,Super Ideal,D,VS1,1.16,IGI,3135.0
738,Starlight Crafts,2,Round,1,1,0,13.04,790.0,681.03,778.0,-66.0,1641.4441,18.0,18.0,Super Ideal,D,VS1,1.16,IGI,3135.0
738,Temperley,2,Round,1,1,0,16.04,844.76,728.24,832.0,-63.0,1629.8705,18.0,18.0,Super Ideal,D,VS1,1.16,IGI,3135.0
738,Tilia Diamonds,2,Round,1,1,0,12.79,803.96,693.07,792.0,-65.0,1631.5468,18.0,18.0,Super Ideal,D,VS1,1.16,IGI,3135.0
738,Vega Diamonds,2,Round,1,1,0,13.48,781.0,673.28,769.0,-66.0,1659.1924,18.0,18.0,Super Ideal,D,VS1,1.16,IGI,3135.0
738,White Lily,2,Round,1,1,0,12.0,820.88,707.66,809.0,-64.0,1642.6562,18.0,18.0,Super Ideal,D,VS1,1.16,IGI,3135.0
739,Vega Diamonds,2,Emerald,1,1,0,22.93,419.0,566.22,413.0,-26.0,365.7627,14.0,15.0,Very Good,E,SI1,0.74,IGI,1020.0
739,White Lily,2,Emerald,1,2,0,15.71,439.79,594.31,433.0,-36.0,438.3914,14.0,15.0,Very Good,E,SI1,0.74,IGI,1020.0
744,White Lily,2,Round,1,1,0,19.39,1190.0,730.06,1172.0,-62.0,2248.123,18.0,18.0,Super Ideal,I,VVS2,1.63,IGI,3270.0
745,Avignon Diamonds,2,Round,1,1,0,13.0,882.0,882.0,869.0,-64.0,1768.4441,18.0,18.0,Ideal,D,VVS2,1.0,IGI,3106.67
745,Bayside Gems,2,Round,1,1,0,15.37,878.58,878.58,865.0,-65.0,1779.6078,18.0,18.0,Ideal,D,VVS2,1.0,IGI,3106.67
745,Cut and Craft,2,Round,1,1,0,13.16,889.0,889.0,876.0,-63.0,1737.9937,18.0,18.0,Ideal,D,VVS2,1.0,IGI,3106.67
745,Eternity Fine Jewelers,2,Round,1,1,0,14.61,878.58,878.58,865.0,-64.0,1757.4939,18.0,18.0,Ideal,D,VVS2,1.0,IGI,3106.67
745,Felicity Diamonds,2,Round,1,1,0,14.47,885.0,885.0,872.0,-62.0,1681.9266,18.0,18.0,Ideal,D,VVS2,1.0,IGI,3106.67
745,Gemstone Harmony,2,Round,1,1,0,14.69,883.0,883.0,870.0,-63.0,1710.2045,18.0,18.0,Ideal,D,VVS2,1.0,IGI,3106.67
745,Hoseki,2,Round,1,1,0,14.64,898.0,898.0,885.0,-64.0,1777.7003,18.0,18.0,Ideal,D,VVS2,1.0,IGI,3106.67
745,Iris Diamonds,2,Round,1,1,0,92.29,839.0,839.0,826.0,-66.0,1760.8389,18.0,18.0,Ideal,D,VVS2,1.0,IGI,3106.67
745,Jane Brear,2,Round,1,1,0,13.02,899.48,899.48,886.0,-62.0,1709.7905,18.0,18.0,Ideal,D,VVS2,1.0,IGI,3106.67
745,Joan Cooper,2,Round,1,1,0,12.17,881.0,881.0,868.0,-64.0,1767.595,18.0,18.0,Ideal,D,VVS2,1.0,IGI,3106.67
745,Knox Diamonds,2,Round,1,1,0,16.05,839.0,839.0,826.0,-65.0,1740.9589,18.0,18.0,Ideal,D,VVS2,1.0,IGI,3106.67
745,Marlowe & Co,2,Round,1,1,0,13.38,896.0,896.0,883.0,-63.0,1750.9409,18.0,18.0,Ideal,D,VVS2,1.0,IGI,3106.67
745,Michelle Kennedy,2,Round,1,1,0,12.11,882.0,882.0,869.0,-63.0,1705.3406,18.0,18.0,Ideal,D,VVS2,1.0,IGI,3106.67
745,N. B. Diamonds,2,Round,1,2,0,13.54,877.0,877.0,864.0,-64.0,1761.3231,18.0,18.0,Ideal,D,VVS2,1.0,IGI,3106.67
745,Rosella,2,Round,1,1,0,14.95,886.0,886.0,873.0,-63.0,1718.3149,18.0,18.0,Ideal,D,VVS2,1.0,IGI,3106.67
745,Serenade Diamonds,2,Round,1,1,0,10.87,862.0,862.0,849.0,-65.0,1786.0559,18.0,18.0,Ideal,D,VVS2,1.0,IGI,3106.67
745,Simetría,2,Round,1,1,0,92.92,883.0,883.0,870.0,-64.0,1776.2205,18.0,18.0,Ideal,D,VVS2,1.0,IGI,3106.67
745,Starlight Crafts,2,Round,1,1,0,13.15,839.0,839.0,826.0,-66.0,1760.0813,18.0,18.0,Ideal,D,VVS2,1.0,IGI,3106.67
745,Starlit Stones,2,Round,1,1,0,73.79,886.0,886.0,873.0,-64.0,1773.9084,18.0,18.0,Ideal,D,VVS2,1.0,IGI,3106.67
745,Stellar Radiance,2,Round,1,1,0,14.52,885.0,885.0,872.0,-64.0,1758.1266,18.0,18.0,Ideal,D,VVS2,1.0,IGI,3106.67
745,Tamara,2,Round,1,1,0,10.32,895.0,895.0,882.0,-63.0,1735.6576,18.0,18.0,Ideal,D,VVS2,1.0,IGI,3106.67
745,Temperley,2,Round,1,1,0,13.24,883.0,883.0,870.0,-64.0,1753.0999,18.0,18.0,Ideal,D,VVS2,1.0,IGI,3106.67
745,Tilia Diamonds,2,Round,1,1,0,11.02,874.6,874.6,861.0,-63.0,1713.7466,18.0,18.0,Ideal,D,VVS2,1.0,IGI,3106.67
745,Westport Jewelry,2,Round,1,1,0,16.89,876.0,876.0,863.0,-65.0,1785.9943,18.0,18.0,Ideal,D,VVS2,1.0,IGI,3106.67
745,White Lily,2,Round,1,1,0,11.92,899.48,899.48,886.0,-63.0,1761.4336,18.0,18.0,Ideal,D,VVS2,1.0,IGI,3106.67
746,Roma Diamonds,2,Round,1,1,0,40.46,305.0,622.45,300.0,-27.0,298.2521,17.0,18.0,Very Good,D,SI1,0.49,IGI,560.0
750,Jane Brear,2,Oval,1,1,0,16.83,1496.0,880.0,1474.0,-44.0,1814.4357,15.0,15.0,Super Ideal,I,SI1,1.7,IGI,3372.0
750,Michelle Kennedy,2,Oval,1,1,0,14.6,1496.0,880.0,1474.0,-42.0,1724.7698,15.0,15.0,Super Ideal,I,SI1,1.7,IGI,3372.0
750,Temperley,2,Oval,1,2,0,16.77,1496.0,880.0,1474.0,-42.0,1728.1317,15.0,15.0,Super Ideal,I,SI1,1.7,IGI,3372.0
750,White Lily,2,Oval,1,1,0,13.85,1496.0,880.0,1474.0,-43.0,1772.4379,15.0,15.0,Super Ideal,I,SI1,1.7,IGI,3372.0
756,Diamonds by Zoya,2,Radiant,1,1,0,16.65,2125.0,1021.63,2093.0,-64.0,3872.5303,15.0,15.0,Super Ideal,G,VS2,2.08,IGI,6420.0
756,Michelle Kennedy,2,Radiant,1,1,0,18.3,2171.0,1043.75,2138.0,-63.0,3779.5518,15.0,15.0,Super Ideal,G,VS2,2.08,IGI,6420.0
756,Nebula Stones,2,Radiant,1,1,0,14.64,2159.0,1037.98,2127.0,-64.0,3887.3459,15.0,15.0,Super Ideal,G,VS2,2.08,IGI,6420.0
756,Oasis Diamonds,2,Radiant,1,1,0,12.83,2223.82,1069.14,2190.0,-61.0,3726.2737,15.0,15.0,Super Ideal,G,VS2,2.08,IGI,6420.0
756,Taiga Gems,2,Radiant,1,1,0,12.74,2125.0,1021.63,2093.0,-64.0,3820.571,15.0,15.0,Super Ideal,G,VS2,2.08,IGI,6420.0
756,Temperley,2,Radiant,1,1,0,12.21,2167.11,1041.88,2135.0,-62.0,3729.7087,15.0,15.0,Super Ideal,G,VS2,2.08,IGI,6420.0
756,White Lily,2,Radiant,1,1,0,14.24,2167.11,1041.88,2135.0,-65.0,4020.3154,15.0,15.0,Super Ideal,G,VS2,2.08,IGI,6420.0
757,Temperley,2,Oval,1,1,0,12.78,1574.09,904.65,1550.0,-30.0,1514.3148,15.0,15.0,Super Ideal,J,VS2,1.74,IGI,2790.0
761,Camden Gems,2,Round,1,1,0,13.64,1298.0,865.33,1279.0,-59.0,2239.4351,17.0,18.0,Very Good,G,VS1,1.5,IGI,4127.5
761,Mei & Co,2,Round,1,1,0,12.43,1298.0,865.33,1279.0,-58.0,2192.7371,17.0,18.0,Very Good,G,VS1,1.5,IGI,4127.5
761,Temperley,2,Round,1,1,0,15.76,1346.0,897.33,1326.0,-60.0,2409.2139,16.0,18.0,Very Good,G,VS1,1.5,IGI,4127.5
761,Thalassa Gems,2,Round,1,1,0,12.88,1299.0,866.0,1280.0,-58.0,2231.7185,15.0,18.0,Very Good,G,VS1,1.5,IGI,4127.5
765,Albert's Creations,2,Pear,2,1,0,13.69,390.0,557.14,384.0,-61.0,650.3381,15.0,15.0,Super Ideal,E,VVS1,0.7,IGI,1330.0
765,Diamonds by Zoya,2,Pear,2,2,0,88.77,399.99,571.41,394.0,-61.0,658.5273,15.0,15.0,Super Ideal,E,VVS1,0.7,IGI,1330.0
765,Nebula Stones,2,Pear,1,2,0,24.18,397.0,567.14,391.0,-58.0,619.2305,15.0,15.0,Super Ideal,E,VVS1,0.7,IGI,1330.0
765,Promenade Jewelry,2,Pear,1,2,0,12.09,393.0,561.43,387.0,-59.0,626.2313,15.0,15.0,Super Ideal,E,VVS1,0.7,IGI,1330.0
766,Cornerstone,2,Emerald,1,1,0,12.2,2089.0,1034.16,2058.0,-62.0,3547.5952,14.0,15.0,Very Good,G,VS2,2.02,IGI,6000.0
766,Magnolia,2,Emerald,2,2,0,13.23,2038.0,1008.91,2007.0,-62.0,3412.6499,14.0,15.0,Very Good,G,VS2,2.02,IGI,6000.0
766,Michelle Kennedy,2,Emerald,1,1,0,12.72,2027.0,1003.47,1997.0,-63.0,3520.1536,14.0,15.0,Very Good,G,VS2,2.02,IGI,6000.0
771,Jane Brear,2,Round,1,1,0,17.05,1841.0,911.39,1813.0,-47.0,2489.2703,18.0,18.0,Super Ideal,H,VS2,2.02,IGI,5900.0
771,Oasis Diamonds,2,Round,1,1,0,14.58,1880.0,930.69,1852.0,-45.0,2438.6501,18.0,18.0,Super Ideal,H,VS2,2.02,IGI,5900.0
771,White Lily,2,Round,1,1,0,15.84,1808.0,895.05,1781.0,-46.0,2395.4114,18.0,18.0,Super Ideal,H,VS2,2.02,IGI,5900.0
773,Taiga Gems,2,Marquise,1,1,0,17.16,616.0,609.9,607.0,-71.0,1368.0084,15.0,15.0,Super Ideal,H,VVS2,1.01,IGI,1820.0
777,Michelle Kennedy,2,Princess,1,1,0,11.34,1436.0,844.71,1414.0,-43.0,1606.108,15.0,15.0,Super Ideal,J,VS2,1.7,IGI,2610.0
782,Temperley,2,Round,2,2,0,14.23,332.33,536.02,327.0,-52.0,492.5043,15.0,18.0,Very Good,E,VS2,0.62,IGI,830.0
782,White Lily,2,Round,2,2,0,13.99,332.33,536.02,327.0,-49.0,468.5198,16.0,18.0,Very Good,E,VS2,0.62,IGI,830.0
786,Temperley,2,Pear,1,1,0,14.42,4013.0,1567.58,3953.0,-66.0,7545.7847,15.0,15.0,Very Good,E,VVS2,2.56,IGI,12440.0
788,Silva Diamonds,2,Round,1,1,0,14.66,783.0,631.45,771.0,-56.0,1284.6849,18.0,18.0,Super Ideal,E,SI2,1.24,IGI,2190.0
790,Temperley,2,Pear,1,1,0,10.56,360.19,667.02,355.0,-43.0,406.544,15.0,15.0,Super Ideal,G,VS2,0.54,IGI,580.0
800,Michelle Kennedy,2,Asscher,1,1,0,14.88,861.0,852.48,848.0,-63.0,1466.2355,15.0,15.0,Very Good,F,VS2,1.01,IGI,1950.0
800,Temperley,2,Asscher,1,1,0,14.99,824.0,815.84,812.0,-63.0,1400.2361,13.0,15.0,Very Good,F,VS2,1.01,IGI,1950.0
807,Diamonds by Zoya,2,Round,1,1,0,91.32,323.0,371.26,318.0,-60.0,573.579,18.0,18.0,Super Ideal,F,VS1,0.87,IGI,1580.0
809,Michelle Kennedy,2,Round,1,1,0,14.95,382.0,477.5,376.0,-50.0,544.522,18.0,18.0,Super Ideal,E,VS2,0.8,IGI,1280.0
809,Sigma Diamonds,2,Round,1,1,0,10.27,346.0,432.5,341.0,-53.0,532.5895,18.0,18.0,Super Ideal,E,VS2,0.8,IGI,1280.0
819,Eccles Diamonds,2,Pear,1,1,0,19.48,1527.0,1018.0,1504.0,-63.0,2656.6062,14.0,15.0,Very Good,G,VVS2,1.5,IGI,4320.0
819,Marlowe & Co,2,Pear,1,1,0,16.16,1527.0,1018.0,1504.0,-62.0,2636.376,15.0,15.0,Very Good,G,VVS2,1.5,IGI,4320.0
819,Taiga Gems,2,Pear,1,1,0,11.56,1526.0,1017.33,1503.0,-63.0,2705.4399,14.0,15.0,Very Good,G,VVS2,1.5,IGI,4320.0
819,White Lily,2,Pear,1,1,0,12.08,1535.0,1023.33,1512.0,-63.0,2710.6248,15.0,15.0,Very Good,G,VVS2,1.5,IGI,4320.0
822,Taiga Gems,2,Round,1,1,0,12.45,1373.1,775.76,1353.0,-59.0,2372.7339,18.0,18.0,Ideal,I,VVS2,1.77,IGI,3820.0
822,Temperley,2,Round,1,1,0,16.38,1385.0,782.49,1364.0,-58.0,2334.1187,18.0,18.0,Ideal,I,VVS2,1.77,IGI,3820.0
823,Eterna Luxe,2,Round,1,1,0,12.15,1721.0,940.44,1695.0,-60.0,3044.7195,18.0,18.0,Super Ideal,F,VS2,1.83,IGI,5300.0
823,Eternity Fine Jewelers,2,Round,1,1,0,18.57,1704.0,931.15,1678.0,-60.0,3077.6121,18.0,18.0,Super Ideal,F,VS2,1.83,IGI,5300.0
823,Genesis Stones,2,Round,1,1,0,12.36,1839.0,1004.92,1811.0,-57.0,3065.9932,18.0,18.0,Super Ideal,F,VS2,1.83,IGI,5300.0
823,Jane Brear,2,Round,1,1,0,21.72,1830.89,1000.49,1803.0,-57.0,3023.0073,18.0,18.0,Super Ideal,F,VS2,1.83,IGI,5300.0
823,Periwinkle Stones,2,Round,1,1,0,20.0,1727.0,943.72,1701.0,-59.0,3015.731,18.0,18.0,Super Ideal,F,VS2,1.83,IGI,5300.0
823,Serene Peaks Diamonds,2,Round,1,1,0,14.33,1710.0,934.43,1684.0,-59.0,2972.3518,18.0,18.0,Super Ideal,F,VS2,1.83,IGI,5300.0
823,Temperley,2,Round,1,1,0,13.76,1728.0,944.26,1702.0,-59.0,3030.5613,18.0,18.0,Super Ideal,F,VS2,1.83,IGI,5300.0
823,Voyage Diamonds,2,Round,1,1,0,22.46,1781.0,973.22,1754.0,-58.0,3041.6697,18.0,18.0,Super Ideal,F,VS2,1.83,IGI,5300.0
823,White Lily,2,Round,1,1,0,19.48,1752.0,957.38,1726.0,-59.0,3030.5613,18.0,18.0,Super Ideal,F,VS2,1.83,IGI,5300.0
824,Cornerstone,2,Round,1,1,0,10.56,302.0,539.29,297.0,-56.0,492.3778,18.0,18.0,Ideal,E,VS1,0.56,IGI,853.33
824,Jane Brear,2,Round,1,1,0,21.13,316.0,564.29,311.0,-54.0,493.1421,18.0,18.0,Ideal,E,VS1,0.56,IGI,853.33
824,Lotus Creation,2,Round,1,1,0,14.54,324.29,579.09,319.0,-50.0,468.0776,18.0,18.0,Ideal,E,VS1,0.56,IGI,853.33
824,Marlowe & Co,2,Round,1,1,0,14.42,363.18,648.54,358.0,-45.0,472.0034,18.0,18.0,Ideal,E,VS1,0.56,IGI,853.33
824,Michelle Kennedy,2,Round,1,1,0,21.12,319.0,569.64,314.0,-52.0,472.5611,18.0,18.0,Ideal,E,VS1,0.56,IGI,853.33
824,Temperley,2,Round,1,1,0,17.4,319.0,569.64,314.0,-51.0,466.6784,18.0,18.0,Ideal,E,VS1,0.56,IGI,853.33
824,White Lily,2,Round,1,1,0,20.42,317.0,566.07,312.0,-52.0,471.1779,18.0,18.0,Ideal,E,VS1,0.56,IGI,853.33
828,Bayside Gems,2,Oval,1,1,0,16.83,776.0,862.22,764.0,-51.0,1063.8909,15.0,15.0,Very Good,D,VS2,0.9,IGI,1680.0
828,Vega Diamonds,2,Oval,1,1,0,19.19,721.0,801.11,710.0,-55.0,1081.1425,15.0,15.0,Very Good,D,VS2,0.9,IGI,1680.0
828,Woodhouse Diamonds,2,Oval,1,1,0,10.41,747.0,830.0,736.0,-52.0,1042.9028,15.0,15.0,Very Good,D,VS2,0.9,IGI,1680.0
830,Eterna Luxe,2,Round,1,1,0,14.41,2327.0,1043.5,2292.0,-63.0,4561.3994,18.0,18.0,Super Ideal,F,VS1,2.23,IGI,9140.0
830,Fabiola,2,Round,1,1,0,10.03,2297.0,1030.04,2263.0,-63.0,4444.4614,18.0,18.0,Super Ideal,F,VS1,2.23,IGI,9140.0
830,Jane Brear,2,Round,1,1,0,15.13,2309.0,1035.43,2274.0,-64.0,4591.9878,18.0,18.0,Super Ideal,F,VS1,2.23,IGI,9140.0
830,Michelle Kennedy,2,Round,1,1,0,15.24,2353.0,1055.16,2318.0,-62.0,4488.2788,18.0,18.0,Super Ideal,F,VS1,2.23,IGI,9140.0
830,Oasis Diamonds,2,Round,1,1,0,13.08,2395.96,1074.42,2360.0,-62.0,4522.0503,18.0,18.0,Super Ideal,F,VS1,2.23,IGI,9140.0
830,Periwinkle Stones,2,Round,1,1,0,16.55,2354.0,1055.61,2319.0,-63.0,4526.4644,18.0,18.0,Super Ideal,F,VS1,2.23,IGI,9140.0
830,Seraphina Gems,2,Round,1,1,0,11.78,3023.8,1355.96,2978.0,-53.0,4579.9473,18.0,18.0,Super Ideal,F,VS1,2.23,IGI,9140.0
830,Tamara,2,Round,1,1,0,12.25,2329.3,1044.53,2294.0,-65.0,4707.3315,18.0,18.0,Super Ideal,F,VS1,2.23,IGI,9140.0
830,Temperley,2,Round,1,1,0,14.53,2362.13,1059.25,2327.0,-63.0,4533.2676,18.0,18.0,Super Ideal,F,VS1,2.23,IGI,9140.0
830,Tilia Diamonds,2,Round,1,1,0,12.97,2309.4,1035.61,2275.0,-64.0,4643.6865,18.0,18.0,Super Ideal,F,VS1,2.23,IGI,9140.0
830,White Lily,2,Round,1,1,0,12.36,2353.18,1055.24,2318.0,-63.0,4511.1553,18.0,18.0,Super Ideal,F,VS1,2.23,IGI,9140.0
834,Meridian Crafts,2,Round,1,1,0,11.28,706.0,692.16,695.0,-58.0,1207.4668,18.0,18.0,Super Ideal,G,VS1,1.02,IGI,2191.0
834,Nova Stars,2,Round,1,1,0,12.51,698.0,684.31,688.0,-60.0,1260.1637,18.0,18.0,Super Ideal,G,VS1,1.02,IGI,2191.0
834,Roma Diamonds,2,Round,1,1,0,54.09,698.0,684.31,688.0,-59.0,1227.7708,18.0,18.0,Super Ideal,G,VS1,1.02,IGI,2191.0
834,Taiga Gems,2,Round,1,1,0,11.58,714.0,700.0,703.0,-57.0,1187.7028,18.0,18.0,Super Ideal,G,VS1,1.02,IGI,2191.0
834,Temperley,2,Round,1,1,0,12.02,723.0,708.82,712.0,-57.0,1200.7512,18.0,18.0,Super Ideal,G,VS1,1.02,IGI,2191.0
834,White Lily,2,Round,1,1,0,16.4,788.0,772.55,776.0,-54.0,1220.9969,18.0,18.0,Super Ideal,G,VS1,1.02,IGI,2191.0
837,Albert's Creations,2,Round,1,1,0,12.52,316.0,457.97,311.0,-54.0,494.716,18.0,18.0,Ideal,D,VS2,0.69,IGI,1020.0
837,BonDiam,2,Round,1,1,0,22.83,342.28,496.06,337.0,-49.0,484.3949,18.0,18.0,Ideal,D,VS2,0.69,IGI,1020.0
837,Equinox Jewels,2,Round,1,1,0,12.97,312.0,452.17,307.0,-54.0,485.9206,18.0,18.0,Ideal,D,VS2,0.69,IGI,1020.0
837,Jane Brear,2,Round,1,1,0,29.85,329.0,476.81,324.0,-50.0,472.084,17.0,18.0,Ideal,D,VS2,0.69,IGI,1020.0
837,Michelle Kennedy,2,Round,1,1,0,22.52,397.0,575.36,391.0,-40.0,476.247,18.0,18.0,Ideal,D,VS2,0.69,IGI,1020.0
837,Promenade Jewelry,2,Round,1,1,0,23.5,342.28,496.06,337.0,-45.0,449.0879,18.0,18.0,Ideal,D,VS2,0.69,IGI,1020.0
837,Silva Diamonds,2,Round,1,1,0,12.41,316.0,457.97,311.0,-54.0,490.3136,18.0,18.0,Ideal,D,VS2,0.69,IGI,1020.0
837,Temperley,2,Round,2,1,0,86.69,333.0,482.61,328.0,-53.0,508.1574,18.0,18.0,Ideal,D,VS2,0.69,IGI,1020.0
840,Taiga Gems,2,Round,1,1,0,20.15,1566.0,991.14,1543.0,-64.0,3110.8293,18.0,18.0,Ideal,H,VVS1,1.58,IGI,4570.0
840,White Lily,2,Round,1,1,0,20.14,1615.88,1022.71,1592.0,-62.0,3044.27,18.0,18.0,Ideal,H,VVS1,1.58,IGI,4570.0
843,Camden Gems,2,Round,1,1,0,11.4,801.0,770.19,789.0,-55.0,1284.1617,18.0,18.0,Super Ideal,E,VVS2,1.04,IGI,2962.5
843,Emilia Sterling,2,Round,1,1,0,12.49,794.0,763.46,782.0,-57.0,1308.7471,18.0,18.0,Super Ideal,E,VVS2,1.04,IGI,2962.5
843,Eterna Luxe,2,Round,1,1,0,14.81,819.0,787.5,807.0,-55.0,1300.2657,18.0,18.0,Super Ideal,E,VVS2,1.04,IGI,2962.5
843,Eternity Fine Jewelers,2,Round,1,1,0,20.93,817.89,786.43,806.0,-55.0,1308.8033,18.0,18.0,Super Ideal,E,VVS2,1.04,IGI,2962.5
843,Fabiola,2,Round,1,1,0,12.29,802.0,771.15,790.0,-55.0,1263.3264,18.0,18.0,Super Ideal,E,VVS2,1.04,IGI,2962.5
843,Gemstone Harmony,2,Round,1,1,0,12.33,808.0,776.92,796.0,-56.0,1302.9054,18.0,18.0,Super Ideal,E,VVS2,1.04,IGI,2962.5
843,Hoseki,2,Round,1,1,0,23.22,819.0,787.5,807.0,-55.0,1311.626,18.0,18.0,Super Ideal,E,VVS2,1.04,IGI,2962.5
843,Iris Diamonds,2,Round,1,1,0,93.34,802.0,771.15,790.0,-56.0,1319.1846,18.0,18.0,Super Ideal,E,VVS2,1.04,IGI,2962.5
843,Jane Brear,2,Round,1,1,0,11.19,824.0,792.31,812.0,-55.0,1316.5671,18.0,18.0,Super Ideal,E,VVS2,1.04,IGI,2962.5
843,Marlene Crafts,2,Round,1,1,0,16.63,802.0,771.15,790.0,-56.0,1316.8186,18.0,18.0,Super Ideal,E,VVS2,1.04,IGI,2962.5
843,Marlowe & Co,2,Round,1,1,0,14.92,820.0,788.46,808.0,-54.0,1285.3071,18.0,18.0,Super Ideal,E,VVS2,1.04,IGI,2962.5
843,Michelle Kennedy,2,Round,1,1,0,13.03,819.0,787.5,807.0,-55.0,1299.6703,18.0,18.0,Super Ideal,E,VVS2,1.04,IGI,2962.5
843,N. B. Diamonds,2,Round,1,1,0,12.7,809.0,777.88,797.0,-55.0,1293.9336,18.0,18.0,Super Ideal,E,VVS2,1.04,IGI,2962.5
843,Rosella,2,Round,1,1,0,12.51,810.0,778.85,798.0,-56.0,1310.2623,18.0,18.0,Super Ideal,E,VVS2,1.04,IGI,2962.5
843,Serenade Diamonds,2,Round,1,1,0,13.93,789.0,758.65,777.0,-57.0,1302.7668,18.0,18.0,Super Ideal,E,VVS2,1.04,IGI,2962.5
843,Silva Diamonds,2,Round,1,1,0,10.99,804.0,773.08,792.0,-56.0,1307.7133,18.0,18.0,Super Ideal,E,VVS2,1.04,IGI,2962.5
843,Simetría,2,Round,1,1,0,93.09,807.0,775.96,795.0,-55.0,1287.494,18.0,18.0,Super Ideal,E,VVS2,1.04,IGI,2962.5
843,Starlight Crafts,2,Round,1,1,0,12.86,801.0,770.19,789.0,-56.0,1316.2194,18.0,18.0,Super Ideal,E,VVS2,1.04,IGI,2962.5
843,Starlit Stones,2,Round,1,1,0,11.28,809.0,777.88,797.0,-56.0,1316.1643,18.0,18.0,Super Ideal,E,VVS2,1.04,IGI,2962.5
843,Stellar Radiance,2,Round,1,1,0,11.57,809.0,777.88,797.0,-56.0,1313.1788,18.0,18.0,Super Ideal,E,VVS2,1.04,IGI,2962.5
843,Temperley,2,Round,1,1,0,10.35,809.0,777.88,797.0,-57.0,1335.6986,18.0,18.0,Super Ideal,E,VVS2,1.04,IGI,2962.5
843,Thalassa Gems,2,Round,1,1,0,12.26,808.0,776.92,796.0,-54.0,1261.0748,18.0,18.0,Super Ideal,E,VVS2,1.04,IGI,2962.5
843,Tierra Mia Diamonds,2,Round,1,1,0,93.16,817.48,786.04,805.0,-56.0,1335.5964,18.0,18.0,Super Ideal,E,VVS2,1.04,IGI,2962.5
843,Tilia Diamonds,2,Round,1,1,0,21.79,816.0,784.62,804.0,-56.0,1324.0945,18.0,18.0,Super Ideal,E,VVS2,1.04,IGI,2962.5
843,White Lily,2,Round,1,1,0,14.21,824.0,792.31,812.0,-55.0,1323.8293,18.0,18.0,Super Ideal,E,VVS2,1.04,IGI,2962.5
844,Hoseki,2,Pear,1,2,0,18.99,343.0,686.0,338.0,-49.0,439.2574,15.0,15.0,Very Good,D,VS2,0.5,IGI,713.33
845,Albert's Creations,2,Round,1,1,0,18.98,1214.0,763.52,1196.0,-59.0,2122.7715,18.0,18.0,Super Ideal,E,SI1,1.59,IGI,3620.0
845,Bayside Gems,2,Round,1,1,0,20.67,1161.0,730.19,1144.0,-60.0,2067.3323,18.0,18.0,Super Ideal,E,SI1,1.59,IGI,3620.0
845,Hoseki,2,Round,1,1,0,19.49,1223.0,769.18,1205.0,-58.0,2089.4153,18.0,18.0,Super Ideal,E,SI1,1.59,IGI,3620.0
845,Michelle Kennedy,2,Round,1,1,0,18.1,1197.0,752.83,1179.0,-58.0,2063.7881,18.0,18.0,Super Ideal,E,SI1,1.59,IGI,3620.0
845,Taiga Gems,2,Round,1,1,0,20.14,1182.0,743.4,1164.0,-59.0,2069.2349,18.0,18.0,Super Ideal,E,SI1,1.59,IGI,3620.0
845,Vega Diamonds,2,Round,1,1,0,19.48,1178.0,740.88,1160.0,-60.0,2087.3901,18.0,18.0,Super Ideal,E,SI1,1.59,IGI,3620.0
846,Jane Brear,2,Round,1,1,0,20.04,856.7,679.92,844.0,-61.0,1563.9331,18.0,18.0,Ideal,E,VS2,1.26,IGI,2790.0
846,Marlowe & Co,2,Round,1,1,0,21.53,848.0,673.02,835.0,-62.0,1603.9111,18.0,18.0,Ideal,E,VS2,1.26,IGI,2790.0
846,Michelle Kennedy,2,Round,1,1,0,13.41,851.0,675.4,838.0,-62.0,1596.9572,18.0,18.0,Ideal,E,VS2,1.26,IGI,2790.0
846,Periwinkle Stones,2,Round,1,1,0,8.16,852.0,676.19,839.0,-61.0,1566.4241,18.0,18.0,Ideal,E,VS2,1.26,IGI,2790.0
846,Roma Diamonds,2,Round,1,1,0,14.71,1586.0,1258.73,1562.0,-30.0,1633.4032,18.0,18.0,Ideal,E,VS2,1.26,IGI,2790.0
846,Sigma Diamonds,2,Round,1,1,0,12.04,822.0,652.38,810.0,-63.0,1608.3008,18.0,18.0,Ideal,E,VS2,1.26,IGI,2790.0
846,Silva Diamonds,2,Round,1,1,0,12.11,829.0,657.94,817.0,-63.0,1604.012,18.0,18.0,Ideal,E,VS2,1.26,IGI,2790.0
846,Temperley,2,Round,1,1,0,18.75,874.0,693.65,861.0,-61.0,1608.0013,18.0,18.0,Ideal,E,VS2,1.26,IGI,2790.0
846,Vega Diamonds,2,Round,1,1,0,17.28,816.0,647.62,804.0,-64.0,1616.9604,18.0,18.0,Ideal,E,VS2,1.26,IGI,2790.0
851,Jane Brear,2,Cushion,1,1,0,12.67,4658.0,1542.38,4588.0,-61.0,7531.7783,14.0,15.0,Very Good,G,VVS2,3.02,IGI,14930.0
851,Marlowe & Co,2,Cushion,1,1,0,14.7,4672.0,1547.02,4602.0,-61.0,7550.2349,14.0,15.0,Very Good,G,VVS2,3.02,IGI,14930.0
851,White Lily,2,Cushion,1,1,0,16.26,4532.42,1500.8,4464.0,-61.0,7366.7749,14.0,15.0,Very Good,G,VVS2,3.02,IGI,14930.0
853,55 E Diamonds,2,Round,1,2,0,14.34,708.0,687.38,697.0,-60.0,1274.6116,18.0,18.0,Super Ideal,E,VS1,1.03,IGI,2608.33
853,Avignon Diamonds,2,Round,1,1,0,13.03,703.0,682.52,692.0,-61.0,1303.6674,18.0,18.0,Super Ideal,E,VS1,1.03,IGI,2608.33
853,Camden Gems,2,Round,1,1,0,10.13,698.0,677.67,688.0,-62.0,1308.1464,18.0,18.0,Super Ideal,E,VS1,1.03,IGI,2608.33
853,Cascade Diamonds,2,Round,1,1,0,12.64,702.0,681.55,691.0,-60.0,1267.7476,18.0,18.0,Super Ideal,E,VS1,1.03,IGI,2608.33
853,Clermont Diamonds,2,Round,1,1,0,14.82,705.0,684.47,694.0,-60.0,1271.955,18.0,18.0,Super Ideal,E,VS1,1.03,IGI,2608.33
853,Diamonds by Zoya,2,Round,1,1,0,93.09,706.0,685.44,695.0,-61.0,1281.4368,18.0,18.0,Super Ideal,E,VS1,1.03,IGI,2608.33
853,Jane Brear,2,Round,1,1,0,15.17,710.0,689.32,699.0,-59.0,1252.8682,18.0,18.0,Super Ideal,E,VS1,1.03,IGI,2608.33
853,Marlowe & Co,2,Round,1,1,0,10.6,717.0,696.12,706.0,-60.0,1294.6018,18.0,18.0,Super Ideal,E,VS1,1.03,IGI,2608.33
853,Meridian Crafts,2,Round,1,1,0,13.54,701.0,680.58,690.0,-59.0,1234.6007,18.0,18.0,Super Ideal,E,VS1,1.03,IGI,2608.33
853,Michelle Kennedy,2,Round,1,1,0,12.53,710.0,689.32,699.0,-60.0,1256.1748,18.0,18.0,Super Ideal,E,VS1,1.03,IGI,2608.33
853,Nova Stars,2,Round,1,1,0,12.55,697.0,676.7,687.0,-61.0,1263.582,18.0,18.0,Super Ideal,E,VS1,1.03,IGI,2608.33
853,Rosella,2,Round,1,1,0,10.98,701.0,680.58,690.0,-59.0,1232.3137,18.0,18.0,Super Ideal,E,VS1,1.03,IGI,2608.33
853,Starlight Crafts,2,Round,1,1,0,14.39,695.0,674.76,685.0,-61.0,1290.1569,18.0,18.0,Super Ideal,E,VS1,1.03,IGI,2608.33
853,Taiga Gems,2,Round,1,1,0,12.46,719.0,698.06,708.0,-59.0,1248.3151,18.0,18.0,Super Ideal,E,VS1,1.03,IGI,2608.33
853,Temperley,2,Round,1,1,0,13.52,710.0,689.32,699.0,-61.0,1307.4493,18.0,18.0,Super Ideal,E,VS1,1.03,IGI,2608.33
853,Thalassa Gems,2,Round,1,1,0,14.67,702.0,681.55,691.0,-59.0,1226.7277,18.0,18.0,Super Ideal,E,VS1,1.03,IGI,2608.33
853,Tierra Mia Diamonds,2,Round,1,1,0,21.89,708.42,687.79,698.0,-61.0,1286.1364,18.0,18.0,Super Ideal,E,VS1,1.03,IGI,2608.33
853,White Lily,2,Round,1,1,0,14.48,710.0,689.32,699.0,-61.0,1297.9116,18.0,18.0,Super Ideal,E,VS1,1.03,IGI,2608.33
857,Avignon Diamonds,2,Round,1,1,0,14.34,828.0,811.76,816.0,-55.0,1328.4438,18.0,18.0,Super Ideal,F,VVS2,1.02,IGI,2666.0
857,Clermont Diamonds,2,Round,1,1,0,10.91,808.0,792.16,796.0,-56.0,1328.7426,18.0,18.0,Super Ideal,F,VVS2,1.02,IGI,2666.0
857,Gemstone Harmony,2,Round,1,1,0,14.31,808.0,792.16,796.0,-56.0,1309.9938,18.0,18.0,Super Ideal,F,VVS2,1.02,IGI,2666.0
857,Hoseki,2,Round,1,1,0,11.23,824.86,808.69,812.0,-55.0,1311.4592,18.0,18.0,Super Ideal,F,VVS2,1.02,IGI,2666.0
857,Jane Brear,2,Round,1,1,0,10.94,833.0,816.67,821.0,-56.0,1364.2158,18.0,18.0,Super Ideal,F,VVS2,1.02,IGI,2666.0
857,Kara,2,Round,1,1,0,14.19,839.0,822.55,826.0,-55.0,1345.0504,18.0,18.0,Super Ideal,F,VVS2,1.02,IGI,2666.0
857,Magnolia,2,Round,1,1,0,10.25,804.0,788.24,792.0,-57.0,1345.4884,18.0,18.0,Super Ideal,F,VVS2,1.02,IGI,2666.0
857,Marlowe & Co,2,Round,1,1,0,10.67,830.0,813.73,818.0,-55.0,1326.4702,18.0,18.0,Super Ideal,F,VVS2,1.02,IGI,2666.0
857,Nova Stars,2,Round,1,1,0,10.34,809.0,793.14,797.0,-58.0,1392.02,18.0,18.0,Super Ideal,F,VVS2,1.02,IGI,2666.0
857,Oasis Diamonds,2,Round,1,1,0,15.39,838.0,821.57,825.0,-54.0,1308.5791,18.0,18.0,Super Ideal,F,VVS2,1.02,IGI,2666.0
857,Rosella,2,Round,1,1,0,13.66,805.0,789.22,793.0,-56.0,1324.368,18.0,18.0,Super Ideal,F,VVS2,1.02,IGI,2666.0
857,Serenade Diamonds,2,Round,1,1,0,10.12,783.0,767.65,771.0,-58.0,1344.8937,18.0,18.0,Super Ideal,F,VVS2,1.02,IGI,2666.0
857,Starlight Crafts,2,Round,1,1,0,11.12,792.0,776.47,780.0,-59.0,1370.3312,18.0,18.0,Super Ideal,F,VVS2,1.02,IGI,2666.0
857,Taiga Gems,2,Round,1,1,0,11.55,824.0,807.84,812.0,-56.0,1327.4323,18.0,18.0,Super Ideal,F,VVS2,1.02,IGI,2666.0
857,Temperley,2,Round,1,1,0,12.01,838.0,821.57,825.0,-54.0,1309.9938,18.0,18.0,Super Ideal,F,VVS2,1.02,IGI,2666.0
857,Thalassa Gems,2,Round,1,1,0,12.05,808.0,792.16,796.0,-57.0,1347.7872,18.0,18.0,Super Ideal,F,VVS2,1.02,IGI,2666.0
857,Tierra Mia Diamonds,2,Round,1,1,0,92.11,807.0,791.18,795.0,-57.0,1344.0646,18.0,18.0,Super Ideal,F,VVS2,1.02,IGI,2666.0
857,Vespera Gems,2,Round,1,1,0,15.61,804.0,788.24,792.0,-56.0,1312.7937,18.0,18.0,Super Ideal,F,VVS2,1.02,IGI,2666.0
857,White Lily,2,Round,1,1,0,92.5,838.0,821.57,825.0,-55.0,1328.1053,18.0,18.0,Super Ideal,F,VVS2,1.02,IGI,2666.0
859,Albert's Creations,2,Marquise,1,1,0,15.84,396.01,501.28,390.0,-57.0,585.78,15.0,15.0,Super Ideal,D,VS1,0.79,IGI,1450.0
859,Hoseki,2,Marquise,1,1,0,14.6,406.96,515.14,401.0,-59.0,629.6083,15.0,15.0,Super Ideal,D,VS1,0.79,IGI,1450.0
859,Promenade Jewelry,2,Marquise,1,1,0,16.53,402.98,510.1,397.0,-54.0,560.5572,15.0,15.0,Super Ideal,D,VS1,0.79,IGI,1450.0
859,Vega Diamonds,2,Marquise,1,1,0,18.91,384.13,486.24,378.0,-58.0,581.6015,15.0,15.0,Super Ideal,D,VS1,0.79,IGI,1450.0
859,Westminster Diamonds,2,Marquise,1,1,0,18.29,393.02,497.49,387.0,-56.0,575.3961,15.0,15.0,Super Ideal,D,VS1,0.79,IGI,1450.0
863,55 E Diamonds,2,Oval,1,1,0,20.6,2978.0,1191.2,2933.0,-62.0,5287.5308,15.0,15.0,Super Ideal,G,VS1,2.5,IGI,9965.0
863,Avignon Diamonds,2,Oval,1,1,0,58.98,2896.0,1158.4,2853.0,-63.0,5244.1909,15.0,15.0,Super Ideal,G,VS1,2.5,IGI,9965.0
863,Diamonds by Zoya,2,Oval,1,1,0,93.26,2901.0,1160.4,2857.0,-63.0,5237.2026,15.0,15.0,Super Ideal,G,VS1,2.5,IGI,9965.0
863,Ember Star,2,Oval,1,1,0,17.34,2929.0,1171.6,2885.0,-63.0,5309.3853,15.0,15.0,Super Ideal,G,VS1,2.5,IGI,9965.0
863,Jane Brear,2,Oval,1,1,0,11.07,2914.0,1165.6,2870.0,-63.0,5241.3804,15.0,15.0,Super Ideal,G,VS1,2.5,IGI,9965.0
863,Kaylin Crafts,2,Oval,1,1,0,10.07,2884.0,1153.6,2841.0,-63.0,5251.0303,15.0,15.0,Super Ideal,G,VS1,2.5,IGI,9965.0
863,La Marquise,2,Oval,1,1,0,18.48,3174.0,1269.6,3126.0,-59.0,5182.3203,15.0,15.0,Super Ideal,G,VS1,2.5,IGI,9965.0
863,Mei & Co,2,Oval,1,1,0,14.92,2901.0,1160.4,2857.0,-63.0,5227.7017,15.0,15.0,Super Ideal,G,VS1,2.5,IGI,9965.0
863,Michelle Kennedy,2,Oval,1,1,0,15.66,2901.0,1160.4,2857.0,-63.0,5308.1396,15.0,15.0,Super Ideal,G,VS1,2.5,IGI,9965.0
863,Nebula Stones,2,Oval,1,1,0,16.93,3033.0,1213.2,2988.0,-61.0,5211.2539,15.0,15.0,Super Ideal,G,VS1,2.5,IGI,9965.0
863,Periwinkle Stones,2,Oval,1,1,0,17.1,2962.0,1184.8,2918.0,-62.0,5203.3086,15.0,15.0,Super Ideal,G,VS1,2.5,IGI,9965.0
863,Taiga Gems,2,Oval,1,1,0,13.3,2814.0,1125.6,2772.0,-65.0,5358.7676,15.0,15.0,Super Ideal,G,VS1,2.5,IGI,9965.0
863,Tamara,2,Oval,1,1,0,18.07,3003.0,1201.2,2958.0,-61.0,5241.3804,15.0,15.0,Super Ideal,G,VS1,2.5,IGI,9965.0
863,Temperley,2,Oval,1,1,0,10.11,2926.0,1170.4,2882.0,-62.0,5180.689,15.0,15.0,Super Ideal,G,VS1,2.5,IGI,9965.0
863,White Lily,2,Oval,1,1,0,13.41,2926.0,1170.4,2882.0,-62.0,5212.0029,15.0,15.0,Super Ideal,G,VS1,2.5,IGI,9965.0
866,Promenade Jewelry,2,Oval,1,1,0,14.12,309.0,835.14,304.0,-42.0,359.6924,15.0,15.0,Super Ideal,E,VS2,0.37,IGI,380.0
869,Avignon Diamonds,2,Emerald,1,1,0,13.41,3660.0,1464.0,3605.0,-65.0,6687.2256,15.0,15.0,Super Ideal,E,VS1,2.5,IGI,11180.0
869,Hill & Holland,2,Emerald,1,1,0,13.65,3868.0,1547.2,3810.0,-62.0,6611.7598,15.0,15.0,Super Ideal,E,VS1,2.5,IGI,11180.0
869,Jane Brear,2,Emerald,1,1,0,15.15,3814.83,1525.93,3758.0,-63.0,6711.4658,15.0,15.0,Super Ideal,E,VS1,2.5,IGI,11180.0
869,Michelle Kennedy,2,Emerald,1,1,0,12.65,3771.0,1508.4,3714.0,-63.0,6611.1235,15.0,15.0,Super Ideal,E,VS1,2.5,IGI,11180.0
869,Nebula Stones,2,Emerald,1,1,0,16.62,3770.0,1508.0,3713.0,-64.0,6703.8521,15.0,15.0,Super Ideal,E,VS1,2.5,IGI,11180.0
869,Taiga Gems,2,Emerald,1,1,0,14.97,3739.21,1495.68,3683.0,-64.0,6728.0396,15.0,15.0,Super Ideal,E,VS1,2.5,IGI,11180.0
869,Temperley,2,Emerald,1,1,0,11.06,3568.0,1427.2,3514.0,-65.0,6596.353,15.0,15.0,Super Ideal,E,VS1,2.5,IGI,11180.0
869,The Diamond Source,2,Emerald,1,1,0,12.21,3712.0,1484.8,3656.0,-64.0,6648.1167,15.0,15.0,Super Ideal,E,VS1,2.5,IGI,11180.0
869,White Lily,2,Emerald,1,1,0,14.32,3994.0,1597.6,3934.0,-61.0,6667.0376,15.0,15.0,Super Ideal,E,VS1,2.5,IGI,11180.0
871,Albert's Creations,2,Round,1,1,0,23.67,333.0,401.2,328.0,-50.0,475.4401,18.0,18.0,Ideal,E,SI1,0.83,IGI,1195.0
872,Temperley,2,Oval,1,1,0,12.76,312.0,577.78,307.0,-32.0,309.6177,14.0,15.0,Very Good,I,VS2,0.54,IGI,510.0
875,Jane Brear,2,Round,1,1,0,17.0,1699.46,837.17,1674.0,-57.0,2825.1904,18.0,18.0,Ideal,J,VVS2,2.03,IGI,4280.0
880,Adalyn Jewelry,2,Oval,1,1,0,15.35,465.66,716.4,459.0,-53.0,669.2866,15.0,15.0,Super Ideal,D,VVS1,0.65,IGI,1160.0
880,Michelle Kennedy,2,Oval,1,1,0,14.94,456.0,701.54,449.0,30.0,235.849,15.0,15.0,Super Ideal,D,VVS1,0.65,IGI,1160.0
881,Diamonds by Zoya,2,Oval,2,2,0,88.44,356.0,474.67,351.0,-45.0,436.6273,14.0,15.0,Very Good,D,VS2,0.75,IGI,1330.0
881,Jane Brear,2,Oval,2,2,0,14.82,369.0,492.0,363.0,-16.0,294.3757,14.0,15.0,Very Good,D,VS2,0.75,IGI,1330.0
881,Temperley,2,Oval,2,2,0,12.65,369.0,492.0,363.0,-45.0,452.1719,15.0,15.0,Very Good,D,VS2,0.75,IGI,1330.0
883,Michelle Kennedy,2,Princess,1,1,0,19.37,1940.92,956.12,1912.0,-61.0,3148.5422,15.0,15.0,Super Ideal,H,VS2,2.03,IGI,4840.0
883,Taiga Gems,2,Princess,1,1,0,16.42,1811.9,892.56,1785.0,-62.0,3050.6106,15.0,15.0,Super Ideal,H,VS2,2.03,IGI,4840.0
885,Albert's Creations,2,Pear,1,1,0,10.93,363.18,408.07,358.0,-63.0,641.4242,15.0,15.0,Super Ideal,E,VS2,0.89,IGI,1400.0
886,Bayside Gems,2,Emerald,2,2,0,20.08,601.29,589.5,592.0,-62.0,1024.0818,13.0,15.0,Very Good,E,SI2,1.02,IGI,1500.0
887,Meridian Crafts,2,Round,1,1,0,10.33,602.0,627.08,593.0,-59.0,1052.5242,18.0,18.0,Super Ideal,G,VS1,0.96,IGI,1840.0
887,Nova Stars,2,Round,1,1,0,23.65,581.08,605.29,572.0,-58.0,982.4416,18.0,18.0,Super Ideal,G,VS1,0.96,IGI,1840.0
888,Jane Brear,2,Oval,1,2,0,12.36,312.0,945.45,307.0,-51.0,429.9427,15.0,15.0,Super Ideal,E,VVS2,0.33,IGI,350.0
888,Meridian Crafts,2,Oval,1,2,0,9.23,302.0,915.15,297.0,-48.0,394.119,15.0,15.0,Super Ideal,E,VVS2,0.33,IGI,350.0
888,Michelle Kennedy,2,Oval,1,1,0,12.0,312.0,945.45,307.0,-56.0,477.9696,15.0,15.0,Super Ideal,E,VVS2,0.33,IGI,350.0
888,Promenade Jewelry,2,Oval,2,2,0,11.56,300.0,909.09,296.0,-58.0,485.6566,15.0,15.0,Super Ideal,E,VVS2,0.33,IGI,350.0
888,White Lily,2,Oval,1,2,0,11.98,312.0,945.45,307.0,-53.0,451.6588,15.0,15.0,Super Ideal,E,VVS2,0.33,IGI,350.0
890,Diamonds by Zoya,2,Princess,1,1,0,11.61,2809.0,1306.51,2767.0,-62.0,4640.3472,15.0,15.0,Super Ideal,F,VVS2,2.15,IGI,9020.0
890,Elmwood Diamonds,2,Princess,1,1,0,10.99,3807.86,1771.1,3751.0,-48.0,4670.9077,15.0,15.0,Super Ideal,F,VVS2,2.15,IGI,9020.0
890,Rosella,2,Princess,1,2,0,14.62,2719.79,1265.02,2679.0,-63.0,4694.5625,15.0,15.0,Super Ideal,F,VVS2,2.15,IGI,9020.0
890,Temperley,2,Princess,1,1,0,13.58,2729.44,1269.51,2688.0,-62.0,4556.1182,15.0,15.0,Super Ideal,F,VVS2,2.15,IGI,9020.0
892,Blackbird Gems,2,Round,1,1,0,19.48,1193.0,846.1,1175.0,-51.0,1748.7461,18.0,18.0,Super Ideal,F,VS1,1.41,IGI,3450.0
892,Cirrus Gems,2,Round,1,1,0,20.04,1161.08,823.46,1144.0,-49.0,1617.9766,18.0,18.0,Super Ideal,F,VS1,1.41,IGI,3450.0
892,Clermont Diamonds,2,Round,1,1,0,11.54,1177.0,834.75,1159.0,-50.0,1671.1156,18.0,18.0,Super Ideal,F,VS1,1.41,IGI,3450.0
892,Diamonds by Zoya,2,Round,1,1,0,10.94,1194.0,846.81,1176.0,-49.0,1684.0839,18.0,18.0,Super Ideal,F,VS1,1.41,IGI,3450.0
892,Jane Brear,2,Round,1,1,0,16.7,1226.0,869.5,1208.0,-48.0,1692.8529,18.0,18.0,Super Ideal,F,VS1,1.41,IGI,3450.0
892,Lotus Creation,2,Round,1,1,0,17.55,1184.0,839.72,1166.0,-51.0,1719.3312,18.0,18.0,Super Ideal,F,VS1,1.41,IGI,3450.0
892,Magnolia,2,Round,1,1,0,13.06,1178.0,835.46,1160.0,-49.0,1652.7175,18.0,18.0,Super Ideal,F,VS1,1.41,IGI,3450.0
892,Marlene Crafts,2,Round,1,1,0,14.18,1173.0,831.91,1155.0,-51.0,1701.2688,18.0,18.0,Super Ideal,F,VS1,1.41,IGI,3450.0
892,Marlowe & Co,2,Round,1,1,0,14.38,1198.0,849.65,1180.0,-49.0,1694.6096,18.0,18.0,Super Ideal,F,VS1,1.41,IGI,3450.0
892,Meridian Crafts,2,Round,1,1,0,10.89,1175.0,833.33,1157.0,-50.0,1676.5531,18.0,18.0,Super Ideal,F,VS1,1.41,IGI,3450.0
892,Michelle Kennedy,2,Round,1,1,0,14.22,1226.0,869.5,1208.0,-47.0,1666.3357,18.0,18.0,Super Ideal,F,VS1,1.41,IGI,3450.0
892,Taiga Gems,2,Round,1,1,0,16.01,1158.18,821.4,1141.0,-51.0,1676.2797,18.0,18.0,Super Ideal,F,VS1,1.41,IGI,3450.0
892,Tamara,2,Round,1,1,0,16.34,1195.99,848.22,1178.0,-49.0,1668.4801,18.0,18.0,Super Ideal,F,VS1,1.41,IGI,3450.0
892,Temperley,2,Round,1,1,0,20.08,1212.0,859.57,1194.0,-47.0,1651.5564,18.0,18.0,Super Ideal,F,VS1,1.41,IGI,3450.0
892,White Lily,2,Round,1,1,0,20.97,1212.0,859.57,1194.0,-49.0,1689.98,18.0,18.0,Super Ideal,F,VS1,1.41,IGI,3450.0
893,CV Diamonds,2,Princess,1,1,0,15.06,1769.0,1163.82,1742.0,-62.0,2943.5635,15.0,15.0,Super Ideal,F,VVS2,1.52,IGI,4755.0
893,Eterna Luxe,2,Princess,1,1,0,14.5,1769.0,1163.82,1742.0,-62.0,2939.3728,15.0,15.0,Super Ideal,F,VVS2,1.52,IGI,4755.0
893,Fabiola,2,Princess,1,1,0,14.7,1753.0,1153.29,1727.0,-62.0,2963.8508,15.0,15.0,Super Ideal,F,VVS2,1.52,IGI,4755.0
893,Fuji Diamonds,2,Princess,1,1,0,15.87,1751.0,1151.97,1725.0,-62.0,2943.5635,15.0,15.0,Super Ideal,F,VVS2,1.52,IGI,4755.0
893,Jane Brear,2,Princess,1,2,0,16.23,1798.0,1182.89,1771.0,-61.0,2923.2361,15.0,15.0,Super Ideal,F,VVS2,1.52,IGI,4755.0
893,Magnolia,2,Princess,1,1,0,10.9,1768.0,1163.16,1741.0,-61.0,2879.5071,15.0,15.0,Super Ideal,F,VVS2,1.52,IGI,4755.0
893,Mei & Co,2,Princess,1,2,0,16.65,1740.0,1144.74,1714.0,-63.0,3018.623,15.0,15.0,Super Ideal,F,VVS2,1.52,IGI,4755.0
893,Michelle Kennedy,2,Princess,1,1,0,13.5,1790.0,1177.63,1763.0,-61.0,2929.936,15.0,15.0,Super Ideal,F,VVS2,1.52,IGI,4755.0
893,Periwinkle Stones,2,Princess,1,1,0,15.27,1817.86,1195.96,1791.0,-60.0,2900.3967,15.0,15.0,Super Ideal,F,VVS2,1.52,IGI,4755.0
893,Rosella,2,Princess,1,1,0,20.31,1688.0,1110.53,1663.0,-63.0,2931.6633,15.0,15.0,Super Ideal,F,VVS2,1.52,IGI,4755.0
893,Taiga Gems,2,Princess,1,1,0,16.95,1704.0,1121.05,1678.0,-63.0,2945.5183,15.0,15.0,Super Ideal,F,VVS2,1.52,IGI,4755.0
893,Temperley,2,Princess,1,2,0,20.61,1871.43,1231.2,1843.0,-59.0,2928.4473,15.0,15.0,Super Ideal,F,VVS2,1.52,IGI,4755.0
893,Thalassa Gems,2,Princess,2,2,0,16.79,1740.26,1144.91,1714.0,-62.0,2922.4819,15.0,15.0,Super Ideal,F,VVS2,1.52,IGI,4755.0
893,Vega Diamonds,2,Princess,1,1,0,18.21,1701.0,1119.08,1675.0,-63.0,2884.7183,15.0,15.0,Super Ideal,F,VVS2,1.52,IGI,4755.0
893,Vespera Gems,2,Princess,1,1,0,15.0,1729.55,1137.86,1704.0,-62.0,2903.8013,15.0,15.0,Super Ideal,F,VVS2,1.52,IGI,4755.0
894,Lotus Creation,2,Oval,1,1,0,15.16,2053.0,977.62,2022.0,-63.0,3748.3286,15.0,15.0,Very Good,G,VS2,2.1,IGI,7730.0
894,Michelle Kennedy,2,Oval,1,1,0,16.61,2108.0,1003.81,2076.0,-62.0,3711.8896,14.0,15.0,Very Good,G,VS2,2.1,IGI,7730.0
894,Taiga Gems,2,Oval,1,1,0,15.53,2017.16,960.55,1987.0,-63.0,3713.2605,15.0,15.0,Very Good,G,VS2,2.1,IGI,7730.0
894,White Lily,2,Oval,1,1,0,15.49,2064.0,982.86,2033.0,-63.0,3710.8308,15.0,15.0,Very Good,G,VS2,2.1,IGI,7730.0
898,Artemis Stones,2,Round,1,1,0,14.03,752.82,643.44,742.0,-57.0,1260.7169,18.0,18.0,Super Ideal,G,VS1,1.17,IGI,2680.0
898,Michelle Kennedy,2,Round,1,1,0,13.86,868.0,741.88,855.0,-49.0,1225.2308,18.0,18.0,Super Ideal,G,VS1,1.17,IGI,2680.0
898,Sunset Gems,2,Round,2,1,0,15.67,765.0,653.85,754.0,-57.0,1284.6348,18.0,18.0,Super Ideal,G,VS1,1.17,IGI,2680.0
898,Temperley,2,Round,1,1,0,14.08,780.0,666.67,768.0,-55.0,1236.4312,18.0,18.0,Super Ideal,G,VS1,1.17,IGI,2680.0
898,White Lily,2,Round,1,1,0,15.23,868.0,741.88,855.0,-49.0,1217.2926,18.0,18.0,Super Ideal,G,VS1,1.17,IGI,2680.0
904,Jane Brear,2,Pear,1,1,0,16.25,673.62,910.3,664.0,66.0,262.993,15.0,15.0,Super Ideal,I,VS2,0.74,IGI,780.0
904,Sunset Gems,2,Pear,1,2,0,21.31,392.0,529.73,386.0,-16.0,304.0846,15.0,15.0,Super Ideal,I,VS2,0.74,IGI,780.0
914,Albert's Creations,2,Pear,1,1,0,10.74,929.0,893.27,915.0,-67.0,1851.5006,15.0,15.0,Super Ideal,E,VVS2,1.04,IGI,2710.0
914,Avignon Diamonds,2,Pear,1,1,0,20.43,931.37,895.55,917.0,-67.0,1833.0167,15.0,15.0,Super Ideal,E,VVS2,1.04,IGI,2710.0
914,Bayside Gems,2,Pear,1,1,0,20.32,909.17,874.2,896.0,-67.0,1806.3378,15.0,15.0,Super Ideal,E,VVS2,1.04,IGI,2710.0
914,Clermont Diamonds,2,Pear,1,1,0,15.74,933.0,897.12,919.0,-67.0,1843.3688,15.0,15.0,Super Ideal,E,VVS2,1.04,IGI,2710.0
914,Diamonds by Zoya,2,Pear,1,1,0,15.01,933.0,897.12,919.0,-67.0,1838.0988,15.0,15.0,Super Ideal,E,VVS2,1.04,IGI,2710.0
914,Eternal Flame,2,Pear,1,1,0,15.27,938.0,901.92,924.0,-67.0,1851.5006,15.0,15.0,Super Ideal,E,VVS2,1.04,IGI,2710.0
914,Fabiola,2,Pear,1,1,0,12.89,922.0,886.54,908.0,-67.0,1795.4622,15.0,15.0,Super Ideal,E,VVS2,1.04,IGI,2710.0
914,Fuji Diamonds,2,Pear,1,1,0,15.85,930.0,894.23,916.0,-67.0,1818.0201,15.0,15.0,Super Ideal,E,VVS2,1.04,IGI,2710.0
914,Hazel Diamonds,2,Pear,1,1,0,20.68,920.0,884.62,906.0,-68.0,1870.7106,15.0,15.0,Super Ideal,E,VVS2,1.04,IGI,2710.0
914,Jane Brear,2,Pear,2,2,0,12.95,931.0,895.19,917.0,-66.0,1780.5205,15.0,15.0,Super Ideal,E,VVS2,1.04,IGI,2710.0
914,Knox Diamonds,2,Pear,1,1,0,15.18,919.0,883.65,905.0,-67.0,1807.5074,15.0,15.0,Super Ideal,E,VVS2,1.04,IGI,2710.0
914,Marlene Crafts,2,Pear,1,1,0,15.62,920.0,884.62,906.0,-67.0,1800.7239,15.0,15.0,Super Ideal,E,VVS2,1.04,IGI,2710.0
914,Marlowe & Co,2,Pear,1,1,0,14.44,927.0,891.35,913.0,-68.0,1866.0557,15.0,15.0,Super Ideal,E,VVS2,1.04,IGI,2710.0
914,Mei & Co,2,Pear,1,2,0,16.15,923.36,887.85,910.0,-67.0,1788.0902,15.0,15.0,Super Ideal,E,VVS2,1.04,IGI,2710.0
914,Michelle Kennedy,2,Pear,1,2,0,11.69,936.0,900.0,922.0,-67.0,1831.1848,15.0,15.0,Super Ideal,E,VVS2,1.04,IGI,2710.0
914,Periwinkle Stones,2,Pear,1,1,0,18.45,946.0,909.62,932.0,-66.0,1814.3264,15.0,15.0,Super Ideal,E,VVS2,1.04,IGI,2710.0
914,Promenade Jewelry,2,Pear,1,1,0,17.85,914.0,878.85,900.0,-67.0,1819.9614,15.0,15.0,Super Ideal,E,VVS2,1.04,IGI,2710.0
914,Roma Diamonds,2,Pear,1,1,0,11.93,931.0,895.19,917.0,-67.0,1822.1533,15.0,15.0,Super Ideal,E,VVS2,1.04,IGI,2710.0
914,Rosella,2,Pear,1,1,0,12.01,905.0,870.19,891.0,-69.0,1903.0964,15.0,15.0,Super Ideal,E,VVS2,1.04,IGI,2710.0
914,Serene Peaks Diamonds,2,Pear,1,2,0,15.91,933.0,897.12,919.0,-69.0,1926.7788,15.0,15.0,Super Ideal,E,VVS2,1.04,IGI,2710.0
914,Taiga Gems,2,Pear,1,1,0,19.91,899.0,864.42,886.0,-67.0,1785.7268,15.0,15.0,Super Ideal,E,VVS2,1.04,IGI,2710.0
914,Temperley,2,Pear,1,1,0,20.43,935.0,899.04,921.0,-67.0,1842.5682,15.0,15.0,Super Ideal,E,VVS2,1.04,IGI,2710.0
914,Thalassa Gems,2,Pear,2,2,0,17.8,920.38,884.98,907.0,-67.0,1811.963,15.0,15.0,Super Ideal,E,VVS2,1.04,IGI,2710.0
914,Vega Diamonds,2,Pear,1,1,0,20.44,901.0,866.35,887.0,-68.0,1806.3378,15.0,15.0,Super Ideal,E,VVS2,1.04,IGI,2710.0
914,Vespera Gems,2,Pear,1,1,0,12.8,922.0,886.54,908.0,-67.0,1831.7491,15.0,15.0,Super Ideal,E,VVS2,1.04,IGI,2710.0
914,White Lily,2,Pear,1,1,0,11.11,934.0,898.08,920.0,-68.0,1865.6626,15.0,15.0,Super Ideal,E,VVS2,1.04,IGI,2710.0
915,Fabiola,2,Pear,1,1,0,13.78,808.94,703.43,797.0,-62.0,1374.9725,15.0,15.0,Very Good,G,VS2,1.15,IGI,2130.0
917,Jane Brear,2,Round,1,1,0,11.77,2373.0,1168.97,2337.0,-58.0,4088.4009,18.0,18.0,Super Ideal,D,VS2,2.03,IGI,8400.0
917,Michelle Kennedy,2,Round,1,1,0,13.74,2333.0,1149.26,2298.0,-58.0,4003.5703,18.0,18.0,Super Ideal,D,VS2,2.03,IGI,8400.0
917,Oasis Diamonds,2,Round,1,1,0,10.74,2409.0,1186.7,2373.0,-57.0,4000.6204,18.0,18.0,Super Ideal,D,VS2,2.03,IGI,8400.0
917,Periwinkle Stones,2,Round,1,1,0,15.37,2362.0,1163.55,2327.0,-57.0,3948.5322,18.0,18.0,Super Ideal,D,VS2,2.03,IGI,8400.0
917,Simetría,2,Round,1,1,0,14.05,2295.13,1130.61,2261.0,-58.0,3937.1267,18.0,18.0,Super Ideal,D,VS2,2.03,IGI,8400.0
917,Taiga Gems,2,Round,1,1,0,18.02,2306.0,1135.96,2271.0,-58.0,3892.3181,18.0,18.0,Super Ideal,D,VS2,2.03,IGI,8400.0
917,Temperley,2,Round,1,1,0,15.46,2373.0,1168.97,2337.0,-57.0,3931.5115,18.0,18.0,Super Ideal,D,VS2,2.03,IGI,8400.0
917,White Lily,2,Round,1,1,0,10.32,2336.0,1150.74,2301.0,-59.0,4049.4727,18.0,18.0,Super Ideal,D,VS2,2.03,IGI,8400.0
919,CV Diamonds,2,Round,1,1,0,17.6,2186.0,1082.18,2153.0,-65.0,4417.5312,18.0,18.0,Ideal,G,VVS2,2.02,IGI,8054.0
919,Cirrus Gems,2,Round,1,1,0,16.5,2123.0,1050.99,2091.0,-65.0,4390.8921,18.0,18.0,Ideal,G,VVS2,2.02,IGI,8054.0
919,Clermont Diamonds,2,Round,1,1,0,10.76,2176.0,1077.23,2143.0,-65.0,4443.9995,18.0,18.0,Ideal,G,VVS2,2.02,IGI,8054.0
919,Jane Brear,2,Round,1,1,0,16.02,2453.67,1214.69,2417.0,-60.0,4373.7798,18.0,18.0,Ideal,G,VVS2,2.02,IGI,8054.0
919,Meridian Crafts,2,Round,1,1,0,11.62,2161.0,1069.8,2129.0,-65.0,4433.022,18.0,18.0,Ideal,G,VVS2,2.02,IGI,8054.0
919,Michelle Kennedy,2,Round,1,1,0,17.75,2220.0,1099.01,2187.0,-64.0,4390.2529,18.0,18.0,Ideal,G,VVS2,2.02,IGI,8054.0
919,N. B. Diamonds,2,Round,1,1,0,13.27,2150.0,1064.36,2118.0,-65.0,4413.3452,18.0,18.0,Ideal,G,VVS2,2.02,IGI,8054.0
919,Sigma Diamonds,2,Round,1,1,0,15.83,2177.0,1077.72,2144.0,-65.0,4400.7451,18.0,18.0,Ideal,G,VVS2,2.02,IGI,8054.0
919,Taiga Gems,2,Round,1,1,0,13.61,2145.0,1061.88,2113.0,-65.0,4343.9546,18.0,18.0,Ideal,G,VVS2,2.02,IGI,8054.0
919,Temperley,2,Round,1,1,0,10.81,2175.0,1076.73,2142.0,-65.0,4423.521,18.0,18.0,Ideal,G,VVS2,2.02,IGI,8054.0
919,Thalassa Gems,2,Round,1,1,0,13.21,2167.0,1072.77,2134.0,-64.0,4329.1191,18.0,18.0,Ideal,G,VVS2,2.02,IGI,8054.0
919,Westport Jewelry,2,Round,1,1,0,14.79,2129.0,1053.96,2097.0,-65.0,4339.9546,18.0,18.0,Ideal,G,VVS2,2.02,IGI,8054.0
919,White Lily,2,Round,1,1,0,14.84,2203.0,1090.59,2170.0,-63.0,4278.2461,18.0,18.0,Ideal,G,VVS2,2.02,IGI,8054.0
921,Jane Brear,2,Round,2,1,0,,409.0,492.77,403.0,-55.0,645.2241,18.0,18.0,Super Ideal,E,VS1,0.83,IGI,1370.0
921,Michelle Kennedy,2,Round,1,1,0,13.72,355.0,427.71,350.0,-57.0,590.1344,18.0,18.0,Super Ideal,E,VS1,0.83,IGI,1370.0
921,Starlight Crafts,2,Round,1,1,0,14.74,320.0,385.54,315.0,-61.0,588.1285,18.0,18.0,Super Ideal,E,VS1,0.83,IGI,1370.0
921,Temperley,2,Round,1,1,0,13.61,344.0,414.46,339.0,-57.0,572.9848,18.0,18.0,Super Ideal,E,VS1,0.83,IGI,1370.0
921,Westminster Diamonds,2,Round,1,1,0,10.62,364.0,438.55,359.0,-56.0,590.9495,18.0,18.0,Super Ideal,E,VS1,0.83,IGI,1370.0
930,Fabiola,2,Emerald,1,1,0,17.16,6185.0,1649.33,6092.0,-65.0,11346.498,15.0,15.0,Super Ideal,F,VS1,3.75,IGI,19040.0
930,White Lily,2,Emerald,1,1,0,18.39,6279.0,1674.4,6185.0,-64.0,11195.3955,15.0,15.0,Super Ideal,F,VS1,3.75,IGI,19040.0
939,Jane Brear,2,Emerald,2,1,0,6.55,2176.0,1071.92,2143.0,-37.0,2218.7061,15.0,15.0,Super Ideal,J,VS2,2.03,IGI,3530.0
945,CV Diamonds,2,Round,1,1,0,11.86,738.0,696.23,727.0,-68.0,1642.4674,18.0,18.0,Super Ideal,D,VS1,1.06,IGI,2760.0
945,Cascade Diamonds,2,Round,1,1,0,12.84,724.0,683.02,713.0,-68.0,1642.6499,18.0,18.0,Super Ideal,D,VS1,1.06,IGI,2760.0
945,Cirrus Gems,2,Round,1,1,0,17.23,728.69,687.44,718.0,-68.0,1642.1183,18.0,18.0,Super Ideal,D,VS1,1.06,IGI,2760.0
945,Diamonds by Zoya,2,Round,1,1,0,10.64,731.0,689.62,720.0,-68.0,1645.134,18.0,18.0,Super Ideal,D,VS1,1.06,IGI,2760.0
945,Emilia Sterling,2,Round,1,1,0,14.26,714.0,673.58,703.0,-69.0,1641.2162,18.0,18.0,Super Ideal,D,VS1,1.06,IGI,2760.0
945,Eternity Fine Jewelers,2,Round,1,1,0,13.76,735.3,693.68,724.0,-68.0,1644.676,18.0,18.0,Super Ideal,D,VS1,1.06,IGI,2760.0
945,Fuji Diamonds,2,Round,1,1,0,13.89,742.0,700.0,731.0,-67.0,1613.5403,18.0,18.0,Super Ideal,D,VS1,1.06,IGI,2760.0
945,Gemstone Harmony,2,Round,1,1,0,11.95,725.0,683.96,714.0,-69.0,1665.573,18.0,18.0,Super Ideal,D,VS1,1.06,IGI,2760.0
945,Hazel Diamonds,2,Round,1,1,0,12.78,717.0,676.42,706.0,-69.0,1631.0697,18.0,18.0,Super Ideal,D,VS1,1.06,IGI,2760.0
945,Hoseki,2,Round,1,1,0,14.63,739.28,697.43,728.0,-67.0,1624.421,18.0,18.0,Super Ideal,D,VS1,1.06,IGI,2760.0
945,Infinity Diamonds,2,Round,1,1,0,15.61,739.0,697.17,728.0,-68.0,1665.5387,18.0,18.0,Super Ideal,D,VS1,1.06,IGI,2760.0
945,Iris Diamonds,2,Round,1,1,0,93.81,720.0,679.25,709.0,-68.0,1620.1252,18.0,18.0,Super Ideal,D,VS1,1.06,IGI,2760.0
945,Jane Brear,2,Round,2,1,0,10.33,741.0,699.06,730.0,-68.0,1654.9156,18.0,18.0,Super Ideal,D,VS1,1.06,IGI,2760.0
945,Magnolia,2,Round,1,1,0,10.73,720.0,679.25,709.0,-68.0,1616.8761,18.0,18.0,Super Ideal,D,VS1,1.06,IGI,2760.0
945,Marlene Crafts,2,Round,1,1,0,17.05,721.0,680.19,710.0,-68.0,1616.723,18.0,18.0,Super Ideal,D,VS1,1.06,IGI,2760.0
945,Marlowe & Co,2,Round,1,1,0,18.12,745.0,702.83,734.0,-68.0,1675.9191,18.0,18.0,Super Ideal,D,VS1,1.06,IGI,2760.0
945,Mei & Co,2,Round,2,1,0,12.52,729.34,688.06,718.0,-68.0,1630.9683,18.0,18.0,Super Ideal,D,VS1,1.06,IGI,2760.0
945,Meridian Crafts,2,Round,1,1,0,12.97,724.0,683.02,713.0,-69.0,1684.0968,18.0,18.0,Super Ideal,D,VS1,1.06,IGI,2760.0
945,Michelle Kennedy,2,Round,1,1,0,12.69,734.0,692.45,723.0,-68.0,1649.3008,18.0,18.0,Super Ideal,D,VS1,1.06,IGI,2760.0
945,Nebula Stones,2,Round,1,1,0,14.06,739.28,697.43,728.0,-68.0,1638.8397,18.0,18.0,Super Ideal,D,VS1,1.06,IGI,2760.0
945,Nova Stars,2,Round,1,1,0,10.86,718.0,677.36,707.0,-69.0,1648.7394,18.0,18.0,Super Ideal,D,VS1,1.06,IGI,2760.0
945,Raelynn Jewels,2,Round,1,1,0,13.15,728.0,686.79,717.0,-68.0,1641.8453,18.0,18.0,Super Ideal,D,VS1,1.06,IGI,2760.0
945,Simetría,2,Round,1,1,0,15.02,725.0,683.96,714.0,-68.0,1644.0383,18.0,18.0,Super Ideal,D,VS1,1.06,IGI,2760.0
945,Starlight Crafts,2,Round,1,1,0,10.85,715.0,674.53,704.0,-70.0,1679.6683,18.0,18.0,Super Ideal,D,VS1,1.06,IGI,2760.0
945,Taiga Gems,2,Round,1,1,0,10.95,744.0,701.89,733.0,-67.0,1625.3372,18.0,18.0,Super Ideal,D,VS1,1.06,IGI,2760.0
945,Tamara,2,Round,1,1,0,10.52,738.29,696.5,727.0,-67.0,1597.9851,18.0,18.0,Super Ideal,D,VS1,1.06,IGI,2760.0
945,Temperley,2,Round,2,1,0,14.92,740.0,698.11,729.0,-68.0,1658.6636,18.0,18.0,Super Ideal,D,VS1,1.06,IGI,2760.0
945,Thalassa Gems,2,Round,1,1,0,12.28,729.34,688.06,718.0,-68.0,1633.1038,18.0,18.0,Super Ideal,D,VS1,1.06,IGI,2760.0
945,White Lily,2,Round,1,1,0,14.38,741.0,699.06,730.0,-67.0,1598.7549,18.0,18.0,Super Ideal,D,VS1,1.06,IGI,2760.0
946,Jane Brear,2,Round,1,1,0,19.54,1541.0,856.11,1518.0,-57.0,2546.6626,18.0,18.0,Ideal,H,VS1,1.8,IGI,4360.0
946,Michelle Kennedy,2,Round,1,1,0,17.7,1541.0,856.11,1518.0,-57.0,2542.7314,18.0,18.0,Ideal,H,VS1,1.8,IGI,4360.0
946,Taiga Gems,2,Round,1,1,0,15.24,1548.0,860.0,1525.0,-57.0,2605.4612,18.0,18.0,Ideal,H,VS1,1.8,IGI,4360.0
946,Temperley,2,Round,1,1,0,15.28,1584.0,880.0,1560.0,-55.0,2531.0583,18.0,18.0,Ideal,H,VS1,1.8,IGI,4360.0
947,Taiga Gems,2,Pear,1,1,0,12.74,605.0,599.01,596.0,-66.0,1162.2939,14.0,15.0,Very Good,H,SI1,1.01,IGI,1560.0
954,Michelle Kennedy,2,Round,1,1,0,11.94,1531.0,757.92,1508.0,-56.0,2493.875,18.0,18.0,Super Ideal,I,VS2,2.02,IGI,4815.0
955,Sunset Gems,2,Round,1,2,0,21.24,997.97,712.84,983.0,-56.0,1622.1018,18.0,18.0,Ideal,H,VVS2,1.4,IGI,3160.0
955,Taiga Gems,2,Round,1,1,0,18.7,992.0,708.57,977.0,-58.0,1681.2734,18.0,18.0,Ideal,H,VVS2,1.4,IGI,3160.0
958,White Lily,2,Round,1,1,0,20.84,812.0,615.15,800.0,-57.0,1366.9554,18.0,18.0,Ideal,I,VS1,1.32,IGI,2192.22
960,Diamonds by Zoya,2,Emerald,1,1,0,13.24,819.88,745.35,808.0,-62.0,1376.5092,15.0,15.0,Super Ideal,G,VS1,1.1,IGI,2230.0
960,Jane Brear,2,Emerald,1,1,0,12.38,845.0,768.18,832.0,-60.0,1365.3839,15.0,15.0,Super Ideal,G,VS1,1.1,IGI,2230.0
960,Lotus Creation,2,Emerald,1,1,0,16.62,818.45,744.05,806.0,-62.0,1387.6173,15.0,15.0,Super Ideal,G,VS1,1.1,IGI,2230.0
960,Marlowe & Co,2,Emerald,1,1,0,16.4,841.0,764.55,828.0,-60.0,1364.2185,15.0,15.0,Super Ideal,G,VS1,1.1,IGI,2230.0
960,Michelle Kennedy,2,Emerald,1,1,0,15.12,880.58,800.53,867.0,-57.0,1321.0388,15.0,15.0,Super Ideal,G,VS1,1.1,IGI,2230.0
960,N. B. Diamonds,2,Emerald,1,1,0,16.33,840.0,763.64,827.0,-61.0,1377.6517,15.0,15.0,Super Ideal,G,VS1,1.1,IGI,2230.0
960,Nebula Stones,2,Emerald,1,1,0,11.58,835.8,759.82,823.0,-61.0,1377.4828,15.0,15.0,Super Ideal,G,VS1,1.1,IGI,2230.0
960,Rosella,2,Emerald,1,1,0,11.0,788.0,716.36,776.0,-63.0,1364.5922,15.0,15.0,Super Ideal,G,VS1,1.1,IGI,2230.0
960,Serene Peaks Diamonds,2,Emerald,1,1,0,15.22,827.84,752.58,815.0,-61.0,1357.6823,15.0,15.0,Super Ideal,G,VS1,1.1,IGI,2230.0
960,Sonata Gems,2,Emerald,1,1,0,11.65,846.0,769.09,833.0,-59.0,1336.8488,15.0,15.0,Super Ideal,G,VS1,1.1,IGI,2230.0
960,Vespera Gems,2,Emerald,1,1,0,17.37,820.38,745.8,808.0,-62.0,1391.056,15.0,15.0,Super Ideal,G,VS1,1.1,IGI,2230.0
960,White Lily,2,Emerald,1,1,0,14.33,845.0,768.18,832.0,-61.0,1391.776,15.0,15.0,Super Ideal,G,VS1,1.1,IGI,2230.0
965,Lotus Creation,2,Round,1,1,0,14.7,1185.2,784.9,1167.0,-62.0,2240.6841,18.0,18.0,Super Ideal,I,VVS2,1.51,IGI,3030.0
965,Michelle Kennedy,2,Round,1,1,0,13.19,1190.02,788.09,1172.0,-63.0,2314.6367,18.0,18.0,Super Ideal,I,VVS2,1.51,IGI,3030.0
965,White Lily,2,Round,1,1,0,12.08,1221.0,808.61,1203.0,-61.0,2256.7751,18.0,18.0,Super Ideal,I,VVS2,1.51,IGI,3030.0
970,Adalyn Jewelry,2,Oval,1,1,0,17.74,864.0,838.83,851.0,-60.0,1448.9857,15.0,15.0,Super Ideal,D,VS2,1.03,IGI,2350.0
970,Albert's Creations,2,Oval,1,1,0,14.57,870.0,844.66,857.0,-60.0,1457.8752,15.0,15.0,Super Ideal,D,VS2,1.03,IGI,2350.0
970,Bayside Gems,2,Oval,1,1,0,18.41,868.64,843.34,856.0,-59.0,1440.7548,15.0,15.0,Super Ideal,D,VS2,1.03,IGI,2350.0
970,Equinox Jewels,2,Oval,1,1,0,10.85,884.0,858.25,871.0,-59.0,1453.2,15.0,15.0,Super Ideal,D,VS2,1.03,IGI,2350.0
970,Fabiola,2,Oval,1,1,0,12.09,870.62,845.26,858.0,-60.0,1451.1724,15.0,15.0,Super Ideal,D,VS2,1.03,IGI,2350.0
970,Fuji Diamonds,2,Oval,1,2,0,14.82,878.0,852.43,865.0,-58.0,1422.3602,15.0,15.0,Super Ideal,D,VS2,1.03,IGI,2350.0
970,Infinity Diamonds,2,Oval,1,1,0,13.92,863.0,837.86,850.0,-61.0,1478.929,15.0,15.0,Super Ideal,D,VS2,1.03,IGI,2350.0
970,Jane Brear,2,Oval,1,1,0,17.6,877.0,851.46,864.0,-60.0,1466.2242,15.0,15.0,Super Ideal,D,VS2,1.03,IGI,2350.0
970,Marlowe & Co,2,Oval,1,1,0,20.22,881.0,855.34,868.0,-58.0,1429.1035,15.0,15.0,Super Ideal,D,VS2,1.03,IGI,2350.0
970,Mei & Co,2,Oval,2,1,0,14.1,884.0,858.25,871.0,-60.0,1506.098,15.0,15.0,Super Ideal,D,VS2,1.03,IGI,2350.0
970,Michelle Kennedy,2,Oval,1,1,0,12.18,880.0,854.37,867.0,-61.0,1519.2041,15.0,15.0,Super Ideal,D,VS2,1.03,IGI,2350.0
970,Oasis Diamonds,2,Oval,1,1,0,14.15,914.4,887.77,901.0,-57.0,1436.1737,15.0,15.0,Super Ideal,D,VS2,1.03,IGI,2350.0
970,Periwinkle Stones,2,Oval,1,1,0,17.75,885.0,859.22,872.0,-59.0,1451.0244,15.0,15.0,Super Ideal,D,VS2,1.03,IGI,2350.0
970,Roma Diamonds,2,Oval,1,2,0,13.09,865.0,839.81,852.0,-60.0,1474.188,15.0,15.0,Super Ideal,D,VS2,1.03,IGI,2350.0
970,Rosella,2,Oval,1,1,0,10.37,843.0,818.45,830.0,-63.0,1523.3333,15.0,15.0,Super Ideal,D,VS2,1.03,IGI,2350.0
970,Sigma Diamonds,2,Oval,1,1,0,14.47,864.0,838.83,851.0,-58.0,1400.1268,15.0,15.0,Super Ideal,D,VS2,1.03,IGI,2350.0
970,Taiga Gems,2,Oval,1,1,0,17.99,877.59,852.03,864.0,-59.0,1435.7621,15.0,15.0,Super Ideal,D,VS2,1.03,IGI,2350.0
970,Tamara,2,Oval,1,1,0,14.67,894.5,868.45,881.0,-59.0,1455.7495,15.0,15.0,Super Ideal,D,VS2,1.03,IGI,2350.0
970,Temperley,2,Oval,1,2,0,17.49,888.54,862.66,875.0,-59.0,1443.8076,15.0,15.0,Super Ideal,D,VS2,1.03,IGI,2350.0
970,Vega Diamonds,2,Oval,1,1,0,18.77,845.47,820.84,833.0,-61.0,1472.9966,15.0,15.0,Super Ideal,D,VS2,1.03,IGI,2350.0
970,White Lily,2,Oval,1,1,0,16.7,923.65,896.75,910.0,-57.0,1437.214,15.0,15.0,Super Ideal,D,VS2,1.03,IGI,2350.0
981,Albert's Creations,2,Oval,1,1,0,22.93,341.0,460.81,336.0,-41.0,386.7424,15.0,15.0,Super Ideal,E,SI1,0.74,IGI,1020.0
981,Vega Diamonds,2,Oval,1,1,0,23.18,331.0,447.3,326.0,-43.0,391.3561,15.0,15.0,Super Ideal,E,SI1,0.74,IGI,1020.0
989,Jane Brear,2,Oval,1,1,0,12.85,2252.0,1037.79,2218.0,-62.0,3948.7852,15.0,15.0,Super Ideal,G,VS1,2.17,IGI,8560.0
989,Lotus Creation,2,Oval,1,1,0,17.74,2222.0,1023.96,2189.0,-62.0,3909.6506,15.0,15.0,Super Ideal,G,VS1,2.17,IGI,8560.0
989,Michelle Kennedy,2,Oval,1,1,0,18.17,2246.0,1035.02,2212.0,-61.0,3902.4331,15.0,15.0,Super Ideal,G,VS1,2.17,IGI,8560.0
989,Oasis Diamonds,2,Oval,1,1,0,13.76,2323.0,1070.51,2288.0,-59.0,3841.9456,15.0,15.0,Super Ideal,G,VS1,2.17,IGI,8560.0
989,Taiga Gems,2,Oval,1,1,0,15.86,2217.0,1021.66,2184.0,-61.0,3831.5708,15.0,15.0,Super Ideal,G,VS1,2.17,IGI,8560.0
989,Temperley,2,Oval,1,1,0,14.62,2285.0,1053.0,2251.0,-61.0,3910.1675,15.0,15.0,Super Ideal,G,VS1,2.17,IGI,8560.0
992,Camden Gems,2,Round,1,1,0,11.44,1356.0,863.69,1336.0,-60.0,2413.7004,18.0,18.0,Super Ideal,F,VS1,1.57,IGI,4725.71
992,Clermont Diamonds,2,Round,1,1,0,14.44,1373.0,874.52,1352.0,-59.0,2398.353,18.0,18.0,Super Ideal,F,VS1,1.57,IGI,4725.71
992,Fiona Clément,2,Round,1,1,0,11.31,1381.06,879.66,1360.0,-58.0,2353.3599,18.0,18.0,Super Ideal,F,VS1,1.57,IGI,4725.71
992,Genesis Stones,2,Round,1,1,0,15.1,1495.02,952.24,1473.0,-56.0,2419.9099,18.0,18.0,Super Ideal,F,VS1,1.57,IGI,4725.71
992,Jane Brear,2,Round,1,1,0,16.82,1428.82,910.08,1407.0,-58.0,2411.9512,18.0,18.0,Super Ideal,F,VS1,1.57,IGI,4725.71
992,KIYO,2,Round,1,1,0,11.6,1350.0,859.87,1330.0,-60.0,2404.6133,18.0,18.0,Super Ideal,F,VS1,1.57,IGI,4725.71
992,Michelle Kennedy,2,Round,1,1,0,16.75,1403.94,894.23,1383.0,-60.0,2492.4187,18.0,18.0,Super Ideal,F,VS1,1.57,IGI,4725.71
992,N. B. Diamonds,2,Round,1,1,0,10.57,1359.0,865.61,1339.0,-59.0,2391.3169,18.0,18.0,Super Ideal,F,VS1,1.57,IGI,4725.71
992,Nova Stars,2,Round,1,1,0,9.89,1359.0,865.61,1339.0,-60.0,2411.2341,18.0,18.0,Super Ideal,F,VS1,1.57,IGI,4725.71
992,Periwinkle Stones,2,Round,1,1,0,14.72,1394.0,887.9,1373.0,-59.0,2428.303,18.0,18.0,Super Ideal,F,VS1,1.57,IGI,4725.71
992,Rosella,2,Round,1,1,0,13.91,1354.0,862.42,1334.0,-59.0,2363.0935,18.0,18.0,Super Ideal,F,VS1,1.57,IGI,4725.71
992,Serenade Diamonds,2,Round,1,1,0,13.07,1368.0,871.34,1347.0,-60.0,2420.467,18.0,18.0,Super Ideal,F,VS1,1.57,IGI,4725.71
992,Taiga Gems,2,Round,1,1,0,11.51,1401.0,892.36,1380.0,-59.0,2428.3762,18.0,18.0,Super Ideal,F,VS1,1.57,IGI,4725.71
992,Temperley,2,Round,1,1,0,14.99,1426.83,908.81,1405.0,-58.0,2420.4812,18.0,18.0,Super Ideal,F,VS1,1.57,IGI,4725.71
992,Thalassa Gems,2,Round,1,1,0,14.06,1370.0,872.61,1349.0,-59.0,2376.2075,18.0,18.0,Super Ideal,F,VS1,1.57,IGI,4725.71
992,Vespera Gems,2,Round,1,1,0,16.81,1357.97,864.95,1338.0,-60.0,2437.7468,18.0,18.0,Super Ideal,F,VS1,1.57,IGI,4725.71
992,Westport Jewelry,2,Round,1,1,0,16.65,1343.0,855.41,1323.0,-61.0,2461.6194,18.0,18.0,Super Ideal,F,VS1,1.57,IGI,4725.71
992,White Lily,2,Round,1,1,0,13.1,1382.0,880.25,1361.0,-58.0,2363.7937,18.0,18.0,Super Ideal,F,VS1,1.57,IGI,4725.71
1003,Albert's Creations,2,Round,1,1,0,12.3,328.0,607.41,323.0,-58.0,555.9752,18.0,18.0,Super Ideal,D,VS1,0.54,IGI,890.0
1003,Eternity Fine Jewelers,2,Round,1,1,0,22.68,325.36,602.52,320.0,-57.0,539.147,18.0,18.0,Super Ideal,D,VS1,0.54,IGI,890.0
1003,Hill & Holland,2,Round,1,1,0,22.12,336.31,622.8,331.0,-55.0,535.0179,18.0,18.0,Super Ideal,D,VS1,0.54,IGI,890.0
1003,Hoseki,2,Round,1,2,0,23.65,335.32,620.96,330.0,-56.0,540.3832,18.0,18.0,Super Ideal,D,VS1,0.54,IGI,890.0
1003,Jane Brear,2,Round,1,1,0,22.6,343.59,636.28,338.0,-55.0,549.3356,18.0,18.0,Super Ideal,D,VS1,0.54,IGI,890.0
1003,Knox Diamonds,2,Round,1,1,0,12.01,328.0,607.41,323.0,-56.0,538.6196,18.0,18.0,Super Ideal,D,VS1,0.54,IGI,890.0
1003,La Marquise,2,Round,1,1,0,25.62,337.8,625.56,333.0,-54.0,524.3294,18.0,18.0,Super Ideal,D,VS1,0.54,IGI,890.0
1003,Marlowe & Co,2,Round,2,1,0,25.57,335.32,620.96,330.0,-57.0,557.8905,18.0,18.0,Super Ideal,D,VS1,0.54,IGI,890.0
1003,Michelle Kennedy,2,Round,1,1,0,14.57,349.0,646.3,344.0,-55.0,551.652,18.0,18.0,Super Ideal,D,VS1,0.54,IGI,890.0
1003,Rosella,2,Round,2,2,0,16.53,319.0,590.74,314.0,-62.0,597.616,18.0,18.0,Super Ideal,D,VS1,0.54,IGI,890.0
1003,Sara's Diamonds,2,Round,1,1,0,39.04,323.0,598.15,318.0,-60.0,571.2852,18.0,18.0,Super Ideal,D,VS1,0.54,IGI,890.0
1003,Temperley,2,Round,1,1,0,22.51,341.28,632.0,336.0,-53.0,525.2092,18.0,18.0,Super Ideal,D,VS1,0.54,IGI,890.0
1003,Thalassa Gems,2,Round,2,1,0,25.2,318.4,589.63,314.0,-58.0,547.4373,18.0,18.0,Super Ideal,D,VS1,0.54,IGI,890.0
1003,Tilia Diamonds,2,Round,1,1,0,22.12,317.4,587.78,313.0,-58.0,535.1909,18.0,18.0,Super Ideal,D,VS1,0.54,IGI,890.0
1003,White Lily,2,Round,1,1,0,14.98,349.0,646.3,344.0,-56.0,567.33,18.0,18.0,Super Ideal,D,VS1,0.54,IGI,890.0
1011,Jane Brear,2,Round,1,1,0,17.04,774.0,697.3,762.0,-55.0,1225.6354,18.0,18.0,Ideal,H,VVS2,1.11,IGI,2206.67
1011,White Lily,2,Round,1,1,0,16.9,803.96,724.29,792.0,-54.0,1264.8458,18.0,18.0,Ideal,H,VVS2,1.11,IGI,2206.67
1017,Jane Brear,2,Round,1,1,0,15.4,976.1,668.56,961.0,-42.0,1208.5133,18.0,18.0,Ideal,F,SI2,1.46,IGI,2410.0
1019,Michelle Kennedy,2,Round,1,1,0,14.31,1698.46,849.23,1673.0,-60.0,3069.0981,18.0,18.0,Ideal,I,VVS2,2.0,IGI,5300.0
1022,Ember Star,2,Round,1,1,0,12.26,1450.0,863.1,1428.0,-63.0,2816.3149,18.0,18.0,Super Ideal,G,VVS2,1.68,IGI,4870.0
1022,Eterna Luxe,2,Round,1,1,0,13.3,1495.0,889.88,1473.0,-63.0,2900.5032,18.0,18.0,Super Ideal,G,VVS2,1.68,IGI,4870.0
1022,Temperley,2,Round,1,1,0,17.84,1542.25,918.01,1519.0,-61.0,2864.9482,18.0,18.0,Super Ideal,G,VVS2,1.68,IGI,4870.0
1022,White Lily,2,Round,1,1,0,10.75,1531.0,911.31,1508.0,-61.0,2828.3147,18.0,18.0,Super Ideal,G,VVS2,1.68,IGI,4870.0
1023,Clermont Diamonds,2,Emerald,1,1,0,15.94,2317.0,1152.74,2282.0,-61.0,3814.3684,14.0,15.0,Very Good,F,VS1,2.01,IGI,6985.0
1023,Grace Brooks,2,Emerald,1,2,0,13.23,2435.0,1211.44,2398.0,-58.0,3767.3821,14.0,15.0,Very Good,F,VS1,2.01,IGI,6985.0
1023,Michelle Kennedy,2,Emerald,1,2,0,18.47,2678.0,1332.34,2638.0,-55.0,3809.3774,14.0,15.0,Very Good,F,VS1,2.01,IGI,6985.0
1023,Temperley,2,Emerald,1,1,0,16.21,2372.0,1180.1,2336.0,-59.0,3700.7788,14.0,15.0,Very Good,F,VS1,2.01,IGI,6985.0
1023,Westport Jewelry,2,Emerald,1,1,0,16.25,2273.0,1130.85,2239.0,-61.0,3768.3511,14.0,15.0,Very Good,F,VS1,2.01,IGI,6985.0
1023,White Lily,2,Emerald,1,1,0,14.12,2343.0,1165.67,2308.0,-61.0,3815.2986,14.0,15.0,Very Good,F,VS1,2.01,IGI,6985.0
1024,Equinox Jewels,2,Oval,1,1,0,11.72,1502.0,1294.83,1479.0,-57.0,2366.9705,15.0,15.0,Very Good,D,VVS1,1.16,IGI,3850.0
1025,Avignon Diamonds,2,Round,1,1,0,13.78,2579.0,1233.97,2540.0,-64.0,5124.0854,18.0,18.0,Super Ideal,F,VVS2,2.09,IGI,10360.0
1025,Camden Gems,2,Round,1,1,0,14.5,2641.72,1263.98,2602.0,-62.0,5008.7764,18.0,18.0,Super Ideal,F,VVS2,2.09,IGI,10360.0
1025,Clermont Diamonds,2,Round,1,1,0,12.51,2596.0,1242.11,2557.0,-64.0,5100.9434,18.0,18.0,Super Ideal,F,VVS2,2.09,IGI,10360.0
1025,Diamonds by Zoya,2,Round,1,1,0,94.9,2520.0,1205.74,2482.0,-64.0,5021.1055,18.0,18.0,Super Ideal,F,VVS2,2.09,IGI,10360.0
1025,Ember Star,2,Round,1,1,0,17.65,2513.25,1202.51,2476.0,-65.0,5180.2261,18.0,18.0,Super Ideal,F,VVS2,2.09,IGI,10360.0
1025,Fuji Diamonds,2,Round,1,1,0,10.53,2588.0,1238.28,2549.0,-64.0,5212.5278,18.0,18.0,Super Ideal,F,VVS2,2.09,IGI,10360.0
1025,Gemstone Harmony,2,Round,1,1,0,13.59,2592.0,1240.19,2553.0,-63.0,5050.5947,18.0,18.0,Super Ideal,F,VVS2,2.09,IGI,10360.0
1025,Genesis Stones,2,Round,1,1,0,11.04,2779.0,1329.67,2737.0,-62.0,5205.1831,18.0,18.0,Super Ideal,F,VVS2,2.09,IGI,10360.0
1025,Hill & Holland,2,Round,1,1,0,13.6,2702.42,1293.02,2662.0,-62.0,5084.1499,18.0,18.0,Super Ideal,F,VVS2,2.09,IGI,10360.0
1025,Jane Brear,2,Round,1,1,0,94.9,2609.0,1248.33,2570.0,-64.0,5165.8384,18.0,18.0,Super Ideal,F,VVS2,2.09,IGI,10360.0
1025,Lotus Creation,2,Round,1,1,0,17.24,2552.82,1221.44,2515.0,-64.0,5123.834,18.0,18.0,Super Ideal,F,VVS2,2.09,IGI,10360.0
1025,Lunar Diamonds,2,Round,1,1,0,13.73,2595.0,1241.63,2556.0,-63.0,5039.729,18.0,18.0,Super Ideal,F,VVS2,2.09,IGI,10360.0
1025,Mei & Co,2,Round,1,1,0,11.26,2592.0,1240.19,2553.0,-64.0,5103.0425,18.0,18.0,Super Ideal,F,VVS2,2.09,IGI,10360.0
1025,Michelle Kennedy,2,Round,1,1,0,20.03,2547.0,1218.66,2509.0,-64.0,5121.959,18.0,18.0,Super Ideal,F,VVS2,2.09,IGI,10360.0
1025,Nebula Stones,2,Round,1,1,0,11.1,2653.66,1269.69,2614.0,-62.0,5038.5244,18.0,18.0,Super Ideal,F,VVS2,2.09,IGI,10360.0
1025,Periwinkle Stones,2,Round,1,1,0,13.63,2653.0,1269.38,2613.0,-64.0,5225.5586,18.0,18.0,Super Ideal,F,VVS2,2.09,IGI,10360.0
1025,Rosella,2,Round,1,1,0,10.32,2552.0,1221.05,2514.0,-64.0,5051.6455,18.0,18.0,Super Ideal,F,VVS2,2.09,IGI,10360.0
1025,Stellar Radiance,2,Round,1,1,0,12.74,2596.0,1242.11,2557.0,-64.0,5133.2275,18.0,18.0,Super Ideal,F,VVS2,2.09,IGI,10360.0
1025,Sunset Gems,2,Round,1,1,0,11.21,2546.0,1218.18,2508.0,-63.0,4978.4487,18.0,18.0,Super Ideal,F,VVS2,2.09,IGI,10360.0
1025,Taiga Gems,2,Round,1,1,0,14.71,2588.0,1238.28,2549.0,-64.0,5135.9526,18.0,18.0,Super Ideal,F,VVS2,2.09,IGI,10360.0
1025,Tamara,2,Round,1,1,0,15.68,2641.72,1263.98,2602.0,-63.0,5086.2466,18.0,18.0,Super Ideal,F,VVS2,2.09,IGI,10360.0
1025,Temperley,2,Round,1,1,0,11.99,2622.0,1254.55,2583.0,-63.0,5104.4536,18.0,18.0,Super Ideal,F,VVS2,2.09,IGI,10360.0
1025,Tierra Mia Diamonds,2,Round,1,1,0,13.03,2591.0,1239.71,2552.0,-64.0,5133.2153,18.0,18.0,Super Ideal,F,VVS2,2.09,IGI,10360.0
1025,Vega Diamonds,2,Round,1,1,0,13.56,2534.0,1212.44,2496.0,-65.0,5183.1343,18.0,18.0,Super Ideal,F,VVS2,2.09,IGI,10360.0
1025,Vespera Gems,2,Round,1,1,0,17.54,2562.47,1226.06,2524.0,-64.0,5160.9326,18.0,18.0,Super Ideal,F,VVS2,2.09,IGI,10360.0
1025,White Lily,2,Round,1,1,0,17.76,2637.74,1262.08,2598.0,-63.0,5103.9473,18.0,18.0,Super Ideal,F,VVS2,2.09,IGI,10360.0
1027,Albert's Creations,2,Round,1,1,0,12.67,975.0,701.44,960.0,-58.0,1666.1698,18.0,18.0,Ideal,E,VS2,1.39,IGI,3270.0
1027,Avignon Diamonds,2,Round,1,1,0,13.63,994.0,715.11,979.0,-57.0,1659.1506,18.0,18.0,Ideal,E,VS2,1.39,IGI,3270.0
1027,Clermont Diamonds,2,Round,1,1,0,10.9,959.0,689.93,945.0,-58.0,1633.4325,18.0,18.0,Ideal,E,VS2,1.39,IGI,3270.0
1027,Fabiola,2,Round,1,1,0,18.55,959.18,690.06,945.0,-57.0,1610.0492,18.0,18.0,Ideal,E,VS2,1.39,IGI,3270.0
1027,Jane Brear,2,Round,1,1,0,18.05,1000.97,720.12,986.0,-56.0,1640.4658,18.0,18.0,Ideal,E,VS2,1.39,IGI,3270.0
1027,Marlowe & Co,2,Round,1,1,0,21.05,982.0,706.47,967.0,-58.0,1662.5171,18.0,18.0,Ideal,E,VS2,1.39,IGI,3270.0
1027,Serenade Diamonds,2,Round,1,1,0,11.68,962.16,692.2,948.0,-58.0,1643.281,18.0,18.0,Ideal,E,VS2,1.39,IGI,3270.0
1027,Vega Diamonds,2,Round,1,1,0,10.91,946.0,680.58,932.0,-58.0,1609.5123,18.0,18.0,Ideal,E,VS2,1.39,IGI,3270.0
1027,White Lily,2,Round,1,1,0,14.75,992.0,713.67,977.0,-57.0,1642.4724,18.0,18.0,Ideal,E,VS2,1.39,IGI,3270.0
1028,Cirrus Gems,2,Round,1,1,0,18.56,2238.0,977.29,2204.0,-65.0,4637.1123,18.0,18.0,Super Ideal,F,VS1,2.29,IGI,9210.0
1028,Eccles Diamonds,2,Round,1,1,0,15.64,2318.35,1012.38,2284.0,-64.0,4644.2773,18.0,18.0,Super Ideal,F,VS1,2.29,IGI,9210.0
1028,Eterna Luxe,2,Round,1,1,0,11.02,2334.0,1019.21,2299.0,-63.0,4518.5811,18.0,18.0,Super Ideal,F,VS1,2.29,IGI,9210.0
1028,Eternity Fine Jewelers,2,Round,1,1,0,14.84,2364.12,1032.37,2329.0,-63.0,4611.0156,18.0,18.0,Super Ideal,F,VS1,2.29,IGI,9210.0
1028,Jane Brear,2,Round,1,1,0,11.75,2323.32,1014.55,2288.0,-64.0,4678.0327,18.0,18.0,Super Ideal,F,VS1,2.29,IGI,9210.0
1028,Roma Diamonds,2,Round,1,1,0,14.35,2328.0,1016.59,2293.0,-65.0,4725.1611,18.0,18.0,Super Ideal,F,VS1,2.29,IGI,9210.0
1028,Tamara,2,Round,1,1,0,12.83,2360.14,1030.63,2325.0,-63.0,4618.7544,18.0,18.0,Super Ideal,F,VS1,2.29,IGI,9210.0
1028,Temperley,2,Round,1,1,0,10.51,2368.1,1034.1,2333.0,-63.0,4608.1782,18.0,18.0,Super Ideal,F,VS1,2.29,IGI,9210.0
1028,White Lily,2,Round,1,1,0,10.04,2335.0,1019.65,2300.0,-64.0,4653.1792,18.0,18.0,Super Ideal,F,VS1,2.29,IGI,9210.0
1033,Cirrus Gems,2,Pear,1,1,0,22.25,852.0,760.71,839.0,-61.0,1434.6969,15.0,15.0,Super Ideal,G,VS1,1.12,IGI,2280.0
1033,Diamonds by Zoya,2,Pear,2,2,0,15.12,866.64,773.79,854.0,-61.0,1456.4297,15.0,15.0,Super Ideal,G,VS1,1.12,IGI,2280.0
1033,Jane Brear,2,Pear,1,1,0,15.81,862.0,769.64,849.0,-60.0,1414.4384,15.0,15.0,Super Ideal,G,VS1,1.12,IGI,2280.0
1033,Lotus Creation,2,Pear,1,1,0,16.93,850.3,759.2,838.0,-61.0,1426.6443,15.0,15.0,Super Ideal,G,VS1,1.12,IGI,2280.0
1033,Michelle Kennedy,2,Pear,1,1,0,15.92,873.0,779.46,860.0,-60.0,1426.2333,15.0,15.0,Super Ideal,G,VS1,1.12,IGI,2280.0
1033,Serene Peaks Diamonds,2,Pear,1,1,0,15.97,869.0,775.89,856.0,-62.0,1490.1141,15.0,15.0,Super Ideal,G,VS1,1.12,IGI,2280.0
1033,Simetría,2,Pear,1,1,0,10.69,881.57,787.12,868.0,-60.0,1437.8406,15.0,15.0,Super Ideal,G,VS1,1.12,IGI,2280.0
1033,Temperley,2,Pear,1,1,0,16.56,862.0,769.64,849.0,-61.0,1425.7332,15.0,15.0,Super Ideal,G,VS1,1.12,IGI,2280.0
1033,White Lily,2,Pear,1,1,0,20.5,856.0,764.29,843.0,-61.0,1417.7772,15.0,15.0,Super Ideal,G,VS1,1.12,IGI,2280.0
1038,Eterna Luxe,2,Pear,1,1,0,11.26,2463.0,1124.66,2426.0,-61.0,4058.9417,15.0,15.0,Super Ideal,F,VS1,2.19,IGI,8060.0
1038,Jane Brear,2,Pear,1,1,0,23.42,2503.0,1142.92,2465.0,-60.0,4108.8872,15.0,15.0,Super Ideal,F,VS1,2.19,IGI,8060.0
1038,Marlowe & Co,2,Pear,1,1,0,20.05,2570.08,1173.55,2532.0,-60.0,4176.5244,15.0,15.0,Super Ideal,F,VS1,2.19,IGI,8060.0
1038,Mei & Co,2,Pear,1,1,0,23.58,2439.74,1114.04,2403.0,-62.0,4161.4585,15.0,15.0,Super Ideal,F,VS1,2.19,IGI,8060.0
1038,Taiga Gems,2,Pear,1,1,0,21.61,2397.43,1094.72,2361.0,-62.0,4056.0554,15.0,15.0,Super Ideal,F,VS1,2.19,IGI,8060.0
1038,Temperley,2,Pear,1,1,0,10.59,2434.0,1111.42,2397.0,-61.0,4031.0342,15.0,15.0,Super Ideal,F,VS1,2.19,IGI,8060.0
1038,White Lily,2,Pear,1,1,0,21.35,2490.0,1136.99,2453.0,-59.0,3980.3469,15.0,15.0,Super Ideal,F,VS1,2.19,IGI,8060.0
1039,Eterna Luxe,2,Round,1,1,0,14.86,777.0,681.58,765.0,-55.0,1235.0477,18.0,18.0,Super Ideal,F,VS1,1.14,IGI,2495.0
1039,Jane Brear,2,Round,1,1,0,13.34,785.06,688.65,773.0,-56.0,1269.13,18.0,18.0,Super Ideal,F,VS1,1.14,IGI,2495.0
1039,Magnolia,2,Round,1,1,0,11.17,760.18,666.82,749.0,-58.0,1309.6624,18.0,18.0,Super Ideal,F,VS1,1.14,IGI,2495.0
1039,Marlowe & Co,2,Round,1,1,0,12.3,791.0,693.86,779.0,-56.0,1294.3756,18.0,18.0,Super Ideal,F,VS1,1.14,IGI,2495.0
1039,Michelle Kennedy,2,Round,1,1,0,13.97,785.06,688.65,773.0,-58.0,1324.505,18.0,18.0,Super Ideal,F,VS1,1.14,IGI,2495.0
1039,Temperley,2,Round,1,1,0,15.29,794.01,696.5,782.0,-56.0,1279.1299,18.0,18.0,Super Ideal,F,VS1,1.14,IGI,2495.0
1039,White Lily,2,Round,1,1,0,11.74,772.0,677.19,760.0,-58.0,1311.5487,18.0,18.0,Super Ideal,F,VS1,1.14,IGI,2495.0
1047,Promenade Jewelry,2,Emerald,1,1,0,20.4,418.0,597.14,412.0,-62.0,709.3304,14.0,15.0,Very Good,D,VVS2,0.7,IGI,1360.0
1048,Diamonds by Zoya,2,Pear,2,2,0,23.83,382.0,707.41,376.0,-62.0,645.5709,15.0,15.0,Super Ideal,E,VVS1,0.54,IGI,830.0
1048,Vega Diamonds,2,Pear,2,2,0,27.58,363.0,672.22,358.0,-58.0,566.2713,15.0,15.0,Super Ideal,E,VVS1,0.54,IGI,830.0
1059,Jane Brear,2,Cushion,1,1,0,20.18,6030.43,1500.11,5940.0,-69.0,12223.0176,14.0,15.0,Very Good,G,VS2,4.02,IGI,17920.0
1059,Marlowe & Co,2,Cushion,1,1,0,22.57,5463.0,1358.96,5381.0,-69.0,11234.002,14.0,15.0,Very Good,G,VS2,4.02,IGI,17920.0
1059,Periwinkle Stones,2,Cushion,1,1,0,24.13,5511.0,1370.9,5428.0,-71.0,11843.0752,15.0,15.0,Very Good,G,VS2,4.02,IGI,17920.0
1062,Michelle Kennedy,2,Pear,1,1,0,12.92,881.57,831.67,868.0,-63.0,1541.2305,15.0,15.0,Very Good,D,VS2,1.06,IGI,2420.0
1062,Nebula Stones,2,Pear,1,1,0,17.04,886.54,836.36,873.0,-63.0,1570.9941,15.0,15.0,Very Good,D,VS2,1.06,IGI,2420.0
1062,Taiga Gems,2,Pear,1,1,0,16.54,863.0,814.15,850.0,-64.0,1543.9844,15.0,15.0,Very Good,D,VS2,1.06,IGI,2420.0
1063,Vega Diamonds,2,Round,1,1,0,18.02,825.2,670.89,813.0,-56.0,1357.5452,18.0,18.0,Super Ideal,D,SI2,1.23,IGI,1920.0
1064,Taiga Gems,2,Round,1,1,0,19.55,1003.0,716.43,988.0,-47.0,1366.3652,18.0,18.0,Super Ideal,I,VVS2,1.4,IGI,2580.0
1065,Avignon Diamonds,2,Round,1,1,0,12.36,726.0,726.0,715.0,-58.0,1238.6504,18.0,18.0,Super Ideal,E,VS1,1.0,IGI,2502.78
1065,Camden Gems,2,Round,1,1,0,14.71,695.0,695.0,685.0,-59.0,1219.567,18.0,18.0,Super Ideal,E,VS1,1.0,IGI,2502.78
1065,Cirrus Gems,2,Round,2,2,0,20.94,693.94,693.94,684.0,-60.0,1241.1915,18.0,18.0,Super Ideal,E,VS1,1.0,IGI,2502.78
1065,Diamonds by Zoya,2,Round,1,1,0,92.81,703.0,703.0,692.0,-60.0,1248.705,18.0,18.0,Super Ideal,E,VS1,1.0,IGI,2502.78
1065,Jane Brear,2,Round,1,1,0,12.7,722.0,722.0,711.0,-58.0,1217.803,18.0,18.0,Super Ideal,E,VS1,1.0,IGI,2502.78
1065,Joan Cooper,2,Round,1,1,0,14.8,706.0,706.0,695.0,-57.0,1186.9445,18.0,18.0,Super Ideal,E,VS1,1.0,IGI,2502.78
1065,Marlowe & Co,2,Round,1,1,0,10.46,710.0,710.0,699.0,-60.0,1265.9862,18.0,18.0,Super Ideal,E,VS1,1.0,IGI,2502.78
1065,Michelle Kennedy,2,Round,1,1,0,23.64,715.0,715.0,704.0,-58.0,1221.7546,18.0,18.0,Super Ideal,E,VS1,1.0,IGI,2502.78
1065,Oasis Diamonds,2,Round,1,1,0,20.21,737.0,737.0,726.0,-58.0,1254.2882,18.0,18.0,Super Ideal,E,VS1,1.0,IGI,2502.78
1065,Serenade Diamonds,2,Round,1,1,0,11.59,681.0,681.0,671.0,-60.0,1228.4486,18.0,18.0,Super Ideal,E,VS1,1.0,IGI,2502.78
1065,Starlight Crafts,2,Round,1,1,0,11.07,695.0,695.0,685.0,-59.0,1211.0668,18.0,18.0,Super Ideal,E,VS1,1.0,IGI,2502.78
1065,Starlit Stones,2,Round,1,1,0,60.94,738.0,738.0,727.0,-57.0,1231.327,18.0,18.0,Super Ideal,E,VS1,1.0,IGI,2502.78
1065,Taiga Gems,2,Round,1,1,0,14.56,716.0,716.0,705.0,-57.0,1189.1519,18.0,18.0,Super Ideal,E,VS1,1.0,IGI,2502.78
1065,Tamara,2,Round,1,1,0,18.23,712.42,712.42,702.0,-59.0,1247.8566,18.0,18.0,Super Ideal,E,VS1,1.0,IGI,2502.78
1065,Temperley,2,Round,1,1,0,14.94,727.0,727.0,716.0,-58.0,1232.4492,18.0,18.0,Super Ideal,E,VS1,1.0,IGI,2502.78
1065,Thalassa Gems,2,Round,1,1,0,10.47,699.0,699.0,689.0,-60.0,1236.6312,18.0,18.0,Super Ideal,E,VS1,1.0,IGI,2502.78
1065,Tierra Mia Diamonds,2,Round,1,1,0,92.92,704.0,704.0,693.0,-60.0,1250.9999,18.0,18.0,Super Ideal,E,VS1,1.0,IGI,2502.78
1065,Voyage Diamonds,2,Round,2,1,0,19.13,760.0,760.0,749.0,-55.0,1208.2112,18.0,18.0,Super Ideal,E,VS1,1.0,IGI,2502.78
1065,White Lily,2,Round,1,1,0,14.9,721.0,721.0,710.0,-57.0,1213.8947,18.0,18.0,Super Ideal,E,VS1,1.0,IGI,2502.78
1070,Albert's Creations,2,Emerald,1,1,0,14.1,811.0,811.0,799.0,-62.0,1356.6095,13.0,15.0,Very Good,E,VS1,1.0,IGI,2265.0
1070,Cirrus Gems,2,Emerald,2,2,0,16.51,803.97,803.97,792.0,-62.0,1344.0706,13.0,15.0,Very Good,E,VS1,1.0,IGI,2265.0
1070,Clermont Diamonds,2,Emerald,1,1,0,12.23,825.85,825.85,813.0,-63.0,1453.3577,14.0,15.0,Very Good,E,VS1,1.0,IGI,2265.0
1070,Eternity Fine Jewelers,2,Emerald,1,2,0,16.04,817.0,817.0,805.0,-63.0,1402.3746,14.0,15.0,Very Good,E,VS1,1.0,IGI,2265.0
1070,Hoseki,2,Emerald,1,1,0,16.08,831.0,831.0,819.0,-61.0,1363.0264,14.0,15.0,Very Good,E,VS1,1.0,IGI,2265.0
1070,Jane Brear,2,Emerald,1,2,0,14.03,824.0,824.0,812.0,-63.0,1419.6475,14.0,15.0,Very Good,E,VS1,1.0,IGI,2265.0
1070,Kara,2,Emerald,1,1,0,11.74,845.75,845.75,833.0,-60.0,1362.1461,13.0,15.0,Very Good,E,VS1,1.0,IGI,2265.0
1070,Marlowe & Co,2,Emerald,1,2,0,15.01,837.0,837.0,824.0,-61.0,1382.394,14.0,15.0,Very Good,E,VS1,1.0,IGI,2265.0
1070,Phoenix Crafts,2,Emerald,1,1,0,10.43,810.0,810.0,798.0,-62.0,1377.9119,14.0,15.0,Very Good,E,VS1,1.0,IGI,2265.0
1070,Serene Peaks Diamonds,2,Emerald,1,2,0,13.88,817.89,817.89,806.0,-62.0,1383.5782,14.0,15.0,Very Good,E,VS1,1.0,IGI,2265.0
1070,Sonata Gems,2,Emerald,1,1,0,10.73,828.0,828.0,816.0,-63.0,1433.0354,14.0,15.0,Very Good,E,VS1,1.0,IGI,2265.0
1070,Temperley,2,Emerald,1,1,0,15.01,856.0,856.0,843.0,-61.0,1420.3877,15.0,15.0,Very Good,E,VS1,1.0,IGI,2265.0
1070,Tierra Mia Diamonds,2,Emerald,1,1,0,15.96,814.59,814.59,802.0,-62.0,1390.7898,14.0,15.0,Very Good,E,VS1,1.0,IGI,2265.0
1070,Vespera Gems,2,Emerald,1,1,0,13.51,813.62,813.62,801.0,-64.0,1454.9426,14.0,15.0,Very Good,E,VS1,1.0,IGI,2265.0
1070,White Lily,2,Emerald,1,2,0,13.53,835.0,835.0,822.0,-63.0,1455.0146,13.0,15.0,Very Good,E,VS1,1.0,IGI,2265.0
1073,Lotus Creation,2,Oval,1,1,0,22.81,2081.0,1130.98,2050.0,-60.0,3534.6145,15.0,15.0,Super Ideal,F,VS1,1.84,IGI,5800.0
1073,Michelle Kennedy,2,Oval,1,1,0,16.38,2175.0,1182.07,2142.0,-59.0,3572.1453,15.0,15.0,Super Ideal,F,VS1,1.84,IGI,5800.0
1073,Nebula Stones,2,Oval,1,1,0,19.71,2178.0,1183.7,2145.0,-59.0,3580.4165,15.0,15.0,Super Ideal,F,VS1,1.84,IGI,5800.0
1073,Periwinkle Stones,2,Oval,1,1,0,14.7,2126.0,1155.43,2094.0,-64.0,3927.7573,15.0,15.0,Super Ideal,F,VS1,1.84,IGI,5800.0
1073,Starlight Crafts,2,Oval,1,1,0,11.03,2085.0,1133.15,2054.0,-61.0,3610.4526,15.0,15.0,Super Ideal,F,VS1,1.84,IGI,5800.0
1073,Taiga Gems,2,Oval,1,1,0,14.97,2085.0,1133.15,2054.0,-60.0,3530.0889,15.0,15.0,Super Ideal,F,VS1,1.84,IGI,5800.0
1075,Artemis Stones,2,Round,1,1,0,15.04,2393.57,1001.49,2358.0,-58.0,4074.9424,18.0,18.0,Super Ideal,G,VS1,2.39,IGI,10900.0
1075,Atkinson Crafts,2,Round,1,1,0,16.93,2753.0,1151.88,2712.0,-53.0,4173.0894,18.0,18.0,Super Ideal,G,VS1,2.39,IGI,10900.0
1075,Cirrus Gems,2,Round,1,1,0,15.11,2386.82,998.67,2351.0,-58.0,4102.3408,18.0,18.0,Super Ideal,G,VS1,2.39,IGI,10900.0
1075,Diamonds by Zoya,2,Round,1,1,0,14.75,2432.78,1017.9,2396.0,-59.0,4235.6729,18.0,18.0,Super Ideal,G,VS1,2.39,IGI,10900.0
1075,Eternity Fine Jewelers,2,Round,1,1,0,15.2,2495.46,1044.13,2458.0,-57.0,4148.208,18.0,18.0,Super Ideal,G,VS1,2.39,IGI,10900.0
1075,Michelle Kennedy,2,Round,1,1,0,14.13,2456.0,1027.62,2419.0,-58.0,4170.1973,18.0,18.0,Super Ideal,G,VS1,2.39,IGI,10900.0
1075,Nebula Stones,2,Round,1,1,0,16.34,2502.42,1047.04,2465.0,-58.0,4216.731,18.0,18.0,Super Ideal,G,VS1,2.39,IGI,10900.0
1075,Taiga Gems,2,Round,1,1,0,16.6,2386.82,998.67,2351.0,-60.0,4278.8291,18.0,18.0,Super Ideal,G,VS1,2.39,IGI,10900.0
1075,White Lily,2,Round,1,1,0,15.61,2467.6,1032.47,2431.0,-58.0,4179.7207,18.0,18.0,Super Ideal,G,VS1,2.39,IGI,10900.0
1082,Cornerstone,2,Oval,2,2,0,11.9,357.0,714.0,352.0,-53.0,506.7192,15.0,15.0,Very Good,E,VVS2,0.5,IGI,702.86
1082,Magnolia,2,Oval,2,3,0,15.3,333.32,666.64,328.0,-55.0,495.214,13.0,15.0,Very Good,E,VVS2,0.5,IGI,702.86
1082,Silva Diamonds,2,Oval,1,2,0,15.4,361.0,722.0,356.0,-54.0,533.7903,15.0,15.0,Very Good,E,VVS2,0.5,IGI,702.86
1086,Temperley,2,Round,1,1,0,16.79,868.64,634.04,856.0,-57.0,1459.847,18.0,18.0,Super Ideal,G,SI1,1.37,IGI,2540.0
1091,Diamonds by Zoya,2,Oval,2,1,0,74.05,309.0,772.5,304.0,-42.0,361.7324,14.0,15.0,Very Good,E,VS1,0.4,IGI,420.0
1091,Jane Brear,2,Oval,2,2,0,14.22,321.0,802.5,316.0,-37.0,343.8873,15.0,15.0,Very Good,E,VS1,0.4,IGI,420.0
1092,Rosella,2,Oval,2,2,0,10.78,322.0,607.55,317.0,-42.0,376.0487,14.0,15.0,Very Good,D,VS2,0.53,IGI,740.0
1092,Silva Diamonds,2,Oval,1,1,0,14.85,339.0,639.62,334.0,-36.0,355.4208,15.0,15.0,Very Good,D,VS2,0.53,IGI,740.0
1092,Vega Diamonds,2,Oval,2,2,0,20.69,322.0,607.55,317.0,-39.0,357.6466,15.0,15.0,Very Good,D,VS2,0.53,IGI,740.0
1097,Albert's Creations,2,Round,1,1,0,14.71,314.0,468.66,309.0,-55.0,503.3179,18.0,18.0,Ideal,D,VS2,0.67,IGI,990.0
1097,BonDiam,2,Round,1,2,0,22.02,339.3,506.42,334.0,-51.0,491.4821,18.0,18.0,Ideal,D,VS2,0.67,IGI,990.0
1097,Marlowe & Co,2,Round,1,1,0,24.36,324.0,483.58,319.0,-51.0,469.9521,18.0,18.0,Ideal,D,VS2,0.67,IGI,990.0
1097,Mei & Co,2,Round,1,1,0,25.9,313.0,467.16,308.0,-54.0,486.5056,18.0,18.0,Ideal,D,VS2,0.67,IGI,990.0
1097,Promenade Jewelry,2,Round,1,1,0,31.04,304.0,453.73,299.0,-58.0,516.1941,18.0,18.0,Ideal,D,VS2,0.67,IGI,990.0
1097,Sonata Gems,2,Round,1,1,0,22.62,318.0,474.63,313.0,-55.0,508.118,18.0,18.0,Ideal,D,VS2,0.67,IGI,990.0
1097,Temperley,2,Round,1,1,0,28.04,322.0,480.6,317.0,-53.0,487.1671,18.0,18.0,Ideal,D,VS2,0.67,IGI,990.0
1097,Vega Diamonds,2,Round,1,1,0,29.27,304.0,453.73,299.0,-57.0,510.3407,18.0,18.0,Ideal,D,VS2,0.67,IGI,990.0
1097,White Lily,2,Round,1,1,0,20.87,422.88,631.16,417.0,-40.0,504.8839,18.0,18.0,Ideal,D,VS2,0.67,IGI,990.0
1106,Taiga Gems,2,Round,1,1,0,18.49,1264.0,718.18,1245.0,-48.0,1734.2513,18.0,18.0,Ideal,H,VS2,1.76,IGI,4040.0
1106,Tamara,2,Round,1,1,0,18.85,1289.0,732.39,1270.0,-45.0,1679.7758,18.0,18.0,Ideal,H,VS2,1.76,IGI,4040.0
1106,White Lily,2,Round,1,1,0,16.57,1329.0,755.11,1309.0,-44.0,1704.672,18.0,18.0,Ideal,H,VS2,1.76,IGI,4040.0
1107,Avignon Diamonds,2,Round,1,1,0,14.9,663.0,697.89,653.0,-55.0,1058.6157,18.0,18.0,Ideal,E,VS1,0.95,IGI,1980.0
1107,Diamonds by Zoya,2,Round,1,1,0,90.42,629.0,662.11,620.0,-56.0,1028.6713,18.0,18.0,Ideal,E,VS1,0.95,IGI,1980.0
1107,Eterna Luxe,2,Round,1,1,0,11.43,647.0,681.05,637.0,-56.0,1046.2034,18.0,18.0,Ideal,E,VS1,0.95,IGI,1980.0
1107,Michelle Kennedy,2,Round,1,1,0,13.84,666.65,701.74,657.0,-54.0,1035.9591,18.0,18.0,Ideal,E,VS1,0.95,IGI,1980.0
1107,Nova Stars,2,Round,1,1,0,13.57,630.0,663.16,621.0,-57.0,1041.2089,18.0,18.0,Ideal,E,VS1,0.95,IGI,1980.0
1107,Roma Diamonds,2,Round,1,1,0,14.11,641.0,674.74,631.0,-56.0,1047.9062,18.0,18.0,Ideal,E,VS1,0.95,IGI,1980.0
1107,Tamara,2,Round,1,1,0,15.39,646.0,680.0,636.0,-53.0,985.0315,18.0,18.0,Ideal,E,VS1,0.95,IGI,1980.0
1107,Temperley,2,Round,1,1,0,11.09,651.0,685.26,641.0,-55.0,1033.401,18.0,18.0,Ideal,E,VS1,0.95,IGI,1980.0
1107,White Lily,2,Round,1,1,0,11.49,659.68,694.4,650.0,-53.0,1003.0499,17.0,18.0,Ideal,E,VS1,0.95,IGI,1980.0
1109,Temperley,2,Round,1,1,0,18.78,721.0,605.88,710.0,-54.0,1131.0198,18.0,18.0,Super Ideal,I,VS1,1.19,IGI,2008.57
1111,Rosella,2,Round,2,2,0,18.7,302.0,419.44,297.0,-57.0,501.3614,17.0,18.0,Very Good,D,VS2,0.72,IGI,1340.0
1111,White Lily,2,Round,2,2,0,21.43,362.18,503.03,357.0,-54.0,560.3231,16.0,18.0,Very Good,D,VS2,0.72,IGI,1340.0
1113,White Lily,2,Round,1,1,0,15.13,3645.68,1649.63,3591.0,-16.0,3095.8735,18.0,18.0,Ideal,I,VS2,2.21,IGI,5020.0
1119,Emilia Sterling,2,Round,1,2,0,18.87,1233.0,765.84,1215.0,-46.0,1635.8149,18.0,18.0,Super Ideal,J,VS1,1.61,IGI,2633.33
1119,Michelle Kennedy,2,Round,1,1,0,15.95,1288.0,800.0,1269.0,-44.0,1644.2657,18.0,18.0,Super Ideal,J,VS1,1.61,IGI,2633.33
1121,Cirrus Gems,2,Princess,1,1,0,88.18,1342.52,987.15,1322.0,-58.0,2045.8164,15.0,15.0,Super Ideal,F,VVS2,1.36,IGI,3520.0
1121,Fabiola,2,Princess,1,1,0,12.69,1358.0,998.53,1338.0,-57.0,2009.4009,15.0,15.0,Super Ideal,F,VVS2,1.36,IGI,3520.0
1121,Jane Brear,2,Princess,1,1,0,13.15,1382.0,1016.18,1361.0,-55.0,1949.8712,15.0,15.0,Super Ideal,F,VVS2,1.36,IGI,3520.0
1121,Periwinkle Stones,2,Princess,1,1,0,14.97,1386.0,1019.12,1365.0,-55.0,1939.3853,15.0,15.0,Super Ideal,F,VVS2,1.36,IGI,3520.0
1121,Promenade Jewelry,2,Princess,1,1,0,14.56,1325.0,974.26,1305.0,-59.0,2028.7532,15.0,15.0,Super Ideal,F,VVS2,1.36,IGI,3520.0
1126,Roma Diamonds,2,Round,1,1,0,10.84,1853.0,1470.63,1825.0,-32.0,1963.9895,18.0,18.0,Super Ideal,F,VVS1,1.26,IGI,3870.0
1126,Silva Diamonds,2,Round,1,1,0,15.23,1109.0,880.16,1092.0,-60.0,1998.9058,18.0,18.0,Super Ideal,F,VVS1,1.26,IGI,3870.0
1128,Rosella,2,Oval,2,2,0,19.85,303.0,594.12,298.0,-31.0,294.4019,14.0,15.0,Very Good,E,VS2,0.51,IGI,613.16
1129,Temperley,2,Round,1,1,0,10.58,1856.0,923.38,1828.0,-43.0,2325.8628,18.0,18.0,Ideal,J,SI1,2.01,IGI,3653.33
1132,Meridian Crafts,2,Oval,1,1,0,12.96,310.0,720.93,305.0,-57.0,490.3152,0.0,0.0,Very Good,E,VVS2,0.43,IGI,460.0
1132,Promenade Jewelry,2,Oval,1,2,0,16.78,300.0,697.67,296.0,-61.0,516.9055,15.0,15.0,Very Good,E,VVS2,0.43,IGI,460.0
1140,Diamonds by Zoya,2,Oval,2,2,0,80.28,330.0,600.0,325.0,-42.0,383.3215,14.0,15.0,Very Good,E,VS2,0.55,IGI,680.0
1140,Michelle Kennedy,2,Oval,1,1,0,25.0,340.29,618.71,335.0,-36.0,357.108,15.0,15.0,Very Good,E,VS2,0.55,IGI,680.0
1140,Silva Diamonds,2,Oval,1,1,0,13.19,331.0,601.82,326.0,-36.0,350.1268,15.0,15.0,Very Good,E,VS2,0.55,IGI,680.0
1140,Vega Diamonds,2,Oval,2,1,0,25.74,307.88,559.78,303.0,-45.0,379.2635,15.0,15.0,Very Good,E,VS2,0.55,IGI,680.0
1143,Emilia Sterling,2,Emerald,1,1,0,16.18,830.0,709.4,818.0,-64.0,1467.4445,15.0,15.0,Super Ideal,E,VS2,1.17,IGI,2510.0
1143,Jane Brear,2,Emerald,1,1,0,17.35,903.0,771.79,889.0,-60.0,1467.6284,15.0,15.0,Super Ideal,E,VS2,1.17,IGI,2510.0
1143,Michelle Kennedy,2,Emerald,1,1,0,15.86,903.0,771.79,889.0,-60.0,1464.7324,15.0,15.0,Super Ideal,E,VS2,1.17,IGI,2510.0
1143,Temperley,2,Emerald,1,1,0,15.61,903.0,771.79,889.0,-61.0,1469.4741,15.0,15.0,Super Ideal,E,VS2,1.17,IGI,2510.0
1143,Tilia Diamonds,2,Emerald,1,1,0,13.05,861.67,736.47,849.0,-63.0,1489.0809,15.0,15.0,Super Ideal,E,VS2,1.17,IGI,2510.0
1143,White Lily,2,Emerald,1,1,0,16.58,903.0,771.79,889.0,-61.0,1469.7633,15.0,15.0,Super Ideal,E,VS2,1.17,IGI,2510.0
1145,Bayside Gems,2,Emerald,1,1,0,16.9,2045.15,1017.49,2014.0,-63.0,3532.78,15.0,15.0,Super Ideal,G,VS2,2.01,IGI,6410.0
1145,Cirrus Gems,2,Emerald,1,1,0,14.67,2034.54,1012.21,2004.0,-63.0,3573.6758,15.0,15.0,Super Ideal,G,VS2,2.01,IGI,6410.0
1145,Genesis Stones,2,Emerald,1,1,0,14.79,2092.0,1040.8,2061.0,-63.0,3631.2346,15.0,15.0,Super Ideal,G,VS2,2.01,IGI,6410.0
1145,Jane Brear,2,Emerald,1,1,0,14.26,2415.0,1201.49,2379.0,-57.0,3612.4602,15.0,15.0,Super Ideal,G,VS2,2.01,IGI,6410.0
1145,Marlowe & Co,2,Emerald,1,1,0,11.22,2052.0,1020.9,2021.0,-63.0,3554.4561,15.0,15.0,Super Ideal,G,VS2,2.01,IGI,6410.0
1145,Mei & Co,2,Emerald,1,1,0,14.58,1996.0,993.03,1966.0,-65.0,3704.8599,15.0,15.0,Super Ideal,G,VS2,2.01,IGI,6410.0
1145,Michelle Kennedy,2,Emerald,1,1,0,14.25,2013.0,1001.49,1983.0,-64.0,3597.6343,15.0,15.0,Super Ideal,G,VS2,2.01,IGI,6410.0
1145,N. B. Diamonds,2,Emerald,1,1,0,14.96,2032.61,1011.25,2002.0,-63.0,3534.9988,15.0,15.0,Super Ideal,G,VS2,2.01,IGI,6410.0
1145,Nebula Stones,2,Emerald,1,1,0,16.05,2052.0,1020.9,2021.0,-63.0,3585.2292,15.0,15.0,Super Ideal,G,VS2,2.01,IGI,6410.0
1145,Serene Peaks Diamonds,2,Emerald,1,1,0,15.29,2032.78,1011.33,2002.0,-63.0,3521.5391,15.0,15.0,Super Ideal,G,VS2,2.01,IGI,6410.0
1145,Simetría,2,Emerald,1,1,0,13.8,2032.0,1010.95,2002.0,-63.0,3548.8,15.0,15.0,Super Ideal,G,VS2,2.01,IGI,6410.0
1145,Taiga Gems,2,Emerald,1,1,0,12.43,2028.8,1009.35,1998.0,-63.0,3557.7307,15.0,15.0,Super Ideal,G,VS2,2.01,IGI,6410.0
1145,Temperley,2,Emerald,1,1,0,15.95,2310.57,1149.54,2276.0,-59.0,3609.001,15.0,15.0,Super Ideal,G,VS2,2.01,IGI,6410.0
1145,White Lily,2,Emerald,1,1,0,14.2,2049.0,1019.4,2018.0,-64.0,3687.7266,15.0,15.0,Super Ideal,G,VS2,2.01,IGI,6410.0
1147,Diamonds by Zoya,2,Radiant,1,1,0,88.42,810.0,786.41,798.0,-66.0,1563.5913,14.0,15.0,Very Good,E,VS2,1.03,IGI,2170.0
1147,Jane Brear,2,Radiant,1,1,0,17.26,827.13,803.04,815.0,-67.0,1622.8641,14.0,15.0,Very Good,E,VS2,1.03,IGI,2170.0
1147,Lotus Creation,2,Radiant,1,1,0,17.23,794.32,771.18,782.0,-67.0,1567.3142,15.0,15.0,Very Good,E,VS2,1.03,IGI,2170.0
1147,Michelle Kennedy,2,Radiant,1,1,0,18.23,827.13,803.04,815.0,-67.0,1604.0745,14.0,15.0,Very Good,E,VS2,1.03,IGI,2170.0
1147,Rosella,2,Radiant,1,1,0,16.75,775.0,752.43,763.0,-67.0,1541.2574,15.0,15.0,Very Good,E,VS2,1.03,IGI,2170.0
1149,Avignon Diamonds,2,Round,1,1,0,58.47,2116.0,1012.44,2084.0,-63.0,4118.8325,18.0,18.0,Super Ideal,F,VS1,2.09,IGI,8406.0
1149,CV Diamonds,2,Round,1,1,0,95.08,2137.0,1022.49,2105.0,-62.0,3990.832,18.0,18.0,Super Ideal,F,VS1,2.09,IGI,8406.0
1149,Camden Gems,2,Round,1,1,0,14.69,2115.0,1011.96,2083.0,-62.0,4030.9844,18.0,18.0,Super Ideal,F,VS1,2.09,IGI,8406.0
1149,Cirrus Gems,2,Round,1,1,0,11.66,2087.0,998.56,2056.0,-63.0,4006.3184,18.0,18.0,Super Ideal,F,VS1,2.09,IGI,8406.0
1149,Clermont Diamonds,2,Round,1,1,0,10.02,2121.0,1014.83,2089.0,-62.0,3971.5645,18.0,18.0,Super Ideal,F,VS1,2.09,IGI,8406.0
1149,Diamonds by Zoya,2,Round,1,1,0,95.16,2111.0,1010.05,2079.0,-64.0,4164.9805,18.0,18.0,Super Ideal,F,VS1,2.09,IGI,8406.0
1149,Emilia Sterling,2,Round,1,1,0,13.28,2065.0,988.04,2034.0,-63.0,4037.9109,18.0,18.0,Super Ideal,F,VS1,2.09,IGI,8406.0
1149,Grace Brooks,2,Round,1,1,0,17.75,2158.08,1032.57,2126.0,-62.0,4052.8586,18.0,18.0,Super Ideal,F,VS1,2.09,IGI,8406.0
1149,Jane Brear,2,Round,1,1,0,15.01,2232.78,1068.32,2199.0,-60.0,3972.2473,18.0,18.0,Super Ideal,F,VS1,2.09,IGI,8406.0
1149,La Marquise,2,Round,1,1,0,15.39,2276.0,1089.0,2242.0,-60.0,4071.8872,18.0,18.0,Super Ideal,F,VS1,2.09,IGI,8406.0
1149,Mei & Co,2,Round,1,1,0,13.39,2108.0,1008.61,2076.0,-63.0,4075.2527,18.0,18.0,Super Ideal,F,VS1,2.09,IGI,8406.0
1149,Michelle Kennedy,2,Round,1,1,0,12.29,2257.0,1079.9,2223.0,-60.0,4068.7991,18.0,18.0,Super Ideal,F,VS1,2.09,IGI,8406.0
1149,Nebula Stones,2,Round,1,1,0,12.12,2197.0,1051.2,2164.0,-61.0,4002.9448,18.0,18.0,Super Ideal,F,VS1,2.09,IGI,8406.0
1149,Oasis Diamonds,2,Round,1,1,0,12.31,2201.94,1053.56,2169.0,-61.0,4000.8218,18.0,18.0,Super Ideal,F,VS1,2.09,IGI,8406.0
1149,Phoenix Crafts,2,Round,1,1,0,10.64,2211.0,1057.89,2178.0,-60.0,4006.312,18.0,18.0,Super Ideal,F,VS1,2.09,IGI,8406.0
1149,Rosella,2,Round,1,1,0,11.86,2089.0,999.52,2058.0,-64.0,4113.356,18.0,18.0,Super Ideal,F,VS1,2.09,IGI,8406.0
1149,Sigma Diamonds,2,Round,1,1,0,16.63,2136.0,1022.01,2104.0,-62.0,4073.1541,18.0,18.0,Super Ideal,F,VS1,2.09,IGI,8406.0
1149,Stellar Radiance,2,Round,1,1,0,95.1,2115.0,1011.96,2083.0,-63.0,4123.2549,18.0,18.0,Super Ideal,F,VS1,2.09,IGI,8406.0
1149,Taiga Gems,2,Round,1,1,0,11.27,2178.0,1042.11,2145.0,-61.0,4003.7668,18.0,18.0,Super Ideal,F,VS1,2.09,IGI,8406.0
1149,Tamara,2,Round,1,1,0,12.73,2143.0,1025.36,2111.0,-62.0,4014.7332,18.0,18.0,Super Ideal,F,VS1,2.09,IGI,8406.0
1149,Temperley,2,Round,1,1,0,16.72,2226.0,1065.07,2193.0,-60.0,4032.8628,18.0,18.0,Super Ideal,F,VS1,2.09,IGI,8406.0
1149,Thalassa Gems,2,Round,1,1,0,13.05,2113.0,1011.0,2081.0,-62.0,4016.415,18.0,18.0,Super Ideal,F,VS1,2.09,IGI,8406.0
1149,Tierra Mia Diamonds,2,Round,1,1,0,11.42,2106.0,1007.66,2074.0,-64.0,4149.2334,18.0,18.0,Super Ideal,F,VS1,2.09,IGI,8406.0
1149,Vega Diamonds,2,Round,1,1,0,12.44,2069.0,989.95,2038.0,-64.0,4127.0742,18.0,18.0,Super Ideal,F,VS1,2.09,IGI,8406.0
1149,Westport Jewelry,2,Round,1,1,0,12.94,2074.0,992.34,2043.0,-63.0,4046.9858,18.0,18.0,Super Ideal,F,VS1,2.09,IGI,8406.0
1149,White Lily,2,Round,1,1,0,10.84,2257.0,1079.9,2223.0,-61.0,4129.4844,18.0,18.0,Super Ideal,F,VS1,2.09,IGI,8406.0
1151,Cirrus Gems,2,Round,1,1,0,20.04,1307.0,768.82,1287.0,-55.0,2064.9663,18.0,18.0,Super Ideal,G,SI1,1.7,IGI,3820.0
1151,White Lily,2,Round,1,1,0,17.02,1337.0,786.47,1317.0,-53.0,2056.677,18.0,18.0,Super Ideal,G,SI1,1.7,IGI,3820.0
1154,Emilia Sterling,2,Pear,1,2,0,19.64,838.72,748.86,826.0,-62.0,1445.9686,15.0,15.0,Very Good,F,VS2,1.12,IGI,2300.0
1159,Albert's Creations,2,Round,1,1,0,13.64,2264.0,975.86,2230.0,-58.0,3877.1003,18.0,18.0,Super Ideal,G,VS2,2.32,IGI,7770.0
1159,Cirrus Gems,2,Round,1,1,0,21.41,2172.0,936.21,2139.0,-60.0,3919.5288,18.0,18.0,Super Ideal,G,VS2,2.32,IGI,7770.0
1159,Jane Brear,2,Round,1,1,0,18.63,2253.0,971.12,2219.0,-58.0,3859.4949,18.0,18.0,Super Ideal,G,VS2,2.32,IGI,7770.0
1159,Michelle Kennedy,2,Round,1,1,0,13.91,2243.0,966.81,2209.0,-59.0,3925.3206,18.0,18.0,Super Ideal,G,VS2,2.32,IGI,7770.0
1159,Temperley,2,Round,1,1,0,10.93,2260.0,974.14,2226.0,-58.0,3883.8145,18.0,18.0,Super Ideal,G,VS2,2.32,IGI,7770.0
1159,White Lily,2,Round,1,1,0,18.28,2267.0,977.16,2233.0,-58.0,3900.0598,18.0,18.0,Super Ideal,G,VS2,2.32,IGI,7770.0
1163,Eternity Fine Jewelers,2,Round,1,1,0,24.94,334.32,586.53,329.0,-63.0,651.7188,18.0,18.0,Ideal,E,VVS1,0.57,IGI,965.0
1163,Iris Diamonds,2,Round,1,1,0,88.75,327.0,573.68,322.0,-63.0,631.3829,18.0,18.0,Ideal,E,VVS1,0.57,IGI,965.0
1163,Meadow & Co,2,Round,1,1,0,10.43,337.0,591.23,332.0,-61.0,615.3605,18.0,18.0,Ideal,E,VVS1,0.57,IGI,965.0
1163,Meridian Crafts,2,Round,1,1,0,14.02,347.0,608.77,342.0,-62.0,657.156,18.0,18.0,Ideal,E,VVS1,0.57,IGI,965.0
1163,Michelle Kennedy,2,Round,1,1,0,27.27,366.16,642.39,361.0,-59.0,643.4993,18.0,18.0,Ideal,E,VVS1,0.57,IGI,965.0
1163,Sara's Diamonds,2,Round,1,1,0,45.7,320.0,561.4,315.0,-65.0,651.3242,18.0,18.0,Ideal,E,VVS1,0.57,IGI,965.0
1163,Vespera Gems,2,Round,1,1,0,13.59,327.19,574.02,322.0,-64.0,645.9969,18.0,18.0,Ideal,E,VVS1,0.57,IGI,965.0
1163,White Lily,2,Round,1,1,0,27.63,347.26,609.23,342.0,-57.0,579.4669,18.0,18.0,Ideal,E,VVS1,0.57,IGI,965.0
1165,Avignon Diamonds,2,Round,1,1,0,13.52,1578.0,886.52,1554.0,-55.0,2493.7551,18.0,18.0,Super Ideal,G,VS1,1.78,IGI,4980.0
1165,Cirrus Gems,2,Round,1,1,0,17.38,1546.17,868.63,1523.0,-55.0,2453.2009,18.0,18.0,Super Ideal,G,VS1,1.78,IGI,4980.0
1165,Clermont Diamonds,2,Round,1,1,0,18.55,1569.12,881.53,1546.0,-53.0,2400.0227,18.0,18.0,Super Ideal,G,VS1,1.78,IGI,4980.0
1165,Ember Star,2,Round,1,1,0,12.91,1524.94,856.71,1502.0,-57.0,2511.2341,18.0,18.0,Super Ideal,G,VS1,1.78,IGI,4980.0
1165,Eternity Fine Jewelers,2,Round,1,1,0,16.99,1593.0,894.94,1569.0,-53.0,2414.0134,18.0,18.0,Super Ideal,G,VS1,1.78,IGI,4980.0
1165,Fuji Diamonds,2,Round,1,1,0,20.48,1579.95,887.61,1556.0,-53.0,2393.1875,18.0,18.0,Super Ideal,G,VS1,1.78,IGI,4980.0
1165,Jane Brear,2,Round,1,1,0,17.89,1607.92,903.33,1584.0,-53.0,2458.9165,18.0,18.0,Super Ideal,G,VS1,1.78,IGI,4980.0
1165,Michelle Kennedy,2,Round,1,1,0,13.28,1608.0,903.37,1584.0,-53.0,2439.2781,18.0,18.0,Super Ideal,G,VS1,1.78,IGI,4980.0
1165,Serene Peaks Diamonds,2,Round,1,1,0,16.17,1586.03,891.03,1562.0,-54.0,2476.6262,18.0,18.0,Super Ideal,G,VS1,1.78,IGI,4980.0
1170,White Lily,2,Round,1,1,0,14.66,3054.65,1311.01,3009.0,-11.0,2461.2751,18.0,18.0,Super Ideal,J,SI1,2.33,IGI,4860.0
1171,Clermont Diamonds,2,Round,1,1,0,17.65,1395.0,866.46,1374.0,-57.0,2340.4458,18.0,18.0,Super Ideal,G,VS1,1.61,IGI,4252.86
1171,Jane Brear,2,Round,1,1,0,19.01,1464.64,909.71,1443.0,-56.0,2382.1667,18.0,18.0,Super Ideal,G,VS1,1.61,IGI,4252.86
1171,Meridian Crafts,2,Round,1,1,0,10.76,1437.0,892.55,1415.0,-57.0,2408.0635,18.0,18.0,Super Ideal,G,VS1,1.61,IGI,4252.86
1171,Michelle Kennedy,2,Round,1,1,0,18.5,1449.0,900.0,1427.0,-57.0,2394.1897,18.0,18.0,Super Ideal,G,VS1,1.61,IGI,4252.86
1171,Riviera Jewels,2,Round,1,1,0,15.22,1414.0,878.26,1393.0,-57.0,2350.8821,18.0,18.0,Super Ideal,G,VS1,1.61,IGI,4252.86
1171,Temperley,2,Round,1,1,0,17.45,1416.0,879.5,1395.0,-58.0,2389.4978,18.0,18.0,Super Ideal,G,VS1,1.61,IGI,4252.86
1171,Westminster Diamonds,2,Round,1,1,0,16.86,1401.0,870.19,1380.0,-59.0,2427.3064,18.0,18.0,Super Ideal,G,VS1,1.61,IGI,4252.86
1171,White Lily,2,Round,1,1,0,16.61,1508.0,936.65,1485.0,-54.0,2369.2854,18.0,18.0,Super Ideal,G,VS1,1.61,IGI,4252.86
1176,Artemis Stones,2,Round,1,1,0,20.51,1183.27,845.19,1166.0,-50.0,1696.6832,18.0,18.0,Ideal,F,VS1,1.4,IGI,3940.0
1176,Cirrus Gems,2,Round,1,1,0,17.51,1160.11,828.65,1143.0,-51.0,1710.8867,18.0,18.0,Ideal,F,VS1,1.4,IGI,3940.0
1176,Clermont Diamonds,2,Round,1,1,0,19.27,1178.08,841.49,1160.0,-50.0,1689.9224,18.0,18.0,Ideal,F,VS1,1.4,IGI,3940.0
1176,Ember Star,2,Round,1,1,0,11.97,1146.0,818.57,1129.0,-52.0,1711.1646,18.0,18.0,Ideal,F,VS1,1.4,IGI,3940.0
1176,Fiona Clément,2,Round,2,1,0,11.82,1169.0,835.0,1151.0,-51.0,1705.6051,18.0,18.0,Ideal,F,VS1,1.4,IGI,3940.0
1176,Jane Brear,2,Round,1,1,0,15.85,1216.88,869.2,1199.0,-48.0,1689.9442,18.0,18.0,Ideal,F,VS1,1.4,IGI,3940.0
1176,Marlowe & Co,2,Round,1,1,0,18.25,1226.0,875.71,1208.0,-47.0,1668.9817,18.0,18.0,Ideal,F,VS1,1.4,IGI,3940.0
1176,Mei & Co,2,Round,1,1,0,13.78,1177.08,840.77,1159.0,-50.0,1674.3517,18.0,18.0,Ideal,F,VS1,1.4,IGI,3940.0
1176,Michelle Kennedy,2,Round,1,1,0,16.48,1209.92,864.23,1192.0,-49.0,1703.4105,18.0,18.0,Ideal,F,VS1,1.4,IGI,3940.0
1176,Nova Stars,2,Round,1,1,0,12.45,1169.0,835.0,1151.0,-50.0,1688.0735,18.0,18.0,Ideal,F,VS1,1.4,IGI,3940.0
1176,Periwinkle Stones,2,Round,1,1,0,8.84,1199.0,856.43,1181.0,-49.0,1698.2501,18.0,18.0,Ideal,F,VS1,1.4,IGI,3940.0
1176,Roma Diamonds,2,Round,1,1,0,14.96,2015.0,1439.29,1985.0,-14.0,1675.3073,18.0,18.0,Ideal,F,VS1,1.4,IGI,3940.0
1176,Serene Peaks Diamonds,2,Round,1,1,0,17.53,1187.04,847.89,1169.0,-49.0,1665.5724,18.0,18.0,Ideal,F,VS1,1.4,IGI,3940.0
1176,Silva Diamonds,2,Round,1,1,0,11.76,1174.0,838.57,1156.0,-50.0,1675.1666,18.0,18.0,Ideal,F,VS1,1.4,IGI,3940.0
1176,Starlight Crafts,2,Round,1,1,0,11.54,1170.0,835.71,1152.0,-50.0,1690.0842,18.0,18.0,Ideal,F,VS1,1.4,IGI,3940.0
1176,Tamara,2,Round,1,1,0,14.33,1207.0,862.14,1189.0,-49.0,1710.379,18.0,18.0,Ideal,F,VS1,1.4,IGI,3940.0
1176,Temperley,2,Round,1,1,0,16.59,1203.0,859.29,1185.0,-50.0,1735.1823,18.0,18.0,Ideal,F,VS1,1.4,IGI,3940.0
1176,White Lily,2,Round,1,1,0,19.12,1203.95,859.96,1186.0,-49.0,1693.4885,18.0,18.0,Ideal,F,VS1,1.4,IGI,3940.0
1180,Bayside Gems,2,Round,1,1,0,21.54,1157.0,746.45,1140.0,-59.0,2033.9987,18.0,18.0,Ideal,E,SI1,1.55,IGI,3700.0
1180,Marlowe & Co,2,Round,1,1,0,14.59,1213.0,782.58,1195.0,-58.0,2087.6848,18.0,18.0,Ideal,E,SI1,1.55,IGI,3700.0
1180,Riviera Jewels,2,Round,1,1,0,12.5,1193.0,769.68,1175.0,-59.0,2079.4517,18.0,18.0,Ideal,E,SI1,1.55,IGI,3700.0
1180,Temperley,2,Round,1,1,0,11.95,1207.0,778.71,1189.0,-59.0,2088.481,18.0,18.0,Ideal,E,SI1,1.55,IGI,3700.0
1180,Thalassa Gems,2,Round,1,1,0,17.42,1189.0,767.1,1171.0,-57.0,1992.2198,18.0,18.0,Ideal,E,SI1,1.55,IGI,3700.0
1180,White Lily,2,Round,1,1,0,13.32,1201.0,774.84,1183.0,-59.0,2099.272,18.0,18.0,Ideal,E,SI1,1.55,IGI,3700.0
1183,Clermont Diamonds,2,Cushion,1,1,0,18.18,5395.0,1740.32,5314.0,-58.0,8167.8643,15.0,15.0,Super Ideal,E,VS1,3.1,IGI,17510.0
1183,Grace Brooks,2,Cushion,1,1,0,21.16,5400.0,1741.94,5319.0,-60.0,8421.3984,15.0,15.0,Super Ideal,E,VS1,3.1,IGI,17510.0
1183,Hill & Holland,2,Cushion,1,1,0,17.37,5886.52,1898.88,5798.0,-54.0,8116.8911,15.0,15.0,Super Ideal,E,VS1,3.1,IGI,17510.0
1183,Hoseki,2,Cushion,1,1,0,17.72,5547.08,1789.38,5464.0,-57.0,8109.9438,15.0,15.0,Super Ideal,E,VS1,3.1,IGI,17510.0
1183,Jane Brear,2,Cushion,1,1,0,19.27,5280.0,1703.23,5201.0,-62.0,8835.9902,15.0,15.0,Super Ideal,E,VS1,3.1,IGI,17510.0
1183,Michelle Kennedy,2,Cushion,1,1,0,19.18,5427.0,1750.65,5346.0,-58.0,8219.8896,15.0,15.0,Super Ideal,E,VS1,3.1,IGI,17510.0
1183,Periwinkle Stones,2,Cushion,1,1,0,17.69,5529.0,1783.55,5446.0,-57.0,8142.1313,15.0,15.0,Super Ideal,E,VS1,3.1,IGI,17510.0
1183,Taiga Gems,2,Cushion,1,1,0,16.86,5283.0,1704.19,5204.0,-62.0,8709.8428,15.0,15.0,Super Ideal,E,VS1,3.1,IGI,17510.0
1183,Temperley,2,Cushion,1,1,0,22.55,5649.31,1822.36,5565.0,-59.0,8709.8428,15.0,15.0,Super Ideal,E,VS1,3.1,IGI,17510.0
1183,White Lily,2,Cushion,1,1,0,23.29,5282.0,1703.87,5203.0,-60.0,8306.0547,15.0,15.0,Super Ideal,E,VS1,3.1,IGI,17510.0
1184,BonDiam,2,Oval,1,1,0,15.67,1629.0,958.24,1605.0,-40.0,1843.0093,15.0,15.0,Super Ideal,I,VS1,1.7,IGI,3545.0
1184,Michelle Kennedy,2,Oval,1,1,0,18.26,1527.0,898.24,1504.0,-45.0,1886.9779,15.0,15.0,Super Ideal,I,VS1,1.7,IGI,3545.0
1184,Taiga Gems,2,Oval,1,1,0,16.94,1481.51,871.48,1459.0,-45.0,1821.1653,15.0,15.0,Super Ideal,I,VS1,1.7,IGI,3545.0
1188,Michelle Kennedy,2,Round,1,1,0,19.43,1540.0,747.57,1517.0,-63.0,3005.5549,18.0,18.0,Super Ideal,I,VS1,2.06,IGI,4980.0
1188,White Lily,2,Round,1,1,0,13.43,3422.0,1661.17,3371.0,-17.0,2952.4507,18.0,18.0,Super Ideal,I,VS1,2.06,IGI,4980.0
1195,Michelle Kennedy,2,Oval,1,1,0,15.4,4008.86,1597.16,3949.0,-18.0,3306.0813,15.0,15.0,Super Ideal,I,SI1,2.51,IGI,6075.0
1200,Michelle Kennedy,2,Round,1,1,0,14.87,1335.0,737.57,1315.0,-58.0,2284.6355,18.0,18.0,Ideal,J,VS1,1.81,IGI,3185.0
1200,White Lily,2,Round,1,1,0,18.44,1339.0,739.78,1319.0,-60.0,2368.1274,18.0,18.0,Ideal,J,VS1,1.81,IGI,3185.0
1203,Diamonds by Zoya,2,Oval,2,2,0,12.95,313.0,727.91,308.0,69.0,124.6107,14.0,15.0,Very Good,E,VS1,0.43,IGI,450.0
1203,Jane Brear,2,Oval,2,2,0,11.6,324.0,753.49,319.0,-37.0,343.8873,15.0,15.0,Very Good,E,VS1,0.43,IGI,450.0
1203,Meridian Crafts,2,Oval,1,2,0,14.76,325.0,755.81,320.0,-34.0,333.0182,15.0,15.0,Very Good,E,VS1,0.43,IGI,450.0
1203,Promenade Jewelry,2,Oval,1,2,0,15.63,300.0,697.67,296.0,-38.0,327.1287,15.0,15.0,Very Good,E,VS1,0.43,IGI,450.0
1205,Cirrus Gems,2,Round,1,1,0,87.23,935.23,766.58,921.0,-54.0,1460.4303,18.0,18.0,Super Ideal,I,VVS2,1.22,IGI,2004.0
1206,Jane Brear,2,Round,1,1,0,15.65,3508.0,1670.48,3455.0,-13.0,2881.8838,18.0,18.0,Ideal,I,VS1,2.1,IGI,5130.0
1206,Michelle Kennedy,2,Round,1,1,0,18.02,1582.0,753.33,1558.0,-62.0,2979.6528,18.0,18.0,Ideal,I,VS1,2.1,IGI,5130.0
1206,Nebula Stones,2,Round,1,1,0,16.96,1644.0,782.86,1619.0,-60.0,2970.554,18.0,18.0,Ideal,I,VS1,2.1,IGI,5130.0
1206,Temperley,2,Round,1,1,0,13.21,3508.0,1670.48,3455.0,-17.0,3025.2708,18.0,18.0,Ideal,I,VS1,2.1,IGI,5130.0
1213,Diamonds by Zoya,2,Round,1,1,0,13.34,804.96,725.19,793.0,-65.0,1670.0741,18.0,18.0,Super Ideal,D,VS1,1.11,IGI,2886.67
1213,Ember Star,2,Round,1,1,0,13.03,795.0,716.22,783.0,-65.0,1624.527,18.0,18.0,Super Ideal,D,VS1,1.11,IGI,2886.67
1213,Emilia Sterling,2,Round,1,1,0,10.33,781.0,703.6,769.0,-66.0,1654.7985,18.0,18.0,Super Ideal,D,VS1,1.11,IGI,2886.67
1213,Eternity Fine Jewelers,2,Round,1,1,0,12.35,806.94,726.97,795.0,-65.0,1635.8528,18.0,18.0,Super Ideal,D,VS1,1.11,IGI,2886.67
1213,Hoseki,2,Round,1,1,0,15.64,804.0,724.32,792.0,-66.0,1673.7786,18.0,18.0,Super Ideal,D,VS1,1.11,IGI,2886.67
1213,Infinity Diamonds,2,Round,1,1,0,12.68,809.0,728.83,797.0,-65.0,1647.3263,18.0,18.0,Super Ideal,D,VS1,1.11,IGI,2886.67
1213,Jane Brear,2,Round,1,1,0,14.71,835.8,752.97,823.0,-64.0,1658.4371,18.0,18.0,Super Ideal,D,VS1,1.11,IGI,2886.67
1213,Lotus Creation,2,Round,1,1,0,13.78,805.9,726.04,794.0,-65.0,1638.783,18.0,18.0,Super Ideal,D,VS1,1.11,IGI,2886.67
1213,Magnolia,2,Round,1,1,0,13.23,785.0,707.21,773.0,-66.0,1643.3474,18.0,18.0,Super Ideal,D,VS1,1.11,IGI,2886.67
1213,Marlowe & Co,2,Round,1,1,0,10.03,803.0,723.42,791.0,-65.0,1624.3168,18.0,18.0,Super Ideal,D,VS1,1.11,IGI,2886.67
1213,Michelle Kennedy,2,Round,1,1,0,13.89,817.89,736.84,806.0,-65.0,1663.816,18.0,18.0,Super Ideal,D,VS1,1.11,IGI,2886.67
1213,Oasis Diamonds,2,Round,1,1,0,10.87,841.77,758.35,829.0,-63.0,1627.0554,18.0,18.0,Super Ideal,D,VS1,1.11,IGI,2886.67
1213,Periwinkle Stones,2,Round,1,1,0,15.52,821.0,739.64,809.0,-65.0,1681.8372,18.0,18.0,Super Ideal,D,VS1,1.11,IGI,2886.67
1213,Sara's Diamonds,2,Round,1,1,0,62.54,770.0,693.69,758.0,-67.0,1666.278,18.0,18.0,Super Ideal,D,VS1,1.11,IGI,2886.67
1213,Silva Diamonds,2,Round,1,1,0,12.79,788.0,709.91,776.0,-66.0,1674.4564,18.0,18.0,Super Ideal,D,VS1,1.11,IGI,2886.67
1213,Starlight Crafts,2,Round,1,1,0,10.44,799.0,719.82,787.0,-65.0,1650.7917,18.0,18.0,Super Ideal,D,VS1,1.11,IGI,2886.67
1213,Temperley,2,Round,1,1,0,13.96,820.0,738.74,808.0,-65.0,1661.0876,18.0,18.0,Super Ideal,D,VS1,1.11,IGI,2886.67
1213,Tilia Diamonds,2,Round,1,1,0,12.51,799.0,719.82,787.0,-65.0,1637.9177,18.0,18.0,Super Ideal,D,VS1,1.11,IGI,2886.67
1213,Vega Diamonds,2,Round,1,1,0,11.63,776.0,699.1,764.0,-67.0,1702.1439,18.0,18.0,Super Ideal,D,VS1,1.11,IGI,2886.67
1213,White Lily,2,Round,1,1,0,14.51,821.0,739.64,809.0,-65.0,1659.4894,18.0,18.0,Super Ideal,D,VS1,1.11,IGI,2886.67
1214,White Lily,2,Oval,1,1,0,13.25,1675.58,968.54,1650.0,-40.0,1886.4908,15.0,15.0,Super Ideal,I,VS1,1.73,IGI,3640.0
1217,Michelle Kennedy,2,Oval,1,1,0,17.44,3121.0,1168.91,3074.0,-59.0,5173.9663,15.0,15.0,Super Ideal,G,VS1,2.67,IGI,10040.0
1217,Nebula Stones,2,Oval,1,1,0,16.76,3199.92,1198.47,3152.0,-59.0,5234.9155,15.0,15.0,Super Ideal,G,VS1,2.67,IGI,10040.0
1217,White Lily,2,Oval,1,1,0,20.15,3062.37,1146.96,3016.0,-61.0,5245.9502,15.0,15.0,Super Ideal,G,VS1,2.67,IGI,10040.0
1219,Michelle Kennedy,2,Round,1,1,0,17.91,318.0,548.28,313.0,-58.0,544.0444,18.0,18.0,Super Ideal,F,VVS2,0.58,IGI,775.0
1219,Temperley,2,Round,1,1,0,18.71,318.0,548.28,313.0,-59.0,555.9446,18.0,18.0,Super Ideal,F,VVS2,0.58,IGI,775.0
1219,White Lily,2,Round,1,1,0,12.58,309.0,532.76,304.0,-59.0,541.7382,18.0,18.0,Super Ideal,F,VVS2,0.58,IGI,775.0
1220,Elmwood Diamonds,2,Oval,2,3,0,17.33,455.0,631.94,448.0,-52.0,644.5836,13.0,15.0,Very Good,D,VS1,0.72,IGI,1325.0
1220,Jane Brear,2,Oval,2,3,0,16.73,358.0,497.22,353.0,-56.0,550.6318,14.0,15.0,Very Good,D,VS1,0.72,IGI,1325.0
1220,Magnolia,2,Oval,2,2,0,15.31,321.0,445.83,316.0,-63.0,588.1447,14.0,15.0,Very Good,D,VS1,0.72,IGI,1325.0
1220,Michelle Kennedy,2,Oval,2,2,0,20.52,351.0,487.5,346.0,-54.0,518.3663,14.0,15.0,Very Good,D,VS1,0.72,IGI,1325.0
1220,Rosella,2,Oval,2,2,0,18.75,315.0,437.5,310.0,-57.0,493.9853,14.0,15.0,Very Good,D,VS1,0.72,IGI,1325.0
1220,Temperley,2,Oval,3,3,0,16.27,383.16,532.17,377.0,-51.0,526.3546,11.0,15.0,Very Good,D,VS1,0.72,IGI,1325.0
1220,Vega Diamonds,2,Oval,1,1,0,19.2,328.15,455.76,323.0,-56.0,506.1272,15.0,15.0,Very Good,D,VS1,0.72,IGI,1325.0
1220,White Lily,2,Oval,1,1,0,15.43,365.0,506.94,360.0,-51.0,506.3462,15.0,15.0,Very Good,D,VS1,0.72,IGI,1325.0
1221,White Lily,2,Pear,2,2,0,16.21,533.0,969.09,525.0,36.0,253.5923,15.0,15.0,Very Good,I,VS2,0.55,IGI,540.0
1225,Adalyn Jewelry,2,Round,1,1,0,10.44,2871.0,1421.29,2828.0,-63.0,5540.0635,18.0,18.0,Super Ideal,E,VVS2,2.02,IGI,11200.0
1225,Avignon Diamonds,2,Round,1,1,0,13.88,2834.0,1402.97,2791.0,-64.0,5623.6875,18.0,18.0,Super Ideal,E,VVS2,2.02,IGI,11200.0
1225,Camden Gems,2,Round,1,1,0,11.21,2879.0,1425.25,2836.0,-63.0,5543.749,18.0,18.0,Super Ideal,E,VVS2,2.02,IGI,11200.0
1225,Ember Star,2,Round,1,1,0,12.96,2866.0,1418.81,2823.0,-62.0,5416.0566,18.0,18.0,Super Ideal,E,VVS2,2.02,IGI,11200.0
1225,Gemstone Harmony,2,Round,1,1,0,13.29,2871.0,1421.29,2828.0,-62.0,5426.375,18.0,18.0,Super Ideal,E,VVS2,2.02,IGI,11200.0
1225,Grace Brooks,2,Round,1,1,0,16.1,2866.56,1419.09,2824.0,-63.0,5483.6743,18.0,18.0,Super Ideal,E,VVS2,2.02,IGI,11200.0
1225,Infinity Diamonds,2,Round,1,1,0,16.88,2841.0,1406.44,2798.0,-64.0,5657.9673,18.0,18.0,Super Ideal,E,VVS2,2.02,IGI,11200.0
1225,Jane Brear,2,Round,2,1,0,17.1,2785.0,1378.71,2743.0,-64.0,5514.689,18.0,18.0,Super Ideal,E,VVS2,2.02,IGI,11200.0
1225,Knox Diamonds,2,Round,1,1,0,11.54,2871.0,1421.29,2828.0,-63.0,5605.2446,18.0,18.0,Super Ideal,E,VVS2,2.02,IGI,11200.0
1225,Michelle Kennedy,2,Round,1,2,0,17.21,2785.0,1378.71,2743.0,-64.0,5606.4946,18.0,18.0,Super Ideal,E,VVS2,2.02,IGI,11200.0
1225,Serenade Diamonds,2,Round,1,1,0,14.58,2780.6,1376.53,2739.0,-65.0,5711.2725,18.0,18.0,Super Ideal,E,VVS2,2.02,IGI,11200.0
1225,Stellar Radiance,2,Round,1,1,0,12.41,2871.0,1421.29,2828.0,-64.0,5669.6284,18.0,18.0,Super Ideal,E,VVS2,2.02,IGI,11200.0
1225,Sunset Gems,2,Round,1,1,0,10.63,2809.0,1390.59,2767.0,-63.0,5432.5532,18.0,18.0,Super Ideal,E,VVS2,2.02,IGI,11200.0
1225,Taiga Gems,2,Round,1,1,0,14.81,2834.0,1402.97,2791.0,-62.0,5346.4468,18.0,18.0,Super Ideal,E,VVS2,2.02,IGI,11200.0
1225,Temperley,2,Round,1,1,0,14.89,2874.0,1422.77,2831.0,-62.0,5429.5928,18.0,18.0,Super Ideal,E,VVS2,2.02,IGI,11200.0
1225,Tierra Mia Diamonds,2,Round,1,1,0,10.46,2853.0,1412.38,2810.0,-63.0,5452.9844,18.0,18.0,Super Ideal,E,VVS2,2.02,IGI,11200.0
1225,United Diam,2,Round,1,1,0,11.47,2786.0,1379.21,2744.0,-64.0,5585.832,18.0,18.0,Super Ideal,E,VVS2,2.02,IGI,11200.0
1225,Vega Diamonds,2,Round,1,1,0,13.4,2788.0,1380.2,2746.0,-64.0,5609.3477,18.0,18.0,Super Ideal,E,VVS2,2.02,IGI,11200.0
1225,White Lily,2,Round,1,1,0,94.5,2859.0,1415.35,2816.0,-63.0,5523.894,18.0,18.0,Super Ideal,E,VVS2,2.02,IGI,11200.0
1230,Clermont Diamonds,2,Round,1,1,0,11.2,1476.58,769.05,1454.0,-61.0,2686.6284,18.0,18.0,Super Ideal,G,SI1,1.92,IGI,5140.0
1230,Taiga Gems,2,Round,1,1,0,20.28,1506.43,784.6,1484.0,-59.0,2637.8733,18.0,18.0,Super Ideal,G,SI1,1.92,IGI,5140.0
1232,Jane Brear,2,Round,1,1,0,12.58,1669.61,1105.7,1645.0,-30.0,1700.856,18.0,18.0,Super Ideal,J,VS1,1.51,IGI,2662.0
1232,Sunset Gems,2,Round,1,2,0,18.82,896.0,593.38,883.0,-60.0,1613.5177,18.0,18.0,Super Ideal,J,VS1,1.51,IGI,2662.0
1235,Westminster Diamonds,2,Oval,2,1,0,13.59,322.38,565.58,318.0,-45.0,393.0562,15.0,15.0,Super Ideal,G,VS1,0.57,IGI,660.0
1239,Albert's Creations,2,Pear,1,1,0,11.55,2618.0,1296.04,2579.0,-63.0,4546.1733,15.0,15.0,Super Ideal,D,VS2,2.02,IGI,7640.0
1239,Cornerstone,2,Pear,1,1,0,10.45,2646.0,1309.9,2606.0,-62.0,4516.0449,15.0,15.0,Super Ideal,D,VS2,2.02,IGI,7640.0
1239,Fuji Diamonds,2,Pear,1,1,0,22.25,2599.0,1286.63,2560.0,-63.0,4518.3467,15.0,15.0,Super Ideal,D,VS2,2.02,IGI,7640.0
1239,Grace Brooks,2,Pear,1,1,0,11.17,2700.0,1336.63,2660.0,-61.0,4531.1143,15.0,15.0,Super Ideal,D,VS2,2.02,IGI,7640.0
1239,I & M Designs,2,Pear,1,1,0,14.71,2600.0,1287.13,2561.0,-62.0,4473.021,15.0,15.0,Super Ideal,D,VS2,2.02,IGI,7640.0
1239,Michelle Kennedy,2,Pear,1,1,0,13.92,2596.0,1285.15,2557.0,-62.0,4393.6343,15.0,15.0,Super Ideal,D,VS2,2.02,IGI,7640.0
1239,Periwinkle Stones,2,Pear,1,1,0,23.12,2620.0,1297.03,2581.0,-62.0,4507.918,15.0,15.0,Super Ideal,D,VS2,2.02,IGI,7640.0
1239,Serenade Diamonds,2,Pear,1,1,0,19.78,2497.0,1236.14,2460.0,-63.0,4385.7939,15.0,15.0,Super Ideal,D,VS2,2.02,IGI,7640.0
1239,Taiga Gems,2,Pear,1,1,0,15.6,2507.0,1241.09,2469.0,-64.0,4511.2764,15.0,15.0,Super Ideal,D,VS2,2.02,IGI,7640.0
1239,Temperley,2,Pear,1,1,0,12.91,2608.0,1291.09,2569.0,-62.0,4488.6274,15.0,15.0,Super Ideal,D,VS2,2.02,IGI,7640.0
1239,Vega Diamonds,2,Pear,1,1,0,10.47,2539.0,1256.93,2501.0,-63.0,4403.564,15.0,15.0,Super Ideal,D,VS2,2.02,IGI,7640.0
1239,White Lily,2,Pear,2,1,0,15.9,2575.0,1274.75,2536.0,-63.0,4529.8521,15.0,15.0,Super Ideal,D,VS2,2.02,IGI,7640.0
1242,Nebula Stones,2,Oval,1,1,0,17.19,2516.36,1138.62,2479.0,-59.0,4169.6196,15.0,15.0,Very Good,F,VS2,2.21,IGI,8020.0
1242,White Lily,2,Oval,1,1,0,16.94,2376.0,1075.11,2340.0,-61.0,4080.5249,15.0,15.0,Very Good,F,VS2,2.21,IGI,8020.0
1245,Jane Brear,2,Round,1,1,0,12.45,307.46,809.11,303.0,-39.0,362.2332,18.0,18.0,Super Ideal,D,VVS2,0.38,IGI,480.0
1245,Michelle Kennedy,2,Round,1,1,0,14.98,318.0,836.84,313.0,-38.0,366.0993,18.0,18.0,Super Ideal,D,VVS2,0.38,IGI,480.0
1245,Temperley,2,Round,1,1,0,15.51,318.0,836.84,313.0,-41.0,387.2216,18.0,18.0,Super Ideal,D,VVS2,0.38,IGI,480.0
1245,White Lily,2,Round,1,1,0,12.61,305.46,803.84,301.0,-31.0,316.0059,18.0,18.0,Super Ideal,D,VVS2,0.38,IGI,480.0
1248,Avignon Diamonds,2,Round,1,1,0,13.7,4249.0,1699.6,4185.0,-66.0,9010.3301,18.0,18.0,Ideal,D,VVS2,2.5,IGI,16800.0
1248,Bella Gems,2,Round,1,1,0,13.11,4444.0,1777.6,4377.0,-64.0,8914.8457,18.0,18.0,Ideal,D,VVS2,2.5,IGI,16800.0
1248,Dagenham Diamonds,2,Round,1,1,0,11.17,4545.16,1818.06,4477.0,-62.0,8664.6416,18.0,18.0,Ideal,D,VVS2,2.5,IGI,16800.0
1248,Diamonds by Zoya,2,Round,1,1,0,93.97,4359.0,1743.6,4294.0,-64.0,8697.9727,18.0,18.0,Ideal,D,VVS2,2.5,IGI,16800.0
1248,Jane Brear,2,Round,1,1,0,13.79,4414.0,1765.6,4348.0,-64.0,8689.6387,18.0,18.0,Ideal,D,VVS2,2.5,IGI,16800.0
1248,La Marquise,2,Round,1,1,0,14.33,4379.59,1751.84,4314.0,-65.0,8904.2617,18.0,18.0,Ideal,D,VVS2,2.5,IGI,16800.0
1248,Michelle Kennedy,2,Round,1,1,0,13.53,4394.92,1757.97,4329.0,-64.0,8807.9658,18.0,18.0,Ideal,D,VVS2,2.5,IGI,16800.0
1248,Sara's Diamonds,2,Round,1,1,0,18.85,4358.0,1743.2,4293.0,-65.0,8848.4336,18.0,18.0,Ideal,D,VVS2,2.5,IGI,16800.0
1248,Temperley,2,Round,1,1,0,13.46,4221.0,1688.4,4158.0,-66.0,8770.1191,18.0,18.0,Ideal,D,VVS2,2.5,IGI,16800.0
1248,United Diam,2,Round,1,1,0,11.16,4249.0,1699.6,4185.0,-66.0,8919.0713,18.0,18.0,Ideal,D,VVS2,2.5,IGI,16800.0
1248,White Lily,2,Round,1,1,0,13.61,4374.0,1749.6,4308.0,-65.0,8827.0234,18.0,18.0,Ideal,D,VVS2,2.5,IGI,16800.0
1249,Cirrus Gems,2,Round,1,1,0,87.23,935.23,766.58,921.0,-54.0,1460.4303,18.0,18.0,Ideal,I,VVS2,1.22,IGI,2041.67
1250,Athena Diamonds,2,Round,1,1,0,12.0,350.0,1093.75,345.0,-39.0,410.8549,18.0,18.0,Ideal,D,VVS1,0.32,IGI,470.0
1252,Atkinson Crafts,2,Round,1,1,0,12.31,4280.0,1712.0,4216.0,-62.0,8116.3691,18.0,18.0,Super Ideal,E,VVS2,2.5,IGI,15000.0
1252,Avignon Diamonds,2,Round,1,1,0,16.41,4097.0,1638.8,4036.0,-63.0,8001.5229,18.0,18.0,Super Ideal,E,VVS2,2.5,IGI,15000.0
1252,CV Diamonds,2,Round,1,1,0,13.04,4199.0,1679.6,4136.0,-62.0,7966.0034,18.0,18.0,Super Ideal,E,VVS2,2.5,IGI,15000.0
1252,Camden Gems,2,Round,1,1,0,13.22,4213.0,1685.2,4150.0,-65.0,8685.957,18.0,18.0,Super Ideal,E,VVS2,2.5,IGI,15000.0
1252,Diamonds by Zoya,2,Round,1,1,0,93.31,4229.0,1691.6,4166.0,-62.0,8014.1187,18.0,18.0,Super Ideal,E,VVS2,2.5,IGI,15000.0
1252,Ember Star,2,Round,1,1,0,15.91,4055.0,1622.0,3994.0,-64.0,8070.3984,18.0,18.0,Super Ideal,E,VVS2,2.5,IGI,15000.0
1252,Gemstone Harmony,2,Round,1,1,0,13.21,4199.0,1679.6,4136.0,-62.0,8016.3433,18.0,18.0,Super Ideal,E,VVS2,2.5,IGI,15000.0
1252,Hoseki,2,Round,1,1,0,12.62,4259.0,1703.6,4195.0,-62.0,8064.3213,18.0,18.0,Super Ideal,E,VVS2,2.5,IGI,15000.0
1252,I & M Designs,2,Round,1,1,0,15.84,4382.0,1752.8,4316.0,-61.0,7998.5845,18.0,18.0,Super Ideal,E,VVS2,2.5,IGI,15000.0
1252,Irene Jewelry,2,Round,1,1,0,13.83,4199.0,1679.6,4136.0,-63.0,8027.0757,18.0,18.0,Super Ideal,E,VVS2,2.5,IGI,15000.0
1252,Jane Brear,2,Round,1,1,0,14.49,4205.0,1682.0,4142.0,-62.0,7924.2935,18.0,18.0,Super Ideal,E,VVS2,2.5,IGI,15000.0
1252,Marlowe & Co,2,Round,1,1,0,12.71,4212.0,1684.8,4149.0,-63.0,8066.0005,18.0,18.0,Super Ideal,E,VVS2,2.5,IGI,15000.0
1252,Michelle Kennedy,2,Round,1,1,0,13.93,4205.0,1682.0,4142.0,-63.0,8065.1499,18.0,18.0,Super Ideal,E,VVS2,2.5,IGI,15000.0
1252,Nebula Stones,2,Round,1,1,0,14.88,4279.5,1711.8,4215.0,-62.0,8005.8462,18.0,18.0,Super Ideal,E,VVS2,2.5,IGI,15000.0
1252,Periwinkle Stones,2,Round,1,1,0,15.09,4243.0,1697.2,4179.0,-62.0,7942.0,18.0,18.0,Super Ideal,E,VVS2,2.5,IGI,15000.0
1252,Serenade Diamonds,2,Round,1,1,0,12.94,4031.0,1612.4,3971.0,-65.0,8235.002,18.0,18.0,Super Ideal,E,VVS2,2.5,IGI,15000.0
1252,Stellar Radiance,2,Round,1,1,0,93.33,4199.0,1679.6,4136.0,-62.0,8002.9858,18.0,18.0,Super Ideal,E,VVS2,2.5,IGI,15000.0
1252,Temperley,2,Round,1,1,0,12.45,4199.0,1679.6,4136.0,-62.0,7996.3853,18.0,18.0,Super Ideal,E,VVS2,2.5,IGI,15000.0
1252,White Lily,2,Round,1,1,0,12.61,4232.0,1692.8,4169.0,-62.0,7938.1768,18.0,18.0,Super Ideal,E,VVS2,2.5,IGI,15000.0
1254,Cirrus Gems,2,Round,1,1,0,19.09,918.82,712.26,905.0,-58.0,1564.8362,18.0,18.0,Super Ideal,H,VVS2,1.29,IGI,2570.0
1254,Michelle Kennedy,2,Round,1,1,0,16.3,956.2,741.24,942.0,-56.0,1560.17,18.0,18.0,Super Ideal,H,VVS2,1.29,IGI,2570.0
1254,Taiga Gems,2,Round,1,1,0,17.97,922.36,715.01,909.0,-57.0,1546.5631,18.0,18.0,Super Ideal,H,VVS2,1.29,IGI,2570.0
1262,Bayside Gems,2,Round,1,1,0,17.0,780.81,697.15,769.0,-67.0,1678.3956,18.0,18.0,Super Ideal,D,VS1,1.12,IGI,2930.0
1262,Diamonds by Zoya,2,Round,1,1,0,11.34,805.95,719.6,794.0,-65.0,1660.6941,18.0,18.0,Super Ideal,D,VS1,1.12,IGI,2930.0
1262,Emilia Sterling,2,Round,1,1,0,10.28,784.0,700.0,772.0,-66.0,1629.6367,18.0,18.0,Super Ideal,D,VS1,1.12,IGI,2930.0
1262,Eternity Fine Jewelers,2,Round,1,1,0,11.04,807.94,721.38,796.0,-65.0,1658.4977,18.0,18.0,Super Ideal,D,VS1,1.12,IGI,2930.0
1262,Infinity Diamonds,2,Round,1,1,0,16.59,811.0,724.11,799.0,-65.0,1672.3491,18.0,18.0,Super Ideal,D,VS1,1.12,IGI,2930.0
1262,Jane Brear,2,Round,1,1,0,10.3,840.0,750.0,827.0,-64.0,1671.6982,18.0,18.0,Super Ideal,D,VS1,1.12,IGI,2930.0
1262,Magnolia,2,Round,1,1,0,13.65,788.0,703.57,776.0,-66.0,1668.6427,18.0,18.0,Super Ideal,D,VS1,1.12,IGI,2930.0
1262,Marlowe & Co,2,Round,1,1,0,11.62,814.9,727.59,803.0,-65.0,1652.1337,18.0,18.0,Super Ideal,D,VS1,1.12,IGI,2930.0
1262,Mei & Co,2,Round,1,1,0,12.95,786.0,701.79,774.0,-67.0,1695.2211,18.0,18.0,Super Ideal,D,VS1,1.12,IGI,2930.0
1262,Michelle Kennedy,2,Round,1,1,0,12.63,824.86,736.48,812.0,-64.0,1660.7599,18.0,18.0,Super Ideal,D,VS1,1.12,IGI,2930.0
1262,Oasis Diamonds,2,Round,1,1,0,12.41,843.0,752.68,830.0,-63.0,1617.7677,18.0,18.0,Super Ideal,D,VS1,1.12,IGI,2930.0
1262,Silva Diamonds,2,Round,1,1,0,10.57,789.0,704.46,777.0,-66.0,1650.5159,18.0,18.0,Super Ideal,D,VS1,1.12,IGI,2930.0
1262,Starlight Crafts,2,Round,1,1,0,12.98,786.0,701.79,774.0,-66.0,1658.1857,18.0,18.0,Super Ideal,D,VS1,1.12,IGI,2930.0
1262,Tamara,2,Round,1,1,0,14.65,808.0,721.43,796.0,-64.0,1620.3909,18.0,18.0,Super Ideal,D,VS1,1.12,IGI,2930.0
1262,Temperley,2,Round,1,1,0,11.07,816.9,729.38,805.0,-64.0,1643.7587,18.0,18.0,Super Ideal,D,VS1,1.12,IGI,2930.0
1262,Tilia Diamonds,2,Round,1,1,0,10.51,801.97,716.04,790.0,-66.0,1679.8837,18.0,18.0,Super Ideal,D,VS1,1.12,IGI,2930.0
1262,White Lily,2,Round,1,1,0,11.27,845.75,755.13,833.0,-63.0,1629.5967,18.0,18.0,Super Ideal,D,VS1,1.12,IGI,2930.0
1264,Roma Diamonds,2,Round,1,1,0,20.69,395.0,572.46,389.0,-41.0,476.0345,15.0,18.0,Very Good,D,VS2,0.69,IGI,1020.0
1264,White Lily,2,Round,2,2,0,22.84,331.0,479.71,326.0,-53.0,508.7247,16.0,18.0,Very Good,D,VS2,0.69,IGI,1020.0
1265,Avignon Diamonds,2,Round,1,1,0,12.49,1422.0,894.34,1401.0,-65.0,2883.9236,18.0,18.0,Ideal,G,VVS2,1.59,IGI,4570.0
1265,Camden Gems,2,Round,1,1,0,15.83,1431.8,900.5,1410.0,-64.0,2884.5085,18.0,18.0,Ideal,G,VVS2,1.59,IGI,4570.0
1265,Clermont Diamonds,2,Round,1,1,0,13.63,1423.84,895.5,1402.0,-65.0,2888.2119,18.0,18.0,Ideal,G,VVS2,1.59,IGI,4570.0
1265,Eterna Luxe,2,Round,1,1,0,12.27,1414.0,889.31,1393.0,-64.0,2848.2336,18.0,18.0,Ideal,G,VVS2,1.59,IGI,4570.0
1265,Jane Brear,2,Round,1,1,0,13.4,1465.64,921.79,1444.0,-63.0,2799.6636,18.0,18.0,Ideal,G,VVS2,1.59,IGI,4570.0
1265,Marlowe & Co,2,Round,1,1,0,12.43,1438.0,904.4,1416.0,-64.0,2859.7124,18.0,18.0,Ideal,G,VVS2,1.59,IGI,4570.0
1265,Nova Stars,2,Round,1,1,0,14.66,1401.0,881.13,1380.0,-65.0,2844.542,18.0,18.0,Ideal,G,VVS2,1.59,IGI,4570.0
1265,Rosella,2,Round,1,1,0,11.25,1380.0,867.92,1359.0,-65.0,2812.4683,18.0,18.0,Ideal,G,VVS2,1.59,IGI,4570.0
1265,Starlit Stones,2,Round,1,1,0,74.23,1424.0,895.6,1403.0,-65.0,2889.6445,18.0,18.0,Ideal,G,VVS2,1.59,IGI,4570.0
1265,Taiga Gems,2,Round,1,1,0,13.96,1399.0,879.87,1378.0,-64.0,2758.5808,18.0,18.0,Ideal,G,VVS2,1.59,IGI,4570.0
1265,Vespera Gems,2,Round,1,1,0,13.33,1392.0,875.47,1371.0,-66.0,2934.2192,18.0,18.0,Ideal,G,VVS2,1.59,IGI,4570.0
1265,White Lily,2,Round,1,1,0,15.38,1448.72,911.14,1427.0,-64.0,2857.4729,18.0,18.0,Ideal,G,VVS2,1.59,IGI,4570.0
1266,Mei & Co,2,Round,1,1,0,12.29,2375.0,946.22,2339.0,-64.0,4737.7603,18.0,18.0,Ideal,G,SI1,2.51,IGI,7760.0
1266,Temperley,2,Round,1,1,0,16.66,2768.05,1102.81,2727.0,-58.0,4740.894,18.0,18.0,Ideal,G,SI1,2.51,IGI,7760.0
1268,55 E Diamonds,2,Emerald,1,1,0,20.85,682.36,675.6,672.0,-65.0,1240.3827,15.0,15.0,Super Ideal,E,SI1,1.01,IGI,1711.54
1268,Avignon Diamonds,2,Emerald,2,1,0,19.12,697.8,690.89,687.0,-62.0,1187.6392,15.0,15.0,Super Ideal,E,SI1,1.01,IGI,1711.54
1268,Bayside Gems,2,Emerald,1,1,0,19.32,722.37,715.22,712.0,-63.0,1243.001,15.0,15.0,Super Ideal,E,SI1,1.01,IGI,1711.54
1268,Cirrus Gems,2,Emerald,1,1,0,22.07,710.0,702.97,699.0,-63.0,1239.1151,15.0,15.0,Super Ideal,E,SI1,1.01,IGI,1711.54
1268,Fabiola,2,Emerald,1,1,0,10.56,709.0,701.98,698.0,-63.0,1216.3191,15.0,15.0,Super Ideal,E,SI1,1.01,IGI,1711.54
1268,Fuji Diamonds,2,Emerald,1,1,0,18.19,705.52,698.53,695.0,-63.0,1231.5544,15.0,15.0,Super Ideal,E,SI1,1.01,IGI,1711.54
1268,Hoseki,2,Emerald,1,1,0,16.89,719.38,712.26,709.0,-62.0,1213.0188,15.0,15.0,Super Ideal,E,SI1,1.01,IGI,1711.54
1268,Infinity Diamonds,2,Emerald,1,1,0,18.52,699.73,692.8,689.0,-64.0,1259.6444,15.0,15.0,Super Ideal,E,SI1,1.01,IGI,1711.54
1268,Jane Brear,2,Emerald,1,1,0,14.24,751.22,743.78,740.0,-61.0,1229.5874,15.0,15.0,Super Ideal,E,SI1,1.01,IGI,1711.54
1268,Marlowe & Co,2,Emerald,1,1,0,18.71,724.36,717.19,713.0,-56.0,1051.0061,15.0,15.0,Super Ideal,E,SI1,1.01,IGI,1711.54
1268,Michelle Kennedy,2,Emerald,1,1,0,20.15,725.79,718.6,715.0,-62.0,1221.8948,15.0,15.0,Super Ideal,E,SI1,1.01,IGI,1711.54
1268,Roma Diamonds,2,Emerald,1,1,0,13.12,698.0,691.09,688.0,-64.0,1240.3827,15.0,15.0,Super Ideal,E,SI1,1.01,IGI,1711.54
1268,Serene Peaks Diamonds,2,Emerald,1,1,0,18.44,707.44,700.44,697.0,-63.0,1222.2686,15.0,15.0,Super Ideal,E,SI1,1.01,IGI,1711.54
1268,Simetría,2,Emerald,1,1,0,19.43,692.0,685.15,682.0,-64.0,1248.5028,15.0,15.0,Super Ideal,E,SI1,1.01,IGI,1711.54
1268,Taiga Gems,2,Emerald,1,1,0,19.37,710.43,703.4,700.0,-61.0,1185.9001,15.0,15.0,Super Ideal,E,SI1,1.01,IGI,1711.54
1268,Temperley,2,Emerald,2,2,0,18.63,726.35,719.16,715.0,-64.0,1280.2247,15.0,15.0,Super Ideal,E,SI1,1.01,IGI,1711.54
1268,Thalassa Gems,2,Emerald,2,2,0,18.48,698.49,691.57,688.0,-62.0,1188.8845,15.0,15.0,Super Ideal,E,SI1,1.01,IGI,1711.54
1268,Tilia Diamonds,2,Emerald,1,1,0,15.97,709.44,702.42,699.0,-63.0,1227.8765,15.0,15.0,Super Ideal,E,SI1,1.01,IGI,1711.54
1269,White Lily,2,Round,1,1,0,24.66,3121.0,1479.15,3074.0,-23.0,2895.0933,18.0,18.0,Ideal,J,VVS2,2.11,IGI,4446.67
1275,Avignon Diamonds,2,Round,1,1,0,74.12,377.0,523.61,371.0,-56.0,608.4844,17.0,18.0,Ideal,D,VS1,0.72,IGI,1520.0
1275,Ember Star,2,Round,1,1,0,11.48,351.0,487.5,346.0,-58.0,600.121,18.0,18.0,Ideal,D,VS1,0.72,IGI,1520.0
1275,Eternity Fine Jewelers,2,Round,1,1,0,24.98,347.26,482.31,342.0,-62.0,648.6174,18.0,18.0,Ideal,D,VS1,0.72,IGI,1520.0
1275,Hoseki,2,Round,1,2,0,24.79,354.22,491.97,349.0,-58.0,604.0115,18.0,18.0,Ideal,D,VS1,0.72,IGI,1520.0
1275,Jane Brear,2,Round,1,1,0,11.9,371.0,515.28,365.0,-56.0,606.8024,18.0,18.0,Ideal,D,VS1,0.72,IGI,1520.0
1275,Knox Diamonds,2,Round,1,1,0,12.96,347.0,481.94,342.0,-61.0,634.9554,17.0,18.0,Ideal,D,VS1,0.72,IGI,1520.0
1275,Marlowe & Co,2,Round,2,1,0,24.86,358.2,497.5,353.0,-60.0,633.7339,17.0,18.0,Ideal,D,VS1,0.72,IGI,1520.0
1275,Mei & Co,2,Round,1,1,0,25.02,344.27,478.15,339.0,-61.0,628.2414,18.0,18.0,Ideal,D,VS1,0.72,IGI,1520.0
1275,Michelle Kennedy,2,Round,1,1,0,10.4,383.0,531.94,377.0,-56.0,620.1819,18.0,18.0,Ideal,D,VS1,0.72,IGI,1520.0
1275,Promenade Jewelry,2,Round,1,1,0,22.43,366.16,508.56,361.0,-57.0,613.4501,18.0,18.0,Ideal,D,VS1,0.72,IGI,1520.0
1275,Serenade Diamonds,2,Round,1,1,0,23.07,343.28,476.78,338.0,-59.0,605.6906,17.0,18.0,Ideal,D,VS1,0.72,IGI,1520.0
1275,Simetría,2,Round,1,1,0,27.24,330.08,458.44,325.0,-60.0,592.2445,18.0,18.0,Ideal,D,VS1,0.72,IGI,1520.0
1275,Temperley,2,Round,1,1,0,10.02,371.0,515.28,365.0,-57.0,612.3777,18.0,18.0,Ideal,D,VS1,0.72,IGI,1520.0
1275,White Lily,2,Round,1,1,0,21.49,367.16,509.94,362.0,-58.0,633.2197,18.0,18.0,Ideal,D,VS1,0.72,IGI,1520.0
1276,Jane Brear,2,Round,1,2,0,12.94,1575.08,1043.1,1551.0,-18.0,1378.0343,18.0,18.0,Ideal,J,VS2,1.51,IGI,2746.0
1277,Clermont Diamonds,2,Round,1,1,0,13.07,1544.0,768.16,1521.0,-54.0,2393.8757,18.0,18.0,Super Ideal,H,SI1,2.01,IGI,4805.0
1277,White Lily,2,Round,1,1,0,20.19,1590.0,791.04,1566.0,-51.0,2300.5564,18.0,18.0,Super Ideal,H,SI1,2.01,IGI,4805.0
1278,Meridian Crafts,2,Oval,1,1,0,13.75,346.0,494.29,341.0,-46.0,432.6771,15.0,15.0,Very Good,G,VS2,0.7,IGI,1000.0
1278,Temperley,2,Oval,1,1,0,15.02,433.0,618.57,427.0,-34.0,440.5372,15.0,15.0,Very Good,G,VS2,0.7,IGI,1000.0
1280,Diamonds by Zoya,2,Round,1,1,0,17.54,2805.69,1027.73,2764.0,-61.0,5131.0601,18.0,18.0,Ideal,G,VS2,2.73,IGI,11880.0
1280,Taiga Gems,2,Round,1,1,0,17.32,2896.44,1060.97,2853.0,-59.0,5090.3154,18.0,18.0,Ideal,G,VS2,2.73,IGI,11880.0
1282,Cornerstone,2,Round,1,1,0,10.56,302.0,539.29,297.0,-56.0,492.3778,18.0,18.0,Super Ideal,E,VS1,0.56,IGI,980.0
1282,Jane Brear,2,Round,1,1,0,21.13,316.0,564.29,311.0,-54.0,493.1421,18.0,18.0,Super Ideal,E,VS1,0.56,IGI,980.0
1282,Lotus Creation,2,Round,1,1,0,14.54,324.29,579.09,319.0,-50.0,468.0776,18.0,18.0,Super Ideal,E,VS1,0.56,IGI,980.0
1282,Marlowe & Co,2,Round,1,1,0,14.42,363.18,648.54,358.0,-45.0,472.0034,18.0,18.0,Super Ideal,E,VS1,0.56,IGI,980.0
1282,Michelle Kennedy,2,Round,1,1,0,21.12,319.0,569.64,314.0,-52.0,472.5611,18.0,18.0,Super Ideal,E,VS1,0.56,IGI,980.0
1282,Temperley,2,Round,1,1,0,17.4,319.0,569.64,314.0,-51.0,466.6784,18.0,18.0,Super Ideal,E,VS1,0.56,IGI,980.0
1282,White Lily,2,Round,1,1,0,20.42,317.0,566.07,312.0,-52.0,471.1779,18.0,18.0,Super Ideal,E,VS1,0.56,IGI,980.0
1287,Jane Brear,2,Round,1,1,0,11.15,1848.71,1081.12,1821.0,-26.0,1786.3816,18.0,18.0,Super Ideal,J,VS1,1.71,IGI,3010.0
1287,Temperley,2,Round,1,1,0,10.98,1848.71,1081.12,1821.0,-26.0,1794.7085,18.0,18.0,Super Ideal,J,VS1,1.71,IGI,3010.0
1288,Albert's Creations,2,Round,1,1,0,12.04,2365.0,1188.44,2330.0,-60.0,4200.8125,18.0,18.0,Ideal,E,VVS2,1.99,IGI,8400.0
1288,Michelle Kennedy,2,Round,1,1,0,19.78,2466.92,1239.66,2430.0,-58.0,4239.6313,18.0,18.0,Ideal,E,VVS2,1.99,IGI,8400.0
1288,Riviera Jewels,2,Round,1,1,0,13.07,2401.0,1206.53,2365.0,-58.0,4091.8333,18.0,18.0,Ideal,E,VVS2,1.99,IGI,8400.0
1288,Taiga Gems,2,Round,1,1,0,16.69,2312.5,1162.06,2278.0,-59.0,4065.5581,18.0,18.0,Ideal,E,VVS2,1.99,IGI,8400.0
1288,Tierra Mia Diamonds,2,Round,1,1,0,13.86,2326.0,1168.84,2291.0,-60.0,4138.1841,18.0,18.0,Ideal,E,VVS2,1.99,IGI,8400.0
1288,White Lily,2,Round,1,1,0,10.43,2355.0,1183.42,2320.0,-60.0,4200.3901,18.0,18.0,Ideal,E,VVS2,1.99,IGI,8400.0
1290,Albert's Creations,2,Pear,2,1,0,20.28,338.0,582.76,333.0,-45.0,397.3925,14.0,15.0,Very Good,F,VS1,0.58,IGI,710.0
1290,Diamonds by Zoya,2,Pear,1,2,0,81.41,343.0,591.38,338.0,-43.0,391.5642,15.0,15.0,Very Good,F,VS1,0.58,IGI,710.0
1292,Cirrus Gems,2,Round,1,1,0,24.15,859.0,753.51,846.0,-55.0,1373.8662,18.0,18.0,Super Ideal,F,VVS2,1.14,IGI,2980.0
1292,Diamonds by Zoya,2,Round,1,1,0,20.35,887.0,778.07,874.0,-52.0,1328.8162,18.0,18.0,Super Ideal,F,VVS2,1.14,IGI,2980.0
1292,Eternity Fine Jewelers,2,Round,1,1,0,22.37,883.0,774.56,870.0,-54.0,1370.6125,18.0,18.0,Super Ideal,F,VVS2,1.14,IGI,2980.0
1292,Iris Diamonds,2,Round,1,1,0,20.27,871.0,764.04,858.0,-53.0,1340.0128,18.0,18.0,Super Ideal,F,VVS2,1.14,IGI,2980.0
1292,Jane Brear,2,Round,1,1,0,21.29,901.0,790.35,887.0,-52.0,1357.0892,18.0,18.0,Super Ideal,F,VVS2,1.14,IGI,2980.0
1292,Michelle Kennedy,2,Round,1,1,0,20.74,899.0,788.6,886.0,-51.0,1304.8682,18.0,18.0,Super Ideal,F,VVS2,1.14,IGI,2980.0
1292,Montmartre Gems,2,Round,1,1,0,23.24,889.0,779.82,876.0,-53.0,1355.5361,18.0,18.0,Super Ideal,F,VVS2,1.14,IGI,2980.0
1292,Silva Diamonds,2,Round,1,1,0,14.54,871.0,764.04,858.0,-54.0,1364.8331,18.0,18.0,Super Ideal,F,VVS2,1.14,IGI,2980.0
1292,Sunset Gems,2,Round,1,1,0,24.76,867.0,760.53,854.0,-54.0,1350.0138,18.0,18.0,Super Ideal,F,VVS2,1.14,IGI,2980.0
1292,Tamara,2,Round,1,1,0,10.26,883.0,774.56,870.0,-53.0,1332.389,18.0,18.0,Super Ideal,F,VVS2,1.14,IGI,2980.0
1292,Temperley,2,Round,1,1,0,21.79,883.0,774.56,870.0,-54.0,1365.1628,18.0,18.0,Super Ideal,F,VVS2,1.14,IGI,2980.0
1292,White Lily,2,Round,1,1,0,20.56,1000.0,877.19,985.0,-47.0,1356.5087,18.0,18.0,Super Ideal,F,VVS2,1.14,IGI,2980.0
1292,Zimmerman Diamonds,2,Round,1,1,0,12.35,881.0,772.81,868.0,-52.0,1307.5762,18.0,18.0,Super Ideal,F,VVS2,1.14,IGI,2980.0
1293,Hoseki,2,Round,1,1,0,14.4,327.36,861.47,322.0,-14.0,272.8867,18.0,18.0,Super Ideal,D,VS2,0.38,IGI,440.0
1293,Jane Brear,2,Round,1,1,0,15.24,356.21,937.39,351.0,13.0,225.5491,18.0,18.0,Super Ideal,D,VS2,0.38,IGI,440.0
1293,Mei & Co,2,Round,1,1,0,17.26,324.0,852.63,319.0,-7.0,248.5714,18.0,18.0,Super Ideal,D,VS2,0.38,IGI,440.0
1293,Michelle Kennedy,2,Round,2,1,0,14.18,342.28,900.74,337.0,9.0,224.6005,18.0,18.0,Super Ideal,D,VS2,0.38,IGI,440.0
1293,Promenade Jewelry,2,Round,1,1,0,11.48,330.34,869.32,325.0,17.0,202.0017,18.0,18.0,Super Ideal,D,VS2,0.38,IGI,440.0
1293,Temperley,2,Round,1,1,0,10.56,347.0,913.16,342.0,17.0,211.6378,18.0,18.0,Super Ideal,D,VS2,0.38,IGI,440.0
1299,Sunset Gems,2,Cushion,1,1,0,19.74,725.0,725.0,714.0,-65.0,1306.6365,14.0,15.0,Very Good,G,VS2,1.0,IGI,1830.0
1303,Jane Brear,2,Round,1,1,0,12.9,305.46,825.57,301.0,-42.0,377.2799,18.0,18.0,Super Ideal,D,VVS2,0.37,IGI,470.0
1303,Michelle Kennedy,2,Round,1,1,0,11.14,305.46,825.57,301.0,-39.0,360.519,18.0,18.0,Super Ideal,D,VVS2,0.37,IGI,470.0
1303,Temperley,2,Round,1,1,0,12.38,316.0,854.05,311.0,-41.0,384.0787,18.0,18.0,Super Ideal,D,VVS2,0.37,IGI,470.0
1305,Cirrus Gems,2,Cushion,1,1,0,20.34,1697.0,986.63,1672.0,-52.0,2234.3,15.0,15.0,Super Ideal,G,VS2,1.72,IGI,4300.0
1305,Fabiola,2,Cushion,1,1,0,18.38,1731.0,1006.4,1705.0,-53.0,2326.4412,15.0,15.0,Super Ideal,G,VS2,1.72,IGI,4300.0
1305,Taiga Gems,2,Cushion,1,1,0,14.54,1725.33,1003.1,1699.0,-53.0,2336.3062,15.0,15.0,Super Ideal,G,VS2,1.72,IGI,4300.0
1305,White Lily,2,Cushion,1,1,0,18.87,1883.0,1094.77,1855.0,-48.0,2265.676,15.0,15.0,Super Ideal,G,VS2,1.72,IGI,4300.0
1307,Infinity Diamonds,2,Oval,1,1,0,18.27,2940.0,1455.45,2896.0,-63.0,5353.4746,15.0,15.0,Super Ideal,D,VS1,2.02,IGI,10620.0
1307,Jane Brear,2,Oval,1,1,0,21.15,2973.0,1471.78,2928.0,-63.0,5395.2925,15.0,15.0,Super Ideal,D,VS1,2.02,IGI,10620.0
1307,Marble Arch,2,Oval,1,1,0,10.97,2921.0,1446.04,2877.0,-62.0,5234.8481,15.0,15.0,Super Ideal,D,VS1,2.02,IGI,10620.0
1307,Michelle Kennedy,2,Oval,1,1,0,19.81,2973.0,1471.78,2928.0,-63.0,5379.271,15.0,15.0,Super Ideal,D,VS1,2.02,IGI,10620.0
1307,Rosella,2,Oval,1,1,0,12.63,2871.0,1421.29,2828.0,-64.0,5417.417,15.0,15.0,Super Ideal,D,VS1,2.02,IGI,10620.0
1307,Serenade Diamonds,2,Oval,1,1,0,10.32,2871.0,1421.29,2828.0,-64.0,5337.6328,15.0,15.0,Super Ideal,D,VS1,2.02,IGI,10620.0
1307,Simetría,2,Oval,1,1,0,19.35,2924.0,1447.52,2880.0,-63.0,5378.0254,15.0,15.0,Super Ideal,D,VS1,2.02,IGI,10620.0
1307,Taiga Gems,2,Oval,1,1,0,13.73,2972.0,1471.29,2927.0,-62.0,5297.1367,15.0,15.0,Super Ideal,D,VS1,2.02,IGI,10620.0
1307,Temperley,2,Oval,1,1,0,17.01,2945.0,1457.92,2901.0,-63.0,5327.2061,15.0,15.0,Super Ideal,D,VS1,2.02,IGI,10620.0
1307,Vespera Gems,2,Oval,1,1,0,17.15,2943.0,1456.93,2899.0,-63.0,5353.4746,15.0,15.0,Super Ideal,D,VS1,2.02,IGI,10620.0
1315,Camden Gems,2,Round,1,1,0,13.56,1653.0,1087.5,1628.0,-59.0,2921.9077,18.0,18.0,Super Ideal,F,VVS2,1.52,IGI,5230.0
1315,Cirrus Gems,2,Round,1,1,0,17.69,1601.0,1053.29,1577.0,-60.0,2866.8545,18.0,18.0,Super Ideal,F,VVS2,1.52,IGI,5230.0
1315,Clermont Diamonds,2,Round,1,1,0,13.06,1647.0,1083.55,1622.0,-59.0,2910.5466,18.0,18.0,Super Ideal,F,VVS2,1.52,IGI,5230.0
1315,Ember Star,2,Round,1,1,0,17.26,1602.15,1054.05,1578.0,-60.0,2889.156,18.0,18.0,Super Ideal,F,VVS2,1.52,IGI,5230.0
1315,Eternity Fine Jewelers,2,Round,1,1,0,12.77,1640.0,1078.95,1615.0,-59.0,2851.0828,18.0,18.0,Super Ideal,F,VVS2,1.52,IGI,5230.0
1315,Gemstone Harmony,2,Round,1,1,0,14.27,1634.0,1075.0,1609.0,-60.0,2907.2427,18.0,18.0,Super Ideal,F,VVS2,1.52,IGI,5230.0
1315,Hazel Diamonds,2,Round,1,1,0,10.6,1609.0,1058.55,1585.0,-59.0,2838.9575,18.0,18.0,Super Ideal,F,VVS2,1.52,IGI,5230.0
1315,Hill & Holland,2,Round,1,1,0,12.81,1684.0,1107.89,1659.0,-59.0,2909.2214,18.0,18.0,Super Ideal,F,VVS2,1.52,IGI,5230.0
1315,Jane Brear,2,Round,1,1,0,12.74,1672.0,1100.0,1647.0,-58.0,2865.0198,18.0,18.0,Super Ideal,F,VVS2,1.52,IGI,5230.0
1315,Marlowe & Co,2,Round,1,1,0,14.22,1650.0,1085.53,1625.0,-58.0,2846.0225,18.0,18.0,Super Ideal,F,VVS2,1.52,IGI,5230.0
1315,Michelle Kennedy,2,Round,1,1,0,11.43,1653.0,1087.5,1628.0,-59.0,2866.3096,18.0,18.0,Super Ideal,F,VVS2,1.52,IGI,5230.0
1315,N. B. Diamonds,2,Round,1,1,0,12.11,1628.0,1071.05,1604.0,-60.0,2912.5227,18.0,18.0,Super Ideal,F,VVS2,1.52,IGI,5230.0
1315,Nova Stars,2,Round,1,1,0,14.29,1633.0,1074.34,1609.0,-60.0,2898.5964,18.0,18.0,Super Ideal,F,VVS2,1.52,IGI,5230.0
1315,Oasis Diamonds,2,Round,1,1,0,12.59,1700.46,1118.72,1675.0,-58.0,2922.9351,18.0,18.0,Super Ideal,F,VVS2,1.52,IGI,5230.0
1315,Periwinkle Stones,2,Round,1,1,0,10.27,1673.0,1100.66,1648.0,-59.0,2924.9958,18.0,18.0,Super Ideal,F,VVS2,1.52,IGI,5230.0
1315,Rosella,2,Round,1,1,0,10.4,1623.0,1067.76,1599.0,-60.0,2909.5127,18.0,18.0,Super Ideal,F,VVS2,1.52,IGI,5230.0
1315,Serenade Diamonds,2,Round,1,1,0,11.39,1583.0,1041.45,1559.0,-61.0,2932.1541,18.0,18.0,Super Ideal,F,VVS2,1.52,IGI,5230.0
1315,Starlit Stones,2,Round,1,1,0,12.34,1633.0,1074.34,1609.0,-60.0,2924.4238,18.0,18.0,Super Ideal,F,VVS2,1.52,IGI,5230.0
1315,Tamara,2,Round,1,1,0,16.82,1655.0,1088.82,1630.0,-59.0,2911.4543,18.0,18.0,Super Ideal,F,VVS2,1.52,IGI,5230.0
1315,Temperley,2,Round,1,1,0,14.54,1685.53,1108.9,1660.0,-59.0,2919.6672,18.0,18.0,Super Ideal,F,VVS2,1.52,IGI,5230.0
1315,White Lily,2,Round,1,1,0,12.14,1673.0,1100.66,1648.0,-58.0,2876.7678,18.0,18.0,Super Ideal,F,VVS2,1.52,IGI,5230.0
1325,Sunset Gems,5,Princess,2,2,0,20.24,1622.0,937.57,1598.0,-55.0,2281.4033,15.0,15.0,Super Ideal,G,VS2,1.73,GCAL,4330.0
1327,55 E Diamonds,2,Pear,1,1,0,19.32,1504.0,996.03,1481.0,-60.0,2445.5212,15.0,15.0,Super Ideal,E,VS2,1.51,IGI,4760.0
1327,Adalyn Jewelry,2,Pear,1,1,0,16.65,1493.0,988.74,1471.0,-61.0,2460.3311,15.0,15.0,Super Ideal,E,VS2,1.51,IGI,4760.0
1327,CV Diamonds,2,Pear,1,1,0,92.14,1448.0,958.94,1426.0,-62.0,2471.6096,15.0,15.0,Super Ideal,E,VS2,1.51,IGI,4760.0
1327,Diamonds by Zoya,2,Pear,1,1,0,16.68,1418.0,939.07,1397.0,-62.0,2441.7546,15.0,15.0,Super Ideal,E,VS2,1.51,IGI,4760.0
1327,Eterna Luxe,2,Pear,1,1,0,12.19,1459.0,966.23,1437.0,-61.0,2433.8184,15.0,15.0,Super Ideal,E,VS2,1.51,IGI,4760.0
1327,Fabiola,2,Pear,1,1,0,15.67,1444.0,956.29,1422.0,-62.0,2447.2061,15.0,15.0,Super Ideal,E,VS2,1.51,IGI,4760.0
1327,Fuji Diamonds,2,Pear,1,1,0,17.12,1452.0,961.59,1430.0,-61.0,2414.0969,15.0,15.0,Super Ideal,E,VS2,1.51,IGI,4760.0
1327,Hill & Holland,2,Pear,1,2,0,14.31,1490.0,986.75,1468.0,-62.0,2515.4338,15.0,15.0,Super Ideal,E,VS2,1.51,IGI,4760.0
1327,Jane Brear,2,Pear,1,1,0,15.9,1468.62,972.6,1447.0,-61.0,2437.3406,15.0,15.0,Super Ideal,E,VS2,1.51,IGI,4760.0
1327,Michelle Kennedy,2,Pear,1,1,0,13.39,1462.0,968.21,1440.0,-61.0,2441.9238,15.0,15.0,Super Ideal,E,VS2,1.51,IGI,4760.0
1327,Montmartre Gems,2,Pear,1,1,0,14.04,1448.0,958.94,1426.0,-62.0,2462.9778,15.0,15.0,Super Ideal,E,VS2,1.51,IGI,4760.0
1327,N. B. Diamonds,2,Pear,1,1,0,17.49,1436.14,951.09,1415.0,-62.0,2470.9663,15.0,15.0,Super Ideal,E,VS2,1.51,IGI,4760.0
1327,Rosella,2,Pear,1,1,0,14.95,1408.0,932.45,1387.0,-63.0,2493.8433,15.0,15.0,Super Ideal,E,VS2,1.51,IGI,4760.0
1327,Taiga Gems,2,Pear,1,1,0,13.72,1450.0,960.26,1428.0,-62.0,2445.8892,15.0,15.0,Super Ideal,E,VS2,1.51,IGI,4760.0
1327,Tamara,2,Pear,1,1,0,13.9,1471.0,974.17,1449.0,-61.0,2453.8777,15.0,15.0,Super Ideal,E,VS2,1.51,IGI,4760.0
1327,Temperley,2,Pear,1,1,0,13.91,1446.0,957.62,1424.0,-62.0,2457.8728,15.0,15.0,Super Ideal,E,VS2,1.51,IGI,4760.0
1327,Thalassa Gems,2,Pear,1,1,0,14.84,1448.0,958.94,1426.0,-61.0,2407.3567,15.0,15.0,Super Ideal,E,VS2,1.51,IGI,4760.0
1327,Vega Diamonds,2,Pear,1,1,0,12.05,1422.0,941.72,1401.0,-63.0,2465.1702,15.0,15.0,Super Ideal,E,VS2,1.51,IGI,4760.0
1327,White Lily,2,Pear,1,1,0,13.16,1455.0,963.58,1433.0,-61.0,2442.3779,15.0,15.0,Super Ideal,E,VS2,1.51,IGI,4760.0
1329,Jane Brear,2,Round,2,1,0,17.83,946.0,716.67,932.0,-53.0,1439.6259,18.0,18.0,Ideal,E,SI1,1.32,IGI,2735.0
1329,Mei & Co,2,Round,1,1,0,18.71,922.36,698.76,909.0,-55.0,1469.2053,18.0,18.0,Ideal,E,SI1,1.32,IGI,2735.0
1329,Michelle Kennedy,2,Round,2,1,0,17.76,984.0,745.45,969.0,-51.0,1423.6539,18.0,18.0,Ideal,E,SI1,1.32,IGI,2735.0
1330,Bayside Gems,2,Round,1,1,0,20.6,946.0,762.9,932.0,-63.0,1846.5721,18.0,18.0,Ideal,E,VVS2,1.24,IGI,3590.0
1330,Clermont Diamonds,2,Round,1,1,0,10.12,982.0,791.94,967.0,-62.0,1864.2709,18.0,18.0,Ideal,E,VVS2,1.24,IGI,3590.0
1330,Eternity Fine Jewelers,2,Round,1,1,0,15.65,983.0,792.74,968.0,-63.0,1876.7767,18.0,18.0,Ideal,E,VVS2,1.24,IGI,3590.0
1330,Hill & Holland,2,Round,1,1,0,18.9,1029.82,830.5,1014.0,-61.0,1867.473,18.0,18.0,Ideal,E,VVS2,1.24,IGI,3590.0
1330,Jane Brear,2,Round,1,1,0,10.98,990.0,798.39,975.0,-63.0,1895.2449,18.0,18.0,Ideal,E,VVS2,1.24,IGI,3590.0
1330,Marlowe & Co,2,Round,1,1,0,14.32,986.0,795.16,971.0,-62.0,1860.4471,18.0,18.0,Ideal,E,VVS2,1.24,IGI,3590.0
1330,Michelle Kennedy,2,Round,1,1,0,13.79,990.0,798.39,975.0,-63.0,1891.2799,18.0,18.0,Ideal,E,VVS2,1.24,IGI,3590.0
1330,Nebula Stones,2,Round,1,1,0,17.19,997.98,804.82,983.0,-63.0,1908.6592,18.0,18.0,Ideal,E,VVS2,1.24,IGI,3590.0
1330,Riviera Jewels,2,Round,1,1,0,13.31,970.0,782.26,955.0,-64.0,1905.3053,18.0,18.0,Ideal,E,VVS2,1.24,IGI,3590.0
1330,Roma Diamonds,2,Round,1,1,0,13.61,1709.0,1378.23,1683.0,-35.0,1895.1105,18.0,18.0,Ideal,E,VVS2,1.24,IGI,3590.0
1330,Rosella,2,Round,1,1,0,10.32,971.0,783.06,956.0,-64.0,1944.4817,18.0,18.0,Ideal,E,VVS2,1.24,IGI,3590.0
1330,Simetría,2,Round,1,1,0,20.79,958.39,772.9,944.0,-64.0,1886.3638,18.0,18.0,Ideal,E,VVS2,1.24,IGI,3590.0
1330,Temperley,2,Round,1,1,0,11.87,990.0,798.39,975.0,-62.0,1889.2458,18.0,18.0,Ideal,E,VVS2,1.24,IGI,3590.0
1330,White Lily,2,Round,1,1,0,19.61,995.0,802.42,980.0,-62.0,1894.0044,18.0,18.0,Ideal,E,VVS2,1.24,IGI,3590.0
1334,Eterna Luxe,2,Princess,1,1,0,14.37,2348.0,1048.21,2313.0,-65.0,4217.6445,15.0,15.0,Super Ideal,G,VS1,2.24,IGI,7770.0
1334,Hill & Holland,2,Princess,1,1,0,15.67,2478.54,1106.49,2441.0,-63.0,4295.9585,15.0,15.0,Super Ideal,G,VS1,2.24,IGI,7770.0
1334,Michelle Kennedy,2,Princess,1,1,0,18.95,2352.18,1050.08,2317.0,-65.0,4242.5596,15.0,15.0,Super Ideal,G,VS1,2.24,IGI,7770.0
1334,Periwinkle Stones,2,Princess,1,1,0,20.87,2363.0,1054.91,2328.0,-64.0,4225.1533,15.0,15.0,Super Ideal,G,VS1,2.24,IGI,7770.0
1334,Taiga Gems,2,Princess,1,1,0,17.93,2285.0,1020.09,2251.0,-66.0,4312.3555,15.0,15.0,Super Ideal,G,VS1,2.24,IGI,7770.0
1334,Temperley,2,Princess,2,1,0,13.65,2377.06,1061.19,2341.0,-64.0,4200.8618,15.0,15.0,Super Ideal,G,VS1,2.24,IGI,7770.0
1334,White Lily,2,Princess,1,1,0,18.84,2377.06,1061.19,2341.0,-65.0,4268.4458,15.0,15.0,Super Ideal,G,VS1,2.24,IGI,7770.0
1335,Bayside Gems,2,Round,1,1,0,13.96,762.17,692.88,751.0,-52.0,1139.4117,18.0,18.0,Ideal,E,SI1,1.1,IGI,2025.0
1335,Clara Belle Gems,2,Round,1,1,0,13.8,735.3,668.45,724.0,-54.0,1135.1318,18.0,18.0,Ideal,E,SI1,1.1,IGI,2025.0
1335,Equinox Jewels,2,Round,1,1,0,11.99,734.0,667.27,723.0,-53.0,1120.2087,18.0,18.0,Ideal,E,SI1,1.1,IGI,2025.0
1335,Eterna Luxe,2,Round,1,1,0,11.32,752.0,683.64,741.0,-50.0,1075.0935,18.0,18.0,Ideal,E,SI1,1.1,IGI,2025.0
1335,Hannah Richards,2,Round,1,1,0,16.81,752.22,683.84,741.0,-50.0,1074.4475,18.0,18.0,Ideal,E,SI1,1.1,IGI,2025.0
1335,Jane Brear,2,Round,1,1,0,18.43,766.33,696.66,755.0,-49.0,1075.0935,18.0,18.0,Ideal,E,SI1,1.1,IGI,2025.0
1335,Kasai,2,Round,1,1,0,12.88,752.0,683.64,741.0,-51.0,1106.2623,18.0,18.0,Ideal,E,SI1,1.1,IGI,2025.0
1335,Marlowe & Co,2,Round,1,1,0,10.11,748.0,680.0,737.0,-50.0,1075.4282,18.0,18.0,Ideal,E,SI1,1.1,IGI,2025.0
1335,Michelle Kennedy,2,Round,1,1,0,15.51,770.0,700.0,758.0,-49.0,1086.7863,18.0,18.0,Ideal,E,SI1,1.1,IGI,2025.0
1335,Periwinkle Stones,2,Round,1,1,0,15.37,784.06,712.78,772.0,-51.0,1134.9186,18.0,18.0,Ideal,E,SI1,1.1,IGI,2025.0
1335,Roma Diamonds,2,Round,1,1,0,10.34,1407.0,1279.09,1386.0,-9.0,1112.6792,18.0,18.0,Ideal,E,SI1,1.1,IGI,2025.0
1335,Taiga Gems,2,Round,1,1,0,19.56,732.0,665.45,721.0,-54.0,1134.4423,18.0,18.0,Ideal,E,SI1,1.1,IGI,2025.0
1335,Temperley,2,Round,1,1,0,11.56,766.0,696.36,755.0,-51.0,1129.5768,18.0,18.0,Ideal,E,SI1,1.1,IGI,2025.0
1335,Thalassa Gems,2,Round,1,1,0,14.82,741.28,673.89,730.0,-50.0,1069.7821,18.0,18.0,Ideal,E,SI1,1.1,IGI,2025.0
1335,White Lily,2,Round,1,1,0,16.58,766.33,696.66,755.0,-50.0,1093.6482,18.0,18.0,Ideal,E,SI1,1.1,IGI,2025.0
1337,Albert's Creations,2,Round,1,1,0,16.12,319.0,741.86,314.0,-37.0,363.1128,18.0,18.0,Super Ideal,E,VS1,0.43,IGI,500.0
1337,Hoseki,2,Round,1,1,0,15.54,322.0,748.84,317.0,-34.0,347.4366,18.0,18.0,Super Ideal,E,VS1,0.43,IGI,500.0
1337,Iris Diamonds,2,Round,1,1,0,12.34,317.0,737.21,312.0,-35.0,350.2809,18.0,18.0,Super Ideal,E,VS1,0.43,IGI,500.0
1337,Jane Brear,2,Round,1,1,0,12.82,341.0,793.02,336.0,-29.0,343.4369,18.0,18.0,Super Ideal,E,VS1,0.43,IGI,500.0
1337,Temperley,2,Round,1,1,0,12.45,341.0,793.02,336.0,-31.0,355.7441,18.0,18.0,Super Ideal,E,VS1,0.43,IGI,500.0
1337,Vega Diamonds,2,Round,1,1,0,15.51,309.0,718.6,304.0,-35.0,338.3813,18.0,18.0,Super Ideal,E,VS1,0.43,IGI,500.0
1339,Avignon Diamonds,2,Oval,1,2,0,10.21,345.0,627.27,340.0,-42.0,401.3924,15.0,15.0,Super Ideal,E,VS1,0.55,IGI,710.0
1339,Diamonds by Zoya,2,Oval,2,2,0,82.82,314.42,571.67,310.0,-57.0,497.9099,15.0,15.0,Super Ideal,E,VS1,0.55,IGI,710.0
1339,Eternal Flame,2,Oval,2,2,0,16.56,340.29,618.71,335.0,-49.0,450.7907,15.0,15.0,Super Ideal,E,VS1,0.55,IGI,710.0
1339,Rosella,2,Oval,2,2,0,15.58,300.16,545.75,296.0,-51.0,415.3828,15.0,15.0,Super Ideal,E,VS1,0.55,IGI,710.0
1339,Vega Diamonds,2,Oval,1,2,0,21.97,305.95,556.27,301.0,-42.0,352.4753,15.0,15.0,Super Ideal,E,VS1,0.55,IGI,710.0
1341,White Lily,2,Round,1,1,0,20.11,1231.0,741.57,1213.0,-49.0,1743.3499,18.0,18.0,Ideal,H,VS2,1.66,IGI,3480.0
1342,Michelle Kennedy,2,Oval,1,2,0,15.16,309.81,938.82,305.0,-17.0,252.0062,15.0,15.0,Super Ideal,D,SI1,0.33,IGI,340.0
1343,Cirrus Gems,2,Cushion,2,2,0,21.82,1921.0,1091.48,1892.0,-53.0,2598.2649,15.0,15.0,Super Ideal,F,VS1,1.76,IGI,5830.0
1343,Jane Brear,2,Cushion,1,1,0,16.36,2058.0,1169.32,2027.0,-52.0,2715.9082,15.0,15.0,Super Ideal,F,VS1,1.76,IGI,5830.0
1343,Promenade Jewelry,2,Cushion,1,1,0,16.09,1947.0,1106.25,1918.0,-55.0,2752.7207,15.0,15.0,Super Ideal,F,VS1,1.76,IGI,5830.0
1343,White Lily,2,Cushion,1,1,0,16.95,2024.0,1150.0,1994.0,-52.0,2650.136,15.0,15.0,Super Ideal,F,VS1,1.76,IGI,5830.0
1344,Michelle Kennedy,2,Round,1,1,0,21.17,366.0,653.57,361.0,-42.0,452.4279,18.0,18.0,Super Ideal,E,SI1,0.56,IGI,750.0
1344,Temperley,2,Round,1,1,0,20.02,366.0,653.57,361.0,-47.0,491.9334,18.0,18.0,Super Ideal,E,SI1,0.56,IGI,750.0
1345,Sunset Gems,2,Round,1,1,0,16.83,1189.0,738.51,1171.0,-44.0,1530.7882,18.0,18.0,Super Ideal,H,SI1,1.61,IGI,3775.0
1346,Mei & Co,2,Princess,1,2,0,11.64,410.94,622.64,405.0,-64.0,731.0093,15.0,15.0,Super Ideal,F,VVS1,0.66,IGI,910.0
1346,Promenade Jewelry,2,Princess,1,2,0,14.37,418.0,633.33,412.0,-59.0,646.7772,15.0,15.0,Super Ideal,F,VVS1,0.66,IGI,910.0
1347,Michelle Kennedy,2,Radiant,1,1,0,26.71,6284.0,2080.79,6190.0,-63.0,11082.1406,14.0,15.0,Very Good,E,VVS2,3.02,IGI,18420.0
1347,Temperley,2,Radiant,1,1,0,18.57,5947.0,1969.21,5858.0,-65.0,10976.3262,14.0,15.0,Very Good,E,VVS2,3.02,IGI,18420.0
1347,White Lily,2,Radiant,1,1,0,18.17,5743.0,1901.66,5657.0,-66.0,10961.0947,14.0,15.0,Very Good,E,VVS2,3.02,IGI,18420.0
1349,Cirrus Gems,2,Round,1,1,0,22.18,1008.0,654.55,993.0,-62.0,1911.7664,18.0,18.0,Super Ideal,I,VS1,1.54,IGI,2960.0
1353,Eterna Luxe,2,Princess,1,1,0,11.81,1576.0,943.71,1552.0,-60.0,2491.4856,15.0,15.0,Very Good,G,VS1,1.67,IGI,4410.0
1353,Jane Brear,2,Princess,2,1,0,16.62,1578.0,944.91,1554.0,-58.0,2396.5278,14.0,15.0,Very Good,G,VS1,1.67,IGI,4410.0
1353,Lotus Creation,2,Princess,1,1,0,20.44,1560.0,934.13,1537.0,-60.0,2491.4856,15.0,15.0,Very Good,G,VS1,1.67,IGI,4410.0
1358,Eterna Luxe,2,Round,1,1,0,11.4,3744.0,1540.74,3688.0,-56.0,6105.5571,18.0,18.0,Ideal,E,VVS2,2.43,IGI,14060.0
1358,Jane Brear,2,Round,1,1,0,16.41,4556.0,1874.9,4488.0,-47.0,6178.3579,18.0,18.0,Ideal,E,VVS2,2.43,IGI,14060.0
1358,Michelle Kennedy,2,Round,1,1,0,13.74,3658.0,1505.35,3603.0,-58.0,6256.4902,18.0,18.0,Ideal,E,VVS2,2.43,IGI,14060.0
1358,Temperley,2,Round,1,1,0,10.68,3645.0,1500.0,3590.0,-58.0,6155.6963,18.0,18.0,Ideal,E,VVS2,2.43,IGI,14060.0
1358,White Lily,2,Round,1,1,0,10.65,3645.0,1500.0,3590.0,-58.0,6203.0845,18.0,18.0,Ideal,E,VVS2,2.43,IGI,14060.0
1362,Jane Brear,2,Round,1,1,0,13.87,1219.0,677.22,1201.0,-58.0,2082.9556,18.0,18.0,Super Ideal,J,SI1,1.8,IGI,2670.0
1365,Temperley,2,Oval,1,1,0,11.54,513.42,987.35,506.0,-19.0,424.3681,15.0,15.0,Super Ideal,F,VS1,0.52,IGI,630.0
1368,Lotus Creation,2,Round,1,1,0,15.45,327.19,564.12,322.0,-51.0,482.8892,18.0,18.0,Ideal,E,VS1,0.58,IGI,820.0
1368,Marlowe & Co,2,Round,1,1,0,21.64,308.0,531.03,303.0,-56.0,495.9319,18.0,18.0,Ideal,E,VS1,0.58,IGI,820.0
1368,Michelle Kennedy,2,Round,1,1,0,19.62,312.0,537.93,307.0,-53.0,478.2551,18.0,18.0,Ideal,E,VS1,0.58,IGI,820.0
1368,Tamara,2,Round,1,1,0,11.73,337.3,581.55,332.0,-52.0,502.9211,18.0,18.0,Ideal,E,VS1,0.58,IGI,820.0
1368,Temperley,2,Round,1,1,0,17.58,315.0,543.1,310.0,-55.0,499.9213,18.0,18.0,Ideal,E,VS1,0.58,IGI,820.0
1368,White Lily,2,Round,1,1,0,19.29,343.0,591.38,338.0,-52.0,507.9078,18.0,18.0,Ideal,E,VS1,0.58,IGI,820.0
1371,Promenade Jewelry,2,Round,1,1,0,11.07,337.0,702.08,332.0,-11.0,271.5843,18.0,18.0,Super Ideal,D,VS2,0.48,IGI,560.0
1371,Temperley,2,Round,1,1,0,12.64,358.2,746.25,353.0,-5.0,268.6392,18.0,18.0,Super Ideal,D,VS2,0.48,IGI,560.0
1371,Tilia Diamonds,2,Round,1,1,0,13.66,340.29,708.94,335.0,-6.0,258.8766,18.0,18.0,Super Ideal,D,VS2,0.48,IGI,560.0
1373,Dagenham Diamonds,2,Round,1,1,0,17.66,1268.0,975.38,1249.0,-57.0,2102.948,18.0,18.0,Ideal,D,VVS2,1.3,IGI,5490.0
1373,Ember Star,2,Round,1,1,0,16.64,1238.0,952.31,1219.0,-59.0,2159.8232,18.0,18.0,Ideal,D,VVS2,1.3,IGI,5490.0
1373,Emilia Sterling,2,Round,1,1,0,92.29,1213.0,933.08,1195.0,-60.0,2167.7014,18.0,18.0,Ideal,D,VVS2,1.3,IGI,5490.0
1373,Eternity Fine Jewelers,2,Round,1,1,0,15.71,1255.0,965.38,1236.0,-59.0,2177.4165,18.0,18.0,Ideal,D,VVS2,1.3,IGI,5490.0
1373,Fabiola,2,Round,1,1,0,14.15,1235.0,950.0,1216.0,-60.0,2188.2046,18.0,18.0,Ideal,D,VVS2,1.3,IGI,5490.0
1373,Gemstone Harmony,2,Round,1,1,0,14.97,1243.0,956.15,1224.0,-59.0,2163.3442,18.0,18.0,Ideal,D,VVS2,1.3,IGI,5490.0
1373,Infinity Diamonds,2,Round,1,1,0,18.72,1263.0,971.54,1244.0,-58.0,2144.8945,18.0,18.0,Ideal,D,VVS2,1.3,IGI,5490.0
1373,Jane Brear,2,Round,1,1,0,15.06,1274.0,980.0,1255.0,-58.0,2191.5774,18.0,18.0,Ideal,D,VVS2,1.3,IGI,5490.0
1373,Knox Diamonds,2,Round,1,1,0,10.74,1235.0,950.0,1216.0,-59.0,2155.0356,18.0,18.0,Ideal,D,VVS2,1.3,IGI,5490.0
1373,Magnolia,2,Round,1,1,0,13.56,1235.0,950.0,1216.0,-59.0,2167.304,18.0,18.0,Ideal,D,VVS2,1.3,IGI,5490.0
1373,Marlowe & Co,2,Round,1,1,0,19.62,1263.0,971.54,1244.0,-58.0,2165.9514,18.0,18.0,Ideal,D,VVS2,1.3,IGI,5490.0
1373,Michelle Kennedy,2,Round,1,1,0,14.27,1262.0,970.77,1243.0,-58.0,2165.2964,18.0,18.0,Ideal,D,VVS2,1.3,IGI,5490.0
1373,Promenade Jewelry,2,Round,1,1,0,13.88,1257.0,966.92,1238.0,-59.0,2173.8081,18.0,18.0,Ideal,D,VVS2,1.3,IGI,5490.0
1373,Riviera Jewels,2,Round,1,1,0,14.52,1239.0,953.08,1220.0,-59.0,2156.5527,18.0,18.0,Ideal,D,VVS2,1.3,IGI,5490.0
1373,Sigma Diamonds,2,Round,1,1,0,14.73,1235.0,950.0,1216.0,-60.0,2196.8069,18.0,18.0,Ideal,D,VVS2,1.3,IGI,5490.0
1373,Silva Diamonds,2,Round,1,1,0,13.3,1235.0,950.0,1216.0,-59.0,2173.1003,18.0,18.0,Ideal,D,VVS2,1.3,IGI,5490.0
1373,Simetría,2,Round,1,1,0,13.33,1235.0,950.0,1216.0,-58.0,2129.6226,18.0,18.0,Ideal,D,VVS2,1.3,IGI,5490.0
1373,Starlight Crafts,2,Round,1,1,0,14.14,1235.0,950.0,1216.0,-59.0,2133.3342,18.0,18.0,Ideal,D,VVS2,1.3,IGI,5490.0
1373,Summit Gems,2,Round,1,1,0,15.65,1235.0,950.0,1216.0,-59.0,2157.4858,18.0,18.0,Ideal,D,VVS2,1.3,IGI,5490.0
1373,Tamara,2,Round,1,1,0,12.34,1259.0,968.46,1240.0,-58.0,2151.1733,18.0,18.0,Ideal,D,VVS2,1.3,IGI,5490.0
1373,Temperley,2,Round,1,1,0,14.11,1274.0,980.0,1255.0,-58.0,2161.6348,18.0,18.0,Ideal,D,VVS2,1.3,IGI,5490.0
1373,Tilia Diamonds,2,Round,1,1,0,13.61,1249.0,960.77,1230.0,-59.0,2156.1023,18.0,18.0,Ideal,D,VVS2,1.3,IGI,5490.0
1373,White Lily,2,Round,1,1,0,10.82,1257.0,966.92,1238.0,-58.0,2159.3333,18.0,18.0,Ideal,D,VVS2,1.3,IGI,5490.0
1381,Jane Brear,2,Round,1,1,0,12.53,1423.0,948.67,1402.0,-56.0,2317.793,17.0,18.0,Very Good,E,VS1,1.5,IGI,5181.67
1381,Michelle Kennedy,2,Round,1,1,0,14.27,1417.0,944.67,1396.0,-55.0,2242.8796,16.0,18.0,Very Good,E,VS1,1.5,IGI,5181.67
1381,Riviera Jewels,2,Round,1,1,0,12.43,1401.96,934.64,1381.0,-57.0,2308.614,16.0,18.0,Very Good,E,VS1,1.5,IGI,5181.67
1381,Temperley,2,Round,1,1,0,15.78,1410.0,940.0,1389.0,-56.0,2300.123,16.0,18.0,Very Good,E,VS1,1.5,IGI,5181.67
1381,Thalassa Gems,2,Round,1,1,0,13.06,1381.0,920.67,1360.0,-56.0,2238.6545,15.0,18.0,Very Good,E,VS1,1.5,IGI,5181.67
1381,White Lily,2,Round,1,3,0,13.82,1444.0,962.67,1422.0,-54.0,2247.4922,16.0,18.0,Very Good,E,VS1,1.5,IGI,5181.67
1391,Jane Brear,2,Oval,1,1,0,20.16,2481.0,1216.18,2444.0,-56.0,3774.8525,15.0,15.0,Very Good,F,VS2,2.04,IGI,7350.0
1391,Michelle Kennedy,2,Oval,1,1,0,15.31,2215.0,1085.78,2182.0,-60.0,3704.1165,15.0,15.0,Very Good,F,VS2,2.04,IGI,7350.0
1391,Taiga Gems,2,Oval,1,1,0,30.13,2062.53,1011.04,2032.0,-64.0,3829.2976,15.0,15.0,Very Good,F,VS2,2.04,IGI,7350.0
1394,Michelle Kennedy,2,Cushion,2,2,0,21.66,901.0,834.26,887.0,-40.0,952.6244,13.0,15.0,Very Good,E,SI2,1.08,IGI,1580.0
1399,Albert's Creations,2,Radiant,1,1,0,11.92,2202.0,1095.52,2169.0,-64.0,3953.3779,15.0,15.0,Super Ideal,F,VS2,2.01,IGI,6790.0
1399,Emilia Sterling,2,Radiant,1,1,0,23.4,2164.0,1076.62,2132.0,-64.0,3940.5178,15.0,15.0,Super Ideal,F,VS2,2.01,IGI,6790.0
1399,Jane Brear,2,Radiant,1,1,0,11.03,2533.0,1260.2,2495.0,-58.0,3959.1226,15.0,15.0,Super Ideal,F,VS2,2.01,IGI,6790.0
1399,Mei & Co,2,Radiant,1,1,0,18.69,2170.0,1079.6,2137.0,-64.0,3912.5718,15.0,15.0,Super Ideal,F,VS2,2.01,IGI,6790.0
1399,Michelle Kennedy,2,Radiant,1,1,0,22.87,2232.0,1110.45,2199.0,-62.0,3829.4639,15.0,15.0,Super Ideal,F,VS2,2.01,IGI,6790.0
1399,Nebula Stones,2,Radiant,1,1,0,22.56,2223.0,1105.97,2190.0,-64.0,4048.6958,15.0,15.0,Super Ideal,F,VS2,2.01,IGI,6790.0
1399,Roma Diamonds,2,Radiant,1,1,0,12.43,3391.0,1687.06,3340.0,-45.0,4020.8669,15.0,15.0,Super Ideal,F,VS2,2.01,IGI,6790.0
1399,Taiga Gems,2,Radiant,1,1,0,21.24,2170.0,1079.6,2137.0,-64.0,3861.1328,15.0,15.0,Super Ideal,F,VS2,2.01,IGI,6790.0
1399,Tamara,2,Radiant,1,1,0,18.72,2214.0,1101.49,2181.0,-63.0,3890.8149,15.0,15.0,Super Ideal,F,VS2,2.01,IGI,6790.0
1399,Temperley,2,Radiant,1,1,0,17.88,2274.0,1131.34,2240.0,-62.0,3904.4424,15.0,15.0,Super Ideal,F,VS2,2.01,IGI,6790.0
1399,Vespera Gems,2,Radiant,1,1,0,20.25,2166.0,1077.61,2134.0,-63.0,3837.3611,15.0,15.0,Super Ideal,F,VS2,2.01,IGI,6790.0
1399,White Lily,2,Radiant,1,1,0,17.86,2241.0,1114.93,2207.0,-63.0,3889.5696,15.0,15.0,Super Ideal,F,VS2,2.01,IGI,6790.0
1400,Albert's Creations,2,Oval,1,1,0,13.24,361.18,508.7,356.0,-43.0,430.0519,15.0,15.0,Super Ideal,D,VS2,0.71,IGI,1250.0
1400,Michelle Kennedy,2,Oval,1,1,0,88.05,385.0,542.25,379.0,-45.0,468.6986,15.0,15.0,Super Ideal,D,VS2,0.71,IGI,1250.0
1400,Promenade Jewelry,2,Oval,1,1,0,11.31,361.18,508.7,356.0,-45.0,442.6721,15.0,15.0,Super Ideal,D,VS2,0.71,IGI,1250.0
1400,Roma Diamonds,2,Oval,1,1,0,12.2,354.0,498.59,349.0,-47.0,449.5828,15.0,15.0,Super Ideal,D,VS2,0.71,IGI,1250.0
1400,Rosella,2,Oval,2,2,0,15.69,334.0,470.42,329.0,-51.0,455.9723,15.0,15.0,Super Ideal,D,VS2,0.71,IGI,1250.0
1400,Vega Diamonds,2,Oval,2,2,0,19.77,350.35,493.45,345.0,-51.0,482.3875,15.0,15.0,Super Ideal,D,VS2,0.71,IGI,1250.0
1402,Jane Brear,2,Oval,1,1,0,18.9,1364.72,837.25,1344.0,-51.0,1880.637,15.0,15.0,Super Ideal,I,VS1,1.63,IGI,3450.0
1405,Avignon Diamonds,2,Round,1,1,0,5.99,2225.0,2041.28,2192.0,28.0,1241.1519,18.0,18.0,Ideal,F,VS2,1.09,IGI,2385.0
1405,Clermont Diamonds,2,Round,1,1,0,12.83,659.0,604.59,649.0,-63.0,1280.7255,18.0,18.0,Ideal,F,VS2,1.09,IGI,2385.0
1405,Jane Brear,2,Round,1,1,0,13.48,697.0,639.45,687.0,-58.0,1192.8284,18.0,18.0,Ideal,F,VS2,1.09,IGI,2385.0
1405,Marlowe & Co,2,Round,1,1,0,12.62,690.0,633.03,680.0,-61.0,1279.7301,18.0,18.0,Ideal,F,VS2,1.09,IGI,2385.0
1405,Michelle Kennedy,2,Round,1,1,0,12.46,699.48,641.72,689.0,-61.0,1296.865,18.0,18.0,Ideal,F,VS2,1.09,IGI,2385.0
1405,Nova Stars,2,Round,1,1,0,9.86,661.0,606.42,651.0,-64.0,1307.7898,18.0,18.0,Ideal,F,VS2,1.09,IGI,2385.0
1405,Rosella,2,Round,1,1,0,12.78,663.0,608.26,653.0,-63.0,1272.5376,18.0,18.0,Ideal,F,VS2,1.09,IGI,2385.0
1405,Taiga Gems,2,Round,1,1,0,14.46,665.0,610.09,655.0,-62.0,1250.7457,18.0,18.0,Ideal,F,VS2,1.09,IGI,2385.0
1405,Temperley,2,Round,1,1,0,11.88,699.48,641.72,689.0,-59.0,1232.2762,18.0,18.0,Ideal,F,VS2,1.09,IGI,2385.0
1405,Thalassa Gems,2,Round,1,1,0,14.9,671.0,615.6,661.0,-62.0,1258.1797,18.0,18.0,Ideal,F,VS2,1.09,IGI,2385.0
1405,White Lily,2,Round,1,1,0,55.5,692.0,634.86,682.0,-61.0,1268.0009,18.0,18.0,Ideal,F,VS2,1.09,IGI,2385.0
1413,Clermont Diamonds,2,Emerald,1,1,0,11.09,2508.0,1200.0,2470.0,-63.0,4404.4609,14.0,15.0,Very Good,E,VS1,2.09,IGI,8190.0
1413,Michelle Kennedy,2,Emerald,1,1,0,17.37,2561.51,1225.6,2523.0,-64.0,4590.251,15.0,15.0,Very Good,E,VS1,2.09,IGI,8190.0
1413,Temperley,2,Emerald,2,2,0,15.25,2500.0,1196.17,2462.0,-64.0,4414.9854,14.0,15.0,Very Good,E,VS1,2.09,IGI,8190.0
1413,Thalassa Gems,2,Emerald,1,1,0,12.29,2499.44,1195.9,2462.0,-65.0,4542.9399,14.0,15.0,Very Good,E,VS1,2.09,IGI,8190.0
1415,Roma Diamonds,2,Round,1,1,0,11.85,372.0,1127.27,366.0,8.0,245.5126,18.0,18.0,Super Ideal,G,SI1,0.33,IGI,350.0
1417,Cirrus Gems,2,Round,1,1,0,20.5,1405.0,784.92,1384.0,-51.0,2064.6243,18.0,18.0,Ideal,H,VS1,1.79,IGI,4300.0
1417,Jane Brear,2,Round,1,1,0,15.52,1466.63,819.35,1445.0,-49.0,2048.7825,18.0,18.0,Ideal,H,VS1,1.79,IGI,4300.0
1417,Marlowe & Co,2,Round,1,1,0,19.18,1445.0,807.26,1423.0,-49.0,2029.4957,18.0,18.0,Ideal,H,VS1,1.79,IGI,4300.0
1417,N. B. Diamonds,2,Round,1,1,0,16.61,1438.07,803.39,1416.0,-50.0,2071.2397,18.0,18.0,Ideal,H,VS1,1.79,IGI,4300.0
1417,Taiga Gems,2,Round,1,1,0,18.44,1402.0,783.24,1381.0,-54.0,2160.2737,18.0,18.0,Ideal,H,VS1,1.79,IGI,4300.0
1417,White Lily,2,Round,1,1,0,17.6,1471.0,821.79,1449.0,-50.0,2099.7563,18.0,18.0,Ideal,H,VS1,1.79,IGI,4300.0
1420,Kasai,2,Emerald,1,1,0,17.88,630.0,611.65,621.0,-61.0,1040.3444,15.0,15.0,Super Ideal,H,SI1,1.03,IGI,1510.0
1422,Dahlia Diamonds,2,Oval,1,1,0,93.85,2123.0,1056.22,2091.0,-64.0,3921.5728,15.0,15.0,Super Ideal,G,VS1,2.01,IGI,7223.33
1422,Ember Star,2,Oval,1,1,0,13.36,2156.0,1072.64,2124.0,-63.0,3891.3057,15.0,15.0,Super Ideal,G,VS1,2.01,IGI,7223.33
1422,Grace Brooks,2,Oval,1,1,0,18.04,2184.0,1086.57,2151.0,-63.0,3950.5496,15.0,15.0,Super Ideal,G,VS1,2.01,IGI,7223.33
1422,Hoseki,2,Oval,1,1,0,16.01,2205.0,1097.01,2172.0,-62.0,3905.5508,15.0,15.0,Super Ideal,G,VS1,2.01,IGI,7223.33
1422,Jane Brear,2,Oval,1,1,0,15.59,2191.0,1090.05,2158.0,-63.0,3951.178,15.0,15.0,Super Ideal,G,VS1,2.01,IGI,7223.33
1422,Magnolia,2,Oval,2,2,0,10.83,2167.0,1078.11,2134.0,-62.0,3889.4248,15.0,15.0,Super Ideal,G,VS1,2.01,IGI,7223.33
1422,Mei & Co,2,Oval,1,1,0,12.3,2123.0,1056.22,2091.0,-63.0,3913.7966,15.0,15.0,Super Ideal,G,VS1,2.01,IGI,7223.33
1422,Michelle Kennedy,2,Oval,1,1,0,18.55,2210.0,1099.5,2177.0,-61.0,3797.9121,15.0,15.0,Super Ideal,G,VS1,2.01,IGI,7223.33
1422,Nova Stars,2,Oval,1,1,0,11.66,2123.0,1056.22,2091.0,-64.0,3965.6157,15.0,15.0,Super Ideal,G,VS1,2.01,IGI,7223.33
1422,Oasis Diamonds,2,Oval,1,1,0,11.59,2234.0,1111.44,2200.0,-61.0,3828.6362,15.0,15.0,Super Ideal,G,VS1,2.01,IGI,7223.33
1422,Taiga Gems,2,Oval,1,1,0,13.06,2148.0,1068.66,2116.0,-63.0,3866.2341,15.0,15.0,Super Ideal,G,VS1,2.01,IGI,7223.33
1422,Temperley,2,Oval,1,1,0,15.29,2170.0,1079.6,2137.0,-62.0,3805.9436,15.0,15.0,Super Ideal,G,VS1,2.01,IGI,7223.33
1422,Vespera Gems,2,Oval,1,1,0,17.6,2139.0,1064.18,2107.0,-63.0,3860.3047,15.0,15.0,Super Ideal,G,VS1,2.01,IGI,7223.33
1422,White Lily,2,Oval,1,1,0,17.55,2210.0,1099.5,2177.0,-62.0,3882.2705,15.0,15.0,Super Ideal,G,VS1,2.01,IGI,7223.33
1425,Taiga Gems,2,Heart,1,1,0,14.44,1307.0,832.48,1287.0,-65.0,2235.9949,15.0,15.0,Super Ideal,H,VS1,1.57,IGI,3520.0
1434,Cirrus Gems,2,Round,1,1,0,17.94,772.0,603.12,760.0,-57.0,1291.9391,18.0,18.0,Super Ideal,I,VS2,1.28,IGI,2230.0
1440,Equinox Jewels,2,Round,1,1,0,14.84,817.0,680.83,805.0,-62.0,1558.6531,18.0,18.0,Ideal,E,VS2,1.2,IGI,2715.0
1440,Jane Brear,2,Round,1,1,0,16.52,857.69,714.74,845.0,-61.0,1571.2957,18.0,18.0,Ideal,E,VS2,1.2,IGI,2715.0
1440,Lotus Creation,2,Round,1,1,0,18.66,821.0,684.17,809.0,-60.0,1480.8228,18.0,18.0,Ideal,E,VS2,1.2,IGI,2715.0
1440,Michelle Kennedy,2,Round,1,1,0,18.85,888.54,740.45,875.0,-59.0,1561.6926,18.0,18.0,Ideal,E,VS2,1.2,IGI,2715.0
1440,Riviera Jewels,2,Round,1,1,0,14.25,823.0,685.83,811.0,-62.0,1552.1423,18.0,18.0,Ideal,E,VS2,1.2,IGI,2715.0
1440,Roma Diamonds,2,Round,1,1,0,10.26,1543.0,1285.83,1520.0,-29.0,1545.9724,18.0,18.0,Ideal,E,VS2,1.2,IGI,2715.0
1440,Serene Peaks Diamonds,2,Round,1,1,0,19.76,829.0,690.83,817.0,-63.0,1590.895,18.0,18.0,Ideal,E,VS2,1.2,IGI,2715.0
1440,Silva Diamonds,2,Round,1,1,0,12.97,823.0,685.83,811.0,-62.0,1567.1034,18.0,18.0,Ideal,E,VS2,1.2,IGI,2715.0
1440,Simetría,2,Round,1,1,0,22.55,809.76,674.8,798.0,-63.0,1550.4801,18.0,18.0,Ideal,E,VS2,1.2,IGI,2715.0
1440,Temperley,2,Round,1,1,0,20.31,853.71,711.42,841.0,-60.0,1538.7053,18.0,18.0,Ideal,E,VS2,1.2,IGI,2715.0
1440,White Lily,2,Round,1,1,0,18.99,857.69,714.74,845.0,-61.0,1567.4974,18.0,18.0,Ideal,E,VS2,1.2,IGI,2715.0
1441,Oasis Diamonds,2,Round,1,1,0,17.46,1038.78,678.94,1023.0,-69.0,2405.8977,15.0,18.0,Very Good,I,VS1,1.53,IGI,2960.0
1443,55 E Diamonds,2,Round,1,1,0,11.6,836.0,663.49,823.0,-63.0,1633.1625,18.0,18.0,Ideal,F,VS1,1.26,IGI,3016.67
1443,Artemis Stones,2,Round,1,1,0,20.46,850.3,674.84,838.0,-62.0,1619.7449,18.0,18.0,Ideal,F,VS1,1.26,IGI,3016.67
1443,Clermont Diamonds,2,Round,1,1,0,14.36,841.0,667.46,828.0,-63.0,1619.2052,18.0,18.0,Ideal,F,VS1,1.26,IGI,3016.67
1443,Equinox Jewels,2,Round,1,1,0,15.04,831.0,659.52,819.0,-64.0,1645.2588,18.0,18.0,Ideal,F,VS1,1.26,IGI,3016.67
1443,Fabiola,2,Round,1,1,0,14.41,830.0,658.73,818.0,-64.0,1633.6107,18.0,18.0,Ideal,F,VS1,1.26,IGI,3016.67
1443,Jane Brear,2,Round,1,1,0,16.91,957.0,759.52,943.0,-58.0,1648.369,18.0,18.0,Ideal,F,VS1,1.26,IGI,3016.67
1443,Lotus Creation,2,Round,1,1,0,19.45,849.33,674.07,837.0,-63.0,1635.005,18.0,18.0,Ideal,F,VS1,1.26,IGI,3016.67
1443,Magnolia,2,Round,1,1,0,13.95,830.0,658.73,818.0,-63.0,1609.3864,18.0,18.0,Ideal,F,VS1,1.26,IGI,3016.67
1443,Michelle Kennedy,2,Round,1,1,0,93.23,869.0,689.68,856.0,-63.0,1668.3844,18.0,18.0,Ideal,F,VS1,1.26,IGI,3016.67
1443,Nova Stars,2,Round,1,1,0,10.4,832.0,660.32,820.0,-64.0,1637.6293,18.0,18.0,Ideal,F,VS1,1.26,IGI,3016.67
1443,Periwinkle Stones,2,Round,1,1,0,14.6,858.0,680.95,845.0,-63.0,1646.8622,18.0,18.0,Ideal,F,VS1,1.26,IGI,3016.67
1443,Roma Diamonds,2,Round,1,1,0,14.13,1592.0,1263.49,1568.0,-31.0,1644.2908,18.0,18.0,Ideal,F,VS1,1.26,IGI,3016.67
1443,Temperley,2,Round,1,1,0,13.42,870.0,690.48,857.0,-62.0,1624.6713,18.0,18.0,Ideal,F,VS1,1.26,IGI,3016.67
1448,Albert's Creations,2,Round,1,1,0,13.12,1307.0,859.87,1287.0,-59.0,2296.95,18.0,18.0,Ideal,E,VS2,1.52,IGI,4470.0
1448,Avignon Diamonds,2,Round,1,1,0,11.51,1313.0,863.82,1293.0,-58.0,2251.3206,18.0,18.0,Ideal,E,VS2,1.52,IGI,4470.0
1448,Camden Gems,2,Round,1,1,0,14.24,1299.0,854.61,1280.0,-59.0,2292.5029,18.0,18.0,Ideal,E,VS2,1.52,IGI,4470.0
1448,Ember Star,2,Round,1,1,0,12.95,1306.44,859.5,1287.0,-58.0,2248.8926,18.0,18.0,Ideal,E,VS2,1.52,IGI,4470.0
1448,Hoseki,2,Round,1,1,0,10.98,1337.28,879.79,1317.0,-57.0,2230.7859,18.0,18.0,Ideal,E,VS2,1.52,IGI,4470.0
1448,Jane Brear,2,Round,1,1,0,12.89,1357.18,892.88,1337.0,-57.0,2251.8728,18.0,18.0,Ideal,E,VS2,1.52,IGI,4470.0
1448,Mei & Co,2,Round,1,1,0,15.11,1284.0,844.74,1265.0,-60.0,2305.0791,18.0,18.0,Ideal,E,VS2,1.52,IGI,4470.0
1448,Michelle Kennedy,2,Round,1,1,0,10.02,1315.0,865.13,1295.0,-58.0,2241.1223,18.0,18.0,Ideal,E,VS2,1.52,IGI,4470.0
1448,Periwinkle Stones,2,Round,1,1,0,12.43,1363.15,896.81,1343.0,-57.0,2277.0298,18.0,18.0,Ideal,E,VS2,1.52,IGI,4470.0
1448,Rosella,2,Round,1,1,0,14.19,1283.0,844.08,1264.0,-59.0,2233.5388,18.0,18.0,Ideal,E,VS2,1.52,IGI,4470.0
1448,Serenade Diamonds,2,Round,1,1,0,11.0,1299.0,854.61,1280.0,-58.0,2226.936,18.0,18.0,Ideal,E,VS2,1.52,IGI,4470.0
1448,Silva Diamonds,2,Round,1,1,0,14.13,1284.0,844.74,1265.0,-59.0,2267.2002,18.0,18.0,Ideal,E,VS2,1.52,IGI,4470.0
1448,Temperley,2,Round,1,1,0,18.17,1266.0,832.89,1247.0,-60.0,2262.5774,17.0,18.0,Ideal,E,VS2,1.52,IGI,4470.0
1448,Thalassa Gems,2,Round,1,1,0,14.84,1297.48,853.61,1278.0,-57.0,2166.9495,18.0,18.0,Ideal,E,VS2,1.52,IGI,4470.0
1448,White Lily,2,Round,1,1,0,13.15,1315.0,865.13,1295.0,-58.0,2216.9275,18.0,18.0,Ideal,E,VS2,1.52,IGI,4470.0
1450,Albert's Creations,2,Oval,1,1,0,14.08,357.0,502.82,352.0,-51.0,494.2091,15.0,15.0,Very Good,E,VS1,0.71,IGI,1331.67
1450,Michelle Kennedy,2,Oval,1,1,0,87.53,394.0,554.93,388.0,-54.0,573.4769,14.0,15.0,Very Good,E,VS1,0.71,IGI,1331.67
1450,Rosella,2,Oval,2,2,0,17.69,315.6,444.51,311.0,-55.0,473.0755,15.0,15.0,Very Good,E,VS1,0.71,IGI,1331.67
1450,Vega Diamonds,2,Oval,2,2,0,24.52,323.33,455.39,318.0,-56.0,498.9826,14.0,15.0,Very Good,E,VS1,0.71,IGI,1331.67
1452,Albert's Creations,2,Oval,1,1,0,13.78,2903.0,1382.38,2859.0,-61.0,5012.6245,15.0,15.0,Super Ideal,E,VVS2,2.1,IGI,10090.0
1452,Eterna Luxe,2,Oval,1,1,0,13.56,2903.0,1382.38,2859.0,-62.0,5119.7964,15.0,15.0,Super Ideal,E,VVS2,2.1,IGI,10090.0
1452,Jane Brear,2,Oval,1,1,0,19.05,2896.0,1379.05,2853.0,-61.0,5055.4155,15.0,15.0,Super Ideal,E,VVS2,2.1,IGI,10090.0
1452,Michelle Kennedy,2,Oval,1,1,0,12.45,2903.0,1382.38,2859.0,-61.0,5045.4692,15.0,15.0,Super Ideal,E,VVS2,2.1,IGI,10090.0
1452,Montmartre Gems,2,Oval,1,1,0,10.37,2903.0,1382.38,2859.0,-62.0,5157.5918,15.0,15.0,Super Ideal,E,VVS2,2.1,IGI,10090.0
1452,Promenade Jewelry,2,Oval,1,1,0,12.65,2824.0,1344.76,2782.0,-63.0,5095.4404,15.0,15.0,Super Ideal,E,VVS2,2.1,IGI,10090.0
1452,Rosella,2,Oval,1,1,0,10.85,2816.0,1340.95,2774.0,-63.0,5120.2319,15.0,15.0,Super Ideal,E,VVS2,2.1,IGI,10090.0
1452,Taiga Gems,2,Oval,1,1,0,13.59,2903.0,1382.38,2859.0,-61.0,5057.8018,15.0,15.0,Super Ideal,E,VVS2,2.1,IGI,10090.0
1452,Temperley,2,Oval,1,1,0,11.85,2903.0,1382.38,2859.0,-61.0,5075.3774,15.0,15.0,Super Ideal,E,VVS2,2.1,IGI,10090.0
1452,White Lily,2,Oval,1,1,0,14.82,2903.0,1382.38,2859.0,-62.0,5126.0796,15.0,15.0,Super Ideal,E,VVS2,2.1,IGI,10090.0
1455,Ember Star,2,Princess,1,1,0,14.73,1796.97,1116.13,1770.0,-62.0,3010.5312,15.0,15.0,Super Ideal,F,VVS2,1.61,IGI,5090.0
1455,Fiona Clément,2,Princess,1,1,0,15.11,1790.0,1111.8,1763.0,-63.0,3058.2944,15.0,15.0,Super Ideal,F,VVS2,1.61,IGI,5090.0
1455,Jane Brear,2,Princess,1,1,0,12.81,1803.94,1120.46,1777.0,-62.0,3019.7126,15.0,15.0,Super Ideal,F,VVS2,1.61,IGI,5090.0
1455,Michelle Kennedy,2,Princess,1,1,0,10.92,1799.96,1117.99,1773.0,-62.0,3047.009,15.0,15.0,Super Ideal,F,VVS2,1.61,IGI,5090.0
1455,Rosella,2,Princess,1,1,0,17.05,1744.03,1083.25,1718.0,-64.0,3041.7979,15.0,15.0,Super Ideal,F,VVS2,1.61,IGI,5090.0
1455,White Lily,2,Princess,1,1,0,13.49,1819.31,1130.01,1792.0,-64.0,3215.9927,15.0,15.0,Super Ideal,F,VVS2,1.61,IGI,5090.0
1456,CV Diamonds,2,Round,1,1,0,14.46,768.14,698.31,757.0,-57.0,1276.3475,18.0,18.0,Super Ideal,F,VS1,1.1,IGI,2721.43
1456,Camden Gems,2,Round,1,1,0,12.18,749.0,680.91,738.0,-58.0,1289.9747,18.0,18.0,Super Ideal,F,VS1,1.1,IGI,2721.43
1456,Clermont Diamonds,2,Round,1,1,0,13.05,754.0,685.45,743.0,-58.0,1281.0397,18.0,18.0,Super Ideal,F,VS1,1.1,IGI,2721.43
1456,Hill & Holland,2,Round,1,1,0,14.11,783.0,711.82,771.0,-56.0,1284.442,18.0,18.0,Super Ideal,F,VS1,1.1,IGI,2721.43
1456,Jane Brear,2,Round,1,1,0,11.64,789.0,717.27,777.0,-55.0,1263.3181,18.0,18.0,Super Ideal,F,VS1,1.1,IGI,2721.43
1456,Lotus Creation,2,Round,1,1,0,16.38,764.4,694.91,753.0,-57.0,1261.9033,18.0,18.0,Super Ideal,F,VS1,1.1,IGI,2721.43
1456,Marlowe & Co,2,Round,1,1,0,11.53,775.1,704.64,763.0,-57.0,1294.2797,18.0,18.0,Super Ideal,F,VS1,1.1,IGI,2721.43
1456,Meridian Crafts,2,Round,1,1,0,14.63,760.0,690.91,749.0,-58.0,1284.442,18.0,18.0,Super Ideal,F,VS1,1.1,IGI,2721.43
1456,Michelle Kennedy,2,Round,1,1,0,15.71,786.05,714.59,774.0,-56.0,1288.1478,18.0,18.0,Super Ideal,F,VS1,1.1,IGI,2721.43
1456,Nova Stars,2,Round,1,1,0,11.69,748.0,680.0,737.0,-60.0,1337.6725,18.0,18.0,Super Ideal,F,VS1,1.1,IGI,2721.43
1456,Rosella,2,Round,1,1,0,10.2,752.0,683.64,741.0,-58.0,1268.3644,18.0,18.0,Super Ideal,F,VS1,1.1,IGI,2721.43
1456,Taiga Gems,2,Round,1,1,0,12.87,769.0,699.09,757.0,-57.0,1279.3514,18.0,18.0,Super Ideal,F,VS1,1.1,IGI,2721.43
1456,Temperley,2,Round,1,1,0,15.31,860.68,782.44,848.0,-51.0,1258.1837,18.0,18.0,Super Ideal,F,VS1,1.1,IGI,2721.43
1456,Thalassa Gems,2,Round,1,1,0,14.48,761.18,691.98,750.0,-58.0,1284.2373,18.0,18.0,Super Ideal,F,VS1,1.1,IGI,2721.43
1456,White Lily,2,Round,1,1,0,16.08,995.07,904.61,980.0,-45.0,1292.5892,18.0,18.0,Super Ideal,F,VS1,1.1,IGI,2721.43
1458,Jane Brear,2,Round,1,1,0,18.04,4409.2,1814.49,4343.0,-51.0,6451.5322,18.0,18.0,Super Ideal,D,VVS2,2.43,IGI,15650.0
1458,Michelle Kennedy,2,Round,1,1,0,16.71,4015.82,1652.6,3956.0,-57.0,6707.5996,18.0,18.0,Super Ideal,D,VVS2,2.43,IGI,15650.0
1458,Promenade Jewelry,2,Round,1,1,0,19.77,3853.0,1585.6,3795.0,-58.0,6612.4673,18.0,18.0,Super Ideal,D,VVS2,2.43,IGI,15650.0
1458,Sara's Diamonds,2,Round,1,1,0,13.56,4291.0,1765.84,4227.0,-53.0,6530.5269,18.0,18.0,Super Ideal,D,VVS2,2.43,IGI,15650.0
1458,Temperley,2,Round,1,1,0,14.68,4179.0,1719.75,4116.0,-55.0,6665.3843,18.0,18.0,Super Ideal,D,VVS2,2.43,IGI,15650.0
1462,Albert's Creations,2,Emerald,1,1,0,13.29,4334.0,1435.1,4269.0,-63.0,7461.1509,15.0,15.0,Super Ideal,F,VS2,3.02,IGI,13300.0
1462,Century Stones,2,Emerald,1,1,0,18.24,4180.0,1384.11,4117.0,-64.0,7537.4204,15.0,15.0,Super Ideal,F,VS2,3.02,IGI,13300.0
1462,Fabiola,2,Emerald,1,1,0,11.45,4325.0,1432.12,4260.0,-63.0,7453.4795,15.0,15.0,Super Ideal,F,VS2,3.02,IGI,13300.0
1462,Jane Brear,2,Emerald,1,1,0,11.08,4316.0,1429.14,4251.0,-63.0,7490.4468,15.0,15.0,Super Ideal,F,VS2,3.02,IGI,13300.0
1462,Marlowe & Co,2,Emerald,1,1,0,17.88,4507.0,1492.38,4439.0,-62.0,7630.5522,15.0,15.0,Super Ideal,F,VS2,3.02,IGI,13300.0
1462,Michelle Kennedy,2,Emerald,1,1,0,9.92,4270.0,1413.91,4206.0,-64.0,7638.854,15.0,15.0,Super Ideal,F,VS2,3.02,IGI,13300.0
1462,Nebula Stones,2,Emerald,1,1,0,16.39,4400.0,1456.95,4334.0,-62.0,7452.606,15.0,15.0,Super Ideal,F,VS2,3.02,IGI,13300.0
1462,Serene Peaks Diamonds,2,Emerald,1,1,0,17.97,4298.4,1423.31,4234.0,-63.0,7556.9019,15.0,15.0,Super Ideal,F,VS2,3.02,IGI,13300.0
1462,Temperley,2,Emerald,1,1,0,10.12,4325.0,1432.12,4260.0,-63.0,7470.5508,15.0,15.0,Super Ideal,F,VS2,3.02,IGI,13300.0
1462,The Diamond Source,2,Emerald,1,1,0,18.03,4325.0,1432.12,4260.0,-63.0,7456.2764,15.0,15.0,Super Ideal,F,VS2,3.02,IGI,13300.0
1462,Vega Diamonds,2,Emerald,1,1,0,14.4,4161.0,1377.81,4099.0,-64.0,7478.6211,15.0,15.0,Super Ideal,F,VS2,3.02,IGI,13300.0
1462,White Lily,2,Emerald,1,1,0,15.83,4325.0,1432.12,4260.0,-63.0,7482.9165,15.0,15.0,Super Ideal,F,VS2,3.02,IGI,13300.0
1463,Artemis Stones,2,Round,1,1,0,18.82,1007.0,745.93,992.0,-56.0,1629.0735,18.0,18.0,Ideal,F,VS1,1.35,IGI,3270.0
1463,Clermont Diamonds,2,Round,1,1,0,15.9,997.0,738.52,982.0,-56.0,1640.0657,18.0,18.0,Ideal,F,VS1,1.35,IGI,3270.0
1463,Emilia Sterling,2,Round,1,1,0,13.12,986.0,730.37,971.0,-57.0,1627.116,18.0,18.0,Ideal,F,VS1,1.35,IGI,3270.0
1463,Fabiola,2,Round,1,1,0,12.74,999.0,740.0,984.0,-56.0,1634.7598,18.0,18.0,Ideal,F,VS1,1.35,IGI,3270.0
1463,Jane Brear,2,Round,1,1,0,12.29,1029.0,762.22,1014.0,-55.0,1635.0054,18.0,18.0,Ideal,F,VS1,1.35,IGI,3270.0
1463,Michelle Kennedy,2,Round,1,1,0,16.52,1035.0,766.67,1019.0,-55.0,1640.2495,18.0,18.0,Ideal,F,VS1,1.35,IGI,3270.0
1463,Serene Peaks Diamonds,2,Round,1,1,0,15.88,1013.0,750.37,998.0,-56.0,1652.7305,18.0,18.0,Ideal,F,VS1,1.35,IGI,3270.0
1463,Starlight Crafts,2,Round,1,1,0,12.43,997.0,738.52,982.0,-57.0,1657.845,18.0,18.0,Ideal,F,VS1,1.35,IGI,3270.0
1463,Taiga Gems,2,Round,1,1,0,17.82,986.0,730.37,971.0,-58.0,1676.127,18.0,18.0,Ideal,F,VS1,1.35,IGI,3270.0
1463,Tamara,2,Round,1,1,0,12.19,1020.0,755.56,1005.0,-56.0,1649.4595,17.0,18.0,Ideal,F,VS1,1.35,IGI,3270.0
1463,Temperley,2,Round,1,1,0,17.75,1040.0,770.37,1024.0,-54.0,1618.9135,18.0,18.0,Ideal,F,VS1,1.35,IGI,3270.0
1463,White Lily,2,Round,1,1,0,12.78,1029.0,762.22,1014.0,-54.0,1601.5398,17.0,18.0,Ideal,F,VS1,1.35,IGI,3270.0
1467,Infinity Diamonds,2,Pear,1,1,0,17.5,1410.0,1184.87,1389.0,-61.0,2365.2947,15.0,15.0,Super Ideal,D,VVS1,1.19,IGI,3940.0
1467,Mei & Co,2,Pear,1,1,0,17.38,1407.92,1183.13,1387.0,-61.0,2360.0249,15.0,15.0,Super Ideal,D,VVS1,1.19,IGI,3940.0
1467,Michelle Kennedy,2,Pear,1,1,0,15.61,1478.57,1242.5,1456.0,-59.0,2365.2947,15.0,15.0,Super Ideal,D,VVS1,1.19,IGI,3940.0
1469,Equinox Jewels,2,Round,1,1,0,14.72,302.0,457.58,297.0,-58.0,511.475,18.0,18.0,Ideal,E,VS1,0.66,IGI,967.5
1469,Hill & Holland,2,Round,1,1,0,21.62,321.0,486.36,316.0,-56.0,516.658,18.0,18.0,Ideal,E,VS1,0.66,IGI,967.5
1469,Hoseki,2,Round,1,1,0,23.57,322.0,487.88,317.0,-57.0,531.8144,18.0,18.0,Ideal,E,VS1,0.66,IGI,967.5
1469,Jane Brear,2,Round,1,1,0,13.19,331.0,501.52,326.0,-53.0,500.0277,18.0,18.0,Ideal,E,VS1,0.66,IGI,967.5
1469,Lotus Creation,2,Round,1,1,0,19.56,315.0,477.27,310.0,-55.0,495.9581,18.0,18.0,Ideal,E,VS1,0.66,IGI,967.5
1469,Marlowe & Co,2,Round,1,1,0,18.57,358.0,542.42,353.0,-48.0,488.3424,18.0,18.0,Ideal,E,VS1,0.66,IGI,967.5
1469,Mei & Co,2,Round,1,1,0,12.44,333.32,505.03,328.0,-53.0,504.2934,18.0,18.0,Ideal,E,VS1,0.66,IGI,967.5
1469,Michelle Kennedy,2,Round,1,1,0,20.0,322.0,487.88,317.0,-54.0,499.0694,18.0,18.0,Ideal,E,VS1,0.66,IGI,967.5
1469,Promenade Jewelry,2,Round,1,1,0,13.94,335.87,508.89,331.0,-52.0,502.274,18.0,18.0,Ideal,E,VS1,0.66,IGI,967.5
1469,Serenade Diamonds,2,Round,1,1,0,11.97,307.0,465.15,302.0,-57.0,506.4612,18.0,18.0,Ideal,E,VS1,0.66,IGI,967.5
1469,Temperley,2,Round,1,1,0,15.79,331.0,501.52,326.0,-53.0,503.2383,18.0,18.0,Ideal,E,VS1,0.66,IGI,967.5
1469,White Lily,2,Round,1,1,0,18.92,322.0,487.88,317.0,-54.0,498.3077,18.0,18.0,Ideal,E,VS1,0.66,IGI,967.5
1470,White Lily,2,Round,1,1,0,15.23,1912.93,783.99,1884.0,-56.0,3124.5674,18.0,18.0,Ideal,I,VS2,2.44,IGI,5980.0
1485,Clermont Diamonds,2,Round,1,1,0,12.56,836.0,679.67,823.0,-64.0,1654.8983,18.0,18.0,Super Ideal,F,VS1,1.23,IGI,2926.25
1485,Dahlia Diamonds,2,Round,1,1,0,93.04,830.0,674.8,818.0,-63.0,1618.7234,18.0,18.0,Super Ideal,F,VS1,1.23,IGI,2926.25
1485,Genesis Stones,2,Round,1,1,0,13.49,911.0,740.65,897.0,-60.0,1629.774,18.0,18.0,Super Ideal,F,VS1,1.23,IGI,2926.25
1485,Jane Brear,2,Round,1,1,0,18.31,868.64,706.21,856.0,-62.0,1619.8843,18.0,18.0,Super Ideal,F,VS1,1.23,IGI,2926.25
1485,Magnolia,2,Round,1,1,0,13.54,850.0,691.06,837.0,-63.0,1651.5917,18.0,18.0,Super Ideal,F,VS1,1.23,IGI,2926.25
1485,Marlowe & Co,2,Round,1,1,0,12.93,851.0,691.87,838.0,-63.0,1646.1503,18.0,18.0,Super Ideal,F,VS1,1.23,IGI,2926.25
1485,Michelle Kennedy,2,Round,1,1,0,15.35,994.0,808.13,979.0,-54.0,1546.215,18.0,18.0,Super Ideal,F,VS1,1.23,IGI,2926.25
1485,Roma Diamonds,2,Round,1,1,1,14.14,1571.0,1277.24,1547.0,-40.0,1867.9459,18.0,18.0,Super Ideal,F,VS1,1.23,IGI,2926.25
1485,Temperley,2,Round,1,1,0,14.44,866.0,704.07,853.0,-62.0,1630.3557,18.0,18.0,Super Ideal,F,VS1,1.23,IGI,2926.25
1489,Eterna Luxe,2,Round,1,1,0,13.3,852.0,704.13,839.0,-61.0,1556.4543,18.0,18.0,Super Ideal,F,VS1,1.21,IGI,2845.0
1489,Fabiola,2,Round,1,1,0,10.65,836.0,690.91,823.0,-61.0,1551.3634,18.0,18.0,Super Ideal,F,VS1,1.21,IGI,2845.0
1489,Jane Brear,2,Round,1,1,0,13.68,947.24,782.84,933.0,-56.0,1553.558,18.0,18.0,Super Ideal,F,VS1,1.21,IGI,2845.0
1489,Marlowe & Co,2,Round,1,1,0,10.06,872.0,720.66,859.0,-61.0,1592.5897,18.0,18.0,Super Ideal,F,VS1,1.21,IGI,2845.0
1489,Michelle Kennedy,2,Round,1,1,0,17.81,891.52,736.79,878.0,-60.0,1591.9196,18.0,18.0,Super Ideal,F,VS1,1.21,IGI,2845.0
1489,Roma Diamonds,2,Round,1,1,0,13.83,1557.0,1286.78,1534.0,-30.0,1583.1322,18.0,18.0,Super Ideal,F,VS1,1.21,IGI,2845.0
1489,Serene Peaks Diamonds,2,Round,1,1,0,16.11,841.77,695.68,829.0,-63.0,1626.6919,18.0,18.0,Super Ideal,F,VS1,1.21,IGI,2845.0
1489,Starlight Crafts,2,Round,1,1,0,10.06,836.0,690.91,823.0,-61.0,1527.9148,18.0,18.0,Super Ideal,F,VS1,1.21,IGI,2845.0
1489,Temperley,2,Round,1,1,0,11.5,864.0,714.05,851.0,-61.0,1569.3677,18.0,18.0,Super Ideal,F,VS1,1.21,IGI,2845.0
1489,White Lily,2,Round,1,1,0,12.66,843.0,696.69,830.0,-62.0,1608.1122,18.0,18.0,Super Ideal,F,VS1,1.21,IGI,2845.0
1492,Fabiola,2,Round,1,1,0,12.89,924.0,897.09,910.0,-55.0,1467.325,18.0,18.0,Super Ideal,G,VVS1,1.03,IGI,2725.0
1492,Starlight Crafts,2,Round,1,1,0,14.58,882.0,856.31,869.0,-59.0,1547.5598,18.0,18.0,Super Ideal,G,VVS1,1.03,IGI,2725.0
1492,Temperley,2,Round,1,1,0,14.19,944.26,916.76,930.0,-56.0,1534.7173,18.0,18.0,Super Ideal,G,VVS1,1.03,IGI,2725.0
1493,Jane Brear,2,Round,1,1,0,11.13,1959.0,1216.77,1930.0,-28.0,1944.5096,18.0,18.0,Ideal,J,VVS2,1.61,IGI,2770.0
1495,Temperley,2,Round,1,1,0,17.84,338.0,427.85,333.0,-57.0,559.56,18.0,18.0,Ideal,F,VS1,0.79,IGI,1260.0
1497,Michelle Kennedy,2,Round,1,1,0,11.31,1079.0,687.26,1063.0,-50.0,1556.0222,18.0,18.0,Super Ideal,H,SI1,1.57,IGI,2975.0
1498,Nova Stars,2,Oval,1,1,0,14.08,1836.0,918.0,1808.0,-67.0,3799.3999,15.0,15.0,Very Good,G,VS2,2.0,IGI,6740.0
1498,White Lily,2,Oval,1,1,0,16.41,1872.0,936.0,1844.0,-67.0,3789.5364,15.0,15.0,Very Good,G,VS2,2.0,IGI,6740.0
1500,Albert's Creations,2,Round,1,1,0,14.66,3731.0,1486.45,3675.0,-64.0,7346.0439,18.0,18.0,Super Ideal,E,VS1,2.51,IGI,13310.0
1500,Atkinson Crafts,2,Round,1,1,0,14.68,3804.0,1515.54,3747.0,-64.0,7466.4478,18.0,18.0,Super Ideal,E,VS1,2.51,IGI,13310.0
1500,Avignon Diamonds,2,Round,1,1,0,15.18,3625.94,1444.6,3572.0,-64.0,7269.3691,18.0,18.0,Super Ideal,E,VS1,2.51,IGI,13310.0
1500,Bonsai Gems,2,Round,1,1,0,15.48,3738.65,1489.5,3683.0,-63.0,7155.8047,18.0,18.0,Super Ideal,E,VS1,2.51,IGI,13310.0
1500,Ember Star,2,Round,1,1,0,14.02,3575.0,1424.3,3521.0,-65.0,7247.5454,18.0,18.0,Super Ideal,E,VS1,2.51,IGI,13310.0
1500,Eternity Fine Jewelers,2,Round,1,1,0,12.25,3763.09,1499.24,3707.0,-62.0,7159.5571,18.0,18.0,Super Ideal,E,VS1,2.51,IGI,13310.0
1500,Gemstone Harmony,2,Round,1,1,0,13.79,3712.0,1478.88,3656.0,-64.0,7291.1367,18.0,18.0,Super Ideal,E,VS1,2.51,IGI,13310.0
1500,Grace Brooks,2,Round,1,1,0,19.41,3657.0,1456.97,3602.0,-65.0,7404.2324,18.0,18.0,Super Ideal,E,VS1,2.51,IGI,13310.0
1500,Hill & Holland,2,Round,1,1,0,10.58,3799.0,1513.55,3742.0,-62.0,7133.811,18.0,18.0,Super Ideal,E,VS1,2.51,IGI,13310.0
1500,Jane Brear,2,Round,1,1,0,10.32,3719.0,1481.67,3663.0,-63.0,7287.1436,18.0,18.0,Super Ideal,E,VS1,2.51,IGI,13310.0
1500,Michelle Kennedy,2,Round,1,1,0,14.18,3716.0,1480.48,3660.0,-63.0,7211.8755,18.0,18.0,Super Ideal,E,VS1,2.51,IGI,13310.0
1500,Nebula Stones,2,Round,1,1,0,14.4,3782.0,1506.77,3725.0,-62.0,7060.0562,18.0,18.0,Super Ideal,E,VS1,2.51,IGI,13310.0
1500,Periwinkle Stones,2,Round,1,1,0,13.93,3751.0,1494.42,3695.0,-64.0,7399.3252,18.0,18.0,Super Ideal,E,VS1,2.51,IGI,13310.0
1500,Riley Stones,2,Round,1,1,0,14.88,3621.0,1442.63,3567.0,-63.0,7099.1011,18.0,18.0,Super Ideal,E,VS1,2.51,IGI,13310.0
1500,Serenade Diamonds,2,Round,1,1,0,14.21,3563.0,1419.52,3510.0,-65.0,7286.2983,18.0,18.0,Super Ideal,E,VS1,2.51,IGI,13310.0
1500,Tamara,2,Round,1,1,0,11.25,3714.0,1479.68,3658.0,-63.0,7114.585,18.0,18.0,Super Ideal,E,VS1,2.51,IGI,13310.0
1500,Temperley,2,Round,1,1,0,10.88,3734.0,1487.65,3678.0,-63.0,7153.6777,18.0,18.0,Super Ideal,E,VS1,2.51,IGI,13310.0
1500,White Lily,2,Round,1,1,0,12.92,3706.0,1476.49,3650.0,-63.0,7265.0342,18.0,18.0,Super Ideal,E,VS1,2.51,IGI,13310.0
1502,Michelle Kennedy,2,Round,1,2,0,15.03,2784.01,1113.6,2742.0,-62.0,5207.4585,18.0,18.0,Super Ideal,D,SI1,2.5,IGI,9300.0
1503,Cirrus Gems,2,Round,1,1,0,18.82,2910.49,1141.37,2867.0,-64.0,5861.3926,18.0,18.0,Super Ideal,G,VS1,2.55,IGI,9980.0
1503,Clermont Diamonds,2,Round,1,1,0,15.15,3030.0,1188.24,2985.0,-63.0,5870.9409,18.0,18.0,Super Ideal,G,VS1,2.55,IGI,9980.0
1503,Diamonds by Zoya,2,Round,1,1,0,93.4,2984.0,1170.2,2939.0,-62.0,5692.1992,18.0,18.0,Super Ideal,G,VS1,2.55,IGI,9980.0
1503,Jane Brear,2,Round,1,1,0,11.7,3041.0,1192.55,2995.0,-61.0,5646.9385,18.0,18.0,Super Ideal,G,VS1,2.55,IGI,9980.0
1503,Michelle Kennedy,2,Round,1,1,0,12.79,3018.0,1183.53,2973.0,-63.0,5806.5991,18.0,18.0,Super Ideal,G,VS1,2.55,IGI,9980.0
1503,Temperley,2,Round,1,1,0,13.79,3007.0,1179.22,2962.0,-62.0,5732.8301,18.0,18.0,Super Ideal,G,VS1,2.55,IGI,9980.0
1503,White Lily,2,Round,1,1,0,12.01,3034.0,1189.8,2988.0,-63.0,5823.1226,18.0,18.0,Super Ideal,G,VS1,2.55,IGI,9980.0
1507,Albert's Creations,2,Pear,2,1,0,20.36,326.36,572.56,321.0,-52.0,440.6399,15.0,15.0,Super Ideal,E,VVS2,0.57,IGI,760.0
1507,Cornerstone,2,Pear,2,2,0,21.65,336.84,590.95,332.0,-54.0,474.642,15.0,15.0,Super Ideal,E,VVS2,0.57,IGI,760.0
1507,Diamonds by Zoya,2,Pear,2,2,0,19.16,334.32,586.53,329.0,-53.0,460.0496,15.0,15.0,Super Ideal,E,VVS2,0.57,IGI,760.0
1507,Jane Brear,2,Pear,1,2,0,20.06,341.66,599.4,337.0,-53.0,469.048,15.0,15.0,Super Ideal,E,VVS2,0.57,IGI,760.0
1507,Promenade Jewelry,2,Pear,1,2,0,18.61,325.26,570.63,320.0,-54.0,457.8728,15.0,15.0,Super Ideal,E,VVS2,0.57,IGI,760.0
1507,Silva Diamonds,2,Pear,1,1,0,12.6,372.0,652.63,366.0,-54.0,524.5786,15.0,15.0,Super Ideal,E,VVS2,0.57,IGI,760.0
1507,Sunset Gems,2,Pear,2,2,0,21.71,332.98,584.18,328.0,-47.0,408.393,15.0,15.0,Super Ideal,E,VVS2,0.57,IGI,760.0
1507,Temperley,2,Pear,1,1,0,15.89,390.0,684.21,384.0,-45.0,459.9673,15.0,15.0,Super Ideal,E,VVS2,0.57,IGI,760.0
1507,Vega Diamonds,2,Pear,2,2,0,20.19,316.57,555.39,312.0,-55.0,459.9673,15.0,15.0,Super Ideal,E,VVS2,0.57,IGI,760.0
1509,KIYO,2,Oval,1,1,0,27.42,664.02,737.8,654.0,-50.0,901.9031,15.0,15.0,Super Ideal,F,VS2,0.9,IGI,1455.0
1509,Marble Arch,2,Oval,1,1,0,10.82,681.0,756.67,671.0,-49.0,897.9712,15.0,15.0,Super Ideal,F,VS2,0.9,IGI,1455.0
1509,Periwinkle Stones,2,Oval,2,2,0,23.92,684.0,760.0,674.0,-49.0,897.6602,15.0,15.0,Super Ideal,F,VS2,0.9,IGI,1455.0
1509,Promenade Jewelry,2,Oval,1,1,0,27.88,655.0,727.78,645.0,-52.0,923.3425,15.0,15.0,Super Ideal,F,VS2,0.9,IGI,1455.0
1509,Temperley,2,Oval,1,1,0,24.2,697.8,775.33,687.0,-50.0,941.1306,15.0,15.0,Super Ideal,F,VS2,0.9,IGI,1455.0
1510,Michelle Kennedy,2,Oval,1,1,0,12.33,4559.0,1688.52,4491.0,-6.0,3262.9014,15.0,15.0,Super Ideal,I,SI1,2.7,IGI,6660.0
1511,Cornerstone,2,Oval,2,2,0,15.41,389.0,525.68,383.0,-58.0,622.7672,14.0,15.0,Very Good,E,VVS2,0.74,IGI,1290.0
1511,Diamonds by Zoya,2,Oval,2,2,0,88.83,385.0,520.27,379.0,-57.0,604.0342,14.0,15.0,Very Good,E,VVS2,0.74,IGI,1290.0
1511,Rosella,2,Oval,2,2,0,18.13,338.77,457.8,334.0,-63.0,608.8185,14.0,15.0,Very Good,E,VVS2,0.74,IGI,1290.0
1512,Jane Brear,2,Asscher,1,1,0,17.86,2260.0,1091.79,2226.0,-64.0,3862.4585,15.0,15.0,Very Good,F,VS2,2.07,IGI,6520.0
1512,Vega Diamonds,2,Asscher,1,1,0,18.85,2260.0,1091.79,2226.0,-64.0,3862.4585,15.0,15.0,Very Good,F,VS2,2.07,IGI,6520.0
1514,Cornerstone,2,Oval,2,2,0,12.77,451.0,593.42,444.0,-65.0,874.1755,15.0,15.0,Very Good,D,VVS1,0.76,IGI,1590.0
1514,Meadow & Co,2,Oval,1,1,0,13.84,481.0,632.89,474.0,-60.0,818.675,15.0,15.0,Very Good,D,VVS1,0.76,IGI,1590.0
1518,White Lily,2,Round,1,1,0,14.85,322.0,1038.71,317.0,-38.0,369.5912,18.0,18.0,Super Ideal,E,VVS2,0.31,IGI,370.0
1520,Albert's Creations,2,Round,1,1,0,13.59,3733.0,1475.49,3677.0,-64.0,7414.1157,18.0,18.0,Super Ideal,E,VS1,2.53,IGI,13360.0
1520,Avignon Diamonds,2,Round,1,1,0,14.4,3624.0,1432.41,3570.0,-64.0,7258.8813,18.0,18.0,Super Ideal,E,VS1,2.53,IGI,13360.0
1520,Eternity Fine Jewelers,2,Round,1,1,0,13.33,3766.08,1488.57,3710.0,-62.0,7083.1152,18.0,18.0,Super Ideal,E,VS1,2.53,IGI,13360.0
1520,Hill & Holland,2,Round,1,1,0,10.62,3802.0,1502.77,3745.0,-62.0,7166.3267,18.0,18.0,Super Ideal,E,VS1,2.53,IGI,13360.0
1520,Irene Jewelry,2,Round,1,1,0,14.77,3719.0,1469.96,3663.0,-64.0,7315.8208,18.0,18.0,Super Ideal,E,VS1,2.53,IGI,13360.0
1520,Jane Brear,2,Round,1,1,0,12.8,3772.0,1490.91,3715.0,-63.0,7358.4727,18.0,18.0,Super Ideal,E,VS1,2.53,IGI,13360.0
1520,La Marquise,2,Round,1,1,0,16.59,3836.0,1516.21,3778.0,-62.0,7209.5518,18.0,18.0,Super Ideal,E,VS1,2.53,IGI,13360.0
1520,Michelle Kennedy,2,Round,1,1,0,11.3,4084.0,1614.23,4023.0,-59.0,7118.6777,18.0,18.0,Super Ideal,E,VS1,2.53,IGI,13360.0
1520,Nebula Stones,2,Round,1,1,0,12.87,3785.0,1496.05,3728.0,-62.0,7149.9658,18.0,18.0,Super Ideal,E,VS1,2.53,IGI,13360.0
1520,Periwinkle Stones,2,Round,1,1,0,14.86,3754.0,1483.79,3698.0,-62.0,7131.2119,18.0,18.0,Super Ideal,E,VS1,2.53,IGI,13360.0
1520,Riley Stones,2,Round,1,1,0,14.12,3648.0,1441.9,3593.0,-65.0,7381.4326,18.0,18.0,Super Ideal,E,VS1,2.53,IGI,13360.0
1520,Temperley,2,Round,1,1,0,10.71,4084.0,1614.23,4023.0,-60.0,7361.7363,18.0,18.0,Super Ideal,E,VS1,2.53,IGI,13360.0
1520,Vega Diamonds,2,Round,1,1,0,14.16,3584.0,1416.6,3530.0,-66.0,7468.5542,18.0,18.0,Super Ideal,E,VS1,2.53,IGI,13360.0
1520,White Lily,2,Round,1,1,0,10.86,4084.0,1614.23,4023.0,-60.0,7285.8452,18.0,18.0,Super Ideal,E,VS1,2.53,IGI,13360.0
1526,Hoseki,2,Round,1,1,0,14.12,325.0,1015.62,320.0,-1.0,234.4377,18.0,18.0,Ideal,D,VS2,0.32,IGI,370.0
1526,Jane Brear,2,Round,1,1,0,10.18,339.0,1059.38,334.0,5.0,230.2193,18.0,18.0,Ideal,D,VS2,0.32,IGI,370.0
1526,Meridian Crafts,2,Round,1,1,0,11.46,322.0,1006.25,317.0,-5.0,241.8012,0.0,0.0,Ideal,D,VS2,0.32,IGI,370.0
1526,Michelle Kennedy,2,Round,1,1,0,14.82,343.28,1072.75,338.0,5.0,234.6484,18.0,18.0,Ideal,D,VS2,0.32,IGI,370.0
1526,Seraphina Gems,2,Round,1,1,0,11.68,320.39,1001.22,316.0,-6.0,243.9201,18.0,18.0,Ideal,D,VS2,0.32,IGI,370.0
1526,Temperley,2,Round,2,2,0,12.54,335.0,1046.88,330.0,0.0,240.2528,18.0,18.0,Ideal,D,VS2,0.32,IGI,370.0
1526,Woodhouse Diamonds,2,Round,2,1,0,14.79,325.36,1016.75,320.0,0.0,233.1606,18.0,18.0,Ideal,D,VS2,0.32,IGI,370.0
1534,Hoseki,2,Round,1,1,0,20.71,338.3,545.65,333.0,-51.0,499.1562,18.0,18.0,Super Ideal,D,VS2,0.62,IGI,905.0
1534,Jane Brear,2,Round,1,1,0,30.45,320.0,516.13,315.0,-52.0,480.4681,18.0,18.0,Super Ideal,D,VS2,0.62,IGI,905.0
1534,Michelle Kennedy,2,Round,1,1,0,29.49,320.0,516.13,315.0,-47.0,436.1719,18.0,18.0,Super Ideal,D,VS2,0.62,IGI,905.0
1534,Temperley,2,Round,1,1,0,28.16,320.0,516.13,315.0,-52.0,473.9303,18.0,18.0,Super Ideal,D,VS2,0.62,IGI,905.0
1534,White Lily,2,Round,2,1,0,23.97,329.34,531.19,324.0,-50.0,469.1992,18.0,18.0,Super Ideal,D,VS2,0.62,IGI,905.0
1538,Jane Brear,2,Round,1,1,0,13.2,1842.74,1083.96,1815.0,-23.0,1718.8859,18.0,18.0,Super Ideal,J,VS1,1.7,IGI,2998.57
1538,White Lily,2,Round,1,1,0,13.71,1842.74,1083.96,1815.0,-22.0,1699.5834,18.0,18.0,Super Ideal,J,VS1,1.7,IGI,2998.57
1539,Cirrus Gems,2,Round,1,1,0,17.96,1716.0,858.0,1690.0,-59.0,3017.6111,16.0,18.0,Very Good,F,SI1,2.0,IGI,6020.0
1539,Marlowe & Co,2,Round,1,1,0,16.6,1813.0,906.5,1786.0,-58.0,3088.1245,15.0,18.0,Very Good,F,SI1,2.0,IGI,6020.0
1539,Michelle Kennedy,2,Round,1,1,0,18.13,1772.1,886.05,1746.0,-58.0,3025.7786,16.0,18.0,Very Good,F,SI1,2.0,IGI,6020.0
1539,White Lily,2,Round,1,2,0,14.37,1778.0,889.0,1751.0,-60.0,3213.9517,13.0,18.0,Very Good,F,SI1,2.0,IGI,6020.0
1540,Jane Brear,2,Round,1,1,0,12.98,2715.36,1357.68,2675.0,-2.0,1985.2662,18.0,18.0,Super Ideal,J,VS2,2.0,IGI,3682.86
1540,Michelle Kennedy,2,Round,1,1,0,16.72,2715.36,1357.68,2675.0,1.0,1931.8099,18.0,18.0,Super Ideal,J,VS2,2.0,IGI,3682.86
1540,White Lily,2,Round,1,1,0,12.49,2715.36,1357.68,2675.0,0.0,1948.1351,18.0,18.0,Super Ideal,J,VS2,2.0,IGI,3682.86
1541,Vega Diamonds,2,Oval,1,1,0,18.94,2726.55,1069.24,2686.0,-63.0,4967.4985,15.0,15.0,Super Ideal,F,SI1,2.55,IGI,8490.0
1543,Cornerstone,2,Emerald,2,2,0,10.17,808.0,800.0,796.0,-60.0,1293.2039,14.0,15.0,Very Good,D,SI1,1.01,IGI,1940.0
1543,White Lily,2,Emerald,2,2,0,16.33,836.0,827.72,823.0,-58.0,1275.8539,13.0,15.0,Very Good,D,SI1,1.01,IGI,1940.0
1550,Jane Brear,2,Round,1,1,0,15.35,303.0,644.68,298.0,-46.0,400.8867,18.0,18.0,Ideal,E,VVS2,0.47,IGI,600.0
1550,Mei & Co,2,Round,1,1,0,14.39,308.45,656.28,304.0,-48.0,420.9172,18.0,18.0,Ideal,E,VVS2,0.47,IGI,600.0
1550,White Lily,2,Round,1,1,0,12.28,303.0,644.68,298.0,-48.0,415.7999,18.0,18.0,Ideal,E,VVS2,0.47,IGI,600.0
1553,Avignon Diamonds,2,Round,1,1,0,14.72,2838.0,1377.67,2795.0,-62.0,5407.3242,18.0,18.0,Super Ideal,E,VVS2,2.06,IGI,11380.0
1553,Bonsai Gems,2,Round,1,1,0,12.61,2890.0,1402.91,2847.0,-62.0,5512.3682,18.0,18.0,Super Ideal,E,VVS2,2.06,IGI,11380.0
1553,CV Diamonds,2,Round,1,1,0,10.44,2871.0,1393.69,2828.0,-63.0,5595.2769,18.0,18.0,Super Ideal,E,VVS2,2.06,IGI,11380.0
1553,Camden Gems,2,Round,1,1,0,13.39,2884.0,1400.0,2841.0,-63.0,5520.2217,18.0,18.0,Super Ideal,E,VVS2,2.06,IGI,11380.0
1553,Diamonds by Zoya,2,Round,1,1,0,94.39,2893.0,1404.37,2850.0,-61.0,5370.0503,18.0,18.0,Super Ideal,E,VVS2,2.06,IGI,11380.0
1553,Ember Star,2,Round,1,1,0,17.18,2791.0,1354.85,2749.0,-65.0,5683.1411,18.0,18.0,Super Ideal,E,VVS2,2.06,IGI,11380.0
1553,Eternal Flame,2,Round,1,1,0,12.91,2884.0,1400.0,2841.0,-62.0,5479.1929,18.0,18.0,Super Ideal,E,VVS2,2.06,IGI,11380.0
1553,Eternity Fine Jewelers,2,Round,1,1,0,16.12,2880.0,1398.06,2837.0,-62.0,5423.1665,18.0,18.0,Super Ideal,E,VVS2,2.06,IGI,11380.0
1553,Grace Brooks,2,Round,1,1,0,14.33,2875.0,1395.63,2832.0,-64.0,5660.8403,18.0,18.0,Super Ideal,E,VVS2,2.06,IGI,11380.0
1553,Hazel Diamonds,2,Round,1,1,0,10.59,2818.0,1367.96,2776.0,-64.0,5592.334,18.0,18.0,Super Ideal,E,VVS2,2.06,IGI,11380.0
1553,Jane Brear,2,Round,1,1,0,17.59,2877.0,1396.6,2834.0,-63.0,5588.0171,18.0,18.0,Super Ideal,E,VVS2,2.06,IGI,11380.0
1553,Marlowe & Co,2,Round,1,1,0,11.94,2901.0,1408.25,2857.0,-62.0,5535.1362,18.0,18.0,Super Ideal,E,VVS2,2.06,IGI,11380.0
1553,Meadow & Co,2,Round,1,1,0,13.03,2889.0,1402.43,2846.0,-63.0,5575.8301,18.0,18.0,Super Ideal,E,VVS2,2.06,IGI,11380.0
1553,Michelle Kennedy,2,Round,1,1,0,10.02,2881.0,1398.54,2838.0,-62.0,5471.1421,18.0,18.0,Super Ideal,E,VVS2,2.06,IGI,11380.0
1553,Olympus Diamonds,2,Round,1,1,0,14.91,2877.54,1396.86,2834.0,-63.0,5612.7759,18.0,18.0,Super Ideal,E,VVS2,2.06,IGI,11380.0
1553,Promenade Jewelry,2,Round,1,1,0,12.53,2891.0,1403.4,2848.0,-63.0,5550.6475,18.0,18.0,Super Ideal,E,VVS2,2.06,IGI,11380.0
1553,Temperley,2,Round,1,1,0,13.78,2881.0,1398.54,2838.0,-63.0,5622.8496,18.0,18.0,Super Ideal,E,VVS2,2.06,IGI,11380.0
1553,Tierra Mia Diamonds,2,Round,1,1,0,13.07,2859.0,1387.86,2816.0,-63.0,5553.7588,18.0,18.0,Super Ideal,E,VVS2,2.06,IGI,11380.0
1553,Vespera Gems,2,Round,1,1,0,14.72,2806.0,1362.14,2764.0,-64.0,5507.3057,18.0,18.0,Super Ideal,E,VVS2,2.06,IGI,11380.0
1553,White Lily,2,Round,1,1,0,94.7,2865.0,1390.78,2822.0,-63.0,5477.9771,18.0,18.0,Super Ideal,E,VVS2,2.06,IGI,11380.0
1562,Temperley,2,Round,1,1,0,10.81,1898.46,1143.65,1870.0,-17.0,1632.7948,18.0,18.0,Super Ideal,I,SI1,1.66,IGI,2860.0
1562,White Lily,2,Round,1,1,0,10.58,1898.46,1143.65,1870.0,-15.0,1598.0648,18.0,18.0,Super Ideal,I,SI1,1.66,IGI,2860.0
1563,Eternity Fine Jewelers,2,Oval,1,1,0,15.84,1066.64,952.36,1051.0,-54.0,1570.9742,15.0,15.0,Very Good,D,VS1,1.12,IGI,2750.0
1563,Kara,2,Oval,1,1,0,16.22,1069.62,955.02,1054.0,-54.0,1563.8937,15.0,15.0,Very Good,D,VS1,1.12,IGI,2750.0
1563,Lotus Creation,2,Oval,1,1,0,16.77,1041.0,929.46,1025.0,-55.0,1563.7,15.0,15.0,Very Good,D,VS1,1.12,IGI,2750.0
1563,Marlowe & Co,2,Oval,2,1,0,14.0,1045.0,933.04,1029.0,-55.0,1573.2721,14.0,15.0,Very Good,D,VS1,1.12,IGI,2750.0
1563,Michelle Kennedy,2,Oval,1,1,0,15.37,1071.62,956.8,1056.0,-54.0,1570.9742,15.0,15.0,Very Good,D,VS1,1.12,IGI,2750.0
1563,Rosella,2,Oval,1,1,0,19.25,1013.0,904.46,998.0,-57.0,1591.8833,15.0,15.0,Very Good,D,VS1,1.12,IGI,2750.0
1563,Temperley,2,Oval,1,1,0,14.17,1065.0,950.89,1049.0,-55.0,1587.8124,15.0,15.0,Very Good,D,VS1,1.12,IGI,2750.0
1563,Westminster Diamonds,2,Oval,1,1,0,13.93,1034.0,923.21,1018.0,-55.0,1563.8937,15.0,15.0,Very Good,D,VS1,1.12,IGI,2750.0
1563,White Lily,2,Oval,1,1,0,12.31,1103.46,985.23,1087.0,-52.0,1563.8937,15.0,15.0,Very Good,D,VS1,1.12,IGI,2750.0
1564,Roma Diamonds,2,Round,1,1,0,10.36,1528.0,1455.24,1505.0,-26.0,1478.4659,18.0,18.0,Ideal,G,VVS1,1.05,IGI,2805.0
1564,White Lily,2,Round,1,1,0,18.74,949.0,903.81,935.0,-55.0,1499.3662,18.0,18.0,Ideal,G,VVS1,1.05,IGI,2805.0
1566,Adalyn Jewelry,2,Oval,1,1,0,16.91,392.03,544.49,386.0,-44.0,474.6158,15.0,15.0,Super Ideal,E,VS1,0.72,IGI,1220.0
1566,Albert's Creations,2,Oval,2,2,0,22.46,335.32,465.72,330.0,-56.0,512.4215,15.0,15.0,Super Ideal,E,VS1,0.72,IGI,1220.0
1566,Hoseki,2,Oval,1,2,0,18.39,350.24,486.44,345.0,-54.0,507.9238,15.0,15.0,Super Ideal,E,VS1,0.72,IGI,1220.0
1566,Jane Brear,2,Oval,1,1,0,22.18,347.45,482.57,342.0,-52.0,486.7947,15.0,15.0,Super Ideal,E,VS1,0.72,IGI,1220.0
1566,KIYO,2,Oval,1,1,0,23.04,324.29,450.4,319.0,-61.0,558.9843,15.0,15.0,Super Ideal,E,VS1,0.72,IGI,1220.0
1566,Michelle Kennedy,2,Oval,2,2,0,20.18,364.17,505.79,359.0,-54.0,531.1145,15.0,15.0,Super Ideal,E,VS1,0.72,IGI,1220.0
1566,Promenade Jewelry,2,Oval,1,2,0,19.2,331.05,459.79,326.0,-54.0,487.7699,15.0,15.0,Super Ideal,E,VS1,0.72,IGI,1220.0
1566,Rosella,2,Oval,2,2,0,22.58,316.57,439.68,312.0,-57.0,498.0074,15.0,15.0,Super Ideal,E,VS1,0.72,IGI,1220.0
1566,Serenade Diamonds,2,Oval,1,1,0,16.72,357.0,495.83,352.0,-53.0,509.2679,15.0,15.0,Super Ideal,E,VS1,0.72,IGI,1220.0
1566,Temperley,2,Oval,1,1,0,21.25,347.45,482.57,342.0,-54.0,504.2421,15.0,15.0,Super Ideal,E,VS1,0.72,IGI,1220.0
1566,Vega Diamonds,2,Oval,1,1,0,23.36,325.26,451.75,320.0,-56.0,497.3086,15.0,15.0,Super Ideal,E,VS1,0.72,IGI,1220.0
1566,White Lily,2,Oval,2,2,0,18.07,358.2,497.5,353.0,-52.0,498.0074,15.0,15.0,Super Ideal,E,VS1,0.72,IGI,1220.0
1578,Avignon Diamonds,2,Round,2,2,0,8.44,1325.0,1866.2,1305.0,54.0,614.8013,18.0,18.0,Super Ideal,E,VVS2,0.71,IGI,1320.0
1578,Ember Star,2,Round,1,1,0,15.67,301.0,423.94,296.0,-65.0,611.0482,18.0,18.0,Super Ideal,E,VVS2,0.71,IGI,1320.0
1578,Eternity Fine Jewelers,2,Round,1,1,0,24.76,322.38,454.06,318.0,-63.0,625.4403,18.0,18.0,Super Ideal,E,VVS2,0.71,IGI,1320.0
1578,Jane Brear,2,Round,1,2,0,24.61,351.24,494.7,346.0,-60.0,622.0676,18.0,18.0,Super Ideal,E,VVS2,0.71,IGI,1320.0
1578,KIYO,2,Round,1,1,0,11.67,324.0,456.34,319.0,-63.0,622.703,18.0,18.0,Super Ideal,E,VVS2,0.71,IGI,1320.0
1578,Lotus Creation,2,Round,1,1,0,25.67,325.0,457.75,320.0,-63.0,624.4258,18.0,18.0,Super Ideal,E,VVS2,0.71,IGI,1320.0
1578,Meridian Crafts,2,Round,1,1,0,13.79,328.0,461.97,323.0,-61.0,603.0892,18.0,18.0,Super Ideal,E,VVS2,0.71,IGI,1320.0
1578,Michelle Kennedy,2,Round,1,1,0,12.17,339.0,477.46,334.0,-61.0,615.1713,18.0,18.0,Super Ideal,E,VVS2,0.71,IGI,1320.0
1578,Nova Stars,2,Round,1,1,0,22.16,313.42,441.44,309.0,-63.0,604.3384,18.0,18.0,Super Ideal,E,VVS2,0.71,IGI,1320.0
1578,Promenade Jewelry,2,Round,1,1,0,11.38,300.0,422.54,296.0,-66.0,629.3198,18.0,18.0,Super Ideal,E,VVS2,0.71,IGI,1320.0
1578,Riviera Jewels,2,Round,1,1,0,14.74,314.0,442.25,309.0,-63.0,610.9961,18.0,18.0,Super Ideal,E,VVS2,0.71,IGI,1320.0
1578,Simetría,2,Round,1,1,0,25.01,312.0,439.44,307.0,-63.0,605.5951,18.0,18.0,Super Ideal,E,VVS2,0.71,IGI,1320.0
1578,Starlight Crafts,2,Round,1,1,0,14.11,307.0,432.39,302.0,-64.0,611.1705,18.0,18.0,Super Ideal,E,VVS2,0.71,IGI,1320.0
1578,Temperley,2,Round,1,1,0,14.88,330.0,464.79,325.0,-62.0,614.6513,18.0,18.0,Super Ideal,E,VVS2,0.71,IGI,1320.0
1578,Thalassa Gems,2,Round,1,2,0,14.74,308.0,433.8,303.0,-64.0,614.9665,18.0,18.0,Super Ideal,E,VVS2,0.71,IGI,1320.0
1578,White Lily,2,Round,1,1,0,13.62,341.0,480.28,336.0,-61.0,623.8318,18.0,18.0,Super Ideal,E,VVS2,0.71,IGI,1320.0
1579,Michelle Kennedy,2,Round,1,1,0,11.14,1265.64,944.51,1247.0,-31.0,1309.3484,18.0,18.0,Super Ideal,I,VS2,1.34,IGI,2140.0
1588,Albert's Creations,2,Oval,1,1,0,24.25,341.28,443.22,336.0,-46.0,424.0082,15.0,15.0,Super Ideal,E,VS2,0.77,IGI,1200.0
1588,Hoseki,2,Oval,2,2,0,23.23,355.22,461.32,350.0,-55.0,536.4462,15.0,15.0,Super Ideal,E,VS2,0.77,IGI,1200.0
1588,Jane Brear,2,Oval,1,1,0,11.84,376.11,488.45,370.0,-46.0,465.727,15.0,15.0,Super Ideal,E,VS2,0.77,IGI,1200.0
1588,Meridian Crafts,2,Oval,1,1,0,11.51,354.0,459.74,349.0,-48.0,454.884,15.0,15.0,Super Ideal,E,VS2,0.77,IGI,1200.0
1588,Promenade Jewelry,2,Oval,1,1,0,14.49,341.0,442.86,336.0,-47.0,436.8969,15.0,15.0,Super Ideal,E,VS2,0.77,IGI,1200.0
1588,Vega Diamonds,2,Oval,1,1,0,28.96,331.05,429.94,326.0,-47.0,416.9315,15.0,15.0,Super Ideal,E,VS2,0.77,IGI,1200.0
1589,Michelle Kennedy,2,Round,1,1,0,15.31,763.16,587.05,752.0,-57.0,1281.6061,18.0,18.0,Ideal,I,SI1,1.3,IGI,1986.0
1593,Cirrus Gems,2,Round,1,1,0,21.72,1024.02,644.04,1009.0,-61.0,1869.41,18.0,18.0,Super Ideal,I,VS1,1.59,IGI,3320.0
1593,White Lily,2,Round,1,1,0,17.75,1060.67,667.09,1045.0,-61.0,1927.1561,18.0,18.0,Super Ideal,I,VS1,1.59,IGI,3320.0
1594,Temperley,2,Round,3,3,0,11.3,348.25,527.65,343.0,-51.0,510.0074,14.0,18.0,Very Good,E,VS1,0.66,IGI,980.0
1594,White Lily,2,Round,2,2,0,18.68,331.0,501.52,326.0,-54.0,509.844,16.0,18.0,Very Good,E,VS1,0.66,IGI,980.0
1596,Jane Brear,2,Radiant,1,1,0,15.74,1438.0,952.32,1416.0,-64.0,2594.7791,15.0,15.0,Very Good,F,VS2,1.51,IGI,3870.0
1596,N. B. Diamonds,2,Radiant,1,1,0,19.06,1375.34,910.82,1355.0,-64.0,2501.1338,15.0,15.0,Very Good,F,VS2,1.51,IGI,3870.0
1596,White Lily,2,Radiant,1,1,0,11.42,1391.0,921.19,1370.0,-65.0,2560.7656,15.0,15.0,Very Good,F,VS2,1.51,IGI,3870.0
1605,Michelle Kennedy,2,Round,1,1,0,19.62,973.0,748.46,958.0,-56.0,1572.6875,18.0,18.0,Super Ideal,H,VVS2,1.3,IGI,2795.0
1605,Serene Peaks Diamonds,2,Round,1,1,0,11.82,1053.7,810.54,1038.0,-50.0,1509.6804,18.0,18.0,Super Ideal,H,VVS2,1.3,IGI,2795.0
1605,Taiga Gems,2,Round,1,1,0,21.46,953.0,733.08,939.0,-57.0,1569.5243,18.0,18.0,Super Ideal,H,VVS2,1.3,IGI,2795.0
1605,Temperley,2,Round,1,1,0,21.7,1054.0,810.77,1038.0,-52.0,1582.9945,18.0,18.0,Super Ideal,H,VVS2,1.3,IGI,2795.0
1605,White Lily,2,Round,1,1,0,19.46,966.0,743.08,952.0,-56.0,1587.8967,18.0,18.0,Super Ideal,H,VVS2,1.3,IGI,2795.0
1606,Jane Brear,2,Pear,2,3,0,10.91,320.0,1032.26,315.0,-35.0,321.5585,14.0,15.0,Very Good,F,VS2,0.31,IGI,310.0
1608,Genesis Stones,2,Round,1,1,0,18.32,4434.04,1642.24,4368.0,-58.0,7565.2593,18.0,18.0,Super Ideal,D,VS1,2.7,IGI,19440.0
1608,Grace Brooks,2,Round,1,1,0,16.88,4358.58,1614.29,4293.0,-60.0,7707.6694,18.0,18.0,Super Ideal,D,VS1,2.7,IGI,19440.0
1608,Jane Brear,2,Round,2,1,0,15.38,4386.0,1624.44,4320.0,-58.0,7422.0093,18.0,18.0,Super Ideal,D,VS1,2.7,IGI,19440.0
1608,Pegasus Diamonds,2,Round,1,1,0,15.11,4518.0,1673.33,4450.0,-59.0,7898.1816,18.0,18.0,Super Ideal,D,VS1,2.7,IGI,19440.0
1608,Periwinkle Stones,2,Round,1,1,0,10.09,4452.0,1648.89,4385.0,-59.0,7762.6636,18.0,18.0,Super Ideal,D,VS1,2.7,IGI,19440.0
1608,White Lily,2,Round,1,1,0,15.87,4513.0,1671.48,4445.0,-59.0,7800.6328,18.0,18.0,Super Ideal,D,VS1,2.7,IGI,19440.0
1611,Hoseki,2,Round,1,1,0,12.25,308.0,603.92,303.0,-57.0,516.078,18.0,18.0,Super Ideal,E,VVS2,0.51,IGI,734.0
1611,Jane Brear,2,Round,1,1,0,15.5,315.0,617.65,310.0,-60.0,569.5916,18.0,18.0,Super Ideal,E,VVS2,0.51,IGI,734.0
1611,Michelle Kennedy,2,Round,1,1,0,24.02,315.42,618.47,311.0,-59.0,547.1786,18.0,18.0,Super Ideal,E,VVS2,0.51,IGI,734.0
1611,Temperley,2,Round,1,1,0,14.73,314.0,615.69,309.0,-59.0,543.2953,18.0,18.0,Super Ideal,E,VVS2,0.51,IGI,734.0
1611,White Lily,2,Round,1,1,0,14.0,315.0,617.65,310.0,-58.0,541.1439,18.0,18.0,Super Ideal,E,VVS2,0.51,IGI,734.0
1616,Ember Star,2,Radiant,1,1,0,10.81,699.0,728.12,689.0,-62.0,1189.7616,15.0,15.0,Very Good,F,VS1,0.96,IGI,1660.0
1616,Promenade Jewelry,2,Radiant,1,1,0,23.09,712.0,741.67,701.0,-57.0,1079.7592,15.0,15.0,Very Good,F,VS1,0.96,IGI,1660.0
1616,Temperley,2,Radiant,1,1,0,13.19,795.0,828.12,783.0,-52.0,1065.7954,15.0,15.0,Very Good,F,VS1,0.96,IGI,1660.0
1618,Eternity Fine Jewelers,2,Round,1,1,0,22.59,357.0,502.82,352.0,-62.0,675.7046,18.0,18.0,Super Ideal,D,VVS2,0.71,IGI,1540.0
1618,Mei & Co,2,Round,1,1,0,25.38,348.0,490.14,343.0,-66.0,726.8465,18.0,18.0,Super Ideal,D,VVS2,0.71,IGI,1540.0
1618,Meridian Gems,2,Round,1,1,0,12.44,353.0,497.18,348.0,-62.0,669.408,18.0,18.0,Super Ideal,D,VVS2,0.71,IGI,1540.0
1618,Promenade Jewelry,2,Round,1,1,0,12.2,348.0,490.14,343.0,-61.0,638.054,18.0,18.0,Super Ideal,D,VVS2,0.71,IGI,1540.0
1618,Riviera Jewels,2,Round,1,1,0,11.89,354.0,498.59,349.0,-63.0,686.5959,18.0,18.0,Super Ideal,D,VVS2,0.71,IGI,1540.0
1618,Serenade Diamonds,2,Round,2,1,0,22.53,354.0,498.59,349.0,-62.0,666.8599,18.0,18.0,Super Ideal,D,VVS2,0.71,IGI,1540.0
1619,Diamonds by Zoya,2,Oval,2,2,0,20.96,311.44,587.62,307.0,-53.0,445.9883,15.0,15.0,Very Good,E,VS1,0.53,IGI,684.29
1619,Magnolia,2,Oval,2,2,0,8.86,344.0,649.06,339.0,-37.0,370.1344,15.0,15.0,Very Good,E,VS1,0.53,IGI,684.29
1619,Rosella,2,Oval,2,2,0,14.37,315.0,594.34,310.0,-44.0,377.2451,14.0,15.0,Very Good,E,VS1,0.53,IGI,684.29
1619,Silva Diamonds,2,Oval,1,1,0,10.46,349.0,658.49,344.0,-40.0,393.8395,15.0,15.0,Very Good,E,VS1,0.53,IGI,684.29
1620,Taiga Gems,2,Princess,1,1,0,15.35,1286.0,808.81,1267.0,-63.0,2226.8232,15.0,15.0,Super Ideal,G,VS2,1.59,IGI,3830.0
1621,Michelle Kennedy,2,Oval,1,1,0,10.65,2186.0,993.64,2153.0,-64.0,4054.0134,15.0,15.0,Super Ideal,G,VS2,2.2,IGI,6810.0
1621,Periwinkle Stones,2,Oval,1,1,0,16.79,2104.0,956.36,2072.0,-64.0,3942.7537,15.0,15.0,Super Ideal,G,VS2,2.2,IGI,6810.0
1621,Serene Peaks Diamonds,2,Oval,1,1,0,13.35,2102.0,955.45,2070.0,-66.0,4157.9932,15.0,15.0,Super Ideal,G,VS2,2.2,IGI,6810.0
1621,Taiga Gems,2,Oval,1,1,0,11.74,2078.56,944.8,2047.0,-65.0,3958.1567,15.0,15.0,Super Ideal,G,VS2,2.2,IGI,6810.0
1621,White Lily,2,Oval,1,1,0,12.34,2134.0,970.0,2102.0,-65.0,4072.5115,15.0,15.0,Super Ideal,G,VS2,2.2,IGI,6810.0
1622,Albert's Creations,2,Emerald,1,1,0,14.6,3434.0,1336.19,3382.0,-65.0,6309.0771,15.0,15.0,Super Ideal,E,VS2,2.57,IGI,10560.0
1622,Jane Brear,2,Emerald,1,1,0,13.5,3420.0,1330.74,3369.0,-66.0,6380.6914,15.0,15.0,Super Ideal,E,VS2,2.57,IGI,10560.0
1622,Michelle Kennedy,2,Emerald,1,1,0,17.02,3428.77,1334.15,3377.0,-66.0,6429.0127,15.0,15.0,Super Ideal,E,VS2,2.57,IGI,10560.0
1622,Taiga Gems,2,Emerald,1,1,0,10.85,3400.91,1323.31,3350.0,-66.0,6431.4336,15.0,15.0,Super Ideal,E,VS2,2.57,IGI,10560.0
1622,Temperley,2,Emerald,1,1,0,14.08,3384.0,1316.73,3333.0,-66.0,6441.3965,15.0,15.0,Super Ideal,E,VS2,2.57,IGI,10560.0
1622,Tierra Mia Diamonds,2,Emerald,1,1,0,15.67,3292.0,1280.93,3243.0,-68.0,6526.6074,15.0,15.0,Super Ideal,E,VS2,2.57,IGI,10560.0
1622,White Lily,2,Emerald,1,1,0,15.3,3428.77,1334.15,3377.0,-65.0,6371.144,15.0,15.0,Super Ideal,E,VS2,2.57,IGI,10560.0
1623,Cirrus Gems,2,Princess,1,2,0,16.49,921.0,800.87,907.0,-65.0,1657.618,15.0,15.0,Super Ideal,F,VVS2,1.15,IGI,2780.0
1623,Equinox Jewels,2,Princess,1,1,0,11.74,938.0,815.65,924.0,-64.0,1660.2557,15.0,15.0,Super Ideal,F,VVS2,1.15,IGI,2780.0
1623,Jane Brear,2,Princess,1,1,0,15.03,975.0,847.83,960.0,-62.0,1635.7999,15.0,15.0,Super Ideal,F,VVS2,1.15,IGI,2780.0
1623,Marlowe & Co,2,Princess,1,1,0,11.77,969.13,842.72,955.0,-66.0,1807.5463,15.0,15.0,Super Ideal,F,VVS2,1.15,IGI,2780.0
1623,Michelle Kennedy,2,Princess,1,1,0,12.05,980.0,852.17,965.0,-61.0,1612.2408,15.0,15.0,Super Ideal,F,VVS2,1.15,IGI,2780.0
1623,Rosella,2,Princess,1,1,0,17.43,930.4,809.04,916.0,-65.0,1670.2124,15.0,15.0,Super Ideal,F,VVS2,1.15,IGI,2780.0
1623,Temperley,2,Princess,1,1,0,15.74,975.0,847.83,960.0,-61.0,1584.0747,15.0,15.0,Super Ideal,F,VVS2,1.15,IGI,2780.0
1623,White Lily,2,Princess,1,1,0,15.22,975.0,847.83,960.0,-62.0,1632.3422,15.0,15.0,Super Ideal,F,VVS2,1.15,IGI,2780.0
1628,Artemis Stones,2,Round,1,1,0,21.49,2081.0,912.72,2050.0,-64.0,4113.1519,18.0,18.0,Super Ideal,G,VS1,2.28,IGI,8135.0
1628,Cirrus Gems,2,Round,1,1,0,24.1,2051.0,899.56,2020.0,-65.0,4198.8062,18.0,18.0,Super Ideal,G,VS1,2.28,IGI,8135.0
1628,Fuji Diamonds,2,Round,1,1,0,20.94,2085.0,914.47,2054.0,-64.0,4149.374,18.0,18.0,Super Ideal,G,VS1,2.28,IGI,8135.0
1628,I & M Designs,2,Round,1,1,0,10.61,2168.0,950.88,2135.0,-63.0,4208.2612,18.0,18.0,Super Ideal,G,VS1,2.28,IGI,8135.0
1628,Jane Brear,2,Round,1,1,0,19.85,2159.15,947.0,2127.0,-63.0,4191.064,18.0,18.0,Super Ideal,G,VS1,2.28,IGI,8135.0
1628,Michelle Kennedy,2,Round,1,1,0,18.66,2170.0,951.75,2137.0,-63.0,4172.98,18.0,18.0,Super Ideal,G,VS1,2.28,IGI,8135.0
1628,N. B. Diamonds,2,Round,1,2,0,23.27,2116.57,928.32,2085.0,-64.0,4235.7788,18.0,18.0,Super Ideal,G,VS1,2.28,IGI,8135.0
1628,Roma Diamonds,2,Round,1,1,0,12.41,2121.0,930.26,2089.0,-63.0,4155.4487,18.0,18.0,Super Ideal,G,VS1,2.28,IGI,8135.0
1628,Sigma Diamonds,2,Round,1,1,0,17.78,2129.0,933.77,2097.0,-63.0,4157.4946,18.0,18.0,Super Ideal,G,VS1,2.28,IGI,8135.0
1628,Taiga Gems,2,Round,1,1,0,17.5,2073.14,909.27,2042.0,-65.0,4224.0913,18.0,18.0,Super Ideal,G,VS1,2.28,IGI,8135.0
1630,Jane Brear,2,Emerald,1,1,0,11.51,4775.0,1586.38,4703.0,-64.0,8424.8154,15.0,15.0,Super Ideal,F,VS1,3.01,IGI,15370.0
1630,Mei & Co,2,Emerald,1,1,0,11.53,4772.0,1585.38,4700.0,-64.0,8552.4365,15.0,15.0,Super Ideal,F,VS1,3.01,IGI,15370.0
1630,Michelle Kennedy,2,Emerald,1,1,0,13.07,4861.0,1614.95,4788.0,-63.0,8466.9414,15.0,15.0,Super Ideal,F,VS1,3.01,IGI,15370.0
1630,Rosella,2,Emerald,1,1,0,10.26,4603.0,1529.24,4534.0,-65.0,8381.6631,15.0,15.0,Super Ideal,F,VS1,3.01,IGI,15370.0
1630,Temperley,2,Emerald,1,1,0,13.78,4643.0,1542.52,4573.0,-65.0,8512.7852,15.0,15.0,Super Ideal,F,VS1,3.01,IGI,15370.0
1630,The Diamond Source,2,Emerald,1,1,0,11.27,4761.0,1581.73,4690.0,-64.0,8511.373,15.0,15.0,Super Ideal,F,VS1,3.01,IGI,15370.0
1630,Vespera Gems,2,Emerald,1,1,0,19.32,4631.0,1538.54,4562.0,-65.0,8566.4082,15.0,15.0,Super Ideal,F,VS1,3.01,IGI,15370.0
1630,White Lily,2,Emerald,1,2,0,11.59,4813.0,1599.0,4741.0,-64.0,8586.9053,15.0,15.0,Super Ideal,F,VS1,3.01,IGI,15370.0
1636,Diamonds by Zoya,2,Oval,1,1,0,69.38,305.0,847.22,300.0,-41.0,349.905,13.0,15.0,Good,E,VS1,0.36,IGI,370.0
1638,Artemis Stones,2,Round,1,1,0,19.54,864.0,714.05,851.0,-61.0,1590.8661,18.0,18.0,Super Ideal,E,VS1,1.21,IGI,2835.0
1638,Avignon Diamonds,2,Round,1,1,0,10.46,870.0,719.01,857.0,-61.0,1601.6776,18.0,18.0,Super Ideal,E,VS1,1.21,IGI,2835.0
1638,Cirrus Gems,2,Round,1,1,0,19.65,829.06,685.17,817.0,-62.0,1581.1383,18.0,18.0,Super Ideal,E,VS1,1.21,IGI,2835.0
1638,Clermont Diamonds,2,Round,1,1,0,13.26,843.0,696.69,830.0,-62.0,1580.665,18.0,18.0,Super Ideal,E,VS1,1.21,IGI,2835.0
1638,Emilia Sterling,2,Round,1,1,0,93.1,823.0,680.17,811.0,-63.0,1609.2507,18.0,18.0,Super Ideal,E,VS1,1.21,IGI,2835.0
1638,Eternity Fine Jewelers,2,Round,1,1,0,14.57,851.72,703.9,839.0,-62.0,1603.126,18.0,18.0,Super Ideal,E,VS1,1.21,IGI,2835.0
1638,Fabiola,2,Round,1,1,0,11.38,836.0,690.91,823.0,-62.0,1591.844,18.0,18.0,Super Ideal,E,VS1,1.21,IGI,2835.0
1638,Fiona Clément,2,Round,1,1,0,13.22,836.0,690.91,823.0,-62.0,1558.0846,18.0,18.0,Super Ideal,E,VS1,1.21,IGI,2835.0
1638,Jane Brear,2,Round,1,1,0,16.19,889.0,734.71,876.0,-60.0,1595.0509,18.0,18.0,Super Ideal,E,VS1,1.21,IGI,2835.0
1638,Marlowe & Co,2,Round,1,1,0,12.6,857.0,708.26,844.0,-62.0,1607.8503,18.0,18.0,Super Ideal,E,VS1,1.21,IGI,2835.0
1638,Michelle Kennedy,2,Round,1,1,0,92.89,880.0,727.27,867.0,-60.0,1591.6101,18.0,18.0,Super Ideal,E,VS1,1.21,IGI,2835.0
1638,Nebula Stones,2,Round,1,1,0,11.31,858.0,709.09,845.0,-60.0,1538.6343,18.0,18.0,Super Ideal,E,VS1,1.21,IGI,2835.0
1638,Oasis Diamonds,2,Round,1,1,0,15.04,889.0,734.71,876.0,-61.0,1627.4927,18.0,18.0,Super Ideal,E,VS1,1.21,IGI,2835.0
1638,Periwinkle Stones,2,Round,1,1,0,10.75,865.0,714.88,852.0,-62.0,1633.3031,18.0,18.0,Super Ideal,E,VS1,1.21,IGI,2835.0
1638,Riviera Jewels,2,Round,1,1,0,12.07,840.0,694.21,827.0,-63.0,1613.7645,18.0,18.0,Super Ideal,E,VS1,1.21,IGI,2835.0
1638,Roma Diamonds,2,Round,1,1,0,12.31,845.0,698.35,832.0,-62.0,1597.7438,18.0,18.0,Super Ideal,E,VS1,1.21,IGI,2835.0
1638,Serene Peaks Diamonds,2,Round,1,1,0,14.03,851.72,703.9,839.0,-62.0,1597.6248,18.0,18.0,Super Ideal,E,VS1,1.21,IGI,2835.0
1638,Sigma Diamonds,2,Round,1,1,0,13.77,836.0,690.91,823.0,-64.0,1665.9996,18.0,18.0,Super Ideal,E,VS1,1.21,IGI,2835.0
1638,Silva Diamonds,2,Round,1,1,0,10.07,836.0,690.91,823.0,-63.0,1597.8777,18.0,18.0,Super Ideal,E,VS1,1.21,IGI,2835.0
1638,Starlight Crafts,2,Round,1,1,0,11.42,836.0,690.91,823.0,-62.0,1568.0415,18.0,18.0,Super Ideal,E,VS1,1.21,IGI,2835.0
1638,Tamara,2,Round,1,1,0,15.07,851.0,703.31,838.0,-62.0,1616.042,18.0,18.0,Super Ideal,E,VS1,1.21,IGI,2835.0
1638,Temperley,2,Round,1,1,0,15.93,870.62,719.52,858.0,-62.0,1619.1663,18.0,18.0,Super Ideal,E,VS1,1.21,IGI,2835.0
1638,Tilia Diamonds,2,Round,1,1,0,16.46,846.0,699.17,833.0,-63.0,1626.9585,18.0,18.0,Super Ideal,E,VS1,1.21,IGI,2835.0
1638,White Lily,2,Round,1,1,0,13.95,889.0,734.71,876.0,-59.0,1559.5822,18.0,18.0,Super Ideal,E,VS1,1.21,IGI,2835.0
1640,Michelle Kennedy,2,Round,1,1,0,22.12,764.0,631.4,753.0,-60.0,1371.0953,18.0,18.0,Ideal,G,SI1,1.21,IGI,2090.0
1641,Cirrus Gems,2,Emerald,1,1,0,23.05,852.0,796.26,839.0,-67.0,1662.2892,14.0,15.0,Very Good,F,VVS2,1.07,IGI,2480.0
1644,Serene Peaks Diamonds,2,Oval,1,1,0,17.84,925.0,770.83,911.0,-62.0,1660.6974,15.0,15.0,Very Good,F,VS2,1.2,IGI,2530.0
1645,Avignon Diamonds,2,Oval,1,1,0,16.68,754.0,739.22,743.0,-66.0,1482.131,15.0,15.0,Super Ideal,E,VS1,1.02,IGI,2360.0
1645,Bayside Gems,2,Oval,1,1,0,14.37,767.14,752.1,756.0,-65.0,1456.4628,15.0,15.0,Super Ideal,E,VS1,1.02,IGI,2360.0
1645,CV Diamonds,2,Oval,1,1,0,12.45,771.0,755.88,759.0,-65.0,1491.365,15.0,15.0,Super Ideal,E,VS1,1.02,IGI,2360.0
1645,Eternity Fine Jewelers,2,Oval,1,1,0,13.97,775.0,759.8,763.0,-64.0,1466.8375,15.0,15.0,Super Ideal,E,VS1,1.02,IGI,2360.0
1645,Fuji Diamonds,2,Oval,1,1,0,16.05,777.0,761.76,765.0,-64.0,1474.0619,15.0,15.0,Super Ideal,E,VS1,1.02,IGI,2360.0
1645,Hoseki,2,Oval,1,1,0,10.9,788.04,772.59,776.0,-64.0,1480.8052,15.0,15.0,Super Ideal,E,VS1,1.02,IGI,2360.0
1645,Infinity Diamonds,2,Oval,1,1,0,18.55,760.0,745.1,749.0,-65.0,1448.3309,15.0,15.0,Super Ideal,E,VS1,1.02,IGI,2360.0
1645,Jane Brear,2,Oval,1,2,0,11.71,790.0,774.51,778.0,-65.0,1516.4668,15.0,15.0,Super Ideal,E,VS1,1.02,IGI,2360.0
1645,Kara,2,Oval,1,1,0,13.93,796.0,780.39,784.0,-63.0,1451.8285,15.0,15.0,Super Ideal,E,VS1,1.02,IGI,2360.0
1645,Kaylin Crafts,2,Oval,1,1,0,15.88,749.92,735.22,739.0,-66.0,1488.8871,15.0,15.0,Super Ideal,E,VS1,1.02,IGI,2360.0
1645,Lotus Creation,2,Oval,1,1,0,15.84,762.0,747.06,751.0,-65.0,1455.5055,15.0,15.0,Super Ideal,E,VS1,1.02,IGI,2360.0
1645,Magnolia,2,Oval,2,2,0,13.94,781.0,765.69,769.0,-66.0,1549.3912,15.0,15.0,Super Ideal,E,VS1,1.02,IGI,2360.0
1645,Marlowe & Co,2,Oval,1,1,0,14.01,792.0,776.47,780.0,-65.0,1536.865,15.0,15.0,Super Ideal,E,VS1,1.02,IGI,2360.0
1645,Michelle Kennedy,2,Oval,1,1,0,10.76,790.0,774.51,778.0,-65.0,1507.1912,15.0,15.0,Super Ideal,E,VS1,1.02,IGI,2360.0
1645,Nebula Stones,2,Oval,1,1,0,17.03,775.1,759.9,763.0,-65.0,1495.5697,15.0,15.0,Super Ideal,E,VS1,1.02,IGI,2360.0
1645,Periwinkle Stones,2,Oval,1,1,0,13.6,797.0,781.37,785.0,-64.0,1481.6882,15.0,15.0,Super Ideal,E,VS1,1.02,IGI,2360.0
1645,Rosella,2,Oval,1,1,0,14.47,740.0,725.49,729.0,-68.0,1580.8517,15.0,15.0,Super Ideal,E,VS1,1.02,IGI,2360.0
1645,Taiga Gems,2,Oval,1,1,0,13.59,763.0,748.04,752.0,-64.0,1433.2721,15.0,15.0,Super Ideal,E,VS1,1.02,IGI,2360.0
1645,Tamara,2,Oval,1,1,0,11.86,778.0,762.75,766.0,-65.0,1481.0715,15.0,15.0,Super Ideal,E,VS1,1.02,IGI,2360.0
1645,Temperley,2,Oval,1,1,0,16.25,773.0,757.84,761.0,-65.0,1486.6527,15.0,15.0,Super Ideal,E,VS1,1.02,IGI,2360.0
1645,Vega Diamonds,2,Oval,1,1,0,13.22,741.0,726.47,730.0,-66.0,1473.6996,15.0,15.0,Super Ideal,E,VS1,1.02,IGI,2360.0
1645,Verve Jewels,2,Oval,1,1,0,11.29,756.0,741.18,745.0,-66.0,1483.3763,15.0,15.0,Super Ideal,E,VS1,1.02,IGI,2360.0
1645,White Lily,2,Oval,1,2,0,13.01,781.0,765.69,769.0,-65.0,1483.3763,15.0,15.0,Super Ideal,E,VS1,1.02,IGI,2360.0
1645,Zimmerman Diamonds,2,Oval,1,1,0,13.78,765.0,750.0,754.0,-65.0,1486.3357,15.0,15.0,Super Ideal,E,VS1,1.02,IGI,2360.0
1646,Jane Brear,2,Round,2,1,0,16.11,780.0,655.46,768.0,-53.0,1189.6514,18.0,18.0,Super Ideal,H,VVS2,1.19,IGI,2600.0
1646,Sunset Gems,2,Round,1,1,0,19.99,737.0,619.33,726.0,-58.0,1270.135,18.0,18.0,Super Ideal,H,VVS2,1.19,IGI,2600.0
1646,Temperley,2,Round,1,1,0,15.02,782.0,657.14,770.0,-53.0,1195.7926,18.0,18.0,Super Ideal,H,VVS2,1.19,IGI,2600.0
1652,N. B. Diamonds,2,Round,1,1,0,16.27,1959.25,851.85,1930.0,-50.0,2796.1233,18.0,18.0,Super Ideal,J,VS1,2.3,IGI,4790.0
1656,Michelle Kennedy,2,Round,1,1,0,11.59,305.46,803.84,301.0,-29.0,309.2716,18.0,18.0,Super Ideal,E,VS2,0.38,IGI,430.0
1659,Temperley,2,Round,1,1,0,15.33,3381.01,1673.77,3330.0,-17.0,2919.0552,18.0,18.0,Super Ideal,I,VS1,2.02,IGI,4884.0
1659,White Lily,2,Round,1,1,0,17.17,3381.01,1673.77,3330.0,-17.0,2921.6797,18.0,18.0,Super Ideal,I,VS1,2.02,IGI,4884.0
1660,Temperley,2,Radiant,2,2,0,16.85,355.18,467.34,350.0,-69.0,735.858,15.0,15.0,Super Ideal,F,VS1,0.76,IGI,1230.0
1666,Temperley,2,Emerald,1,1,0,15.53,3731.25,1381.94,3675.0,-60.0,5935.6011,14.0,15.0,Very Good,F,VS1,2.7,IGI,11740.0
1667,Camden Gems,2,Round,1,1,0,14.55,1664.0,1087.58,1639.0,-59.0,2901.032,18.0,18.0,Super Ideal,F,VVS2,1.53,IGI,5330.0
1667,Clermont Diamonds,2,Round,1,1,0,12.02,1649.0,1077.78,1624.0,-60.0,2937.2212,18.0,18.0,Super Ideal,F,VVS2,1.53,IGI,5330.0
1667,Ember Star,2,Round,1,1,0,13.05,1637.0,1069.93,1612.0,-60.0,2898.2869,18.0,18.0,Super Ideal,F,VVS2,1.53,IGI,5330.0
1667,Gemstone Harmony,2,Round,1,1,0,12.03,1635.0,1068.63,1610.0,-59.0,2877.2131,18.0,18.0,Super Ideal,F,VVS2,1.53,IGI,5330.0
1667,Hazel Diamonds,2,Round,1,1,0,14.83,1611.0,1052.94,1587.0,-60.0,2848.4165,18.0,18.0,Super Ideal,F,VVS2,1.53,IGI,5330.0
1667,Hill & Holland,2,Round,1,1,0,12.17,1685.53,1101.65,1660.0,-59.0,2916.229,18.0,18.0,Super Ideal,F,VVS2,1.53,IGI,5330.0
1667,Jane Brear,2,Round,1,1,0,93.34,1686.0,1101.96,1661.0,-59.0,2930.3633,18.0,18.0,Super Ideal,F,VVS2,1.53,IGI,5330.0
1667,Marlowe & Co,2,Round,1,1,0,11.01,1648.0,1077.12,1623.0,-59.0,2899.8506,18.0,18.0,Super Ideal,F,VVS2,1.53,IGI,5330.0
1667,Mei & Co,2,Round,1,1,0,14.17,1633.0,1067.32,1609.0,-60.0,2917.9036,18.0,18.0,Super Ideal,F,VVS2,1.53,IGI,5330.0
1667,Michelle Kennedy,2,Round,1,1,0,93.59,1686.0,1101.96,1661.0,-58.0,2892.5979,18.0,18.0,Super Ideal,F,VVS2,1.53,IGI,5330.0
1667,Periwinkle Stones,2,Round,1,1,0,10.9,1674.0,1094.12,1649.0,-59.0,2905.9434,18.0,18.0,Super Ideal,F,VVS2,1.53,IGI,5330.0
1667,Rosella,2,Round,1,1,0,12.5,1624.0,1061.44,1600.0,-61.0,2982.8188,18.0,18.0,Super Ideal,F,VVS2,1.53,IGI,5330.0
1667,Sigma Diamonds,2,Round,1,1,0,12.02,1641.0,1072.55,1616.0,-60.0,2935.8103,18.0,18.0,Super Ideal,F,VVS2,1.53,IGI,5330.0
1667,Silva Diamonds,2,Round,1,1,0,11.12,1635.0,1068.63,1610.0,-60.0,2924.1619,18.0,18.0,Super Ideal,F,VVS2,1.53,IGI,5330.0
1667,Temperley,2,Round,1,1,0,10.39,1675.0,1094.77,1650.0,-59.0,2903.1521,18.0,18.0,Super Ideal,F,VVS2,1.53,IGI,5330.0
1667,White Lily,2,Round,1,1,0,93.3,1675.0,1094.77,1650.0,-59.0,2933.6487,18.0,18.0,Super Ideal,F,VVS2,1.53,IGI,5330.0
1670,Cirrus Gems,2,Round,1,1,0,19.24,740.0,637.93,729.0,-60.0,1308.647,18.0,18.0,Ideal,F,VS1,1.16,IGI,2900.0
1670,Ember Star,2,Round,1,1,0,14.5,742.0,639.66,731.0,-58.0,1276.983,18.0,18.0,Ideal,F,VS1,1.16,IGI,2900.0
1670,Eterna Luxe,2,Round,1,1,0,10.34,779.0,671.55,767.0,-57.0,1296.0464,18.0,18.0,Ideal,F,VS1,1.16,IGI,2900.0
1670,I & M Designs,2,Round,1,1,0,13.21,900.0,775.86,886.0,-49.0,1266.5654,18.0,18.0,Ideal,F,VS1,1.16,IGI,2900.0
1670,Magnolia,2,Round,1,1,0,14.99,762.17,657.04,751.0,-57.0,1264.8273,18.0,18.0,Ideal,F,VS1,1.16,IGI,2900.0
1670,Marlowe & Co,2,Round,1,1,0,13.99,777.1,669.91,765.0,-56.0,1253.5251,17.0,18.0,Ideal,F,VS1,1.16,IGI,2900.0
1670,Michelle Kennedy,2,Round,1,1,0,15.28,799.98,689.64,788.0,-56.0,1301.5492,18.0,18.0,Ideal,F,VS1,1.16,IGI,2900.0
1670,Oasis Diamonds,2,Round,1,1,0,11.11,799.0,688.79,787.0,-55.0,1260.1609,18.0,18.0,Ideal,F,VS1,1.16,IGI,2900.0
1670,Serene Peaks Diamonds,2,Round,1,1,0,11.85,772.0,665.52,760.0,-56.0,1258.4755,18.0,18.0,Ideal,F,VS1,1.16,IGI,2900.0
1670,Tamara,2,Round,1,1,0,10.65,776.1,669.05,764.0,-56.0,1264.5887,18.0,18.0,Ideal,F,VS1,1.16,IGI,2900.0
1670,Temperley,2,Round,1,1,0,12.88,796.0,686.21,784.0,-56.0,1281.0745,18.0,18.0,Ideal,F,VS1,1.16,IGI,2900.0
1670,Vega Diamonds,2,Round,1,1,0,13.11,749.0,645.69,738.0,-58.0,1278.9443,18.0,18.0,Ideal,F,VS1,1.16,IGI,2900.0
1670,White Lily,2,Round,1,1,0,15.23,802.96,692.21,791.0,-56.0,1305.9664,18.0,18.0,Ideal,F,VS1,1.16,IGI,2900.0
1672,55 E Diamonds,2,Oval,1,1,0,17.98,2409.0,1198.51,2373.0,-60.0,4011.6018,15.0,15.0,Very Good,F,VS1,2.01,IGI,7960.0
1672,Avignon Diamonds,2,Oval,1,1,0,16.55,2345.0,1166.67,2310.0,-61.0,4023.8948,14.0,15.0,Very Good,F,VS1,2.01,IGI,7960.0
1672,Jane Brear,2,Oval,1,1,0,18.65,2709.0,1347.76,2668.0,-55.0,4053.624,15.0,15.0,Very Good,F,VS1,2.01,IGI,7960.0
1672,Kaylin Crafts,2,Oval,1,1,0,16.32,2340.49,1164.42,2305.0,-61.0,4018.8933,15.0,15.0,Very Good,F,VS1,2.01,IGI,7960.0
1672,Michelle Kennedy,2,Oval,1,2,0,11.98,2355.0,1171.64,2320.0,-60.0,3965.2065,15.0,15.0,Very Good,F,VS1,2.01,IGI,7960.0
1672,Periwinkle Stones,2,Oval,1,1,0,11.31,2377.0,1182.59,2341.0,-60.0,3970.6868,14.0,15.0,Very Good,F,VS1,2.01,IGI,7960.0
1672,Serene Peaks Diamonds,2,Oval,1,2,0,12.07,2368.0,1178.11,2332.0,-60.0,4017.6479,15.0,15.0,Very Good,F,VS1,2.01,IGI,7960.0
1672,Taiga Gems,2,Oval,1,1,0,14.38,2357.0,1172.64,2322.0,-61.0,4112.8721,15.0,15.0,Very Good,F,VS1,2.01,IGI,7960.0
1672,Temperley,2,Oval,1,1,0,11.07,2343.0,1165.67,2308.0,-61.0,4026.8481,15.0,15.0,Very Good,F,VS1,2.01,IGI,7960.0
1672,Zimmerman Diamonds,2,Oval,1,1,0,14.37,2348.0,1168.16,2313.0,-60.0,3969.0266,14.0,15.0,Very Good,F,VS1,2.01,IGI,7960.0
1673,Marlowe & Co,2,Oval,1,1,0,21.41,1391.0,915.13,1370.0,-56.0,2107.6179,15.0,15.0,Very Good,H,VS1,1.52,IGI,3600.0
1673,Taiga Gems,2,Oval,1,1,0,19.83,1361.0,895.39,1341.0,-57.0,2125.1499,15.0,15.0,Very Good,H,VS1,1.52,IGI,3600.0
1674,Temperley,2,Oval,1,2,0,10.35,321.38,945.24,317.0,-46.0,403.8788,15.0,15.0,Super Ideal,D,VS1,0.34,IGI,360.0
1674,White Lily,2,Oval,1,1,0,14.58,312.0,917.65,307.0,-33.0,315.8471,15.0,15.0,Super Ideal,D,VS1,0.34,IGI,360.0
1675,Taiga Gems,2,Round,1,1,0,15.04,849.73,643.73,837.0,-57.0,1427.8853,18.0,18.0,Super Ideal,G,SI1,1.32,IGI,2440.0
1676,Avignon Diamonds,2,Round,1,1,0,16.69,1245.04,876.79,1226.0,-54.0,1930.801,18.0,18.0,Ideal,D,VS1,1.42,IGI,4480.0
1676,Bayside Gems,2,Round,1,1,0,15.63,1203.0,847.18,1185.0,-56.0,1937.9027,18.0,18.0,Ideal,D,VS1,1.42,IGI,4480.0
1676,Camden Gems,2,Round,1,1,0,14.76,1224.84,862.56,1206.0,-55.0,1942.7037,18.0,18.0,Ideal,D,VS1,1.42,IGI,4480.0
1676,Clermont Diamonds,2,Round,1,1,0,10.07,1241.0,873.94,1222.0,-54.0,1911.0763,18.0,18.0,Ideal,D,VS1,1.42,IGI,4480.0
1676,Cornerstone,2,Round,1,1,0,14.29,1270.0,894.37,1251.0,-53.0,1944.7798,18.0,18.0,Ideal,D,VS1,1.42,IGI,4480.0
1676,Eternity Fine Jewelers,2,Round,1,1,0,18.08,1248.72,879.38,1230.0,-54.0,1924.587,18.0,18.0,Ideal,D,VS1,1.42,IGI,4480.0
1676,Hoseki,2,Round,1,1,0,18.18,1265.64,891.3,1247.0,-53.0,1907.889,18.0,18.0,Ideal,D,VS1,1.42,IGI,4480.0
1676,Jane Brear,2,Round,1,1,0,11.49,1308.0,921.13,1288.0,-51.0,1905.8456,18.0,18.0,Ideal,D,VS1,1.42,IGI,4480.0
1676,Joan Cooper,2,Round,1,1,0,15.06,1245.0,876.76,1226.0,-54.0,1938.0153,17.0,18.0,Ideal,D,VS1,1.42,IGI,4480.0
1676,Lotus Creation,2,Round,1,1,0,17.81,1241.18,874.07,1223.0,-54.0,1932.9694,18.0,18.0,Ideal,D,VS1,1.42,IGI,4480.0
1676,Magnolia,2,Round,1,1,0,10.65,1230.82,866.77,1212.0,-55.0,1940.5902,18.0,18.0,Ideal,D,VS1,1.42,IGI,4480.0
1676,Marlowe & Co,2,Round,1,1,0,16.86,1261.0,888.03,1242.0,-53.0,1906.8127,18.0,18.0,Ideal,D,VS1,1.42,IGI,4480.0
1676,Mei & Co,2,Round,1,1,0,14.03,1221.0,859.86,1203.0,-54.0,1910.1298,18.0,18.0,Ideal,D,VS1,1.42,IGI,4480.0
1676,Michelle Kennedy,2,Round,1,1,0,18.48,1265.0,890.85,1246.0,-52.0,1901.5909,18.0,18.0,Ideal,D,VS1,1.42,IGI,4480.0
1676,Nebula Stones,2,Round,1,1,0,16.81,1253.7,882.89,1235.0,-53.0,1892.9349,18.0,18.0,Ideal,D,VS1,1.42,IGI,4480.0
1676,Periwinkle Stones,2,Round,1,1,0,13.13,1266.0,891.55,1247.0,-53.0,1942.5503,18.0,18.0,Ideal,D,VS1,1.42,IGI,4480.0
1676,Promenade Jewelry,2,Round,1,1,0,20.61,1219.0,858.45,1201.0,-55.0,1936.8452,18.0,18.0,Ideal,D,VS1,1.42,IGI,4480.0
1676,Sigma Diamonds,2,Round,1,1,0,14.77,1218.0,857.75,1200.0,-55.0,1947.1906,18.0,18.0,Ideal,D,VS1,1.42,IGI,4480.0
1676,Silva Diamonds,2,Round,1,1,0,12.67,1225.0,862.68,1207.0,-55.0,1932.2819,18.0,18.0,Ideal,D,VS1,1.42,IGI,4480.0
1676,Temperley,2,Round,1,1,0,17.38,1256.0,884.51,1237.0,-55.0,1986.2483,18.0,18.0,Ideal,D,VS1,1.42,IGI,4480.0
1676,Tilia Diamonds,2,Round,1,1,0,17.33,1245.0,876.76,1226.0,-53.0,1892.9349,18.0,18.0,Ideal,D,VS1,1.42,IGI,4480.0
1676,Vega Diamonds,2,Round,1,1,0,12.17,1203.0,847.18,1185.0,-56.0,1954.3771,18.0,18.0,Ideal,D,VS1,1.42,IGI,4480.0
1676,White Lily,2,Round,1,1,0,16.07,1298.48,914.42,1279.0,-50.0,1871.8307,18.0,18.0,Ideal,D,VS1,1.42,IGI,4480.0
1682,Jane Brear,2,Round,1,1,0,15.65,3508.0,1670.48,3455.0,-13.0,2881.8838,18.0,18.0,Super Ideal,I,VS1,2.1,IGI,5043.33
1682,Michelle Kennedy,2,Round,1,1,0,18.02,1582.0,753.33,1558.0,-62.0,2979.6528,18.0,18.0,Super Ideal,I,VS1,2.1,IGI,5043.33
1682,Nebula Stones,2,Round,1,1,0,16.96,1644.0,782.86,1619.0,-60.0,2970.554,18.0,18.0,Super Ideal,I,VS1,2.1,IGI,5043.33
1682,Temperley,2,Round,1,1,0,13.21,3508.0,1670.48,3455.0,-17.0,3025.2708,18.0,18.0,Super Ideal,I,VS1,2.1,IGI,5043.33
1684,Adalyn Jewelry,2,Round,1,1,0,10.36,2204.0,1469.33,2171.0,-60.0,3953.677,18.0,18.0,Ideal,D,VVS1,1.5,IGI,8260.0
1684,Avignon Diamonds,2,Round,1,1,0,15.67,2163.0,1442.0,2131.0,-61.0,3952.3926,18.0,18.0,Ideal,D,VVS1,1.5,IGI,8260.0
1684,Bayside Gems,2,Round,1,1,0,14.58,2155.0,1436.67,2123.0,-63.0,4143.8203,18.0,18.0,Ideal,D,VVS1,1.5,IGI,8260.0
1684,Ember Star,2,Round,1,1,0,13.84,2207.9,1471.93,2175.0,-59.0,3858.8826,18.0,18.0,Ideal,D,VVS1,1.5,IGI,8260.0
1684,Eternity Fine Jewelers,2,Round,1,1,0,13.23,2155.0,1436.67,2123.0,-61.0,3993.0588,18.0,18.0,Ideal,D,VVS1,1.5,IGI,8260.0
1684,Hoseki,2,Round,1,1,0,13.97,2215.0,1476.67,2182.0,-60.0,3972.6348,18.0,18.0,Ideal,D,VVS1,1.5,IGI,8260.0
1684,Jane Brear,2,Round,1,1,0,12.01,2315.36,1543.57,2281.0,-58.0,3979.8438,18.0,18.0,Ideal,D,VVS1,1.5,IGI,8260.0
1684,Joan Cooper,2,Round,1,1,0,14.52,2211.88,1474.59,2179.0,-59.0,3902.1492,18.0,18.0,Ideal,D,VVS1,1.5,IGI,8260.0
1684,Meadow & Co,2,Round,1,1,0,14.18,2350.0,1566.67,2315.0,-57.0,3946.9883,18.0,18.0,Ideal,D,VVS1,1.5,IGI,8260.0
1684,Riviera Jewels,2,Round,1,1,0,17.36,2155.0,1436.67,2123.0,-61.0,3911.8811,18.0,18.0,Ideal,D,VVS1,1.5,IGI,8260.0
1684,Rosella,2,Round,1,1,0,14.54,2334.0,1556.0,2299.0,-58.0,3950.6079,18.0,18.0,Ideal,D,VVS1,1.5,IGI,8260.0
1684,Sara's Diamonds,2,Round,1,1,0,62.76,2091.0,1394.0,2060.0,-62.0,3924.9773,18.0,18.0,Ideal,D,VVS1,1.5,IGI,8260.0
1684,Simetría,2,Round,1,1,0,93.51,2155.0,1436.67,2123.0,-60.0,3894.4385,18.0,18.0,Ideal,D,VVS1,1.5,IGI,8260.0
1684,Temperley,2,Round,1,1,0,13.65,2217.0,1478.0,2184.0,-60.0,4001.8906,18.0,18.0,Ideal,D,VVS1,1.5,IGI,8260.0
1684,Tilia Diamonds,2,Round,1,1,0,14.33,2219.0,1479.33,2186.0,-62.0,4176.0894,18.0,18.0,Ideal,D,VVS1,1.5,IGI,8260.0
1684,White Lily,2,Round,1,1,0,16.62,2245.9,1497.27,2212.0,-59.0,3926.2603,18.0,18.0,Ideal,D,VVS1,1.5,IGI,8260.0
1691,Artemis Stones,2,Round,1,1,0,19.26,2072.18,941.9,2041.0,-64.0,4163.9883,18.0,18.0,Ideal,G,VS1,2.2,IGI,7530.0
1691,Cirrus Gems,2,Round,1,1,0,22.34,2043.0,928.64,2012.0,-65.0,4220.2969,18.0,18.0,Ideal,G,VS1,2.2,IGI,7530.0
1691,I & M Designs,2,Round,1,1,0,13.81,2158.0,980.91,2126.0,-63.0,4210.0591,18.0,18.0,Ideal,G,VS1,2.2,IGI,7530.0
1691,Jane Brear,2,Round,1,1,0,11.25,2095.0,952.27,2064.0,-64.0,4111.4629,18.0,18.0,Ideal,G,VS1,2.2,IGI,7530.0
1691,La Marquise,2,Round,1,1,0,17.74,2274.86,1034.03,2241.0,-60.0,4080.7732,18.0,18.0,Ideal,G,VS1,2.2,IGI,7530.0
1691,Michelle Kennedy,2,Round,1,1,0,19.91,2158.16,980.98,2126.0,-62.0,4098.2783,18.0,18.0,Ideal,G,VS1,2.2,IGI,7530.0
1691,Nebula Stones,2,Round,1,1,0,17.89,2169.0,985.91,2136.0,-63.0,4173.439,18.0,18.0,Ideal,G,VS1,2.2,IGI,7530.0
1691,Roma Diamonds,2,Round,1,1,0,13.53,2113.0,960.45,2081.0,-63.0,4116.5605,18.0,18.0,Ideal,G,VS1,2.2,IGI,7530.0
1691,Temperley,2,Round,1,1,0,11.06,2131.29,968.77,2099.0,-64.0,4217.4165,18.0,18.0,Ideal,G,VS1,2.2,IGI,7530.0
1691,Verve Jewels,2,Round,1,1,0,13.24,2072.0,941.82,2041.0,-64.0,4159.541,18.0,18.0,Ideal,G,VS1,2.2,IGI,7530.0
1691,Vespera Gems,2,Round,1,1,0,11.75,2104.0,956.36,2072.0,-65.0,4258.1445,18.0,18.0,Ideal,G,VS1,2.2,IGI,7530.0
1691,White Lily,2,Round,1,1,0,10.37,2123.0,965.0,2091.0,-63.0,4158.7363,18.0,18.0,Ideal,G,VS1,2.2,IGI,7530.0
1698,BonDiam,2,Round,1,1,0,12.67,1005.0,837.5,990.0,-55.0,1596.6763,18.0,18.0,Ideal,G,VS1,1.2,IGI,2564.0
1698,Cirrus Gems,2,Round,2,2,0,17.38,819.0,682.5,807.0,-63.0,1563.8353,18.0,18.0,Ideal,G,VS1,1.2,IGI,2564.0
1698,Jane Brear,2,Round,1,2,0,13.25,868.0,723.33,855.0,-59.0,1522.3347,18.0,18.0,Ideal,G,VS1,1.2,IGI,2564.0
1698,Michelle Kennedy,2,Round,1,1,0,11.25,884.56,737.13,871.0,-59.0,1531.3894,18.0,18.0,Ideal,G,VS1,1.2,IGI,2564.0
1701,Artemis Stones,2,Round,1,1,0,17.05,1895.55,924.66,1867.0,-63.0,3716.5881,18.0,18.0,Super Ideal,G,VS1,2.05,IGI,7691.43
1701,Avignon Diamonds,2,Round,1,1,0,11.76,1923.0,938.05,1894.0,-63.0,3678.7373,18.0,18.0,Super Ideal,G,VS1,2.05,IGI,7691.43
1701,CV Diamonds,2,Round,1,1,0,14.8,1944.23,948.4,1915.0,-63.0,3716.375,18.0,18.0,Super Ideal,G,VS1,2.05,IGI,7691.43
1701,Camden Gems,2,Round,1,1,0,13.39,1934.0,943.41,1905.0,-63.0,3782.1111,18.0,18.0,Super Ideal,G,VS1,2.05,IGI,7691.43
1701,Clermont Diamonds,2,Round,1,1,0,12.64,1909.0,931.22,1880.0,-63.0,3662.5054,18.0,18.0,Super Ideal,G,VS1,2.05,IGI,7691.43
1701,Diamonds by Zoya,2,Round,1,1,0,94.75,1922.0,937.56,1893.0,-62.0,3633.1238,18.0,18.0,Super Ideal,G,VS1,2.05,IGI,7691.43
1701,Hazel Diamonds,2,Round,1,1,0,12.24,1867.0,910.73,1839.0,-65.0,3780.4211,18.0,18.0,Super Ideal,G,VS1,2.05,IGI,7691.43
1701,Jane Brear,2,Round,1,1,0,12.28,1952.0,952.2,1923.0,-62.0,3691.9104,18.0,18.0,Super Ideal,G,VS1,2.05,IGI,7691.43
1701,Meridian Crafts,2,Round,1,1,0,13.22,1917.0,935.12,1888.0,-62.0,3589.1018,18.0,18.0,Super Ideal,G,VS1,2.05,IGI,7691.43
1701,Michelle Kennedy,2,Round,1,1,0,11.46,1975.0,963.41,1945.0,-62.0,3707.4075,18.0,18.0,Super Ideal,G,VS1,2.05,IGI,7691.43
1701,Temperley,2,Round,1,1,0,16.25,1963.14,957.63,1934.0,-62.0,3665.7031,18.0,18.0,Super Ideal,G,VS1,2.05,IGI,7691.43
1701,Vespera Gems,2,Round,1,1,0,13.25,1953.46,952.91,1924.0,-63.0,3794.0999,18.0,18.0,Super Ideal,G,VS1,2.05,IGI,7691.43
1701,Westport Jewelry,2,Round,1,1,0,16.1,1895.0,924.39,1867.0,-63.0,3682.5986,18.0,18.0,Super Ideal,G,VS1,2.05,IGI,7691.43
1701,White Lily,2,Round,1,1,0,14.77,1947.0,949.76,1918.0,-63.0,3743.3777,18.0,18.0,Super Ideal,G,VS1,2.05,IGI,7691.43
1703,Jane Brear,2,Round,1,1,0,14.18,1508.42,743.06,1486.0,-57.0,2507.0337,18.0,18.0,Ideal,I,VS2,2.03,IGI,4873.33
1703,Michelle Kennedy,2,Round,1,1,0,15.5,1508.42,743.06,1486.0,-57.0,2484.7556,18.0,18.0,Ideal,I,VS2,2.03,IGI,4873.33
1706,Temperley,2,Round,1,1,0,12.66,1433.8,775.03,1412.0,-55.0,2282.5903,18.0,18.0,Ideal,J,VS1,1.85,IGI,3250.0
1708,Hoseki,2,Oval,1,2,0,25.55,317.4,622.35,313.0,-39.0,350.5778,15.0,15.0,Super Ideal,E,VS2,0.51,IGI,620.0
1711,Michelle Kennedy,2,Cushion,1,1,0,19.11,1469.62,924.29,1448.0,-63.0,2529.3306,15.0,15.0,Very Good,E,VS2,1.59,IGI,4190.0
1711,Temperley,2,Cushion,1,1,0,21.5,1526.0,959.75,1503.0,-62.0,2533.2197,14.0,15.0,Very Good,E,VS2,1.59,IGI,4190.0
1711,White Lily,2,Cushion,1,1,0,18.51,1526.0,959.75,1503.0,-62.0,2563.1394,14.0,15.0,Very Good,E,VS2,1.59,IGI,4190.0
1712,Diamonds by Zoya,2,Round,2,2,0,12.97,350.0,538.46,345.0,-56.0,572.3755,16.0,18.0,Very Good,D,VS1,0.65,IGI,1020.0
1715,Avignon Diamonds,2,Cushion,1,1,0,23.85,3784.0,1455.38,3727.0,-63.0,6433.8242,15.0,15.0,Super Ideal,E,VS1,2.6,IGI,11700.0
1715,Eternal Flame,2,Cushion,1,1,0,19.25,3893.0,1497.31,3835.0,-61.0,6236.9961,15.0,15.0,Super Ideal,E,VS1,2.6,IGI,11700.0
1715,Hill & Holland,2,Cushion,1,1,0,19.86,4098.4,1576.31,4037.0,-60.0,6388.4199,15.0,15.0,Super Ideal,E,VS1,2.6,IGI,11700.0
1715,Jane Brear,2,Cushion,1,1,0,19.43,3860.0,1484.62,3802.0,-63.0,6654.457,15.0,15.0,Super Ideal,E,VS1,2.6,IGI,11700.0
1715,Periwinkle Stones,2,Cushion,1,1,0,13.21,3892.0,1496.92,3834.0,-62.0,6394.5356,15.0,15.0,Super Ideal,E,VS1,2.6,IGI,11700.0
1715,Temperley,2,Cushion,1,1,0,15.54,4010.0,1542.31,3950.0,-63.0,6845.2832,15.0,15.0,Super Ideal,E,VS1,2.6,IGI,11700.0
1716,Elmwood Diamonds,2,Oval,2,2,0,15.54,519.0,710.96,511.0,-57.0,812.5858,14.0,15.0,Very Good,E,VVS1,0.73,IGI,1380.0
1716,Meadow & Co,2,Oval,1,1,0,16.01,436.8,598.36,430.0,-57.0,677.0984,15.0,15.0,Very Good,E,VVS1,0.73,IGI,1380.0
1718,Jane Brear,2,Round,1,1,0,21.19,1731.0,1146.36,1705.0,-64.0,3463.8647,18.0,18.0,Ideal,G,VVS1,1.51,IGI,5110.0
1718,Mei & Co,2,Round,1,1,0,11.06,1682.0,1113.91,1657.0,-66.0,3522.0596,18.0,18.0,Ideal,G,VVS1,1.51,IGI,5110.0
1718,Michelle Kennedy,2,Round,1,1,0,14.78,1712.0,1133.77,1686.0,-64.0,3449.8738,18.0,18.0,Ideal,G,VVS1,1.51,IGI,5110.0
1718,Rosella,2,Round,1,1,0,14.12,1626.0,1076.82,1602.0,-66.0,3444.7395,18.0,18.0,Ideal,G,VVS1,1.51,IGI,5110.0
1718,Taiga Gems,2,Round,1,1,0,22.61,1666.81,1103.85,1642.0,-66.0,3503.7012,18.0,18.0,Ideal,G,VVS1,1.51,IGI,5110.0
1721,Temperley,2,Round,1,1,0,17.26,702.0,695.05,691.0,-56.0,1142.3198,18.0,18.0,Super Ideal,H,VS1,1.01,IGI,2100.0
1721,White Lily,2,Round,1,1,0,14.89,718.0,710.89,707.0,-57.0,1202.0129,18.0,18.0,Super Ideal,H,VS1,1.01,IGI,2100.0
1724,Avignon Diamonds,2,Round,1,1,0,25.4,348.42,561.97,343.0,-55.0,557.7734,18.0,18.0,Super Ideal,D,VS1,0.62,IGI,990.0
1724,Hoseki,2,Round,1,1,0,11.15,364.0,587.1,359.0,-53.0,556.1495,18.0,18.0,Super Ideal,D,VS1,0.62,IGI,990.0
1724,Infinity Diamonds,2,Round,1,1,0,14.89,344.0,554.84,339.0,-59.0,594.8022,18.0,18.0,Super Ideal,D,VS1,0.62,IGI,990.0
1724,Jane Brear,2,Round,1,1,0,13.96,398.0,641.94,392.0,-51.0,576.0695,18.0,18.0,Super Ideal,D,VS1,0.62,IGI,990.0
1724,Meridian Crafts,2,Round,1,1,0,13.22,343.0,553.23,338.0,-57.0,569.2893,18.0,18.0,Super Ideal,D,VS1,0.62,IGI,990.0
1724,Michelle Kennedy,2,Round,1,1,0,13.41,398.0,641.94,392.0,-51.0,577.2119,18.0,18.0,Super Ideal,D,VS1,0.62,IGI,990.0
1724,Promenade Jewelry,2,Round,1,1,0,22.6,349.24,563.29,344.0,-56.0,564.33,18.0,18.0,Super Ideal,D,VS1,0.62,IGI,990.0
1724,Roma Diamonds,2,Round,1,1,0,14.04,340.0,548.39,335.0,-55.0,542.2249,18.0,18.0,Super Ideal,D,VS1,0.62,IGI,990.0
1724,Silva Diamonds,2,Round,1,1,0,12.55,340.0,548.39,335.0,-58.0,576.2996,18.0,18.0,Super Ideal,D,VS1,0.62,IGI,990.0
1724,Temperley,2,Round,1,1,0,11.47,383.08,617.87,377.0,-52.0,570.1856,18.0,18.0,Super Ideal,D,VS1,0.62,IGI,990.0
1724,White Lily,2,Round,1,1,0,14.62,365.0,588.71,360.0,-55.0,580.84,18.0,18.0,Super Ideal,D,VS1,0.62,IGI,990.0
1725,Artemis Stones,2,Round,1,1,0,16.27,2142.0,1065.67,2110.0,-65.0,4335.7744,18.0,18.0,Ideal,G,VVS2,2.01,IGI,7960.0
1725,Camden Gems,2,Round,1,1,0,12.43,2186.0,1087.56,2153.0,-64.0,4365.0029,18.0,18.0,Ideal,G,VVS2,2.01,IGI,7960.0
1725,Cirrus Gems,2,Round,1,1,0,19.72,2121.0,1055.22,2089.0,-65.0,4371.2749,18.0,18.0,Ideal,G,VVS2,2.01,IGI,7960.0
1725,Clermont Diamonds,2,Round,1,1,0,16.57,2169.0,1079.1,2136.0,-64.0,4346.8096,18.0,18.0,Ideal,G,VVS2,2.01,IGI,7960.0
1725,Hazel Diamonds,2,Round,1,1,0,11.56,2111.0,1050.25,2079.0,-65.0,4376.2168,18.0,18.0,Ideal,G,VVS2,2.01,IGI,7960.0
1725,Jane Brear,2,Round,1,1,0,13.85,2194.0,1091.54,2161.0,-64.0,4324.4849,18.0,18.0,Ideal,G,VVS2,2.01,IGI,7960.0
1725,La Marquise,2,Round,1,1,0,12.45,2346.0,1167.16,2311.0,-62.0,4390.6763,18.0,18.0,Ideal,G,VVS2,2.01,IGI,7960.0
1725,Michelle Kennedy,2,Round,1,1,0,13.59,2194.0,1091.54,2161.0,-64.0,4378.4326,18.0,18.0,Ideal,G,VVS2,2.01,IGI,7960.0
1725,Nova Stars,2,Round,1,1,0,10.43,2168.0,1078.61,2135.0,-65.0,4412.7075,18.0,18.0,Ideal,G,VVS2,2.01,IGI,7960.0
1725,Roma Diamonds,2,Round,1,1,0,11.52,3362.0,1672.64,3312.0,-45.0,4394.4829,18.0,18.0,Ideal,G,VVS2,2.01,IGI,7960.0
1725,Serenade Diamonds,2,Round,1,1,0,10.93,2168.0,1078.61,2135.0,-65.0,4377.6318,18.0,18.0,Ideal,G,VVS2,2.01,IGI,7960.0
1725,Taiga Gems,2,Round,1,1,0,16.98,2144.0,1066.67,2112.0,-65.0,4344.021,18.0,18.0,Ideal,G,VVS2,2.01,IGI,7960.0
1725,Temperley,2,Round,1,1,0,16.37,2202.0,1095.52,2169.0,-64.0,4429.5635,18.0,18.0,Ideal,G,VVS2,2.01,IGI,7960.0
1725,Westport Jewelry,2,Round,1,1,0,12.07,2128.0,1058.71,2096.0,-66.0,4447.5527,18.0,18.0,Ideal,G,VVS2,2.01,IGI,7960.0
1725,White Lily,2,Round,1,1,0,18.01,2256.0,1122.39,2222.0,-63.0,4372.8979,18.0,18.0,Ideal,G,VVS2,2.01,IGI,7960.0
1726,Marlowe & Co,2,Round,1,1,0,15.08,410.94,501.15,405.0,-47.0,555.8348,18.0,18.0,Ideal,H,VVS2,0.82,IGI,1140.0
1733,Cirrus Gems,2,Round,2,1,0,20.12,1448.0,893.83,1426.0,-64.0,2867.8352,18.0,18.0,Super Ideal,G,VVS2,1.62,IGI,4685.0
1733,Michelle Kennedy,2,Round,1,1,0,16.86,1542.25,952.01,1519.0,-61.0,2862.0327,18.0,18.0,Super Ideal,G,VVS2,1.62,IGI,4685.0
1733,Roma Diamonds,2,Round,1,1,0,12.99,1490.0,919.75,1468.0,-63.0,2884.6636,18.0,18.0,Super Ideal,G,VVS2,1.62,IGI,4685.0
1733,Temperley,2,Round,1,1,0,20.85,1520.0,938.27,1497.0,-62.0,2887.2019,18.0,18.0,Super Ideal,G,VVS2,1.62,IGI,4685.0
1735,Albert's Creations,2,Round,1,1,0,10.82,339.0,389.66,334.0,-56.0,546.9473,18.0,18.0,Ideal,D,SI1,0.87,IGI,1260.0
1735,Vega Diamonds,2,Round,1,1,0,17.91,331.05,380.52,326.0,-56.0,544.5089,18.0,18.0,Ideal,D,SI1,0.87,IGI,1260.0
1736,BonDiam,2,Round,1,1,0,14.43,322.38,1007.44,318.0,-35.0,356.7225,18.0,18.0,Ideal,F,VVS2,0.32,IGI,370.0
1736,Marlowe & Co,2,Round,1,1,0,12.7,322.0,1006.25,317.0,-39.0,375.2358,18.0,18.0,Ideal,F,VVS2,0.32,IGI,370.0
1736,Meridian Crafts,2,Round,1,1,0,11.66,316.0,987.5,311.0,-36.0,350.939,18.0,18.0,Ideal,F,VVS2,0.32,IGI,370.0
1738,Emilia Sterling,2,Round,1,1,0,11.21,729.0,633.91,718.0,-60.0,1291.1613,18.0,18.0,Ideal,E,VS2,1.15,IGI,2350.0
1738,Equinox Jewels,2,Round,1,1,0,14.58,734.0,638.26,723.0,-59.0,1296.3115,18.0,18.0,Ideal,E,VS2,1.15,IGI,2350.0
1738,Fabiola,2,Round,1,1,0,16.39,750.23,652.37,739.0,-57.0,1240.9182,18.0,18.0,Ideal,E,VS2,1.15,IGI,2350.0
1738,Jane Brear,2,Round,1,1,0,14.03,781.0,679.13,769.0,-58.0,1322.2201,18.0,18.0,Ideal,E,VS2,1.15,IGI,2350.0
1738,Magnolia,2,Round,1,1,0,17.24,736.0,640.0,725.0,-59.0,1275.3488,18.0,18.0,Ideal,E,VS2,1.15,IGI,2350.0
1738,Michelle Kennedy,2,Round,1,1,0,17.11,784.0,681.74,772.0,-56.0,1287.2743,18.0,18.0,Ideal,E,VS2,1.15,IGI,2350.0
1738,Roma Diamonds,2,Round,2,1,0,44.85,742.0,645.22,731.0,-59.0,1291.9818,18.0,18.0,Ideal,E,VS2,1.15,IGI,2350.0
1738,Silva Diamonds,2,Round,1,1,0,11.66,742.0,645.22,731.0,-60.0,1314.9098,18.0,18.0,Ideal,E,VS2,1.15,IGI,2350.0
1738,White Lily,2,Round,1,1,0,17.05,778.0,676.52,766.0,-56.0,1275.2133,18.0,18.0,Ideal,E,VS2,1.15,IGI,2350.0
1743,Temperley,2,Round,1,1,0,18.89,3657.0,1700.93,3602.0,-13.0,3007.1602,18.0,18.0,Super Ideal,G,SI1,2.15,IGI,5565.0
1751,Avignon Diamonds,2,Round,1,1,0,69.19,727.0,699.04,716.0,-58.0,1230.3448,18.0,18.0,Ideal,F,VS1,1.04,IGI,2430.0
1751,Camden Gems,2,Round,1,1,0,13.59,698.0,671.15,688.0,-61.0,1268.9941,18.0,18.0,Ideal,F,VS1,1.04,IGI,2430.0
1751,Fabiola,2,Round,1,1,0,12.94,701.0,674.04,690.0,-60.0,1269.2712,17.0,18.0,Ideal,F,VS1,1.04,IGI,2430.0
1751,Hazel Diamonds,2,Round,1,1,0,14.9,694.0,667.31,684.0,-59.0,1214.3407,18.0,18.0,Ideal,F,VS1,1.04,IGI,2430.0
1751,Jane Brear,2,Round,1,1,0,10.94,733.0,704.81,722.0,-58.0,1263.3623,18.0,18.0,Ideal,F,VS1,1.04,IGI,2430.0
1751,Marlowe & Co,2,Round,1,1,0,13.1,716.0,688.46,705.0,-59.0,1256.7546,18.0,18.0,Ideal,F,VS1,1.04,IGI,2430.0
1751,Meridian Crafts,2,Round,1,1,0,14.52,705.0,677.88,694.0,-61.0,1283.0251,18.0,18.0,Ideal,F,VS1,1.04,IGI,2430.0
1751,Michelle Kennedy,2,Round,1,1,0,92.14,731.0,702.88,720.0,-60.0,1309.3759,18.0,18.0,Ideal,F,VS1,1.04,IGI,2430.0
1751,Nova Stars,2,Round,1,1,0,11.69,698.0,671.15,688.0,-61.0,1292.5604,18.0,18.0,Ideal,F,VS1,1.04,IGI,2430.0
1751,Oasis Diamonds,2,Round,1,1,0,14.93,733.32,705.12,722.0,-59.0,1270.0382,18.0,18.0,Ideal,F,VS1,1.04,IGI,2430.0
1751,Temperley,2,Round,1,1,0,13.62,726.0,698.08,715.0,-59.0,1254.864,18.0,18.0,Ideal,F,VS1,1.04,IGI,2430.0
1751,Vespera Gems,2,Round,1,1,0,16.39,706.0,678.85,695.0,-60.0,1270.1812,18.0,18.0,Ideal,F,VS1,1.04,IGI,2430.0
1751,White Lily,2,Round,1,1,0,10.4,733.0,704.81,722.0,-58.0,1248.0668,18.0,18.0,Ideal,F,VS1,1.04,IGI,2430.0
1755,Hoseki,2,Round,1,1,0,10.67,307.0,614.0,302.0,-60.0,548.1324,18.0,18.0,Ideal,E,VVS2,0.5,IGI,800.0
1755,Jane Brear,2,Round,1,2,0,15.5,309.0,618.0,304.0,-60.0,553.4304,17.0,18.0,Ideal,E,VVS2,0.5,IGI,800.0
1755,Temperley,2,Round,1,1,0,13.52,407.0,814.0,401.0,-47.0,550.371,18.0,18.0,Ideal,E,VVS2,0.5,IGI,800.0
1755,White Lily,2,Round,1,1,0,21.59,329.34,658.68,324.0,-56.0,534.0583,18.0,18.0,Ideal,E,VVS2,0.5,IGI,800.0
1760,Clermont Diamonds,2,Round,1,1,0,12.95,658.0,614.95,648.0,-63.0,1273.2167,18.0,18.0,Super Ideal,F,VS2,1.07,IGI,2073.33
1760,Fabiola,2,Round,1,1,0,12.01,666.0,622.43,656.0,-61.0,1225.0005,18.0,18.0,Super Ideal,F,VS2,1.07,IGI,2073.33
1760,Jane Brear,2,Round,1,1,0,10.88,695.0,649.53,685.0,-60.0,1249.3013,18.0,18.0,Super Ideal,F,VS2,1.07,IGI,2073.33
1760,Meridian Crafts,2,Round,1,1,0,10.63,672.0,628.04,662.0,-62.0,1265.8601,18.0,18.0,Super Ideal,F,VS2,1.07,IGI,2073.33
1760,Michelle Kennedy,2,Round,1,1,0,13.46,710.0,663.55,699.0,-60.0,1264.4739,18.0,18.0,Super Ideal,F,VS2,1.07,IGI,2073.33
1760,Serene Peaks Diamonds,2,Round,1,1,0,14.74,675.0,630.84,665.0,-60.0,1196.6608,18.0,18.0,Super Ideal,F,VS2,1.07,IGI,2073.33
1760,Taiga Gems,2,Round,1,1,0,16.41,656.0,613.08,646.0,-61.0,1197.6813,18.0,18.0,Super Ideal,F,VS2,1.07,IGI,2073.33
1760,Thalassa Gems,2,Round,1,1,0,14.94,670.63,626.76,661.0,-61.0,1229.3628,18.0,18.0,Super Ideal,F,VS2,1.07,IGI,2073.33
1760,White Lily,2,Round,1,1,0,13.08,689.0,643.93,679.0,-60.0,1231.2795,18.0,18.0,Super Ideal,F,VS2,1.07,IGI,2073.33
1768,Camden Gems,2,Round,1,1,0,13.64,2263.0,1042.86,2229.0,-60.0,4006.8984,18.0,18.0,Super Ideal,F,VS1,2.17,IGI,8690.0
1768,Cirrus Gems,2,Round,1,1,0,20.89,2190.0,1009.22,2157.0,-62.0,4138.7178,18.0,18.0,Super Ideal,F,VS1,2.17,IGI,8690.0
1768,Diamonds by Zoya,2,Round,1,1,0,13.74,2256.0,1039.63,2222.0,-59.0,3981.0105,18.0,18.0,Super Ideal,F,VS1,2.17,IGI,8690.0
1768,Emilia Sterling,2,Round,1,1,0,10.78,2238.0,1031.34,2204.0,-60.0,4047.2905,18.0,18.0,Super Ideal,F,VS1,2.17,IGI,8690.0
1768,Eterna Luxe,2,Round,1,1,0,11.6,2283.0,1052.07,2249.0,-60.0,4044.2285,18.0,18.0,Super Ideal,F,VS1,2.17,IGI,8690.0
1768,Jane Brear,2,Round,1,1,0,16.09,2302.43,1061.03,2268.0,-59.0,4011.7114,18.0,18.0,Super Ideal,F,VS1,2.17,IGI,8690.0
1768,Michelle Kennedy,2,Round,1,1,0,10.16,2298.0,1058.99,2264.0,-59.0,4032.4209,18.0,18.0,Super Ideal,F,VS1,2.17,IGI,8690.0
1768,Seraphina Gems,2,Round,1,1,0,15.63,2910.0,1341.01,2866.0,-49.0,4053.3601,18.0,18.0,Super Ideal,F,VS1,2.17,IGI,8690.0
1768,Temperley,2,Round,1,1,0,15.05,2304.42,1061.94,2270.0,-58.0,3937.0247,18.0,18.0,Super Ideal,F,VS1,2.17,IGI,8690.0
1768,White Lily,2,Round,1,1,0,11.64,2278.0,1049.77,2244.0,-59.0,3984.6924,18.0,18.0,Super Ideal,F,VS1,2.17,IGI,8690.0
1770,Albert's Creations,2,Princess,1,1,0,13.22,1909.0,1116.37,1880.0,-55.0,2668.6821,15.0,15.0,Super Ideal,F,VS1,1.71,IGI,5300.0
1770,Cirrus Gems,2,Princess,1,1,0,19.91,1852.0,1083.04,1824.0,-56.0,2698.7703,15.0,15.0,Super Ideal,F,VS1,1.71,IGI,5300.0
1770,Jane Brear,2,Princess,1,1,0,17.67,1937.0,1132.75,1908.0,-55.0,2718.1702,15.0,15.0,Super Ideal,F,VS1,1.71,IGI,5300.0
1770,Meridian Crafts,2,Princess,1,1,0,12.87,1911.0,1117.54,1882.0,-55.0,2719.825,15.0,15.0,Super Ideal,F,VS1,1.71,IGI,5300.0
1770,Michelle Kennedy,2,Princess,1,1,0,16.85,1920.0,1122.81,1891.0,-55.0,2727.7195,15.0,15.0,Super Ideal,F,VS1,1.71,IGI,5300.0
1770,Nebula Stones,2,Princess,1,1,0,16.95,1925.0,1125.73,1896.0,-55.0,2727.2451,15.0,15.0,Super Ideal,F,VS1,1.71,IGI,5300.0
1770,Pegasus Diamonds,2,Princess,1,1,0,15.39,2265.0,1324.56,2231.0,-46.0,2665.3237,15.0,15.0,Super Ideal,F,VS1,1.71,IGI,5300.0
1770,Sigma Diamonds,2,Princess,1,1,0,15.55,1928.0,1127.49,1899.0,-55.0,2716.1335,15.0,15.0,Super Ideal,F,VS1,1.71,IGI,5300.0
1770,Sunset Gems,2,Princess,1,1,0,19.9,1898.0,1109.94,1870.0,-54.0,2634.9954,15.0,15.0,Super Ideal,F,VS1,1.71,IGI,5300.0
1770,Tamara,2,Princess,1,1,0,12.78,1925.0,1125.73,1896.0,-55.0,2691.8762,15.0,15.0,Super Ideal,F,VS1,1.71,IGI,5300.0
1770,Temperley,2,Princess,1,1,0,12.16,1927.0,1126.9,1898.0,-55.0,2702.3755,15.0,15.0,Super Ideal,F,VS1,1.71,IGI,5300.0
1770,White Lily,2,Princess,1,1,0,18.18,2033.0,1188.89,2003.0,-52.0,2666.8591,15.0,15.0,Super Ideal,F,VS1,1.71,IGI,5300.0
1772,Jane Brear,2,Round,1,2,0,13.85,2715.36,1357.68,2675.0,4.0,1866.0658,17.0,18.0,Very Good,J,VS2,2.0,IGI,3695.0
1772,Michelle Kennedy,2,Round,1,1,0,15.5,2715.36,1357.68,2675.0,-2.0,1993.5742,15.0,18.0,Very Good,J,VS2,2.0,IGI,3695.0
1772,Temperley,2,Round,1,2,0,16.69,2715.36,1357.68,2675.0,2.0,1900.431,14.0,18.0,Very Good,J,VS2,2.0,IGI,3695.0
1772,White Lily,2,Round,1,2,0,14.0,2715.36,1357.68,2675.0,-7.0,2088.2629,15.0,18.0,Very Good,J,VS2,2.0,IGI,3695.0
1773,N. B. Diamonds,2,Pear,1,1,0,19.65,1499.84,973.92,1477.0,-62.0,2587.5068,15.0,15.0,Very Good,F,VS1,1.54,IGI,4660.0
1773,Phoenix Crafts,2,Pear,1,1,0,14.61,1496.0,971.43,1474.0,-62.0,2586.2161,15.0,15.0,Very Good,F,VS1,1.54,IGI,4660.0
1773,Rosella,2,Pear,1,1,0,10.83,1457.0,946.1,1435.0,-63.0,2564.5029,15.0,15.0,Very Good,F,VS1,1.54,IGI,4660.0
1773,Taiga Gems,2,Pear,1,1,0,10.22,1499.0,973.38,1477.0,-62.0,2533.9773,15.0,15.0,Very Good,F,VS1,1.54,IGI,4660.0
1773,Thalassa Gems,2,Pear,2,2,0,11.13,1496.0,971.43,1474.0,-62.0,2545.9263,14.0,15.0,Very Good,F,VS1,1.54,IGI,4660.0
1780,Jane Brear,2,Round,2,2,0,21.99,371.14,674.8,366.0,-51.0,542.8155,17.0,18.0,Very Good,D,VS1,0.55,IGI,850.0
1780,Marlowe & Co,2,Round,2,2,0,10.88,347.26,631.38,342.0,-55.0,550.9548,15.0,18.0,Very Good,D,VS1,0.55,IGI,850.0
1780,Rosella,2,Round,2,2,0,14.58,319.0,580.0,314.0,-60.0,573.7642,17.0,18.0,Very Good,D,VS1,0.55,IGI,850.0
1780,Temperley,2,Round,3,2,0,21.98,342.28,622.33,337.0,-57.0,568.2247,16.0,18.0,Very Good,D,VS1,0.55,IGI,850.0
1780,Thalassa Gems,2,Round,2,3,0,21.97,319.4,580.73,315.0,-61.0,581.0903,16.0,18.0,Very Good,D,VS1,0.55,IGI,850.0
1780,White Lily,2,Round,2,3,0,24.12,335.32,609.67,330.0,-63.0,642.6044,13.0,18.0,Very Good,D,VS1,0.55,IGI,850.0
1781,Cirrus Gems,2,Round,1,1,0,22.22,945.85,781.69,932.0,-62.0,1779.3905,18.0,18.0,Ideal,F,VVS2,1.21,IGI,3185.0
1781,Clermont Diamonds,2,Round,1,1,0,14.79,968.0,800.0,953.0,-61.0,1777.147,18.0,18.0,Ideal,F,VVS2,1.21,IGI,3185.0
1781,Ember Star,2,Round,1,1,0,14.66,943.0,779.34,929.0,-61.0,1752.4575,18.0,18.0,Ideal,F,VVS2,1.21,IGI,3185.0
1781,Genesis Stones,2,Round,1,1,0,14.95,1058.0,874.38,1042.0,-57.0,1773.7657,18.0,18.0,Ideal,F,VVS2,1.21,IGI,3185.0
1781,Jane Brear,2,Round,1,1,0,18.11,996.0,823.14,981.0,-60.0,1788.0391,18.0,18.0,Ideal,F,VVS2,1.21,IGI,3185.0
1781,Marlowe & Co,2,Round,1,1,0,15.3,982.0,811.57,967.0,-61.0,1786.1224,18.0,18.0,Ideal,F,VVS2,1.21,IGI,3185.0
1781,Michelle Kennedy,2,Round,1,1,0,19.4,978.08,808.33,963.0,-60.0,1758.6561,17.0,18.0,Ideal,F,VVS2,1.21,IGI,3185.0
1781,Roma Diamonds,2,Round,1,1,0,12.04,1688.0,1395.04,1663.0,-31.0,1751.9001,18.0,18.0,Ideal,F,VVS2,1.21,IGI,3185.0
1781,Rosella,2,Round,1,1,0,15.64,947.78,783.29,934.0,-60.0,1715.991,18.0,18.0,Ideal,F,VVS2,1.21,IGI,3185.0
1781,Serenade Diamonds,2,Round,1,1,0,11.58,970.0,801.65,955.0,-61.0,1777.8541,18.0,18.0,Ideal,F,VVS2,1.21,IGI,3185.0
1781,Simetría,2,Round,1,1,0,92.38,965.0,797.52,951.0,-61.0,1754.6993,18.0,18.0,Ideal,F,VVS2,1.21,IGI,3185.0
1781,Starlight Crafts,2,Round,1,1,0,12.6,954.0,788.43,940.0,-60.0,1710.2456,18.0,18.0,Ideal,F,VVS2,1.21,IGI,3185.0
1781,Temperley,2,Round,1,1,0,20.9,986.04,814.91,971.0,-60.0,1744.9819,18.0,18.0,Ideal,F,VVS2,1.21,IGI,3185.0
1781,Vespera Gems,2,Round,1,1,0,23.38,935.23,772.92,921.0,-61.0,1734.0117,18.0,18.0,Ideal,F,VVS2,1.21,IGI,3185.0
1781,White Lily,2,Round,1,1,0,19.86,979.08,809.16,964.0,-60.0,1745.746,18.0,18.0,Ideal,F,VVS2,1.21,IGI,3185.0
1785,Bayside Gems,2,Radiant,1,1,0,18.01,771.0,755.88,759.0,-69.0,1627.3932,15.0,15.0,Super Ideal,E,VS2,1.02,IGI,2160.0
1785,Diamonds by Zoya,2,Radiant,1,1,0,16.63,787.04,771.61,775.0,-68.0,1593.2474,15.0,15.0,Super Ideal,E,VS2,1.02,IGI,2160.0
1785,Fabiola,2,Radiant,1,1,0,10.94,792.0,776.47,780.0,-66.0,1529.3678,15.0,15.0,Super Ideal,E,VS2,1.02,IGI,2160.0
1785,Fiona Clément,2,Radiant,1,1,0,14.19,800.98,785.27,789.0,-67.0,1554.0948,15.0,15.0,Super Ideal,E,VS2,1.02,IGI,2160.0
1785,Infinity Diamonds,2,Radiant,1,1,0,15.7,791.0,775.49,779.0,-67.0,1563.9418,15.0,15.0,Super Ideal,E,VS2,1.02,IGI,2160.0
1785,Jane Brear,2,Radiant,1,1,0,13.58,826.84,810.63,814.0,-66.0,1556.8109,15.0,15.0,Super Ideal,E,VS2,1.02,IGI,2160.0
1785,Marlowe & Co,2,Radiant,1,1,0,16.5,806.94,791.12,795.0,-68.0,1653.5459,15.0,15.0,Super Ideal,E,VS2,1.02,IGI,2160.0
1785,Mei & Co,2,Radiant,1,1,0,14.7,797.99,782.34,786.0,-66.0,1520.8611,15.0,15.0,Super Ideal,E,VS2,1.02,IGI,2160.0
1785,Meridian Crafts,2,Radiant,1,1,0,10.91,793.0,777.45,781.0,-67.0,1570.7676,15.0,15.0,Super Ideal,E,VS2,1.02,IGI,2160.0
1785,Michelle Kennedy,2,Radiant,1,1,0,14.81,827.0,810.78,815.0,-67.0,1622.1829,15.0,15.0,Super Ideal,E,VS2,1.02,IGI,2160.0
1785,Periwinkle Stones,2,Radiant,1,1,0,15.57,809.0,793.14,797.0,-66.0,1556.8109,15.0,15.0,Super Ideal,E,VS2,1.02,IGI,2160.0
1785,Serenade Diamonds,2,Radiant,1,1,0,20.27,768.26,753.2,757.0,-71.0,1729.6974,15.0,15.0,Super Ideal,E,VS2,1.02,IGI,2160.0
1785,Simetría,2,Radiant,1,1,0,15.39,805.95,790.15,794.0,-67.0,1573.6414,15.0,15.0,Super Ideal,E,VS2,1.02,IGI,2160.0
1785,Taiga Gems,2,Radiant,1,1,0,16.17,803.96,788.2,792.0,-67.0,1564.094,15.0,15.0,Super Ideal,E,VS2,1.02,IGI,2160.0
1785,Tamara,2,Radiant,1,1,0,16.16,821.0,804.9,809.0,-66.0,1589.5966,15.0,15.0,Super Ideal,E,VS2,1.02,IGI,2160.0
1785,Temperley,2,Radiant,1,1,0,19.09,811.0,795.1,799.0,-66.0,1554.5676,15.0,15.0,Super Ideal,E,VS2,1.02,IGI,2160.0
1785,Tierra Mia Diamonds,2,Radiant,1,1,0,12.29,815.0,799.02,803.0,-68.0,1658.7343,15.0,15.0,Super Ideal,E,VS2,1.02,IGI,2160.0
1785,White Lily,2,Radiant,1,1,0,14.58,826.84,810.63,814.0,-65.0,1520.8611,15.0,15.0,Super Ideal,E,VS2,1.02,IGI,2160.0
1786,Avignon Diamonds,2,Round,1,1,0,14.42,398.61,664.35,393.0,-54.0,626.4424,18.0,18.0,Ideal,D,VVS2,0.6,IGI,1070.0
1786,Jane Brear,2,Round,1,1,0,10.97,361.0,601.67,356.0,-60.0,653.9449,18.0,18.0,Ideal,D,VVS2,0.6,IGI,1070.0
1786,Michelle Kennedy,2,Round,1,1,0,14.0,490.0,816.67,483.0,-43.0,612.8054,18.0,18.0,Ideal,D,VVS2,0.6,IGI,1070.0
1786,Promenade Jewelry,2,Round,1,1,0,14.22,387.99,646.65,382.0,-51.0,571.2784,18.0,18.0,Ideal,D,VVS2,0.6,IGI,1070.0
1786,Rosella,2,Round,2,2,0,31.05,324.0,540.0,319.0,-62.0,616.7038,18.0,18.0,Ideal,D,VVS2,0.6,IGI,1070.0
1786,Sara's Diamonds,2,Round,1,1,0,44.5,327.0,545.0,322.0,-62.0,620.068,18.0,18.0,Ideal,D,VVS2,0.6,IGI,1070.0
1786,Temperley,2,Round,1,1,0,14.43,360.0,600.0,355.0,-59.0,634.4621,18.0,18.0,Ideal,D,VVS2,0.6,IGI,1070.0
1790,Diamonds by Zoya,2,Oval,2,2,0,90.45,345.26,415.98,340.0,-55.0,517.8594,15.0,15.0,Super Ideal,E,VS1,0.83,IGI,1400.0
1790,Jane Brear,2,Oval,1,1,0,22.93,360.97,434.9,356.0,-53.0,522.8583,15.0,15.0,Super Ideal,E,VS1,0.83,IGI,1400.0
1790,Michelle Kennedy,2,Oval,1,1,0,21.16,360.97,434.9,356.0,-53.0,519.0156,15.0,15.0,Super Ideal,E,VS1,0.83,IGI,1400.0
1790,Promenade Jewelry,2,Oval,1,1,0,19.96,345.52,416.29,340.0,-56.0,533.2625,15.0,15.0,Super Ideal,E,VS1,0.83,IGI,1400.0
1790,Vega Diamonds,2,Oval,1,1,0,21.6,339.73,409.31,335.0,-60.0,570.9326,15.0,15.0,Super Ideal,E,VS1,0.83,IGI,1400.0
1790,White Lily,2,Oval,1,1,0,23.27,360.0,433.73,355.0,-54.0,525.9284,15.0,15.0,Super Ideal,E,VS1,0.83,IGI,1400.0
1793,Clermont Diamonds,2,Round,1,1,0,12.69,1425.0,818.97,1404.0,-51.0,2085.7588,18.0,18.0,Ideal,H,VS1,1.74,IGI,4210.0
1793,Jane Brear,2,Round,1,1,0,13.38,1461.66,840.03,1440.0,-50.0,2083.0986,18.0,18.0,Ideal,H,VS1,1.74,IGI,4210.0
1793,Periwinkle Stones,2,Round,1,1,0,18.43,1435.0,824.71,1413.0,-50.0,2055.853,18.0,18.0,Ideal,H,VS1,1.74,IGI,4210.0
1793,Taiga Gems,2,Round,1,1,0,16.72,1397.0,802.87,1376.0,-51.0,2061.4602,18.0,18.0,Ideal,H,VS1,1.74,IGI,4210.0
1793,White Lily,2,Round,1,1,0,18.29,1459.0,838.51,1437.0,-49.0,2048.7761,18.0,18.0,Ideal,H,VS1,1.74,IGI,4210.0
1795,Sunset Gems,2,Round,1,1,0,16.45,935.0,595.54,921.0,-56.0,1528.5959,18.0,18.0,Super Ideal,I,SI1,1.57,IGI,2645.0
1800,Avignon Diamonds,2,Emerald,1,1,0,10.61,4656.0,1552.0,4586.0,-64.0,8399.0361,14.0,15.0,Very Good,F,VS1,3.0,IGI,15320.0
1800,Marlowe & Co,2,Emerald,1,1,0,16.5,4830.0,1610.0,4758.0,-63.0,8363.874,14.0,15.0,Very Good,F,VS1,3.0,IGI,15320.0
1800,Temperley,2,Emerald,1,1,0,13.1,4774.0,1591.33,4702.0,-64.0,8411.9385,14.0,15.0,Very Good,F,VS1,3.0,IGI,15320.0
1800,Thalassa Gems,2,Emerald,1,2,0,12.89,4756.0,1585.33,4685.0,-63.0,8372.9873,14.0,15.0,Very Good,F,VS1,3.0,IGI,15320.0
1801,Fabiola,2,Round,1,1,0,10.78,3085.0,1219.37,3039.0,-61.0,5658.4751,18.0,18.0,Super Ideal,F,VS2,2.53,IGI,10125.0
1801,Jane Brear,2,Round,1,1,0,12.96,3084.0,1218.97,3038.0,-61.0,5717.3335,18.0,18.0,Super Ideal,F,VS2,2.53,IGI,10125.0
1801,Lyra Stones,2,Round,1,1,0,16.66,3117.34,1232.15,3071.0,-60.0,5604.4927,18.0,18.0,Super Ideal,F,VS2,2.53,IGI,10125.0
1801,Meridian Crafts,2,Round,1,1,0,13.87,3133.0,1238.34,3086.0,-61.0,5816.771,18.0,18.0,Super Ideal,F,VS2,2.53,IGI,10125.0
1801,N. B. Diamonds,2,Round,1,1,0,23.31,3025.0,1195.65,2980.0,-62.0,5715.8721,18.0,18.0,Super Ideal,F,VS2,2.53,IGI,10125.0
1801,Temperley,2,Round,1,1,0,17.55,3179.0,1256.52,3131.0,-60.0,5715.2183,18.0,18.0,Super Ideal,F,VS2,2.53,IGI,10125.0
1803,Cirrus Gems,2,Round,1,1,0,17.64,766.33,672.22,755.0,-51.0,1116.4678,18.0,18.0,Super Ideal,H,VS2,1.14,IGI,2170.0
1813,Eterna Luxe,2,Round,1,1,0,12.46,645.0,693.55,635.0,-55.0,1032.2917,18.0,18.0,Super Ideal,E,VS1,0.93,IGI,2040.0
1813,Jane Brear,2,Round,1,1,0,12.43,652.0,701.08,642.0,-56.0,1062.6189,18.0,18.0,Super Ideal,E,VS1,0.93,IGI,2040.0
1813,Lotus Creation,2,Round,1,1,0,16.94,642.79,691.17,633.0,-56.0,1052.0284,18.0,18.0,Super Ideal,E,VS1,0.93,IGI,2040.0
1813,Magnolia,2,Round,2,2,0,13.23,632.0,679.57,623.0,-57.0,1043.7284,18.0,18.0,Super Ideal,E,VS1,0.93,IGI,2040.0
1813,Michelle Kennedy,2,Round,1,1,0,14.32,660.0,709.68,650.0,-54.0,1023.5692,18.0,18.0,Super Ideal,E,VS1,0.93,IGI,2040.0
1813,Nova Stars,2,Round,1,1,0,43.5,629.84,677.25,620.0,-57.0,1045.7318,18.0,18.0,Super Ideal,E,VS1,0.93,IGI,2040.0
1813,Starlight Crafts,2,Round,1,1,0,11.15,645.0,693.55,635.0,-57.0,1066.2363,18.0,18.0,Super Ideal,E,VS1,0.93,IGI,2040.0
1813,Tamara,2,Round,1,1,0,16.46,643.0,691.4,633.0,-55.0,1023.7432,18.0,18.0,Super Ideal,E,VS1,0.93,IGI,2040.0
1813,Temperley,2,Round,1,1,0,11.42,648.0,696.77,638.0,-56.0,1061.8768,18.0,18.0,Super Ideal,E,VS1,0.93,IGI,2040.0
1813,Verve Jewels,2,Round,1,1,0,90.48,622.0,668.82,613.0,-57.0,1044.0762,18.0,18.0,Super Ideal,E,VS1,0.93,IGI,2040.0
1813,Westminster Diamonds,2,Round,1,1,0,13.2,640.0,688.17,630.0,-58.0,1082.0807,18.0,18.0,Super Ideal,E,VS1,0.93,IGI,2040.0
1813,White Lily,2,Round,1,1,0,10.73,656.7,706.13,647.0,-56.0,1071.0995,18.0,18.0,Super Ideal,E,VS1,0.93,IGI,2040.0
1824,Atkinson Crafts,2,Oval,1,2,0,17.77,381.0,762.0,375.0,-50.0,512.9792,15.0,15.0,Super Ideal,D,VVS2,0.5,IGI,810.0
1824,Cornerstone,2,Oval,2,2,0,12.55,358.0,716.0,353.0,-59.0,588.0756,15.0,15.0,Super Ideal,D,VVS2,0.5,IGI,810.0
1824,Diamonds by Zoya,2,Oval,2,2,0,82.03,337.0,674.0,332.0,-63.0,620.0352,15.0,15.0,Super Ideal,D,VVS2,0.5,IGI,810.0
1824,Equinox Jewels,2,Oval,1,1,0,12.82,365.0,730.0,360.0,-60.0,620.4543,15.0,15.0,Super Ideal,D,VVS2,0.5,IGI,810.0
1824,Eternal Flame,2,Oval,1,2,0,11.89,366.0,732.0,361.0,-52.0,513.5666,15.0,15.0,Super Ideal,D,VVS2,0.5,IGI,810.0
1824,Hoseki,2,Oval,1,2,0,13.45,363.0,726.0,358.0,-58.0,587.5143,15.0,15.0,Super Ideal,D,VVS2,0.5,IGI,810.0
1824,Magnolia,2,Oval,2,2,0,12.9,337.0,674.0,332.0,-62.0,605.3434,15.0,15.0,Super Ideal,D,VVS2,0.5,IGI,810.0
1824,Meadow & Co,2,Oval,1,1,0,14.16,368.0,736.0,362.0,-61.0,635.5519,15.0,15.0,Super Ideal,D,VVS2,0.5,IGI,810.0
1824,Michelle Kennedy,2,Oval,2,2,0,11.83,380.0,760.0,374.0,-49.0,503.333,15.0,15.0,Super Ideal,D,VVS2,0.5,IGI,810.0
1824,Rosella,2,Oval,2,2,0,14.55,327.0,654.0,322.0,-66.0,655.7576,15.0,15.0,Super Ideal,D,VVS2,0.5,IGI,810.0
1824,White Lily,2,Oval,1,1,0,12.66,393.0,786.0,387.0,-63.0,706.3166,15.0,15.0,Super Ideal,D,VVS2,0.5,IGI,810.0
1826,Cirrus Gems,2,Round,1,1,0,19.61,2099.0,881.93,2068.0,-59.0,3686.1782,18.0,18.0,Ideal,H,VS1,2.38,IGI,7720.0
1826,Jane Brear,2,Round,1,1,0,13.22,2285.52,960.3,2251.0,-55.0,3665.675,18.0,18.0,Ideal,H,VS1,2.38,IGI,7720.0
1826,Oasis Diamonds,2,Round,1,1,0,13.42,2241.0,941.6,2207.0,-57.0,3755.9785,17.0,18.0,Ideal,H,VS1,2.38,IGI,7720.0
1826,Taiga Gems,2,Round,1,1,0,20.4,2093.0,879.41,2062.0,-60.0,3749.5918,18.0,18.0,Ideal,H,VS1,2.38,IGI,7720.0
1826,Temperley,2,Round,1,1,0,15.09,2262.63,950.68,2229.0,-56.0,3690.9851,18.0,18.0,Ideal,H,VS1,2.38,IGI,7720.0
1826,White Lily,2,Round,1,1,0,14.15,2285.52,960.3,2251.0,-56.0,3730.7358,18.0,18.0,Ideal,H,VS1,2.38,IGI,7720.0
1828,Artemis Stones,2,Round,1,1,0,17.99,2146.0,1051.96,2114.0,-65.0,4361.1313,18.0,18.0,Super Ideal,G,VVS2,2.04,IGI,8263.33
1828,Camden Gems,2,Round,1,1,0,13.46,2189.0,1073.04,2156.0,-64.0,4389.7075,18.0,18.0,Super Ideal,G,VVS2,2.04,IGI,8263.33
1828,Cirrus Gems,2,Round,1,1,0,18.57,2125.0,1041.67,2093.0,-65.0,4392.1401,18.0,18.0,Super Ideal,G,VVS2,2.04,IGI,8263.33
1828,Clermont Diamonds,2,Round,1,1,0,17.42,2181.0,1069.12,2148.0,-66.0,4543.6489,18.0,18.0,Super Ideal,G,VVS2,2.04,IGI,8263.33
1828,Gemstone Harmony,2,Round,1,1,0,13.05,2169.0,1063.24,2136.0,-65.0,4484.7051,18.0,18.0,Super Ideal,G,VVS2,2.04,IGI,8263.33
1828,Hazel Diamonds,2,Round,1,1,0,10.73,2114.0,1036.27,2082.0,-66.0,4390.7378,18.0,18.0,Super Ideal,G,VVS2,2.04,IGI,8263.33
1828,Jane Brear,2,Round,1,1,0,14.49,2151.0,1054.41,2119.0,-65.0,4382.855,18.0,18.0,Super Ideal,G,VVS2,2.04,IGI,8263.33
1828,Marlowe & Co,2,Round,1,1,0,12.4,2222.0,1089.22,2189.0,-63.0,4334.0977,18.0,18.0,Super Ideal,G,VVS2,2.04,IGI,8263.33
1828,Michelle Kennedy,2,Round,1,1,0,18.51,2177.0,1067.16,2144.0,-65.0,4405.5122,18.0,18.0,Super Ideal,G,VVS2,2.04,IGI,8263.33
1828,Taiga Gems,2,Round,1,1,0,17.97,2148.0,1052.94,2116.0,-66.0,4512.3452,18.0,18.0,Super Ideal,G,VVS2,2.04,IGI,8263.33
1828,Temperley,2,Round,1,1,0,21.32,2210.0,1083.33,2177.0,-64.0,4408.2363,18.0,18.0,Super Ideal,G,VVS2,2.04,IGI,8263.33
1828,Verve Jewels,2,Round,1,1,0,17.89,2130.0,1044.12,2098.0,-67.0,4627.5864,18.0,18.0,Super Ideal,G,VVS2,2.04,IGI,8263.33
1828,Westport Jewelry,2,Round,1,1,0,15.48,2130.0,1044.12,2098.0,-66.0,4493.5308,18.0,18.0,Super Ideal,G,VVS2,2.04,IGI,8263.33
1828,White Lily,2,Round,1,1,0,14.91,2202.0,1079.41,2169.0,-64.0,4374.1309,18.0,18.0,Super Ideal,G,VVS2,2.04,IGI,8263.33
1831,Albert's Creations,2,Oval,1,1,0,21.91,353.0,435.8,348.0,-34.0,361.0795,15.0,15.0,Very Good,E,SI1,0.81,IGI,1120.0
1833,Albert's Creations,2,Round,1,1,0,10.92,1894.0,947.0,1866.0,-58.0,3252.0649,18.0,18.0,Super Ideal,E,SI1,2.0,IGI,6760.0
1833,Clermont Diamonds,2,Round,1,1,0,12.77,1870.6,935.3,1843.0,-61.0,3395.4768,18.0,18.0,Super Ideal,E,SI1,2.0,IGI,6760.0
1833,Jane Brear,2,Round,1,1,0,12.32,1854.0,927.0,1826.0,-59.0,3269.0635,18.0,18.0,Super Ideal,E,SI1,2.0,IGI,6760.0
1833,Michelle Kennedy,2,Round,1,1,0,11.88,1868.0,934.0,1840.0,-59.0,3266.877,18.0,18.0,Super Ideal,E,SI1,2.0,IGI,6760.0
1833,Periwinkle Stones,2,Round,1,1,0,15.07,1949.2,974.6,1920.0,-58.0,3318.3364,18.0,18.0,Super Ideal,E,SI1,2.0,IGI,6760.0
1833,Taiga Gems,2,Round,1,1,0,16.6,1847.0,923.5,1819.0,-60.0,3302.9031,18.0,18.0,Super Ideal,E,SI1,2.0,IGI,6760.0
1833,Thalassa Gems,2,Round,1,1,0,17.86,1855.68,927.84,1828.0,-58.0,3167.5845,18.0,18.0,Super Ideal,E,SI1,2.0,IGI,6760.0
1833,White Lily,2,Round,1,1,0,13.42,1883.0,941.5,1855.0,-58.0,3221.2129,18.0,18.0,Super Ideal,E,SI1,2.0,IGI,6760.0
1834,White Lily,2,Round,2,2,0,14.3,317.0,689.13,312.0,-34.0,341.7565,18.0,18.0,Ideal,E,VS2,0.46,IGI,550.0
1839,Cornerstone,2,Round,2,2,0,14.39,711.0,703.96,700.0,-62.0,1328.9307,18.0,18.0,Ideal,D,SI1,1.01,IGI,2045.0
1839,Equinox Jewels,2,Round,1,1,0,12.46,676.0,669.31,666.0,-64.0,1345.5104,18.0,18.0,Ideal,D,SI1,1.01,IGI,2045.0
1839,Hoseki,2,Round,1,1,0,12.34,697.0,690.1,687.0,-63.0,1340.5466,18.0,18.0,Ideal,D,SI1,1.01,IGI,2045.0
1839,Jane Brear,2,Round,1,2,0,12.69,707.0,700.0,696.0,-62.0,1338.3256,18.0,18.0,Ideal,D,SI1,1.01,IGI,2045.0
1839,Marlowe & Co,2,Round,1,1,0,12.59,696.0,689.11,686.0,-62.0,1323.1796,18.0,18.0,Ideal,D,SI1,1.01,IGI,2045.0
1839,Michelle Kennedy,2,Round,1,1,0,18.12,708.0,700.99,697.0,-61.0,1289.4186,18.0,18.0,Ideal,D,SI1,1.01,IGI,2045.0
1839,Nova Stars,2,Round,1,1,0,11.12,678.0,671.29,668.0,-64.0,1338.0698,18.0,18.0,Ideal,D,SI1,1.01,IGI,2045.0
1839,Oasis Diamonds,2,Round,1,1,0,14.0,694.0,687.13,684.0,-62.0,1318.2831,18.0,18.0,Ideal,D,SI1,1.01,IGI,2045.0
1839,Periwinkle Stones,2,Round,1,1,0,17.19,702.0,695.05,691.0,-63.0,1350.9554,18.0,18.0,Ideal,D,SI1,1.01,IGI,2045.0
1839,Roma Diamonds,2,Round,1,1,0,11.33,682.0,675.25,672.0,-62.0,1270.2141,18.0,18.0,Ideal,D,SI1,1.01,IGI,2045.0
1839,Rosella,2,Round,1,1,0,17.75,684.0,677.23,674.0,-63.0,1311.1257,18.0,18.0,Ideal,D,SI1,1.01,IGI,2045.0
1839,Taiga Gems,2,Round,1,1,0,15.94,705.46,698.48,695.0,-60.0,1261.6891,18.0,18.0,Ideal,D,SI1,1.01,IGI,2045.0
1839,Temperley,2,Round,1,1,0,16.68,732.0,724.75,721.0,-61.0,1329.2501,18.0,18.0,Ideal,D,SI1,1.01,IGI,2045.0
1839,Thalassa Gems,2,Round,1,1,0,17.12,676.0,669.31,666.0,-62.0,1259.1973,18.0,18.0,Ideal,D,SI1,1.01,IGI,2045.0
1839,White Lily,2,Round,1,1,0,15.34,707.0,700.0,696.0,-62.0,1322.8588,18.0,18.0,Ideal,D,SI1,1.01,IGI,2045.0
1841,Cirrus Gems,2,Round,1,1,0,13.68,1901.0,936.45,1872.0,-59.0,3330.0212,18.0,18.0,Ideal,H,VVS2,2.03,IGI,7000.0
1841,Infinity Diamonds,2,Round,1,1,0,14.67,1940.92,956.12,1912.0,-59.0,3405.4331,18.0,18.0,Ideal,H,VVS2,2.03,IGI,7000.0
1841,Jane Brear,2,Round,1,1,0,12.33,1926.0,948.77,1897.0,-59.0,3357.7273,18.0,18.0,Ideal,H,VVS2,2.03,IGI,7000.0
1841,Michelle Kennedy,2,Round,1,1,0,13.62,1898.46,935.2,1870.0,-60.0,3415.804,18.0,18.0,Ideal,H,VVS2,2.03,IGI,7000.0
1841,Taiga Gems,2,Round,1,1,0,12.2,1920.0,945.81,1891.0,-59.0,3329.677,18.0,18.0,Ideal,H,VVS2,2.03,IGI,7000.0
1841,Temperley,2,Round,1,1,0,13.24,1979.06,974.91,1949.0,-58.0,3361.7825,18.0,18.0,Ideal,H,VVS2,2.03,IGI,7000.0
1841,White Lily,2,Round,1,1,0,14.11,1909.0,940.39,1880.0,-60.0,3429.4385,18.0,18.0,Ideal,H,VVS2,2.03,IGI,7000.0
1844,Avignon Diamonds,2,Round,1,1,0,12.13,688.0,681.19,678.0,-68.0,1551.7551,18.0,18.0,Super Ideal,D,VS2,1.01,IGI,2255.56
1844,Camden Gems,2,Round,1,1,0,10.08,685.0,678.22,675.0,-68.0,1550.2933,18.0,18.0,Super Ideal,D,VS2,1.01,IGI,2255.56
1844,Cirrus Gems,2,Round,1,1,0,13.76,698.77,691.85,688.0,-69.0,1595.6093,18.0,18.0,Super Ideal,D,VS2,1.01,IGI,2255.56
1844,Clermont Diamonds,2,Round,1,1,0,13.44,690.0,683.17,680.0,-69.0,1572.3739,18.0,18.0,Super Ideal,D,VS2,1.01,IGI,2255.56
1844,Infinity Diamonds,2,Round,1,1,0,10.3,696.0,689.11,686.0,-68.0,1536.7062,18.0,18.0,Super Ideal,D,VS2,1.01,IGI,2255.56
1844,Jane Brear,2,Round,1,1,0,10.14,706.0,699.01,695.0,-67.0,1530.4052,18.0,18.0,Super Ideal,D,VS2,1.01,IGI,2255.56
1844,Marlowe & Co,2,Round,2,2,0,14.4,701.0,694.06,690.0,-67.0,1521.2249,18.0,18.0,Super Ideal,D,VS2,1.01,IGI,2255.56
1844,Michelle Kennedy,2,Round,1,1,0,14.37,713.0,705.94,702.0,-67.0,1560.1575,18.0,18.0,Super Ideal,D,VS2,1.01,IGI,2255.56
1844,N. B. Diamonds,2,Round,1,1,0,11.73,687.0,680.2,677.0,-69.0,1566.9375,18.0,18.0,Super Ideal,D,VS2,1.01,IGI,2255.56
1844,Nebula Stones,2,Round,1,1,0,15.05,695.5,688.61,685.0,-67.0,1497.4146,18.0,18.0,Super Ideal,D,VS2,1.01,IGI,2255.56
1844,Oasis Diamonds,2,Round,1,1,0,13.98,727.34,720.14,716.0,-67.0,1566.5107,18.0,18.0,Super Ideal,D,VS2,1.01,IGI,2255.56
1844,Periwinkle Stones,2,Round,1,1,0,9.9,707.0,700.0,696.0,-68.0,1577.1516,18.0,18.0,Super Ideal,D,VS2,1.01,IGI,2255.56
1844,Riviera Jewels,2,Round,1,1,0,12.08,685.0,678.22,675.0,-68.0,1537.9425,18.0,18.0,Super Ideal,D,VS2,1.01,IGI,2255.56
1844,Roma Diamonds,2,Round,1,1,0,53.79,690.0,683.17,680.0,-69.0,1573.7206,18.0,18.0,Super Ideal,D,VS2,1.01,IGI,2255.56
1844,Serenade Diamonds,2,Round,1,1,0,13.47,687.0,680.2,677.0,-69.0,1580.2148,18.0,18.0,Super Ideal,D,VS2,1.01,IGI,2255.56
1844,Starlight Crafts,2,Round,1,1,0,12.55,687.0,680.2,677.0,-68.0,1549.9437,18.0,18.0,Super Ideal,D,VS2,1.01,IGI,2255.56
1844,Stellar Radiance,2,Round,1,1,0,15.43,683.0,676.24,673.0,-68.0,1512.6572,18.0,18.0,Super Ideal,D,VS2,1.01,IGI,2255.56
1844,Tamara,2,Round,1,1,0,13.05,704.46,697.49,694.0,-68.0,1555.8083,18.0,18.0,Super Ideal,D,VS2,1.01,IGI,2255.56
1844,Temperley,2,Round,1,1,0,16.35,711.0,703.96,700.0,-67.0,1563.5853,18.0,18.0,Super Ideal,D,VS2,1.01,IGI,2255.56
1844,Thalassa Gems,2,Round,1,1,0,12.6,685.0,678.22,675.0,-68.0,1518.6912,18.0,18.0,Super Ideal,D,VS2,1.01,IGI,2255.56
1844,Vega Diamonds,2,Round,1,1,0,11.88,673.0,666.34,663.0,-69.0,1577.59,18.0,18.0,Super Ideal,D,VS2,1.01,IGI,2255.56
1844,White Lily,2,Round,1,1,0,12.79,713.0,705.94,702.0,-68.0,1575.9478,18.0,18.0,Super Ideal,D,VS2,1.01,IGI,2255.56
1847,Genesis Stones,2,Marquise,1,2,0,21.76,1505.0,1003.33,1482.0,-60.0,2410.6345,15.0,15.0,Super Ideal,G,VS1,1.5,IGI,4350.0
1847,Jane Brear,2,Marquise,1,1,0,21.69,1409.0,939.33,1388.0,-62.0,2354.1741,15.0,15.0,Super Ideal,G,VS1,1.5,IGI,4350.0
1847,Mei & Co,2,Marquise,1,1,0,20.06,1409.0,939.33,1388.0,-62.0,2398.5916,15.0,15.0,Super Ideal,G,VS1,1.5,IGI,4350.0
1847,Michelle Kennedy,2,Marquise,1,1,0,12.74,1455.0,970.0,1433.0,-61.0,2357.0984,15.0,15.0,Super Ideal,G,VS1,1.5,IGI,4350.0
1847,Temperley,2,Marquise,1,1,0,19.29,1452.0,968.0,1430.0,-60.0,2320.144,15.0,15.0,Super Ideal,G,VS1,1.5,IGI,4350.0
1847,Vespera Gems,2,Marquise,1,1,0,21.82,1412.0,941.33,1391.0,-61.0,2329.7424,15.0,15.0,Super Ideal,G,VS1,1.5,IGI,4350.0
1847,White Lily,2,Marquise,1,2,0,13.01,1422.0,948.0,1401.0,-61.0,2335.0281,15.0,15.0,Super Ideal,G,VS1,1.5,IGI,4350.0
1849,Jane Brear,2,Oval,1,1,0,10.74,2193.0,1085.64,2160.0,-61.0,3796.6018,15.0,15.0,Super Ideal,F,VS2,2.02,IGI,7460.0
1849,Michelle Kennedy,2,Oval,1,1,0,15.72,2140.0,1059.41,2108.0,-62.0,3811.0029,15.0,15.0,Super Ideal,F,VS2,2.02,IGI,7460.0
1849,Oasis Diamonds,2,Oval,1,1,0,14.77,2200.94,1089.57,2168.0,-60.0,3735.469,15.0,15.0,Super Ideal,F,VS2,2.02,IGI,7460.0
1849,Serene Peaks Diamonds,2,Oval,1,1,0,12.09,2165.0,1071.78,2133.0,-63.0,3934.3496,15.0,15.0,Super Ideal,F,VS2,2.02,IGI,7460.0
1849,Taiga Gems,2,Oval,1,1,0,13.49,2140.0,1059.41,2108.0,-62.0,3767.5537,15.0,15.0,Super Ideal,F,VS2,2.02,IGI,7460.0
1849,Temperley,2,Oval,1,1,0,16.28,2153.0,1065.84,2121.0,-62.0,3832.6155,15.0,15.0,Super Ideal,F,VS2,2.02,IGI,7460.0
1849,White Lily,2,Oval,1,1,0,14.83,2151.0,1064.85,2119.0,-61.0,3728.2515,15.0,15.0,Super Ideal,F,VS2,2.02,IGI,7460.0
1851,Cirrus Gems,2,Round,1,1,0,16.22,1265.31,735.65,1246.0,-52.0,1894.913,18.0,18.0,Ideal,I,VS1,1.72,IGI,3525.0
1851,Jane Brear,2,Round,1,1,0,17.02,1393.0,809.88,1372.0,-49.0,1973.2974,18.0,18.0,Ideal,I,VS1,1.72,IGI,3525.0
1851,Oasis Diamonds,2,Round,1,1,0,16.14,1300.46,756.08,1281.0,-52.0,1943.3191,18.0,18.0,Ideal,I,VS1,1.72,IGI,3525.0
1851,White Lily,2,Round,1,1,0,15.84,1270.62,738.73,1252.0,-54.0,1992.3397,18.0,18.0,Ideal,I,VS1,1.72,IGI,3525.0
1852,Jane Brear,2,Round,1,1,0,14.06,672.0,628.04,662.0,-60.0,1189.4203,18.0,18.0,Ideal,G,VS2,1.07,IGI,2110.0
1852,White Lily,2,Round,1,1,0,15.29,686.0,641.12,676.0,-59.0,1212.3536,18.0,18.0,Ideal,G,VS2,1.07,IGI,2110.0
1856,Fabiola,2,Princess,1,1,0,14.27,873.0,808.33,860.0,-61.0,1439.1799,15.0,15.0,Super Ideal,F,VS1,1.08,IGI,2323.33
1856,Jane Brear,2,Princess,1,1,0,13.98,859.95,796.25,847.0,-62.0,1428.2883,15.0,15.0,Super Ideal,F,VS1,1.08,IGI,2323.33
1856,Roma Diamonds,2,Princess,1,1,0,12.91,890.0,824.07,877.0,-58.0,1339.9822,15.0,15.0,Super Ideal,F,VS1,1.08,IGI,2323.33
1856,Rosella,2,Princess,1,1,0,12.6,843.0,780.56,830.0,-61.0,1381.6992,15.0,15.0,Super Ideal,F,VS1,1.08,IGI,2323.33
1856,Taiga Gems,2,Princess,1,1,0,12.0,871.0,806.48,858.0,-59.0,1346.1337,15.0,15.0,Super Ideal,F,VS1,1.08,IGI,2323.33
1856,Temperley,2,Princess,1,1,0,10.73,879.0,813.89,866.0,-60.0,1410.4133,15.0,15.0,Super Ideal,F,VS1,1.08,IGI,2323.33
1856,White Lily,2,Princess,1,1,0,15.42,868.64,804.3,856.0,-60.0,1381.6992,15.0,15.0,Super Ideal,F,VS1,1.08,IGI,2323.33
1862,Camden Gems,2,Round,1,1,0,12.84,807.0,747.22,795.0,-56.0,1313.6565,18.0,18.0,Ideal,F,VVS2,1.08,IGI,2853.0
1862,Clermont Diamonds,2,Round,1,1,0,10.39,813.0,752.78,801.0,-55.0,1305.7393,18.0,18.0,Ideal,F,VVS2,1.08,IGI,2853.0
1862,Eterna Luxe,2,Round,1,1,0,14.23,826.0,764.81,814.0,-55.0,1324.3557,18.0,18.0,Ideal,F,VVS2,1.08,IGI,2853.0
1862,Eternity Fine Jewelers,2,Round,1,1,0,13.88,818.88,758.22,807.0,-55.0,1306.0548,18.0,18.0,Ideal,F,VVS2,1.08,IGI,2853.0
1862,Jane Brear,2,Round,1,1,0,92.47,851.0,787.96,838.0,-53.0,1290.7622,18.0,18.0,Ideal,F,VVS2,1.08,IGI,2853.0
1862,Lotus Creation,2,Round,1,1,0,13.22,821.34,760.5,809.0,-57.0,1362.4142,18.0,18.0,Ideal,F,VVS2,1.08,IGI,2853.0
1862,Marlowe & Co,2,Round,1,1,0,10.17,836.0,774.07,823.0,-57.0,1385.2544,18.0,18.0,Ideal,F,VVS2,1.08,IGI,2853.0
1862,Michelle Kennedy,2,Round,1,1,0,11.22,838.0,775.93,825.0,-55.0,1340.6637,18.0,18.0,Ideal,F,VVS2,1.08,IGI,2853.0
1862,Nova Stars,2,Round,1,1,0,53.41,803.0,743.52,791.0,-56.0,1314.2056,18.0,18.0,Ideal,F,VVS2,1.08,IGI,2853.0
1862,Oasis Diamonds,2,Round,1,1,0,13.72,846.74,784.02,834.0,-55.0,1349.3066,18.0,18.0,Ideal,F,VVS2,1.08,IGI,2853.0
1862,Roma Diamonds,2,Round,1,1,0,13.43,1453.0,1345.37,1431.0,-22.0,1325.8004,18.0,18.0,Ideal,F,VVS2,1.08,IGI,2853.0
1862,Rosella,2,Round,1,1,0,10.95,812.0,751.85,800.0,-56.0,1336.4083,18.0,18.0,Ideal,F,VVS2,1.08,IGI,2853.0
1862,Silva Diamonds,2,Round,1,1,0,12.88,810.0,750.0,798.0,-57.0,1364.4462,18.0,18.0,Ideal,F,VVS2,1.08,IGI,2853.0
1862,Starlit Stones,2,Round,1,1,0,61.21,846.0,783.33,833.0,-55.0,1337.6228,18.0,18.0,Ideal,F,VVS2,1.08,IGI,2853.0
1862,Taiga Gems,2,Round,1,1,0,17.17,808.0,748.15,796.0,-57.0,1335.9955,18.0,18.0,Ideal,F,VVS2,1.08,IGI,2853.0
1862,Temperley,2,Round,1,1,0,14.47,847.74,784.94,835.0,-52.0,1269.6902,18.0,18.0,Ideal,F,VVS2,1.08,IGI,2853.0
1862,Thalassa Gems,2,Round,1,1,0,10.99,805.0,745.37,793.0,-56.0,1305.7393,18.0,18.0,Ideal,F,VVS2,1.08,IGI,2853.0
1862,Vespera Gems,2,Round,1,1,0,14.84,803.0,743.52,791.0,-57.0,1335.5576,18.0,18.0,Ideal,F,VVS2,1.08,IGI,2853.0
1862,White Lily,2,Round,1,1,0,14.84,843.76,781.26,831.0,-55.0,1335.9955,18.0,18.0,Ideal,F,VVS2,1.08,IGI,2853.0
1863,Albert's Creations,2,Round,1,1,0,13.83,1372.0,908.61,1351.0,-61.0,2497.783,18.0,18.0,Super Ideal,F,VS1,1.51,IGI,4570.0
1863,Avignon Diamonds,2,Round,1,1,0,12.97,1377.0,911.92,1356.0,-59.0,2397.7046,18.0,18.0,Super Ideal,F,VS1,1.51,IGI,4570.0
1863,Camden Gems,2,Round,1,1,0,13.62,1361.0,901.32,1341.0,-60.0,2408.4429,18.0,18.0,Super Ideal,F,VS1,1.51,IGI,4570.0
1863,Clermont Diamonds,2,Round,1,1,0,13.21,1368.0,905.96,1347.0,-60.0,2473.5,18.0,18.0,Super Ideal,F,VS1,1.51,IGI,4570.0
1863,Diamonds by Zoya,2,Round,1,1,0,93.33,1360.0,900.66,1340.0,-59.0,2375.4609,18.0,18.0,Super Ideal,F,VS1,1.51,IGI,4570.0
1863,Fabiola,2,Round,1,1,0,12.56,1360.0,900.66,1340.0,-59.0,2396.4788,18.0,18.0,Super Ideal,F,VS1,1.51,IGI,4570.0
1863,Gemstone Harmony,2,Round,1,1,0,11.07,1358.0,899.34,1338.0,-60.0,2406.5828,18.0,18.0,Super Ideal,F,VS1,1.51,IGI,4570.0
1863,Hazel Diamonds,2,Round,1,1,0,12.9,1339.0,886.75,1319.0,-59.0,2366.2769,18.0,18.0,Super Ideal,F,VS1,1.51,IGI,4570.0
1863,Jane Brear,2,Round,1,1,0,11.38,1407.0,931.79,1386.0,-59.0,2436.095,18.0,18.0,Super Ideal,F,VS1,1.51,IGI,4570.0
1863,Marlowe & Co,2,Round,1,1,0,12.2,1381.0,914.57,1360.0,-61.0,2515.9727,18.0,18.0,Super Ideal,F,VS1,1.51,IGI,4570.0
1863,Mei & Co,2,Round,1,1,0,12.54,1355.0,897.35,1335.0,-59.0,2364.1018,18.0,18.0,Super Ideal,F,VS1,1.51,IGI,4570.0
1863,Meridian Crafts,2,Round,1,1,0,12.31,1363.0,902.65,1343.0,-59.0,2367.7373,18.0,18.0,Super Ideal,F,VS1,1.51,IGI,4570.0
1863,Michelle Kennedy,2,Round,1,1,0,12.86,1374.0,909.93,1353.0,-59.0,2384.6313,18.0,18.0,Super Ideal,F,VS1,1.51,IGI,4570.0
1863,Nebula Stones,2,Round,1,1,0,14.95,1392.0,921.85,1371.0,-58.0,2390.8984,18.0,18.0,Super Ideal,F,VS1,1.51,IGI,4570.0
1863,Nova Stars,2,Round,1,1,0,14.78,1357.0,898.68,1337.0,-60.0,2399.3098,18.0,18.0,Super Ideal,F,VS1,1.51,IGI,4570.0
1863,Periwinkle Stones,2,Round,1,1,0,11.97,1386.0,917.88,1365.0,-59.0,2417.8953,18.0,18.0,Super Ideal,F,VS1,1.51,IGI,4570.0
1863,Rosella,2,Round,1,1,0,14.3,1347.0,892.05,1327.0,-60.0,2414.283,18.0,18.0,Super Ideal,F,VS1,1.51,IGI,4570.0
1863,Silva Diamonds,2,Round,1,1,0,10.79,1358.0,899.34,1338.0,-59.0,2348.8848,18.0,18.0,Super Ideal,F,VS1,1.51,IGI,4570.0
1863,Starlight Crafts,2,Round,1,1,0,12.95,1361.0,901.32,1341.0,-61.0,2490.187,18.0,18.0,Super Ideal,F,VS1,1.51,IGI,4570.0
1863,Temperley,2,Round,1,1,0,15.04,1408.0,932.45,1387.0,-58.0,2409.0808,18.0,18.0,Super Ideal,F,VS1,1.51,IGI,4570.0
1863,Thalassa Gems,2,Round,1,1,0,13.21,1363.0,902.65,1343.0,-60.0,2422.6606,18.0,18.0,Super Ideal,F,VS1,1.51,IGI,4570.0
1863,White Lily,2,Round,1,1,0,14.09,1419.86,940.3,1399.0,-59.0,2484.0151,18.0,18.0,Super Ideal,F,VS1,1.51,IGI,4570.0
1869,Tamara,2,Radiant,1,1,0,14.87,700.0,769.23,690.0,-54.0,994.4164,15.0,15.0,Super Ideal,G,SI1,0.91,IGI,1480.0
1870,Diamonds by Zoya,2,Oval,1,2,0,13.19,345.26,539.47,340.0,-54.0,504.0088,14.0,15.0,Very Good,E,VVS2,0.64,IGI,860.0
1870,Vega Diamonds,2,Oval,2,1,0,17.88,335.87,524.8,331.0,-55.0,501.3371,15.0,15.0,Very Good,E,VVS2,0.64,IGI,860.0
1871,Jane Brear,2,Princess,1,1,0,16.93,830.82,814.53,818.0,-60.0,1307.3589,15.0,15.0,Super Ideal,G,VS1,1.02,IGI,2090.0
1871,Kasai,2,Princess,1,2,0,15.07,797.0,781.37,785.0,-62.0,1339.0836,15.0,15.0,Super Ideal,G,VS1,1.02,IGI,2090.0
1871,Roma Diamonds,2,Princess,1,2,0,50.95,774.0,758.82,762.0,-64.0,1380.7224,15.0,15.0,Super Ideal,G,VS1,1.02,IGI,2090.0
1873,Cirrus Gems,2,Round,1,1,0,18.47,1205.0,854.61,1187.0,-54.0,1870.7771,18.0,18.0,Super Ideal,G,VVS2,1.41,IGI,3630.0
1873,Jane Brear,2,Round,1,1,0,14.17,1269.0,900.0,1250.0,-52.0,1888.0017,18.0,18.0,Super Ideal,G,VVS2,1.41,IGI,3630.0
1873,Nova Stars,2,Round,1,1,0,13.02,1230.82,872.92,1212.0,-54.0,1924.6836,18.0,18.0,Super Ideal,G,VVS2,1.41,IGI,3630.0
1873,Taiga Gems,2,Round,1,1,0,17.76,1207.4,856.31,1189.0,-55.0,1903.5742,18.0,18.0,Super Ideal,G,VVS2,1.41,IGI,3630.0
1873,Temperley,2,Round,1,1,0,18.64,1220.91,865.89,1203.0,-55.0,1949.7821,18.0,18.0,Super Ideal,G,VVS2,1.41,IGI,3630.0
1873,Westport Jewelry,2,Round,1,1,0,15.34,1210.0,858.16,1192.0,-54.0,1893.4224,18.0,18.0,Super Ideal,G,VVS2,1.41,IGI,3630.0
1873,White Lily,2,Round,1,1,0,15.06,1243.11,881.64,1224.0,-54.0,1925.8265,18.0,18.0,Super Ideal,G,VVS2,1.41,IGI,3630.0
1876,Roma Diamonds,2,Round,1,1,0,14.91,1971.0,883.86,1941.0,-62.0,3710.6931,18.0,18.0,Super Ideal,H,VS1,2.23,IGI,6730.0
1876,Temperley,2,Round,1,1,0,18.01,2069.0,927.8,2038.0,-60.0,3742.6301,18.0,18.0,Super Ideal,H,VS1,2.23,IGI,6730.0
1876,White Lily,2,Round,1,1,0,15.29,2003.0,898.21,1973.0,-62.0,3731.511,18.0,18.0,Super Ideal,H,VS1,2.23,IGI,6730.0
1877,Roma Diamonds,2,Princess,1,1,0,11.44,3019.0,999.67,2974.0,-67.0,5873.458,15.0,15.0,Super Ideal,I,VS1,3.02,IGI,9570.0
1878,White Lily,2,Emerald,1,1,0,22.48,5544.0,1379.1,5461.0,-70.0,11982.666,14.0,15.0,Very Good,G,VS2,4.02,IGI,18360.0
1880,Cirrus Gems,2,Round,1,1,0,19.33,2283.0,842.44,2249.0,-57.0,3844.345,18.0,18.0,Ideal,I,VS2,2.71,IGI,8540.0
1880,Elmwood Diamonds,2,Round,1,1,0,20.61,2887.57,1065.52,2844.0,-45.0,3736.2483,18.0,18.0,Ideal,I,VS2,2.71,IGI,8540.0
1885,White Lily,2,Round,3,3,0,13.86,414.05,811.86,408.0,-29.0,419.0384,15.0,18.0,Very Good,E,VS2,0.51,IGI,630.0
1887,Mei & Co,2,Oval,1,2,0,13.74,379.1,549.42,373.0,-47.0,481.2196,15.0,15.0,Super Ideal,D,VS2,0.69,IGI,960.0
1887,Promenade Jewelry,2,Oval,1,1,0,16.02,345.52,500.75,340.0,-50.0,466.2453,15.0,15.0,Super Ideal,D,VS2,0.69,IGI,960.0
1887,Vega Diamonds,2,Oval,1,1,0,18.27,353.24,511.94,348.0,-40.0,394.3879,15.0,15.0,Super Ideal,D,VS2,0.69,IGI,960.0
1888,Diamonds by Zoya,2,Pear,1,2,0,11.43,375.12,543.65,369.0,-52.0,510.9603,15.0,15.0,Super Ideal,D,VS1,0.69,IGI,1030.0
1888,Jane Brear,2,Pear,1,1,0,14.45,404.0,585.51,398.0,-55.0,577.3819,15.0,15.0,Super Ideal,D,VS1,0.69,IGI,1030.0
1888,Temperley,2,Pear,1,2,0,20.65,374.48,542.72,369.0,-54.0,529.1537,15.0,15.0,Super Ideal,D,VS1,0.69,IGI,1030.0
1888,Vega Diamonds,2,Pear,1,2,0,20.46,354.21,513.35,349.0,-58.0,546.2578,15.0,15.0,Super Ideal,D,VS1,0.69,IGI,1030.0
1890,Albert's Creations,2,Round,1,1,0,14.92,319.0,601.89,314.0,-49.0,450.6299,18.0,18.0,Ideal,E,VS2,0.53,IGI,690.0
1890,Hazel Diamonds,2,Round,1,1,0,14.17,321.0,605.66,316.0,-42.0,399.5787,18.0,18.0,Ideal,E,VS2,0.53,IGI,690.0
1890,Jane Brear,2,Round,1,1,0,12.6,343.0,647.17,338.0,-43.0,431.5548,18.0,18.0,Ideal,E,VS2,0.53,IGI,690.0
1890,Mei & Co,2,Round,1,1,0,17.83,301.0,567.92,296.0,-54.0,463.9642,18.0,18.0,Ideal,E,VS2,0.53,IGI,690.0
1890,Michelle Kennedy,2,Round,1,1,0,15.93,334.32,630.79,329.0,-44.0,427.2515,18.0,18.0,Ideal,E,VS2,0.53,IGI,690.0
1890,Nova Stars,2,Round,1,1,0,13.98,309.44,583.85,305.0,-49.0,436.2685,18.0,18.0,Ideal,E,VS2,0.53,IGI,690.0
1890,Roma Diamonds,2,Round,1,2,0,9.38,328.0,618.87,323.0,-41.0,396.5109,18.0,18.0,Ideal,E,VS2,0.53,IGI,690.0
1890,Tilia Diamonds,2,Round,1,1,0,11.76,310.44,585.74,306.0,-49.0,432.6573,18.0,18.0,Ideal,E,VS2,0.53,IGI,690.0
1890,White Lily,2,Round,1,1,0,13.33,329.34,621.4,324.0,-47.0,445.6277,18.0,18.0,Ideal,E,VS2,0.53,IGI,690.0
1891,Diamonds by Zoya,2,Oval,2,2,0,82.39,316.0,596.23,311.0,-44.0,378.038,15.0,15.0,Super Ideal,D,VS1,0.53,IGI,780.0
1891,Equinox Jewels,2,Oval,1,2,0,18.22,320.0,603.77,315.0,-46.0,397.4436,15.0,15.0,Super Ideal,D,VS1,0.53,IGI,780.0
1891,Jane Brear,2,Oval,2,2,0,18.67,321.0,605.66,316.0,-47.0,410.569,15.0,15.0,Super Ideal,D,VS1,0.53,IGI,780.0
1891,Magnolia,2,Oval,2,2,0,12.51,332.0,626.42,327.0,-44.0,399.4194,15.0,15.0,Super Ideal,D,VS1,0.53,IGI,780.0
1891,Mei & Co,2,Oval,2,2,0,15.36,332.33,627.04,327.0,-44.0,398.8064,15.0,15.0,Super Ideal,D,VS1,0.53,IGI,780.0
1891,Michelle Kennedy,2,Oval,2,2,0,10.39,347.0,654.72,342.0,-49.0,462.5588,15.0,15.0,Super Ideal,D,VS1,0.53,IGI,780.0
1891,Rosella,2,Oval,2,2,0,16.6,321.39,606.4,317.0,-45.0,394.9504,15.0,15.0,Super Ideal,D,VS1,0.53,IGI,780.0
1891,Silva Diamonds,2,Oval,1,1,0,12.45,317.0,598.11,312.0,-52.0,445.7932,15.0,15.0,Super Ideal,D,VS1,0.53,IGI,780.0
1891,Temperley,2,Oval,1,2,0,21.73,321.0,605.66,316.0,-45.0,392.1797,15.0,15.0,Super Ideal,D,VS1,0.53,IGI,780.0
1891,White Lily,2,Oval,1,1,0,10.35,355.0,669.81,350.0,-40.0,399.5942,15.0,15.0,Super Ideal,D,VS1,0.53,IGI,780.0
1896,Albert's Creations,2,Round,1,1,0,14.93,1310.0,845.16,1290.0,-59.0,2269.9287,18.0,18.0,Ideal,E,VS2,1.55,IGI,4560.0
1896,Camden Gems,2,Round,1,1,0,12.11,1285.0,829.03,1266.0,-60.0,2277.5999,18.0,18.0,Ideal,E,VS2,1.55,IGI,4560.0
1896,Ember Star,2,Round,1,1,0,11.73,1295.0,835.48,1276.0,-59.0,2258.6912,18.0,18.0,Ideal,E,VS2,1.55,IGI,4560.0
1896,Eternity Fine Jewelers,2,Round,1,1,0,13.74,1321.36,852.49,1302.0,-57.0,2220.3237,18.0,18.0,Ideal,E,VS2,1.55,IGI,4560.0
1896,Genesis Stones,2,Round,1,1,0,10.18,1427.0,920.65,1406.0,-55.0,2286.127,18.0,18.0,Ideal,E,VS2,1.55,IGI,4560.0
1896,Hill & Holland,2,Round,1,1,0,13.16,1327.0,856.13,1307.0,-59.0,2299.4104,18.0,18.0,Ideal,E,VS2,1.55,IGI,4560.0
1896,Jane Brear,2,Round,1,1,0,14.15,1325.34,855.06,1305.0,-58.0,2241.2007,18.0,18.0,Ideal,E,VS2,1.55,IGI,4560.0
1896,Mei & Co,2,Round,1,1,0,15.56,1287.0,830.32,1268.0,-59.0,2250.9949,18.0,18.0,Ideal,E,VS2,1.55,IGI,4560.0
1896,Michelle Kennedy,2,Round,1,1,0,10.9,1330.0,858.06,1310.0,-58.0,2266.0962,18.0,18.0,Ideal,E,VS2,1.55,IGI,4560.0
1896,Nebula Stones,2,Round,1,1,0,14.09,1333.0,860.0,1313.0,-58.0,2266.1838,18.0,18.0,Ideal,E,VS2,1.55,IGI,4560.0
1896,Periwinkle Stones,2,Round,1,1,0,17.42,1324.0,854.19,1304.0,-58.0,2278.7085,18.0,18.0,Ideal,E,VS2,1.55,IGI,4560.0
1896,Roma Diamonds,2,Round,1,1,0,13.76,2218.0,1430.97,2185.0,-30.0,2257.8459,17.0,18.0,Ideal,E,VS2,1.55,IGI,4560.0
1896,Rosella,2,Round,1,1,0,11.33,1287.0,830.32,1268.0,-59.0,2234.3699,18.0,18.0,Ideal,E,VS2,1.55,IGI,4560.0
1896,Silva Diamonds,2,Round,1,1,0,13.24,1287.0,830.32,1268.0,-59.0,2274.5527,18.0,18.0,Ideal,E,VS2,1.55,IGI,4560.0
1896,Taiga Gems,2,Round,1,1,0,17.0,1293.0,834.19,1274.0,-58.0,2229.6528,18.0,18.0,Ideal,E,VS2,1.55,IGI,4560.0
1896,Temperley,2,Round,1,1,0,11.59,1331.31,858.91,1311.0,-58.0,2281.7175,18.0,18.0,Ideal,E,VS2,1.55,IGI,4560.0
1896,Thalassa Gems,2,Round,1,1,0,14.04,1301.0,839.35,1281.0,-58.0,2203.8875,18.0,18.0,Ideal,E,VS2,1.55,IGI,4560.0
1896,Vega Diamonds,2,Round,1,1,0,11.8,1271.0,820.0,1252.0,-60.0,2287.8665,18.0,18.0,Ideal,E,VS2,1.55,IGI,4560.0
1896,White Lily,2,Round,1,1,0,10.79,1334.3,860.84,1314.0,-57.0,2230.5107,18.0,18.0,Ideal,E,VS2,1.55,IGI,4560.0
1897,Michelle Kennedy,2,Oval,1,1,0,11.91,1010.0,827.87,995.0,-63.0,1862.9744,15.0,15.0,Very Good,E,VS1,1.22,IGI,2840.0
1898,Jane Brear,2,Round,1,1,0,18.46,676.0,572.88,666.0,-52.0,1018.7833,18.0,18.0,Ideal,I,SI1,1.18,IGI,1950.0
1900,Artemis Stones,2,Round,1,1,0,17.85,845.0,692.62,832.0,-62.0,1600.2836,18.0,18.0,Super Ideal,F,VS1,1.22,IGI,3030.0
1900,Ember Star,2,Round,1,1,0,13.15,812.0,665.57,800.0,-64.0,1601.6136,18.0,18.0,Super Ideal,F,VS1,1.22,IGI,3030.0
1900,Michelle Kennedy,2,Round,1,1,0,19.02,875.0,717.21,862.0,-62.0,1649.5206,18.0,18.0,Super Ideal,F,VS1,1.22,IGI,3030.0
1900,Roma Diamonds,2,Round,1,1,0,14.58,1564.0,1281.97,1541.0,-32.0,1647.5895,18.0,18.0,Super Ideal,F,VS1,1.22,IGI,3030.0
1900,Temperley,2,Round,1,1,0,13.7,873.61,716.07,861.0,-62.0,1643.6531,18.0,18.0,Super Ideal,F,VS1,1.22,IGI,3030.0
1900,White Lily,2,Round,1,1,0,53.86,854.0,700.0,841.0,-63.0,1646.0576,18.0,18.0,Super Ideal,F,VS1,1.22,IGI,3030.0
1907,Clermont Diamonds,2,Round,1,1,0,13.67,1257.0,785.62,1238.0,-55.0,2008.5527,18.0,18.0,Super Ideal,G,SI1,1.6,IGI,3557.5
1907,Nova Stars,2,Round,1,1,0,14.46,1257.0,785.62,1238.0,-55.0,1999.7325,18.0,18.0,Super Ideal,G,SI1,1.6,IGI,3557.5
1907,White Lily,2,Round,1,1,0,13.07,1256.68,785.42,1238.0,-55.0,1982.6991,18.0,18.0,Super Ideal,G,SI1,1.6,IGI,3557.5
1910,Dahlia Diamonds,2,Radiant,2,2,0,13.19,669.64,744.04,660.0,-61.0,1121.12,14.0,15.0,Very Good,E,VS2,0.9,IGI,1510.0
1910,Jane Brear,2,Radiant,1,1,0,17.09,694.91,772.12,684.0,-59.0,1104.2256,15.0,15.0,Very Good,E,VS2,0.9,IGI,1510.0
1910,Marlowe & Co,2,Radiant,1,1,0,14.45,672.0,746.67,662.0,-59.0,1053.5,14.0,15.0,Very Good,E,VS2,0.9,IGI,1510.0
1910,Promenade Jewelry,2,Radiant,1,2,0,16.09,685.26,761.4,675.0,-61.0,1135.6494,15.0,15.0,Very Good,E,VS2,0.9,IGI,1510.0
1910,United Diam,2,Radiant,1,1,0,14.32,686.22,762.47,676.0,-58.0,1069.6183,14.0,15.0,Very Good,E,VS2,0.9,IGI,1510.0
1910,Verve Jewels,2,Radiant,2,2,0,19.55,665.0,738.89,655.0,-58.0,1024.0291,14.0,15.0,Very Good,E,VS2,0.9,IGI,1510.0
1911,Cirrus Gems,2,Round,1,1,0,16.34,1023.0,757.78,1008.0,-61.0,1896.1155,18.0,18.0,Super Ideal,F,VVS2,1.35,IGI,3765.0
1911,Emilia Sterling,2,Round,1,1,0,11.62,1027.0,760.74,1012.0,-61.0,1875.6306,18.0,18.0,Super Ideal,F,VVS2,1.35,IGI,3765.0
1911,Eterna Luxe,2,Round,1,1,0,10.5,1064.0,788.15,1048.0,-60.0,1886.5775,18.0,18.0,Super Ideal,F,VVS2,1.35,IGI,3765.0
1911,Fabiola,2,Round,1,1,0,14.41,1041.0,771.11,1025.0,-60.0,1876.2893,18.0,18.0,Super Ideal,F,VVS2,1.35,IGI,3765.0
1911,Marlowe & Co,2,Round,1,1,0,14.16,1099.0,814.07,1083.0,-58.0,1881.1482,18.0,18.0,Super Ideal,F,VVS2,1.35,IGI,3765.0
1911,Mei & Co,2,Round,1,1,0,12.88,1035.0,766.67,1019.0,-61.0,1878.3274,18.0,18.0,Super Ideal,F,VVS2,1.35,IGI,3765.0
1911,Michelle Kennedy,2,Round,1,1,0,13.25,1125.34,833.59,1108.0,-58.0,1909.5176,18.0,18.0,Super Ideal,F,VVS2,1.35,IGI,3765.0
1911,Oasis Diamonds,2,Round,1,1,0,13.25,1090.0,807.41,1074.0,-58.0,1860.9558,18.0,18.0,Super Ideal,F,VVS2,1.35,IGI,3765.0
1911,Rosella,2,Round,1,1,0,10.92,1039.0,769.63,1023.0,-60.0,1847.6317,18.0,18.0,Super Ideal,F,VVS2,1.35,IGI,3765.0
1911,Sunset Gems,2,Round,1,1,0,17.76,1052.0,779.26,1036.0,-60.0,1860.3861,18.0,18.0,Super Ideal,F,VVS2,1.35,IGI,3765.0
1911,Taiga Gems,2,Round,1,1,0,12.53,1070.62,793.05,1055.0,-59.0,1891.3649,18.0,18.0,Super Ideal,F,VVS2,1.35,IGI,3765.0
1911,Temperley,2,Round,1,1,0,10.38,1057.0,782.96,1041.0,-59.0,1858.5452,18.0,18.0,Super Ideal,F,VVS2,1.35,IGI,3765.0
1914,Michelle Kennedy,2,Round,1,1,0,13.87,1156.0,750.65,1139.0,-50.0,1661.8613,18.0,18.0,Ideal,H,VS2,1.54,IGI,3725.0
1914,Temperley,2,Round,1,1,0,11.08,1140.27,740.44,1123.0,-54.0,1766.7128,18.0,18.0,Ideal,H,VS2,1.54,IGI,3725.0
1921,Jane Brear,2,Oval,1,1,0,17.76,3208.88,1535.35,3161.0,-18.0,2649.5347,15.0,15.0,Super Ideal,I,SI1,2.09,IGI,4640.0
1923,Hoseki,2,Round,1,1,0,13.39,313.0,626.0,308.0,-50.0,451.5539,18.0,18.0,Ideal,D,VS2,0.5,IGI,742.0
1923,Jane Brear,2,Round,1,1,0,13.39,318.0,636.0,313.0,-48.0,438.2013,18.0,18.0,Ideal,D,VS2,0.5,IGI,742.0
1923,Marlowe & Co,2,Round,1,1,0,15.01,307.0,614.0,302.0,-52.0,458.8556,18.0,18.0,Ideal,D,VS2,0.5,IGI,742.0
1923,Temperley,2,Round,1,1,0,24.53,324.0,648.0,319.0,-46.0,430.8039,18.0,18.0,Ideal,D,VS2,0.5,IGI,742.0
1923,White Lily,2,Round,1,1,0,20.43,330.34,660.68,325.0,-47.0,443.9327,18.0,18.0,Ideal,D,VS2,0.5,IGI,742.0
1927,Hoseki,2,Emerald,1,1,0,19.71,348.25,424.7,343.0,-57.0,523.808,15.0,15.0,Super Ideal,F,VS1,0.82,IGI,1470.0
1927,Jane Brear,2,Emerald,1,1,0,19.78,358.07,436.67,353.0,-57.0,530.1718,15.0,15.0,Super Ideal,F,VS1,0.82,IGI,1470.0
1927,Marble Arch,2,Emerald,1,1,0,10.67,351.0,428.05,346.0,-54.0,493.9228,15.0,15.0,Super Ideal,F,VS1,0.82,IGI,1470.0
1927,Michelle Kennedy,2,Emerald,1,1,0,18.17,358.07,436.67,353.0,-53.0,489.0484,15.0,15.0,Super Ideal,F,VS1,0.82,IGI,1470.0
1927,Nebula Stones,2,Emerald,1,1,0,20.18,344.0,419.51,339.0,-56.0,504.8506,15.0,15.0,Super Ideal,F,VS1,0.82,IGI,1470.0
1927,Sonata Gems,2,Emerald,1,2,0,21.27,339.0,413.41,334.0,-57.0,511.2245,15.0,15.0,Super Ideal,F,VS1,0.82,IGI,1470.0
1927,Temperley,2,Emerald,1,1,0,20.41,358.07,436.67,353.0,-47.0,437.1008,15.0,15.0,Super Ideal,F,VS1,0.82,IGI,1470.0
1927,White Lily,2,Emerald,1,1,0,17.89,358.07,436.67,353.0,-58.0,547.7122,15.0,15.0,Super Ideal,F,VS1,0.82,IGI,1470.0
1928,Bayside Gems,2,Round,1,1,0,11.72,924.36,776.77,910.0,-54.0,1432.8398,18.0,18.0,Ideal,E,VVS2,1.19,IGI,3410.0
1928,Cirrus Gems,2,Round,1,1,0,17.84,900.48,756.71,887.0,-55.0,1440.5221,18.0,18.0,Ideal,E,VVS2,1.19,IGI,3410.0
1928,Eccles Diamonds,2,Round,1,1,0,16.32,906.44,761.71,893.0,-54.0,1397.6924,17.0,18.0,Ideal,E,VVS2,1.19,IGI,3410.0
1928,Eterna Luxe,2,Round,1,1,0,11.04,923.0,775.63,909.0,-52.0,1363.6814,18.0,18.0,Ideal,E,VVS2,1.19,IGI,3410.0
1928,Eternity Fine Jewelers,2,Round,1,1,0,14.91,917.0,770.59,903.0,-54.0,1417.3254,18.0,18.0,Ideal,E,VVS2,1.19,IGI,3410.0
1928,Fabiola,2,Round,1,1,0,12.72,899.0,755.46,886.0,-52.0,1343.8198,18.0,18.0,Ideal,E,VVS2,1.19,IGI,3410.0
1928,Iris Diamonds,2,Round,1,1,0,14.21,897.0,753.78,884.0,-54.0,1407.3492,18.0,18.0,Ideal,E,VVS2,1.19,IGI,3410.0
1928,Jane Brear,2,Round,1,1,0,14.13,943.0,792.44,929.0,-52.0,1414.8604,18.0,18.0,Ideal,E,VVS2,1.19,IGI,3410.0
1928,Knox Diamonds,2,Round,1,1,0,14.1,906.44,761.71,893.0,-53.0,1371.7994,18.0,18.0,Ideal,E,VVS2,1.19,IGI,3410.0
1928,Marlowe & Co,2,Round,1,1,0,16.1,934.0,784.87,920.0,-54.0,1443.5936,18.0,18.0,Ideal,E,VVS2,1.19,IGI,3410.0
1928,Michelle Kennedy,2,Round,1,1,0,18.12,1003.76,843.5,989.0,-46.0,1334.4716,18.0,18.0,Ideal,E,VVS2,1.19,IGI,3410.0
1928,Oasis Diamonds,2,Round,1,1,0,11.4,957.19,804.36,943.0,-51.0,1398.3989,18.0,18.0,Ideal,E,VVS2,1.19,IGI,3410.0
1928,Promenade Jewelry,2,Round,1,1,0,18.06,904.35,759.96,891.0,-54.0,1414.934,18.0,18.0,Ideal,E,VVS2,1.19,IGI,3410.0
1928,Riviera Jewels,2,Round,1,1,0,12.7,906.0,761.34,892.0,-54.0,1411.0275,17.0,18.0,Ideal,E,VVS2,1.19,IGI,3410.0
1928,Silva Diamonds,2,Round,1,1,0,12.71,900.0,756.3,886.0,-56.0,1449.2635,18.0,18.0,Ideal,E,VVS2,1.19,IGI,3410.0
1928,Simetría,2,Round,1,1,0,93.41,903.0,758.82,889.0,-53.0,1367.3694,18.0,18.0,Ideal,E,VVS2,1.19,IGI,3410.0
1928,Starlight Crafts,2,Round,1,1,0,14.95,901.0,757.14,887.0,-54.0,1410.6893,18.0,18.0,Ideal,E,VVS2,1.19,IGI,3410.0
1928,Sunset Gems,2,Round,1,1,0,12.63,903.0,758.82,889.0,-55.0,1438.2874,18.0,18.0,Ideal,E,VVS2,1.19,IGI,3410.0
1928,Temperley,2,Round,1,1,0,18.03,1003.76,843.5,989.0,-48.0,1379.6885,18.0,18.0,Ideal,E,VVS2,1.19,IGI,3410.0
1928,White Lily,2,Round,1,1,0,14.17,931.0,782.35,917.0,-53.0,1431.5503,18.0,18.0,Ideal,E,VVS2,1.19,IGI,3410.0
1929,Artemis Stones,2,Round,1,1,0,15.28,1933.0,916.11,1904.0,-63.0,3711.1541,18.0,18.0,Ideal,G,VS1,2.11,IGI,7280.0
1929,Cirrus Gems,2,Round,1,1,0,15.98,1926.44,913.0,1898.0,-63.0,3760.9824,18.0,18.0,Ideal,G,VS1,2.11,IGI,7280.0
1929,Clermont Diamonds,2,Round,1,1,0,14.03,1978.06,937.47,1948.0,-62.0,3734.5085,18.0,18.0,Ideal,G,VS1,2.11,IGI,7280.0
1929,Diamonds by Zoya,2,Round,1,1,0,95.05,1959.0,928.44,1930.0,-62.0,3656.0068,18.0,18.0,Ideal,G,VS1,2.11,IGI,7280.0
1929,Fabiola,2,Round,1,1,0,14.82,1960.0,928.91,1931.0,-62.0,3653.9414,18.0,18.0,Ideal,G,VS1,2.11,IGI,7280.0
1929,Jane Brear,2,Round,1,1,0,13.92,2023.0,958.77,1993.0,-61.0,3673.6304,18.0,18.0,Ideal,G,VS1,2.11,IGI,7280.0
1929,Marlowe & Co,2,Round,1,1,0,14.47,1980.0,938.39,1950.0,-62.0,3714.7395,18.0,18.0,Ideal,G,VS1,2.11,IGI,7280.0
1929,Meridian Crafts,2,Round,1,1,0,10.21,1968.0,932.7,1938.0,-61.0,3587.1069,18.0,18.0,Ideal,G,VS1,2.11,IGI,7280.0
1929,Michelle Kennedy,2,Round,1,1,0,13.9,1991.0,943.6,1961.0,-62.0,3739.7581,18.0,18.0,Ideal,G,VS1,2.11,IGI,7280.0
1929,Periwinkle Stones,2,Round,1,1,0,16.58,1988.0,942.18,1958.0,-61.0,3645.5579,18.0,18.0,Ideal,G,VS1,2.11,IGI,7280.0
1929,Vespera Gems,2,Round,1,1,0,14.61,1954.0,926.07,1925.0,-62.0,3690.145,18.0,18.0,Ideal,G,VS1,2.11,IGI,7280.0
1929,White Lily,2,Round,1,1,0,16.44,2223.0,1053.55,2190.0,-57.0,3719.2334,18.0,18.0,Ideal,G,VS1,2.11,IGI,7280.0
1931,Cirrus Gems,2,Round,1,1,0,13.34,726.0,691.43,715.0,-69.0,1668.5188,18.0,18.0,Super Ideal,D,VS1,1.05,IGI,2813.33
1931,Emilia Sterling,2,Round,1,1,0,13.36,712.0,678.1,701.0,-69.0,1655.5477,18.0,18.0,Super Ideal,D,VS1,1.05,IGI,2813.33
1931,Eternity Fine Jewelers,2,Round,1,1,0,14.35,734.31,699.34,723.0,-68.0,1642.8403,18.0,18.0,Super Ideal,D,VS1,1.05,IGI,2813.33
1931,Gemstone Harmony,2,Round,1,1,0,10.54,724.0,689.52,713.0,-68.0,1640.1451,18.0,18.0,Super Ideal,D,VS1,1.05,IGI,2813.33
1931,Grace Brooks,2,Round,1,1,0,15.23,733.51,698.58,723.0,-68.0,1643.2882,18.0,18.0,Super Ideal,D,VS1,1.05,IGI,2813.33
1931,Hazel Diamonds,2,Round,1,1,0,13.74,716.0,681.9,705.0,-68.0,1599.1365,18.0,18.0,Super Ideal,D,VS1,1.05,IGI,2813.33
1931,Jane Brear,2,Round,1,1,0,14.15,731.0,696.19,720.0,-68.0,1646.7291,18.0,18.0,Super Ideal,D,VS1,1.05,IGI,2813.33
1931,Magnolia,2,Round,1,1,0,10.48,718.0,683.81,707.0,-69.0,1669.3234,18.0,18.0,Super Ideal,D,VS1,1.05,IGI,2813.33
1931,Marlowe & Co,2,Round,1,1,0,13.26,741.0,705.71,730.0,-68.0,1666.6727,18.0,18.0,Super Ideal,D,VS1,1.05,IGI,2813.33
1931,Michelle Kennedy,2,Round,1,1,0,10.51,740.0,704.76,729.0,-67.0,1608.8655,18.0,18.0,Super Ideal,D,VS1,1.05,IGI,2813.33
1931,Nebula Stones,2,Round,1,1,0,11.3,738.29,703.13,727.0,-68.0,1652.3558,18.0,18.0,Super Ideal,D,VS1,1.05,IGI,2813.33
1931,Promenade Jewelry,2,Round,1,1,0,14.64,735.0,700.0,724.0,-68.0,1654.0267,18.0,18.0,Super Ideal,D,VS1,1.05,IGI,2813.33
1931,Rosella,2,Round,1,1,0,13.0,726.0,691.43,715.0,-68.0,1626.5643,18.0,18.0,Super Ideal,D,VS1,1.05,IGI,2813.33
1931,Serenade Diamonds,2,Round,1,1,0,12.57,719.0,684.76,708.0,-69.0,1657.967,18.0,18.0,Super Ideal,D,VS1,1.05,IGI,2813.33
1931,Simetría,2,Round,1,1,0,13.72,733.32,698.4,722.0,-68.0,1647.2214,18.0,18.0,Super Ideal,D,VS1,1.05,IGI,2813.33
1931,Starlight Crafts,2,Round,1,1,0,14.27,716.0,681.9,705.0,-69.0,1657.1404,18.0,18.0,Super Ideal,D,VS1,1.05,IGI,2813.33
1931,Taiga Gems,2,Round,1,1,0,10.06,743.0,707.62,732.0,-67.0,1606.7275,18.0,18.0,Super Ideal,D,VS1,1.05,IGI,2813.33
1931,Tamara,2,Round,1,1,0,14.36,737.3,702.19,726.0,-67.0,1624.0087,18.0,18.0,Super Ideal,D,VS1,1.05,IGI,2813.33
1931,Temperley,2,Round,1,1,0,14.93,731.0,696.19,720.0,-68.0,1637.9689,18.0,18.0,Super Ideal,D,VS1,1.05,IGI,2813.33
1931,Thalassa Gems,2,Round,1,1,0,11.77,724.0,689.52,713.0,-68.0,1619.2607,18.0,18.0,Super Ideal,D,VS1,1.05,IGI,2813.33
1931,Tilia Diamonds,2,Round,1,1,0,14.64,731.32,696.5,720.0,-69.0,1663.7063,18.0,18.0,Super Ideal,D,VS1,1.05,IGI,2813.33
1931,White Lily,2,Round,1,1,0,10.78,740.0,704.76,729.0,-68.0,1658.998,18.0,18.0,Super Ideal,D,VS1,1.05,IGI,2813.33
1932,Leann’s Diamonds,2,Princess,1,1,0,18.58,2041.0,1121.43,2010.0,-57.0,3024.5574,15.0,15.0,Super Ideal,F,VS2,1.82,IGI,5010.0
1932,Nova Stars,2,Princess,1,1,0,15.64,1802.94,990.63,1776.0,-61.0,2973.1628,15.0,15.0,Super Ideal,F,VS2,1.82,IGI,5010.0
1932,Taiga Gems,2,Princess,1,1,0,16.11,1800.0,989.01,1773.0,-62.0,2987.5234,15.0,15.0,Super Ideal,F,VS2,1.82,IGI,5010.0
1932,Tierra Mia Diamonds,2,Princess,1,1,0,18.67,1761.4,967.8,1735.0,-63.0,3029.5127,15.0,15.0,Super Ideal,F,VS2,1.82,IGI,5010.0
1933,Felicity Diamonds,2,Oval,1,1,0,10.39,3423.0,1694.55,3372.0,-57.0,5407.0913,15.0,15.0,Very Good,D,VVS2,2.02,IGI,10030.0
1933,Infinity Diamonds,2,Oval,1,1,0,14.39,3467.38,1716.52,3415.0,-58.0,5527.5581,14.0,15.0,Very Good,D,VVS2,2.02,IGI,10030.0
1933,Jane Brear,2,Oval,1,1,0,11.87,3444.0,1704.95,3392.0,-58.0,5499.5791,15.0,15.0,Very Good,D,VVS2,2.02,IGI,10030.0
1933,Michelle Kennedy,2,Oval,1,1,0,14.14,3429.0,1697.52,3378.0,-59.0,5566.6899,15.0,15.0,Very Good,D,VVS2,2.02,IGI,10030.0
1933,Periwinkle Stones,2,Oval,1,1,0,10.63,3654.64,1809.23,3600.0,-55.0,5449.5654,14.0,15.0,Very Good,D,VVS2,2.02,IGI,10030.0
1933,Stellar Radiance,2,Oval,1,1,0,13.33,3355.0,1660.89,3305.0,-59.0,5516.2378,15.0,15.0,Very Good,D,VVS2,2.02,IGI,10030.0
1933,White Lily,2,Oval,1,1,0,15.19,3444.0,1704.95,3392.0,-58.0,5529.9272,15.0,15.0,Very Good,D,VVS2,2.02,IGI,10030.0
1935,Jane Brear,2,Oval,1,1,0,14.73,978.08,795.19,963.0,-63.0,1768.8096,15.0,15.0,Super Ideal,G,VS1,1.23,IGI,2560.0
1935,Michelle Kennedy,2,Oval,1,1,0,15.67,1029.0,836.59,1014.0,-60.0,1735.4468,15.0,15.0,Super Ideal,G,VS1,1.23,IGI,2560.0
1935,Periwinkle Stones,2,Oval,1,1,0,16.05,924.0,751.22,910.0,-64.0,1717.6718,15.0,15.0,Super Ideal,G,VS1,1.23,IGI,2560.0
1935,Serene Peaks Diamonds,2,Oval,1,1,0,13.57,914.0,743.09,900.0,-65.0,1760.2467,15.0,15.0,Super Ideal,G,VS1,1.23,IGI,2560.0
1935,Taiga Gems,2,Oval,1,1,0,13.66,905.0,735.77,891.0,-64.0,1715.442,15.0,15.0,Super Ideal,G,VS1,1.23,IGI,2560.0
1935,Temperley,2,Oval,1,1,0,16.07,978.0,795.12,963.0,-62.0,1718.3229,15.0,15.0,Super Ideal,G,VS1,1.23,IGI,2560.0
1939,Michelle Kennedy,2,Oval,1,1,0,14.78,2307.4,1053.61,2273.0,-58.0,3712.624,15.0,15.0,Super Ideal,F,VS2,2.19,IGI,7130.0
1939,Periwinkle Stones,2,Oval,1,1,0,19.36,2281.0,1041.55,2247.0,-60.0,3812.0603,15.0,15.0,Super Ideal,F,VS2,2.19,IGI,7130.0
1945,Atkinson Crafts,2,Pear,1,1,0,18.6,359.04,652.8,354.0,-48.0,447.0247,15.0,15.0,Super Ideal,E,VVS2,0.55,IGI,740.0
1945,Diamonds by Zoya,2,Pear,2,2,0,15.59,331.34,602.44,326.0,-55.0,473.4034,15.0,15.0,Super Ideal,E,VVS2,0.55,IGI,740.0
1945,Jane Brear,2,Pear,2,2,0,18.54,339.73,617.69,335.0,-58.0,526.0349,15.0,15.0,Super Ideal,E,VVS2,0.55,IGI,740.0
1945,Michelle Kennedy,2,Pear,2,2,0,17.55,351.24,638.62,346.0,-57.0,525.5369,15.0,15.0,Super Ideal,E,VVS2,0.55,IGI,740.0
1945,Promenade Jewelry,2,Pear,1,2,0,13.63,357.0,649.09,352.0,-46.0,430.5628,15.0,15.0,Super Ideal,E,VVS2,0.55,IGI,740.0
1945,Sunset Gems,2,Pear,1,1,0,21.35,330.08,600.15,325.0,-51.0,439.2387,15.0,15.0,Super Ideal,E,VVS2,0.55,IGI,740.0
1945,Temperley,2,Pear,2,1,0,17.21,387.0,703.64,381.0,-42.0,435.3756,15.0,15.0,Super Ideal,E,VVS2,0.55,IGI,740.0
1945,White Lily,2,Pear,2,2,0,21.13,335.87,610.67,331.0,-58.0,522.3314,15.0,15.0,Super Ideal,E,VVS2,0.55,IGI,740.0
1946,Jane Brear,2,Oval,1,1,0,16.06,2486.5,1067.17,2449.0,-62.0,4394.1206,15.0,15.0,Very Good,G,VS1,2.33,IGI,7820.0
1946,White Lily,2,Oval,1,1,0,13.18,2467.6,1059.06,2431.0,-61.0,4280.52,15.0,15.0,Very Good,G,VS1,2.33,IGI,7820.0
1949,Michelle Kennedy,2,Round,1,1,0,15.22,662.0,735.56,652.0,-50.0,941.3791,18.0,18.0,Ideal,F,VS1,0.9,IGI,1794.55
1949,Nova Stars,2,Round,1,1,0,12.37,623.86,693.18,615.0,-55.0,1003.23,18.0,18.0,Ideal,F,VS1,0.9,IGI,1794.55
1949,Temperley,2,Round,1,1,0,12.45,663.66,737.4,654.0,-51.0,968.7088,18.0,18.0,Ideal,F,VS1,0.9,IGI,1794.55
1949,Westminster Diamonds,2,Round,1,1,0,13.84,650.0,722.22,640.0,-54.0,1008.9617,18.0,18.0,Ideal,F,VS1,0.9,IGI,1794.55
1949,White Lily,2,Round,1,1,0,11.71,658.0,731.11,648.0,-53.0,998.8686,18.0,18.0,Ideal,F,VS1,0.9,IGI,1794.55
1954,Vega Diamonds,2,Pear,2,1,0,21.0,328.0,607.41,323.0,-54.0,459.0479,15.0,15.0,Very Good,D,VS2,0.54,IGI,780.0
1957,Clermont Diamonds,2,Round,1,1,0,15.21,1880.0,886.79,1852.0,-56.0,3056.5867,18.0,18.0,Ideal,H,VS1,2.12,IGI,6420.0
1957,Jane Brear,2,Round,1,1,0,14.77,1925.32,908.17,1896.0,-55.0,3070.2959,18.0,18.0,Ideal,H,VS1,2.12,IGI,6420.0
1957,Michelle Kennedy,2,Round,1,1,0,19.42,2423.49,1143.16,2387.0,-42.0,2975.3225,18.0,18.0,Ideal,H,VS1,2.12,IGI,6420.0
1957,Oasis Diamonds,2,Round,1,1,0,18.49,1956.17,922.72,1927.0,-54.0,3059.8101,18.0,18.0,Ideal,H,VS1,2.12,IGI,6420.0
1957,Taiga Gems,2,Round,1,1,0,16.65,1904.43,898.32,1876.0,-54.0,2980.8804,18.0,18.0,Ideal,H,VS1,2.12,IGI,6420.0
1957,White Lily,2,Round,1,1,0,17.24,1925.32,908.17,1896.0,-51.0,2832.0667,18.0,18.0,Ideal,H,VS1,2.12,IGI,6420.0
1961,Taiga Gems,2,Round,1,1,0,17.68,1300.46,738.9,1281.0,-43.0,1629.8199,18.0,18.0,Super Ideal,I,VS2,1.76,IGI,3290.0
1968,Emilia Sterling,2,Round,3,2,0,17.29,789.0,704.46,777.0,-51.0,1164.5992,14.0,18.0,Very Good,J,SI2,1.12,IGI,1550.0
1969,Bonsai Gems,2,Oval,1,1,0,17.18,410.19,719.63,404.0,-51.0,561.1415,15.0,15.0,Super Ideal,D,VVS2,0.57,IGI,930.0
1969,Diamonds by Zoya,2,Oval,1,2,0,82.85,363.0,636.84,358.0,-62.0,635.4382,15.0,15.0,Super Ideal,D,VVS2,0.57,IGI,930.0
1969,Eternal Flame,2,Oval,1,2,0,15.7,377.1,661.58,371.0,-59.0,627.0725,15.0,15.0,Super Ideal,D,VVS2,0.57,IGI,930.0
1969,Jane Brear,2,Oval,2,1,0,17.54,369.65,648.51,364.0,-59.0,601.9751,15.0,15.0,Super Ideal,D,VVS2,0.57,IGI,930.0
1969,Meadow & Co,2,Oval,1,1,0,10.84,377.0,661.4,371.0,-54.0,556.8916,15.0,15.0,Super Ideal,D,VVS2,0.57,IGI,930.0
1969,Michelle Kennedy,2,Oval,2,1,0,16.84,369.65,648.51,364.0,-58.0,587.8885,15.0,15.0,Super Ideal,D,VVS2,0.57,IGI,930.0
1969,Promenade Jewelry,2,Oval,1,1,0,18.1,352.28,618.04,347.0,-61.0,611.5679,15.0,15.0,Super Ideal,D,VVS2,0.57,IGI,930.0
1969,Rosella,2,Oval,2,2,0,16.51,372.0,652.63,366.0,-56.0,563.5216,15.0,15.0,Super Ideal,D,VVS2,0.57,IGI,930.0
1969,Silva Diamonds,2,Oval,1,2,0,11.49,365.0,640.35,360.0,89.0,130.2081,15.0,15.0,Super Ideal,D,VVS2,0.57,IGI,930.0
1969,White Lily,2,Oval,1,2,0,15.0,382.2,670.53,376.0,-65.0,739.3217,15.0,15.0,Super Ideal,D,VVS2,0.57,IGI,930.0
1971,Lunar Diamonds,2,Round,1,1,0,88.83,620.0,652.63,611.0,-57.0,1035.1954,18.0,18.0,Super Ideal,E,VS2,0.95,IGI,1840.0
1971,Meridian Crafts,2,Round,1,1,0,10.91,627.0,660.0,618.0,-56.0,1022.9431,18.0,18.0,Super Ideal,E,VS2,0.95,IGI,1840.0
1971,Michelle Kennedy,2,Round,1,1,0,13.68,646.0,680.0,636.0,-54.0,1010.6183,18.0,18.0,Super Ideal,E,VS2,0.95,IGI,1840.0
1971,Periwinkle Stones,2,Round,1,1,0,18.41,636.0,669.47,626.0,-57.0,1062.2526,18.0,18.0,Super Ideal,E,VS2,0.95,IGI,1840.0
1971,White Lily,2,Round,1,1,0,14.26,634.0,667.37,624.0,-57.0,1058.6993,18.0,18.0,Super Ideal,E,VS2,0.95,IGI,1840.0
1973,Hoseki,2,Pear,1,2,0,15.08,334.32,642.92,329.0,-41.0,365.215,15.0,15.0,Very Good,F,VS2,0.52,IGI,576.67
1973,Michelle Kennedy,2,Pear,2,2,0,17.6,338.77,651.48,334.0,-42.0,379.8963,14.0,15.0,Very Good,F,VS2,0.52,IGI,576.67
1979,Bayside Gems,2,Round,1,1,0,11.72,924.36,776.77,910.0,-54.0,1432.8398,18.0,18.0,Super Ideal,E,VVS2,1.19,IGI,3370.0
1979,Cirrus Gems,2,Round,1,1,0,17.84,900.48,756.71,887.0,-55.0,1440.5221,18.0,18.0,Super Ideal,E,VVS2,1.19,IGI,3370.0
1979,Eterna Luxe,2,Round,1,1,0,11.04,923.0,775.63,909.0,-52.0,1363.6814,18.0,18.0,Super Ideal,E,VVS2,1.19,IGI,3370.0
1979,Eternity Fine Jewelers,2,Round,1,1,0,14.91,917.0,770.59,903.0,-54.0,1417.3254,18.0,18.0,Super Ideal,E,VVS2,1.19,IGI,3370.0
1979,Fabiola,2,Round,1,1,0,12.72,899.0,755.46,886.0,-52.0,1343.8198,18.0,18.0,Super Ideal,E,VVS2,1.19,IGI,3370.0
1979,Iris Diamonds,2,Round,1,1,0,14.21,897.0,753.78,884.0,-54.0,1407.3492,18.0,18.0,Super Ideal,E,VVS2,1.19,IGI,3370.0
1979,Jane Brear,2,Round,1,1,0,14.13,943.0,792.44,929.0,-52.0,1414.8604,18.0,18.0,Super Ideal,E,VVS2,1.19,IGI,3370.0
1979,Knox Diamonds,2,Round,1,1,0,14.1,906.44,761.71,893.0,-53.0,1371.7994,18.0,18.0,Super Ideal,E,VVS2,1.19,IGI,3370.0
1979,Marlowe & Co,2,Round,1,1,0,16.1,934.0,784.87,920.0,-54.0,1443.5936,18.0,18.0,Super Ideal,E,VVS2,1.19,IGI,3370.0
1979,Michelle Kennedy,2,Round,1,1,0,18.12,1003.76,843.5,989.0,-46.0,1334.4716,18.0,18.0,Super Ideal,E,VVS2,1.19,IGI,3370.0
1979,Oasis Diamonds,2,Round,1,1,0,11.4,957.19,804.36,943.0,-51.0,1398.3989,18.0,18.0,Super Ideal,E,VVS2,1.19,IGI,3370.0
1979,Promenade Jewelry,2,Round,1,1,0,18.06,904.35,759.96,891.0,-54.0,1414.934,18.0,18.0,Super Ideal,E,VVS2,1.19,IGI,3370.0
1979,Riviera Jewels,2,Round,1,1,0,12.45,906.0,761.34,892.0,-51.0,1335.8171,18.0,18.0,Super Ideal,E,VVS2,1.19,IGI,3370.0
1979,Silva Diamonds,2,Round,1,1,0,12.71,900.0,756.3,886.0,-56.0,1449.2635,18.0,18.0,Super Ideal,E,VVS2,1.19,IGI,3370.0
1979,Simetría,2,Round,1,1,0,93.41,903.0,758.82,889.0,-53.0,1367.3694,18.0,18.0,Super Ideal,E,VVS2,1.19,IGI,3370.0
1979,Starlight Crafts,2,Round,1,1,0,14.95,901.0,757.14,887.0,-54.0,1410.6893,18.0,18.0,Super Ideal,E,VVS2,1.19,IGI,3370.0
1979,Sunset Gems,2,Round,1,1,0,12.63,903.0,758.82,889.0,-55.0,1438.2874,18.0,18.0,Super Ideal,E,VVS2,1.19,IGI,3370.0
1979,Temperley,2,Round,1,1,0,18.03,1003.76,843.5,989.0,-48.0,1379.6885,18.0,18.0,Super Ideal,E,VVS2,1.19,IGI,3370.0
1979,White Lily,2,Round,1,1,0,14.17,931.0,782.35,917.0,-53.0,1431.5503,18.0,18.0,Super Ideal,E,VVS2,1.19,IGI,3370.0
1984,Starlit Stones,2,Round,1,1,0,70.11,1070.0,690.32,1054.0,-50.0,1526.3114,18.0,18.0,Super Ideal,H,SI1,1.55,IGI,2956.67
1988,Avignon Diamonds,2,Oval,1,1,0,19.3,1543.0,995.48,1520.0,-60.0,2630.6265,15.0,15.0,Super Ideal,F,VS1,1.55,IGI,4580.0
1988,Diamonds by Zoya,2,Oval,1,1,0,92.03,1539.0,992.9,1516.0,-60.0,2612.1326,15.0,15.0,Super Ideal,F,VS1,1.55,IGI,4580.0
1988,Emilia Sterling,2,Oval,1,1,0,14.86,1494.0,963.87,1472.0,-62.0,2628.74,15.0,15.0,Super Ideal,F,VS1,1.55,IGI,4580.0
1988,Fuji Diamonds,2,Oval,1,1,0,20.0,1531.0,987.74,1508.0,-60.0,2592.165,15.0,15.0,Super Ideal,F,VS1,1.55,IGI,4580.0
1988,Jane Brear,2,Oval,1,1,0,14.99,1547.0,998.06,1524.0,-60.0,2605.5493,15.0,15.0,Super Ideal,F,VS1,1.55,IGI,4580.0
1988,Marlowe & Co,2,Oval,1,2,0,12.44,1538.0,992.26,1515.0,-61.0,2632.3638,15.0,15.0,Super Ideal,F,VS1,1.55,IGI,4580.0
1988,Michelle Kennedy,2,Oval,1,1,0,14.3,1553.0,1001.94,1530.0,-61.0,2652.134,15.0,15.0,Super Ideal,F,VS1,1.55,IGI,4580.0
1988,Periwinkle Stones,2,Oval,1,1,0,12.37,1555.0,1003.23,1532.0,-60.0,2604.144,15.0,15.0,Super Ideal,F,VS1,1.55,IGI,4580.0
1988,Roma Diamonds,2,Oval,1,1,0,13.69,1527.0,985.16,1504.0,-60.0,2602.8323,15.0,15.0,Super Ideal,F,VS1,1.55,IGI,4580.0
1988,Rosella,2,Oval,1,1,0,12.82,1488.0,960.0,1466.0,-61.0,2602.8323,15.0,15.0,Super Ideal,F,VS1,1.55,IGI,4580.0
1988,Serene Peaks Diamonds,2,Oval,1,1,0,10.65,1539.0,992.9,1516.0,-62.0,2708.4939,15.0,15.0,Super Ideal,F,VS1,1.55,IGI,4580.0
1988,Taiga Gems,2,Oval,1,1,0,11.5,1532.0,988.39,1509.0,-60.0,2573.9009,15.0,15.0,Super Ideal,F,VS1,1.55,IGI,4580.0
1988,Temperley,2,Oval,1,1,0,13.29,1537.0,991.61,1514.0,-61.0,2630.5945,15.0,15.0,Super Ideal,F,VS1,1.55,IGI,4580.0
1988,White Lily,2,Oval,1,1,0,12.68,1561.0,1007.1,1538.0,-60.0,2607.771,15.0,15.0,Super Ideal,F,VS1,1.55,IGI,4580.0
1990,The Diamond Source,2,Radiant,1,1,0,14.95,2049.0,800.39,2018.0,-57.0,3069.415,15.0,15.0,Super Ideal,I,VS1,2.56,IGI,6370.0
1996,Avignon Diamonds,2,Emerald,1,1,0,15.26,833.0,816.67,821.0,-63.0,1448.0492,14.0,15.0,Very Good,D,VS2,1.02,IGI,2310.0
1996,Fuji Diamonds,2,Emerald,3,3,0,16.19,843.0,826.47,830.0,-66.0,1571.1879,12.0,15.0,Very Good,D,VS2,1.02,IGI,2310.0
2000,Cornerstone,2,Round,1,1,0,10.75,1006.0,773.85,991.0,-57.0,1681.854,18.0,18.0,Super Ideal,F,VS1,1.3,IGI,3137.5
2000,Jane Brear,2,Round,1,1,0,16.11,1059.68,815.14,1044.0,-54.0,1645.6694,18.0,18.0,Super Ideal,F,VS1,1.3,IGI,3137.5
2000,Lyra Stones,2,Round,1,1,0,16.8,1013.0,779.23,998.0,-56.0,1654.6206,18.0,18.0,Super Ideal,F,VS1,1.3,IGI,3137.5
2000,Marlowe & Co,2,Round,1,1,0,16.84,1029.0,791.54,1014.0,-54.0,1600.9791,18.0,18.0,Super Ideal,F,VS1,1.3,IGI,3137.5
2000,Meridian Crafts,2,Round,1,1,0,12.76,1009.0,776.15,994.0,-56.0,1640.5304,18.0,18.0,Super Ideal,F,VS1,1.3,IGI,3137.5
2000,Michelle Kennedy,2,Round,1,1,0,15.72,989.0,760.77,974.0,-56.0,1626.864,18.0,18.0,Super Ideal,F,VS1,1.3,IGI,3137.5
2000,Nebula Stones,2,Round,1,1,0,16.29,1006.0,773.85,991.0,-56.0,1630.0767,18.0,18.0,Super Ideal,F,VS1,1.3,IGI,3137.5
2000,Serene Peaks Diamonds,2,Round,1,1,0,15.1,1008.0,775.38,993.0,-57.0,1659.2478,18.0,18.0,Super Ideal,F,VS1,1.3,IGI,3137.5
2000,Silva Diamonds,2,Round,1,1,0,12.22,996.0,766.15,981.0,-56.0,1623.403,18.0,18.0,Super Ideal,F,VS1,1.3,IGI,3137.5
2000,Taiga Gems,2,Round,1,1,0,15.61,972.0,747.69,957.0,-58.0,1663.9163,18.0,18.0,Super Ideal,F,VS1,1.3,IGI,3137.5
2000,Temperley,2,Round,1,1,0,12.13,1031.0,793.08,1016.0,-54.0,1611.4017,18.0,18.0,Super Ideal,F,VS1,1.3,IGI,3137.5
2000,White Lily,2,Round,1,1,0,15.4,1015.0,780.77,1000.0,-56.0,1651.3654,18.0,18.0,Super Ideal,F,VS1,1.3,IGI,3137.5
2003,Albert's Creations,2,Oval,1,1,0,11.09,2822.0,1383.33,2780.0,-62.0,5058.2676,15.0,15.0,Super Ideal,E,VVS2,2.04,IGI,8790.0
2003,Avignon Diamonds,2,Oval,1,1,0,15.99,2814.0,1379.41,2772.0,-62.0,5027.5454,15.0,15.0,Super Ideal,E,VVS2,2.04,IGI,8790.0
2003,Bayside Gems,2,Oval,1,1,0,16.74,2813.0,1378.92,2771.0,-63.0,5098.5962,15.0,15.0,Super Ideal,E,VVS2,2.04,IGI,8790.0
2003,Bonsai Gems,2,Oval,1,1,0,11.74,2834.0,1389.22,2791.0,-62.0,5027.7466,15.0,15.0,Super Ideal,E,VVS2,2.04,IGI,8790.0
2003,Century Stones,2,Oval,1,1,0,11.92,2876.0,1409.8,2833.0,-62.0,5051.1973,15.0,15.0,Super Ideal,E,VVS2,2.04,IGI,8790.0
2003,Ember Star,2,Oval,1,1,0,14.27,2806.0,1375.49,2764.0,-63.0,5111.4873,15.0,15.0,Super Ideal,E,VVS2,2.04,IGI,8790.0
2003,Eterna Luxe,2,Oval,1,1,0,11.7,2812.0,1378.43,2770.0,-63.0,5118.5576,15.0,15.0,Super Ideal,E,VVS2,2.04,IGI,8790.0
2003,Fuji Diamonds,2,Oval,1,1,0,14.0,2785.42,1365.4,2744.0,-63.0,5087.8174,15.0,15.0,Super Ideal,E,VVS2,2.04,IGI,8790.0
2003,Gemstone Harmony,2,Oval,1,1,0,14.71,2788.0,1366.67,2746.0,-62.0,4962.2397,15.0,15.0,Super Ideal,E,VVS2,2.04,IGI,8790.0
2003,Hazel Diamonds,2,Oval,1,1,0,14.8,2762.0,1353.92,2721.0,-62.0,4921.0908,15.0,15.0,Super Ideal,E,VVS2,2.04,IGI,8790.0
2003,Hoseki,2,Oval,1,1,0,14.31,2851.0,1397.55,2808.0,-62.0,5017.3633,15.0,15.0,Super Ideal,E,VVS2,2.04,IGI,8790.0
2003,Jane Brear,2,Oval,1,1,0,16.85,2915.0,1428.92,2871.0,-60.0,4960.3926,15.0,15.0,Super Ideal,E,VVS2,2.04,IGI,8790.0
2003,La Marquise,2,Oval,1,1,0,18.07,2985.96,1463.71,2941.0,-60.0,4981.3809,15.0,15.0,Super Ideal,E,VVS2,2.04,IGI,8790.0
2003,Marlowe & Co,2,Oval,1,1,0,10.91,2843.0,1393.63,2800.0,-62.0,5037.2759,15.0,15.0,Super Ideal,E,VVS2,2.04,IGI,8790.0
2003,Meadow & Co,2,Oval,1,1,0,11.49,2880.0,1411.76,2837.0,-61.0,4924.1436,15.0,15.0,Super Ideal,E,VVS2,2.04,IGI,8790.0
2003,Michelle Kennedy,2,Oval,1,1,0,11.1,2836.0,1390.2,2793.0,-61.0,4897.6987,15.0,15.0,Super Ideal,E,VVS2,2.04,IGI,8790.0
2003,Oasis Diamonds,2,Oval,1,1,0,12.75,2891.0,1417.16,2848.0,-62.0,5064.6265,15.0,15.0,Super Ideal,E,VVS2,2.04,IGI,8790.0
2003,Periwinkle Stones,2,Oval,1,1,0,17.68,2847.0,1395.59,2804.0,-62.0,5026.9009,15.0,15.0,Super Ideal,E,VVS2,2.04,IGI,8790.0
2003,Rosella,2,Oval,1,1,0,13.91,2729.0,1337.75,2688.0,-64.0,5039.7881,15.0,15.0,Super Ideal,E,VVS2,2.04,IGI,8790.0
2003,Serenade Diamonds,2,Oval,1,1,0,11.41,2709.0,1327.94,2668.0,-64.0,5087.3193,15.0,15.0,Super Ideal,E,VVS2,2.04,IGI,8790.0
2003,Taiga Gems,2,Oval,1,1,0,13.68,2804.0,1374.51,2762.0,-62.0,4973.3921,15.0,15.0,Super Ideal,E,VVS2,2.04,IGI,8790.0
2003,Temperley,2,Oval,1,1,0,11.44,2895.0,1419.12,2852.0,-66.0,5806.2593,15.0,15.0,Super Ideal,E,VVS2,2.04,IGI,8790.0
2003,United Diam,2,Oval,1,1,0,15.35,2776.74,1361.15,2735.0,-62.0,4948.5107,15.0,15.0,Super Ideal,E,VVS2,2.04,IGI,8790.0
2003,Vespera Gems,2,Oval,1,2,0,13.84,2742.0,1344.12,2701.0,-62.0,4905.6875,15.0,15.0,Super Ideal,E,VVS2,2.04,IGI,8790.0
2003,White Lily,2,Oval,1,1,0,14.72,2811.0,1377.94,2769.0,-63.0,5071.8208,15.0,15.0,Super Ideal,E,VVS2,2.04,IGI,8790.0
2006,Jane Brear,2,Round,1,1,0,14.37,3305.0,1530.09,3255.0,-8.0,2576.8123,18.0,18.0,Super Ideal,I,VS2,2.16,IGI,4850.0
2009,Cirrus Gems,2,Round,1,1,0,20.18,1792.28,1048.12,1765.0,-57.0,2986.7688,18.0,18.0,Ideal,G,VVS2,1.71,IGI,5320.0
2009,Clermont Diamonds,2,Round,1,1,0,15.29,1811.0,1059.06,1784.0,-55.0,2900.3916,18.0,18.0,Ideal,G,VVS2,1.71,IGI,5320.0
2009,Ember Star,2,Round,1,1,0,13.78,1773.0,1036.84,1746.0,-57.0,2929.8323,18.0,18.0,Ideal,G,VVS2,1.71,IGI,5320.0
2009,Jane Brear,2,Round,1,1,0,17.26,1867.62,1092.18,1840.0,-53.0,2874.7092,18.0,18.0,Ideal,G,VVS2,1.71,IGI,5320.0
2009,Roma Diamonds,2,Round,1,1,0,14.91,2846.0,1664.33,2803.0,-30.0,2931.741,18.0,18.0,Ideal,G,VVS2,1.71,IGI,5320.0
2009,Temperley,2,Round,1,1,0,16.48,1812.0,1059.65,1785.0,-56.0,2933.1104,18.0,18.0,Ideal,G,VVS2,1.71,IGI,5320.0
2009,White Lily,2,Round,1,1,0,20.05,1804.83,1055.46,1778.0,-55.0,2858.5676,18.0,18.0,Ideal,G,VVS2,1.71,IGI,5320.0
2013,Cirrus Gems,2,Round,1,1,0,24.04,857.0,758.41,844.0,-56.0,1379.592,18.0,18.0,Super Ideal,F,VVS2,1.13,IGI,2956.0
2013,Diamonds by Zoya,2,Round,1,1,0,25.11,860.0,761.06,847.0,-54.0,1343.351,18.0,18.0,Super Ideal,F,VVS2,1.13,IGI,2956.0
2013,Eternity Fine Jewelers,2,Round,1,1,0,22.4,882.0,780.53,869.0,-53.0,1331.6829,18.0,18.0,Super Ideal,F,VVS2,1.13,IGI,2956.0
2013,Hoseki,2,Round,1,1,0,19.87,881.0,779.65,868.0,-52.0,1304.63,18.0,18.0,Super Ideal,F,VVS2,1.13,IGI,2956.0
2013,I & M Designs,2,Round,1,1,0,21.5,1048.0,927.43,1032.0,-44.0,1341.0302,18.0,18.0,Super Ideal,F,VVS2,1.13,IGI,2956.0
2013,Jane Brear,2,Round,2,2,0,19.21,913.41,808.33,900.0,-51.0,1339.9407,18.0,18.0,Super Ideal,F,VVS2,1.13,IGI,2956.0
2013,Michelle Kennedy,2,Round,1,1,0,19.87,909.0,804.42,895.0,-52.0,1354.1187,18.0,18.0,Super Ideal,F,VVS2,1.13,IGI,2956.0
2013,Starlight Crafts,2,Round,1,1,0,13.94,871.0,770.8,858.0,-54.0,1353.8878,18.0,18.0,Super Ideal,F,VVS2,1.13,IGI,2956.0
2013,Tamara,2,Round,1,1,0,11.67,882.0,780.53,869.0,-54.0,1358.6589,18.0,18.0,Super Ideal,F,VVS2,1.13,IGI,2956.0
2013,Temperley,2,Round,1,1,0,22.77,923.0,816.81,909.0,-53.0,1393.2247,18.0,18.0,Super Ideal,F,VVS2,1.13,IGI,2956.0
2013,White Lily,2,Round,1,1,0,20.93,909.0,804.42,895.0,-53.0,1393.2247,18.0,18.0,Super Ideal,F,VVS2,1.13,IGI,2956.0
2019,Avignon Diamonds,2,Round,1,1,0,23.33,349.0,658.49,344.0,-59.0,605.2134,16.0,18.0,Very Good,D,VVS2,0.53,IGI,950.0
2019,Mei & Co,2,Round,1,2,0,22.71,329.0,620.75,324.0,-59.0,580.8684,16.0,18.0,Very Good,D,VVS2,0.53,IGI,950.0
2019,Rosella,2,Round,2,2,0,17.38,319.0,601.89,314.0,-61.0,586.7159,16.0,18.0,Very Good,D,VVS2,0.53,IGI,950.0
2019,Thalassa Gems,2,Round,2,3,0,10.71,333.0,628.3,328.0,-64.0,654.7026,15.0,18.0,Very Good,D,VVS2,0.53,IGI,950.0
2023,55 E Diamonds,2,Round,2,1,0,10.42,737.0,722.55,726.0,-67.0,1599.6306,18.0,18.0,Ideal,D,VS1,1.02,IGI,2620.0
2023,Adalyn Jewelry,2,Round,1,1,0,11.58,719.0,704.9,708.0,-68.0,1634.131,18.0,18.0,Ideal,D,VS1,1.02,IGI,2620.0
2023,CV Diamonds,2,Round,1,1,0,14.47,733.0,718.63,722.0,-68.0,1646.6986,18.0,18.0,Ideal,D,VS1,1.02,IGI,2620.0
2023,Cascade Diamonds,2,Round,1,1,0,15.03,719.0,704.9,708.0,-69.0,1636.8624,18.0,18.0,Ideal,D,VS1,1.02,IGI,2620.0
2023,Clermont Diamonds,2,Round,1,1,0,12.34,728.0,713.73,717.0,-67.0,1600.0398,18.0,18.0,Ideal,D,VS1,1.02,IGI,2620.0
2023,Diamonds by Zoya,2,Round,1,1,0,93.64,727.0,712.75,716.0,-68.0,1624.3066,18.0,18.0,Ideal,D,VS1,1.02,IGI,2620.0
2023,Emilia Sterling,2,Round,1,1,0,12.53,712.0,698.04,701.0,-69.0,1661.4218,18.0,18.0,Ideal,D,VS1,1.02,IGI,2620.0
2023,Eternity Fine Jewelers,2,Round,1,1,0,13.41,725.0,710.78,714.0,-69.0,1653.8142,18.0,18.0,Ideal,D,VS1,1.02,IGI,2620.0
2023,Fuji Diamonds,2,Round,1,1,0,13.2,736.0,721.57,725.0,-68.0,1668.8323,18.0,18.0,Ideal,D,VS1,1.02,IGI,2620.0
2023,Hazel Diamonds,2,Round,1,1,0,14.8,712.0,698.04,701.0,-68.0,1575.38,18.0,18.0,Ideal,D,VS1,1.02,IGI,2620.0
2023,Hoseki,2,Round,1,1,0,13.94,737.0,722.55,726.0,-68.0,1658.5718,18.0,18.0,Ideal,D,VS1,1.02,IGI,2620.0
2023,Infinity Diamonds,2,Round,1,1,0,16.28,738.0,723.53,727.0,-69.0,1691.7806,18.0,18.0,Ideal,D,VS1,1.02,IGI,2620.0
2023,Jane Brear,2,Round,1,1,0,14.71,728.0,713.73,717.0,-68.0,1636.0778,18.0,18.0,Ideal,D,VS1,1.02,IGI,2620.0
2023,Marlene Crafts,2,Round,1,1,0,11.43,719.0,704.9,708.0,-69.0,1647.3137,18.0,18.0,Ideal,D,VS1,1.02,IGI,2620.0
2023,Marlowe & Co,2,Round,1,1,0,44.78,739.0,724.51,728.0,-68.0,1658.5774,18.0,18.0,Ideal,D,VS1,1.02,IGI,2620.0
2023,Meridian Crafts,2,Round,1,1,0,10.1,719.0,704.9,708.0,-68.0,1593.0795,18.0,18.0,Ideal,D,VS1,1.02,IGI,2620.0
2023,Michelle Kennedy,2,Round,1,1,0,13.05,737.0,722.55,726.0,-68.0,1646.3448,18.0,18.0,Ideal,D,VS1,1.02,IGI,2620.0
2023,Promenade Jewelry,2,Round,1,1,0,10.77,732.0,717.65,721.0,-68.0,1657.9622,18.0,18.0,Ideal,D,VS1,1.02,IGI,2620.0
2023,Raelynn Jewels,2,Round,1,1,0,14.99,723.0,708.82,712.0,-68.0,1632.1122,18.0,18.0,Ideal,D,VS1,1.02,IGI,2620.0
2023,Rosella,2,Round,1,1,0,10.75,722.0,707.84,711.0,-69.0,1668.5188,18.0,18.0,Ideal,D,VS1,1.02,IGI,2620.0
2023,Serenade Diamonds,2,Round,1,1,0,13.68,719.0,704.9,708.0,-69.0,1636.5736,18.0,18.0,Ideal,D,VS1,1.02,IGI,2620.0
2023,Sigma Diamonds,2,Round,2,1,0,11.33,728.0,713.73,717.0,-68.0,1634.1622,18.0,18.0,Ideal,D,VS1,1.02,IGI,2620.0
2023,Simetría,2,Round,1,1,0,15.68,720.0,705.88,709.0,-69.0,1637.5959,18.0,18.0,Ideal,D,VS1,1.02,IGI,2620.0
2023,Starlight Crafts,2,Round,1,1,0,11.27,723.0,708.82,712.0,-67.0,1575.6038,18.0,18.0,Ideal,D,VS1,1.02,IGI,2620.0
2023,Starlit Stones,2,Round,1,1,0,10.4,716.0,701.96,705.0,-69.0,1631.7567,18.0,18.0,Ideal,D,VS1,1.02,IGI,2620.0
2023,Temperley,2,Round,1,1,0,10.97,737.0,722.55,726.0,-68.0,1627.1975,18.0,18.0,Ideal,D,VS1,1.02,IGI,2620.0
2023,Thalassa Gems,2,Round,1,1,0,10.4,720.0,705.88,709.0,-69.0,1655.51,18.0,18.0,Ideal,D,VS1,1.02,IGI,2620.0
2023,Westport Jewelry,2,Round,1,1,0,15.68,715.0,700.98,704.0,-68.0,1607.089,18.0,18.0,Ideal,D,VS1,1.02,IGI,2620.0
2023,White Lily,2,Round,1,1,0,14.93,726.0,711.76,715.0,-69.0,1665.5253,18.0,18.0,Ideal,D,VS1,1.02,IGI,2620.0
2030,Artemis Stones,2,Round,1,1,0,21.49,2081.0,912.72,2050.0,-64.0,4113.1519,18.0,18.0,Ideal,G,VS1,2.28,IGI,8970.0
2030,Cirrus Gems,2,Round,1,1,0,24.1,2051.0,899.56,2020.0,-65.0,4198.8062,18.0,18.0,Ideal,G,VS1,2.28,IGI,8970.0
2030,Fuji Diamonds,2,Round,1,1,0,20.94,2085.0,914.47,2054.0,-64.0,4149.374,18.0,18.0,Ideal,G,VS1,2.28,IGI,8970.0
2030,I & M Designs,2,Round,1,1,0,10.61,2168.0,950.88,2135.0,-63.0,4208.2612,18.0,18.0,Ideal,G,VS1,2.28,IGI,8970.0
2030,Jane Brear,2,Round,1,1,0,19.85,2159.15,947.0,2127.0,-63.0,4191.064,18.0,18.0,Ideal,G,VS1,2.28,IGI,8970.0
2030,Michelle Kennedy,2,Round,1,1,0,18.66,2170.0,951.75,2137.0,-63.0,4172.98,18.0,18.0,Ideal,G,VS1,2.28,IGI,8970.0
2030,N. B. Diamonds,2,Round,1,2,0,23.27,2116.57,928.32,2085.0,-64.0,4235.7788,18.0,18.0,Ideal,G,VS1,2.28,IGI,8970.0
2030,Roma Diamonds,2,Round,1,1,0,12.41,2121.0,930.26,2089.0,-63.0,4155.4487,18.0,18.0,Ideal,G,VS1,2.28,IGI,8970.0
2030,Sigma Diamonds,2,Round,1,1,0,17.78,2129.0,933.77,2097.0,-63.0,4157.4946,18.0,18.0,Ideal,G,VS1,2.28,IGI,8970.0
2030,Taiga Gems,2,Round,1,1,0,17.5,2073.14,909.27,2042.0,-65.0,4224.0913,18.0,18.0,Ideal,G,VS1,2.28,IGI,8970.0
2036,Avignon Diamonds,2,Round,1,1,0,10.82,2884.0,2060.0,2841.0,22.0,1691.5154,18.0,18.0,Ideal,G,VS1,1.4,IGI,3260.0
2036,Cirrus Gems,2,Round,1,1,0,20.05,1073.0,766.43,1057.0,-55.0,1693.3834,18.0,18.0,Ideal,G,VS1,1.4,IGI,3260.0
2036,Clermont Diamonds,2,Round,1,1,0,15.03,1090.0,778.57,1074.0,-52.0,1639.9871,18.0,18.0,Ideal,G,VS1,1.4,IGI,3260.0
2036,Ember Star,2,Round,1,1,0,13.03,1069.0,763.57,1053.0,-54.0,1656.3998,18.0,18.0,Ideal,G,VS1,1.4,IGI,3260.0
2036,Fabiola,2,Round,1,1,0,16.8,1093.0,780.71,1077.0,-53.0,1664.2103,18.0,18.0,Ideal,G,VS1,1.4,IGI,3260.0
2036,Jane Brear,2,Round,1,1,0,20.31,1128.0,805.71,1111.0,-53.0,1714.7686,18.0,18.0,Ideal,G,VS1,1.4,IGI,3260.0
2036,Magnolia,2,Round,1,1,0,14.8,1095.0,782.14,1079.0,-53.0,1679.3865,18.0,18.0,Ideal,G,VS1,1.4,IGI,3260.0
2036,Marlowe & Co,2,Round,1,1,0,16.88,1116.0,797.14,1099.0,-52.0,1680.0242,18.0,18.0,Ideal,G,VS1,1.4,IGI,3260.0
2036,Taiga Gems,2,Round,1,1,0,18.79,1075.0,767.86,1059.0,-54.0,1680.3055,18.0,18.0,Ideal,G,VS1,1.4,IGI,3260.0
2036,Temperley,2,Round,1,1,0,20.42,1135.0,810.71,1118.0,-50.0,1609.7805,18.0,18.0,Ideal,G,VS1,1.4,IGI,3260.0
2036,White Lily,2,Round,1,1,0,21.19,1131.0,807.86,1114.0,-50.0,1627.8367,18.0,18.0,Ideal,G,VS1,1.4,IGI,3260.0
2037,Meridian Crafts,2,Round,1,1,0,10.33,325.0,406.25,320.0,-61.0,593.5718,18.0,18.0,Ideal,F,VS1,0.8,IGI,1220.0
2037,Nova Stars,2,Round,1,1,0,12.74,313.0,391.25,308.0,-63.0,606.1823,18.0,18.0,Ideal,F,VS1,0.8,IGI,1220.0
2044,Magnolia,2,Round,1,1,0,21.74,700.0,603.45,690.0,-60.0,1250.5566,16.0,18.0,Very Good,G,VS2,1.16,IGI,2630.0
2045,Hill & Holland,2,Round,1,1,0,25.35,372.0,547.06,366.0,-58.0,641.299,18.0,18.0,Ideal,D,VVS2,0.68,IGI,1210.0
2045,Jane Brear,2,Round,1,1,0,26.88,361.0,530.88,356.0,-57.0,601.7725,18.0,18.0,Ideal,D,VVS2,0.68,IGI,1210.0
2045,Lotus Creation,2,Round,1,1,0,16.86,405.36,596.12,399.0,-55.0,651.6074,18.0,18.0,Ideal,D,VVS2,0.68,IGI,1210.0
2045,Marlowe & Co,2,Round,1,1,0,21.61,365.0,536.76,360.0,-61.0,663.0349,18.0,18.0,Ideal,D,VVS2,0.68,IGI,1210.0
2045,Meridian Gems,2,Round,1,1,0,20.52,349.0,513.24,344.0,-60.0,619.6837,18.0,18.0,Ideal,D,VVS2,0.68,IGI,1210.0
2045,Michelle Kennedy,2,Round,1,1,0,27.57,373.0,548.53,367.0,-59.0,655.9083,18.0,18.0,Ideal,D,VVS2,0.68,IGI,1210.0
2045,Promenade Jewelry,2,Round,1,1,0,19.08,350.0,514.71,345.0,-64.0,698.1192,18.0,18.0,Ideal,D,VVS2,0.68,IGI,1210.0
2045,Riviera Jewels,2,Round,1,1,0,13.41,350.0,514.71,345.0,-60.0,633.1247,18.0,18.0,Ideal,D,VVS2,0.68,IGI,1210.0
2045,Sara's Diamonds,2,Round,1,1,0,47.08,335.0,492.65,330.0,-64.0,665.1475,18.0,18.0,Ideal,D,VVS2,0.68,IGI,1210.0
2045,Sonata Gems,2,Round,1,1,0,23.09,342.0,502.94,337.0,-61.0,631.5611,18.0,18.0,Ideal,D,VVS2,0.68,IGI,1210.0
2045,Temperley,2,Round,1,1,0,14.1,368.0,541.18,362.0,-60.0,661.1568,18.0,18.0,Ideal,D,VVS2,0.68,IGI,1210.0
2045,White Lily,2,Round,1,1,0,22.8,364.0,535.29,359.0,-60.0,648.0416,18.0,18.0,Ideal,D,VVS2,0.68,IGI,1210.0
2049,Cirrus Gems,2,Round,1,1,0,14.78,1020.0,772.73,1005.0,-62.0,1911.5978,18.0,18.0,Super Ideal,F,VVS2,1.32,IGI,3715.0
2049,Emilia Sterling,2,Round,1,1,0,14.65,1024.0,775.76,1009.0,-62.0,1905.4657,18.0,18.0,Super Ideal,F,VVS2,1.32,IGI,3715.0
2049,Eterna Luxe,2,Round,1,1,0,12.86,1061.0,803.79,1045.0,-60.0,1896.7734,18.0,18.0,Super Ideal,F,VVS2,1.32,IGI,3715.0
2049,Marlowe & Co,2,Round,1,1,0,11.46,1101.46,834.44,1085.0,-58.0,1875.1046,18.0,18.0,Super Ideal,F,VVS2,1.32,IGI,3715.0
2049,Oasis Diamonds,2,Round,1,1,0,11.72,1086.0,822.73,1070.0,-59.0,1887.5553,18.0,18.0,Super Ideal,F,VVS2,1.32,IGI,3715.0
2049,Rosella,2,Round,1,1,0,12.87,1035.0,784.09,1019.0,-61.0,1910.0032,18.0,18.0,Super Ideal,F,VVS2,1.32,IGI,3715.0
2049,Silva Diamonds,2,Round,1,1,0,12.14,1035.0,784.09,1019.0,-60.0,1849.1373,18.0,18.0,Super Ideal,F,VVS2,1.32,IGI,3715.0
2049,Starlight Crafts,2,Round,1,1,0,11.32,1035.0,784.09,1019.0,-61.0,1905.6442,18.0,18.0,Super Ideal,F,VVS2,1.32,IGI,3715.0
2049,Taiga Gems,2,Round,1,1,0,10.71,1069.62,810.32,1054.0,-60.0,1891.8743,18.0,18.0,Super Ideal,F,VVS2,1.32,IGI,3715.0
2049,Temperley,2,Round,1,1,0,12.99,1094.0,828.79,1078.0,-59.0,1925.2203,18.0,18.0,Super Ideal,F,VVS2,1.32,IGI,3715.0
2049,Voyage Diamonds,2,Round,1,1,0,15.26,1139.84,863.52,1123.0,-57.0,1881.5583,18.0,18.0,Super Ideal,F,VVS2,1.32,IGI,3715.0
2049,White Lily,2,Round,1,1,0,11.53,1068.0,809.09,1052.0,-59.0,1881.71,18.0,18.0,Super Ideal,F,VVS2,1.32,IGI,3715.0
2062,Avignon Diamonds,2,Cushion,1,1,0,23.91,5714.0,1632.57,5628.0,-63.0,9737.4541,15.0,15.0,Super Ideal,F,VS1,3.5,IGI,17630.0
2062,Periwinkle Stones,2,Cushion,1,1,0,16.9,5863.0,1675.14,5775.0,-60.0,9134.2676,15.0,15.0,Super Ideal,F,VS1,3.5,IGI,17630.0
2062,Temperley,2,Cushion,1,1,0,19.06,6322.0,1806.29,6227.0,-56.0,9001.6553,15.0,15.0,Super Ideal,F,VS1,3.5,IGI,17630.0
2063,Jane Brear,2,Round,1,1,0,14.33,1315.39,1195.81,1296.0,-1.0,953.2028,18.0,18.0,Ideal,J,VS1,1.1,IGI,1745.0
2065,Jane Brear,2,Round,1,1,0,11.4,512.42,632.62,505.0,-25.0,488.6736,18.0,18.0,Ideal,D,SI2,0.81,IGI,1040.0
2065,Michelle Kennedy,2,Round,1,1,0,12.82,512.42,632.62,505.0,-26.0,494.0246,18.0,18.0,Ideal,D,SI2,0.81,IGI,1040.0
2066,Cirrus Gems,2,Round,1,1,0,21.61,922.0,698.48,908.0,-60.0,1632.7533,18.0,18.0,Ideal,G,VS1,1.32,IGI,2890.0
2066,Jane Brear,2,Round,1,1,0,18.62,984.06,745.5,969.0,-58.0,1668.9856,18.0,18.0,Ideal,G,VS1,1.32,IGI,2890.0
2066,KIYO,2,Round,1,1,0,14.16,937.0,709.85,923.0,-58.0,1615.8915,18.0,18.0,Ideal,G,VS1,1.32,IGI,2890.0
2066,Michelle Kennedy,2,Round,1,1,0,18.27,972.0,736.36,957.0,-57.0,1622.342,18.0,18.0,Ideal,G,VS1,1.32,IGI,2890.0
2066,Sunset Gems,2,Round,2,1,0,19.71,938.0,710.61,924.0,-59.0,1656.178,18.0,18.0,Ideal,G,VS1,1.32,IGI,2890.0
2066,Taiga Gems,2,Round,1,1,0,18.71,950.0,719.7,936.0,-58.0,1615.4342,18.0,18.0,Ideal,G,VS1,1.32,IGI,2890.0
2066,Temperley,2,Round,1,1,0,24.44,977.09,740.22,962.0,-57.0,1619.6249,18.0,18.0,Ideal,G,VS1,1.32,IGI,2890.0
2066,White Lily,2,Round,1,1,0,16.72,984.06,745.5,969.0,-56.0,1597.9205,18.0,18.0,Ideal,G,VS1,1.32,IGI,2890.0
2067,Bayside Gems,2,Marquise,1,1,0,10.52,881.0,881.0,868.0,-64.0,1568.8942,15.0,15.0,Very Good,D,VS1,1.0,IGI,2640.0
2067,Bella Gems,2,Marquise,1,1,0,13.61,888.0,888.0,875.0,-65.0,1598.2952,14.0,15.0,Very Good,D,VS1,1.0,IGI,2640.0
2067,Ember Star,2,Marquise,1,1,0,14.69,866.7,866.7,854.0,-66.0,1652.6302,14.0,15.0,Very Good,D,VS1,1.0,IGI,2640.0
2067,Grace Brooks,2,Marquise,1,1,0,13.62,907.24,907.24,894.0,-63.0,1586.536,14.0,15.0,Very Good,D,VS1,1.0,IGI,2640.0
2067,Hill & Holland,2,Marquise,1,1,0,10.63,942.26,942.26,928.0,-62.0,1571.0546,15.0,15.0,Very Good,D,VS1,1.0,IGI,2640.0
2067,Infinity Diamonds,2,Marquise,1,1,0,14.91,913.03,913.03,899.0,-63.0,1596.308,15.0,15.0,Very Good,D,VS1,1.0,IGI,2640.0
2067,Jane Brear,2,Marquise,1,1,0,15.24,917.0,917.0,903.0,-63.0,1578.3558,15.0,15.0,Very Good,D,VS1,1.0,IGI,2640.0
2067,Joan Cooper,2,Marquise,1,1,0,14.34,872.0,872.0,859.0,-65.0,1585.9242,15.0,15.0,Very Good,D,VS1,1.0,IGI,2640.0
2067,Knox Diamonds,2,Marquise,1,2,0,11.56,872.0,872.0,859.0,-65.0,1609.5989,14.0,15.0,Very Good,D,VS1,1.0,IGI,2640.0
2067,Magnolia,2,Marquise,1,1,0,14.99,874.0,874.0,861.0,-66.0,1631.4912,14.0,15.0,Very Good,D,VS1,1.0,IGI,2640.0
2067,Marlowe & Co,2,Marquise,1,2,0,16.45,901.0,901.0,887.0,-63.0,1550.6372,15.0,15.0,Very Good,D,VS1,1.0,IGI,2640.0
2067,Michelle Kennedy,2,Marquise,1,1,0,11.47,904.0,904.0,890.0,-63.0,1567.4846,14.0,15.0,Very Good,D,VS1,1.0,IGI,2640.0
2067,Promenade Jewelry,2,Marquise,1,1,0,16.84,848.0,848.0,835.0,-66.0,1596.5237,14.0,15.0,Very Good,D,VS1,1.0,IGI,2640.0
2067,Sonata Gems,2,Marquise,1,1,0,14.23,881.0,881.0,868.0,-65.0,1605.4956,15.0,15.0,Very Good,D,VS1,1.0,IGI,2640.0
2067,Taiga Gems,2,Marquise,1,1,0,10.14,878.58,878.58,865.0,-65.0,1611.2583,15.0,15.0,Very Good,D,VS1,1.0,IGI,2640.0
2067,Temperley,2,Marquise,1,1,0,12.58,917.0,917.0,903.0,-63.0,1593.4967,15.0,15.0,Very Good,D,VS1,1.0,IGI,2640.0
2067,Vega Diamonds,2,Marquise,1,1,0,13.89,848.0,848.0,835.0,-66.0,1585.9242,15.0,15.0,Very Good,D,VS1,1.0,IGI,2640.0
2067,White Lily,2,Marquise,1,1,0,17.9,917.0,917.0,903.0,-64.0,1614.4052,15.0,15.0,Very Good,D,VS1,1.0,IGI,2640.0
2070,Periwinkle Stones,2,Oval,1,1,0,12.49,1761.0,871.78,1735.0,-62.0,3095.751,14.0,15.0,Very Good,H,VS2,2.02,IGI,5500.0
2070,Serene Peaks Diamonds,2,Oval,1,1,0,13.44,1790.0,886.14,1763.0,-62.0,3170.0388,15.0,15.0,Very Good,H,VS2,2.02,IGI,5500.0
2070,Taiga Gems,2,Oval,1,1,0,11.81,1756.18,869.4,1730.0,-63.0,3207.1943,15.0,15.0,Very Good,H,VS2,2.02,IGI,5500.0
2070,Temperley,2,Oval,1,3,0,17.93,1970.84,975.66,1941.0,-58.0,3167.5229,14.0,15.0,Very Good,H,VS2,2.02,IGI,5500.0
2075,Jane Brear,2,Round,1,1,0,11.9,3061.0,1530.5,3015.0,-5.0,2310.8022,18.0,18.0,Super Ideal,J,VS1,2.0,IGI,3948.75
2075,Michelle Kennedy,2,Round,1,1,0,12.46,3061.0,1530.5,3015.0,-9.0,2409.4944,18.0,18.0,Super Ideal,J,VS1,2.0,IGI,3948.75
2075,Temperley,2,Round,1,1,0,15.13,1559.0,779.5,1536.0,-54.0,2410.5276,18.0,18.0,Super Ideal,J,VS1,2.0,IGI,3948.75
2079,Avignon Diamonds,2,Round,1,1,0,11.87,696.0,644.44,686.0,-68.0,1560.9137,18.0,18.0,Super Ideal,D,VS2,1.08,IGI,2390.0
2079,Eternity Fine Jewelers,2,Round,1,1,0,14.16,702.47,650.44,692.0,-67.0,1533.3203,18.0,18.0,Super Ideal,D,VS2,1.08,IGI,2390.0
2079,Jane Brear,2,Round,1,1,0,13.66,715.0,662.04,704.0,-68.0,1581.7197,18.0,18.0,Super Ideal,D,VS2,1.08,IGI,2390.0
2079,Knox Diamonds,2,Round,1,1,0,11.13,687.0,636.11,677.0,-67.0,1506.479,18.0,18.0,Super Ideal,D,VS2,1.08,IGI,2390.0
2079,Magnolia,2,Round,1,1,0,12.94,689.0,637.96,679.0,-68.0,1550.6599,18.0,18.0,Super Ideal,D,VS2,1.08,IGI,2390.0
2079,Marlowe & Co,2,Round,1,1,0,13.85,712.0,659.26,701.0,-67.0,1546.9717,18.0,18.0,Super Ideal,D,VS2,1.08,IGI,2390.0
2079,Michelle Kennedy,2,Round,1,1,0,14.49,704.0,651.85,693.0,-67.0,1540.2664,18.0,18.0,Super Ideal,D,VS2,1.08,IGI,2390.0
2079,N. B. Diamonds,2,Round,1,1,0,13.62,695.0,643.52,685.0,-68.0,1547.9968,18.0,18.0,Super Ideal,D,VS2,1.08,IGI,2390.0
2079,Riviera Jewels,2,Round,1,1,0,13.2,693.0,641.67,683.0,-68.0,1558.3049,18.0,18.0,Super Ideal,D,VS2,1.08,IGI,2390.0
2079,Roma Diamonds,2,Round,1,1,0,10.38,697.0,645.37,687.0,-68.0,1555.8884,18.0,18.0,Super Ideal,D,VS2,1.08,IGI,2390.0
2079,Rosella,2,Round,1,1,0,11.06,697.0,645.37,687.0,-67.0,1493.3448,18.0,18.0,Super Ideal,D,VS2,1.08,IGI,2390.0
2079,Serene Peaks Diamonds,2,Round,1,1,0,13.68,703.46,651.35,693.0,-67.0,1540.7715,18.0,18.0,Super Ideal,D,VS2,1.08,IGI,2390.0
2079,Sigma Diamonds,2,Round,1,1,0,11.29,684.0,633.33,674.0,-68.0,1552.4838,18.0,18.0,Super Ideal,D,VS2,1.08,IGI,2390.0
2079,Silva Diamonds,2,Round,1,1,0,14.39,690.0,638.89,680.0,-69.0,1574.5098,18.0,18.0,Super Ideal,D,VS2,1.08,IGI,2390.0
2079,Starlight Crafts,2,Round,1,1,0,13.14,685.0,634.26,675.0,-69.0,1563.4589,18.0,18.0,Super Ideal,D,VS2,1.08,IGI,2390.0
2079,Taiga Gems,2,Round,1,1,0,15.79,714.0,661.11,703.0,-67.0,1537.0634,18.0,18.0,Super Ideal,D,VS2,1.08,IGI,2390.0
2079,Temperley,2,Round,1,1,0,10.85,713.0,660.19,702.0,-68.0,1571.7472,18.0,18.0,Super Ideal,D,VS2,1.08,IGI,2390.0
2079,Thalassa Gems,2,Round,1,1,0,12.54,689.0,637.96,679.0,-67.0,1509.1506,18.0,18.0,Super Ideal,D,VS2,1.08,IGI,2390.0
2079,White Lily,2,Round,1,1,0,14.99,717.11,663.99,706.0,-67.0,1556.8564,18.0,18.0,Super Ideal,D,VS2,1.08,IGI,2390.0
2081,Eternity Fine Jewelers,2,Round,1,1,0,17.11,2049.0,906.64,2018.0,-61.0,3790.6179,18.0,18.0,Super Ideal,G,VS2,2.26,IGI,6800.0
2081,Marlowe & Co,2,Round,1,1,0,12.46,2052.0,907.96,2021.0,-60.0,3672.9119,18.0,18.0,Super Ideal,G,VS2,2.26,IGI,6800.0
2085,Temperley,2,Round,1,1,0,14.2,1251.71,927.19,1233.0,-18.0,1090.0669,18.0,18.0,Super Ideal,J,VS1,1.35,IGI,2130.0
2086,Atkinson Crafts,2,Round,1,1,0,14.75,2247.0,1112.38,2213.0,-61.0,4143.1567,18.0,18.0,Super Ideal,F,VS1,2.02,IGI,8235.0
2086,Avignon Diamonds,2,Round,1,1,0,12.99,2109.0,1044.06,2077.0,-63.0,4032.0259,18.0,18.0,Super Ideal,F,VS1,2.02,IGI,8235.0
2086,Bonsai Gems,2,Round,1,1,0,12.92,2184.0,1081.19,2151.0,-62.0,4085.9956,18.0,18.0,Super Ideal,F,VS1,2.02,IGI,8235.0
2086,CV Diamonds,2,Round,1,1,0,12.2,2128.3,1053.61,2096.0,-62.0,4058.8875,18.0,18.0,Super Ideal,F,VS1,2.02,IGI,8235.0
2086,Camden Gems,2,Round,1,1,0,12.54,2107.0,1043.07,2075.0,-63.0,4059.332,18.0,18.0,Super Ideal,F,VS1,2.02,IGI,8235.0
2086,Cirrus Gems,2,Round,1,1,0,95.24,2078.0,1028.71,2047.0,-62.0,3965.4089,18.0,18.0,Super Ideal,F,VS1,2.02,IGI,8235.0
2086,Clermont Diamonds,2,Round,1,1,0,13.25,2125.0,1051.98,2093.0,-63.0,4125.9209,18.0,18.0,Super Ideal,F,VS1,2.02,IGI,8235.0
2086,Emilia Sterling,2,Round,1,1,0,12.76,2077.0,1028.22,2046.0,-63.0,4058.3062,18.0,18.0,Super Ideal,F,VS1,2.02,IGI,8235.0
2086,Fabiola,2,Round,1,1,0,13.83,2103.0,1041.09,2071.0,-62.0,3975.9756,18.0,18.0,Super Ideal,F,VS1,2.02,IGI,8235.0
2086,Fuji Diamonds,2,Round,1,1,0,10.98,2107.0,1043.07,2075.0,-63.0,4042.0742,18.0,18.0,Super Ideal,F,VS1,2.02,IGI,8235.0
2086,Gemstone Harmony,2,Round,1,1,0,13.74,2103.0,1041.09,2071.0,-63.0,4036.9778,18.0,18.0,Super Ideal,F,VS1,2.02,IGI,8235.0
2086,Hazel Diamonds,2,Round,1,1,0,12.99,2064.0,1021.78,2033.0,-64.0,4157.5835,18.0,18.0,Super Ideal,F,VS1,2.02,IGI,8235.0
2086,Hoseki,2,Round,1,1,0,13.6,2192.98,1085.63,2160.0,-61.0,4034.5005,18.0,18.0,Super Ideal,F,VS1,2.02,IGI,8235.0
2086,Jane Brear,2,Round,1,1,0,12.85,2173.0,1075.74,2140.0,-62.0,4140.1812,18.0,18.0,Super Ideal,F,VS1,2.02,IGI,8235.0
2086,Meridian Crafts,2,Round,1,1,0,11.83,2107.0,1043.07,2075.0,-63.0,4109.98,18.0,18.0,Super Ideal,F,VS1,2.02,IGI,8235.0
2086,Michelle Kennedy,2,Round,1,1,0,14.72,2169.0,1073.76,2136.0,-62.0,4103.7451,18.0,18.0,Super Ideal,F,VS1,2.02,IGI,8235.0
2086,N. B. Diamonds,2,Round,1,1,0,,13120.0,6495.05,12923.0,137.0,3966.7476,18.0,18.0,Super Ideal,F,VS1,2.02,IGI,8235.0
2086,Oasis Diamonds,2,Round,1,1,0,10.91,2192.0,1085.15,2159.0,-61.0,4031.3059,18.0,18.0,Super Ideal,F,VS1,2.02,IGI,8235.0
2086,Periwinkle Stones,2,Round,1,1,0,11.48,2153.0,1065.84,2121.0,-63.0,4125.4785,18.0,18.0,Super Ideal,F,VS1,2.02,IGI,8235.0
2086,Starlight Crafts,2,Round,1,1,0,14.94,2098.0,1038.61,2067.0,-64.0,4156.9756,18.0,18.0,Super Ideal,F,VS1,2.02,IGI,8235.0
2086,Stellar Radiance,2,Round,1,1,0,95.15,2107.0,1043.07,2075.0,-63.0,4031.5269,18.0,18.0,Super Ideal,F,VS1,2.02,IGI,8235.0
2086,Temperley,2,Round,1,1,0,10.54,2214.87,1096.47,2182.0,-61.0,4050.3071,18.0,18.0,Super Ideal,F,VS1,2.02,IGI,8235.0
2086,Thalassa Gems,2,Round,1,1,0,10.87,2105.0,1042.08,2073.0,-64.0,4155.729,18.0,18.0,Super Ideal,F,VS1,2.02,IGI,8235.0
2086,Tierra Mia Diamonds,2,Round,1,1,0,13.12,2097.0,1038.12,2066.0,-64.0,4160.3213,18.0,18.0,Super Ideal,F,VS1,2.02,IGI,8235.0
2086,Vespera Gems,2,Round,1,1,0,11.09,2097.0,1038.12,2066.0,-64.0,4188.7515,18.0,18.0,Super Ideal,F,VS1,2.02,IGI,8235.0
2086,White Lily,2,Round,1,1,0,14.44,2175.07,1076.77,2142.0,-63.0,4154.9536,18.0,18.0,Super Ideal,F,VS1,2.02,IGI,8235.0
2103,Jane Brear,2,Emerald,1,1,0,15.46,4782.0,1557.65,4710.0,-64.0,8633.9893,15.0,15.0,Super Ideal,F,VS1,3.07,IGI,15720.0
2103,Michelle Kennedy,2,Emerald,1,1,0,21.37,4782.0,1557.65,4710.0,-65.0,8714.5127,15.0,15.0,Super Ideal,F,VS1,3.07,IGI,15720.0
2103,Rosella,2,Emerald,1,1,0,13.96,4609.0,1501.3,4540.0,-66.0,8721.1719,15.0,15.0,Super Ideal,F,VS1,3.07,IGI,15720.0
2103,Temperley,2,Emerald,1,1,0,19.03,4883.0,1590.55,4810.0,-64.0,8624.4307,15.0,15.0,Super Ideal,F,VS1,3.07,IGI,15720.0
2103,The Diamond Source,2,Emerald,1,1,0,13.76,4770.0,1553.75,4698.0,-64.0,8538.1084,15.0,15.0,Super Ideal,F,VS1,3.07,IGI,15720.0
2103,Vespera Gems,2,Emerald,1,1,0,18.65,4638.0,1510.75,4568.0,-66.0,8695.9453,15.0,15.0,Super Ideal,F,VS1,3.07,IGI,15720.0
2103,White Lily,2,Emerald,1,1,0,20.39,4883.0,1590.55,4810.0,-63.0,8528.5801,15.0,15.0,Super Ideal,F,VS1,3.07,IGI,15720.0
2105,Taiga Gems,2,Oval,1,1,0,11.61,1008.93,776.1,994.0,-47.0,1273.8992,15.0,15.0,Super Ideal,H,SI1,1.3,IGI,2290.0
2108,Cirrus Gems,2,Round,1,1,0,23.11,705.52,665.58,695.0,-58.0,1196.5312,18.0,18.0,Super Ideal,I,VVS2,1.06,IGI,1840.0
2108,White Lily,2,Round,1,1,0,14.04,711.0,670.75,700.0,-55.0,1127.0963,18.0,18.0,Super Ideal,I,VVS2,1.06,IGI,1840.0
2112,Cirrus Gems,2,Round,1,1,0,93.86,3414.0,1273.88,3363.0,-62.0,6505.6685,18.0,18.0,Super Ideal,F,VS1,2.68,IGI,12560.0
2112,Diamonds by Zoya,2,Round,1,1,0,11.75,3601.0,1343.66,3547.0,-62.0,6716.042,18.0,18.0,Super Ideal,F,VS1,2.68,IGI,12560.0
2112,Emilia Sterling,2,Round,1,1,0,12.21,3418.0,1275.37,3367.0,-62.0,6464.3721,18.0,18.0,Super Ideal,F,VS1,2.68,IGI,12560.0
2112,Eterna Luxe,2,Round,1,1,0,11.05,3580.0,1335.82,3526.0,-60.0,6425.4023,18.0,18.0,Super Ideal,F,VS1,2.68,IGI,12560.0
2112,Jane Brear,2,Round,1,1,0,17.96,3465.0,1292.91,3413.0,-62.0,6519.0049,18.0,18.0,Super Ideal,F,VS1,2.68,IGI,12560.0
2112,Michelle Kennedy,2,Round,1,1,0,17.44,3607.0,1345.9,3553.0,-61.0,6571.229,18.0,18.0,Super Ideal,F,VS1,2.68,IGI,12560.0
2112,Nebula Stones,2,Round,1,1,0,15.45,3656.0,1364.18,3601.0,-60.0,6553.833,18.0,18.0,Super Ideal,F,VS1,2.68,IGI,12560.0
2112,Sunset Gems,2,Round,1,1,0,18.39,3496.03,1304.49,3444.0,-62.0,6532.0923,18.0,18.0,Super Ideal,F,VS1,2.68,IGI,12560.0
2112,Temperley,2,Round,1,1,0,13.38,3612.0,1347.76,3558.0,-60.0,6402.7871,18.0,18.0,Super Ideal,F,VS1,2.68,IGI,12560.0
2112,Tierra Mia Diamonds,2,Round,1,1,0,17.93,3479.0,1298.13,3427.0,-61.0,6374.5439,18.0,18.0,Super Ideal,F,VS1,2.68,IGI,12560.0
2112,White Lily,2,Round,1,1,0,16.17,3607.87,1346.22,3554.0,-60.0,6496.6284,18.0,18.0,Super Ideal,F,VS1,2.68,IGI,12560.0
2113,Cornerstone,5,Emerald,2,3,0,18.48,455.0,623.29,448.0,-50.0,587.5976,13.0,15.0,Very Good,E,SI1,0.73,GCAL,1020.0
2117,Promenade Jewelry,2,Princess,1,1,0,14.56,2044.0,1195.32,2013.0,-54.0,2806.5144,15.0,15.0,Very Good,G,VVS2,1.71,IGI,5270.0
2119,Temperley,2,Round,1,1,0,14.59,361.18,785.17,356.0,-28.0,360.2759,18.0,18.0,Super Ideal,F,VVS2,0.46,IGI,540.0
2119,White Lily,2,Round,1,1,0,13.52,372.0,808.7,366.0,-34.0,404.4509,18.0,18.0,Super Ideal,F,VVS2,0.46,IGI,540.0
2121,Meridian Crafts,2,Round,1,1,0,10.6,354.0,491.67,349.0,-58.0,603.4339,18.0,18.0,Ideal,G,VVS2,0.72,IGI,1125.0
2121,Temperley,2,Round,1,1,0,16.76,425.0,590.28,419.0,-51.0,617.1053,18.0,18.0,Ideal,G,VVS2,0.72,IGI,1125.0
2122,Fuji Diamonds,5,Princess,2,2,0,22.35,1380.0,901.96,1359.0,-62.0,2327.7178,15.0,15.0,Very Good,H,VS1,1.53,GCAL,3550.0
2124,Temperley,2,Round,1,1,0,13.29,750.23,714.5,739.0,-54.0,1171.4839,18.0,18.0,Ideal,H,VVS2,1.05,IGI,2101.67
2124,White Lily,2,Round,1,1,0,14.89,729.34,694.61,718.0,-56.0,1193.745,18.0,18.0,Ideal,H,VVS2,1.05,IGI,2101.67
2127,Jane Brear,2,Pear,1,1,0,17.01,3307.86,1323.14,3258.0,-56.0,4926.2861,15.0,15.0,Super Ideal,G,VS2,2.5,IGI,9530.0
2127,Michelle Kennedy,2,Pear,1,1,0,15.38,2888.52,1155.41,2845.0,-63.0,5028.0791,15.0,15.0,Super Ideal,G,VS2,2.5,IGI,9530.0
2127,Serene Peaks Diamonds,2,Pear,1,1,0,16.6,2841.0,1136.4,2798.0,-63.0,4912.978,15.0,15.0,Super Ideal,G,VS2,2.5,IGI,9530.0
2127,Taiga Gems,2,Pear,1,1,0,10.29,2787.0,1114.8,2745.0,-63.0,4873.5547,15.0,15.0,Super Ideal,G,VS2,2.5,IGI,9530.0
2127,White Lily,2,Pear,1,1,0,17.27,2888.0,1155.2,2845.0,-62.0,4902.1152,15.0,15.0,Super Ideal,G,VS2,2.5,IGI,9530.0
2130,Avignon Diamonds,2,Round,1,1,0,12.27,2570.0,1278.61,2531.0,-63.0,5001.1821,18.0,18.0,Ideal,F,VVS2,2.01,IGI,10067.5
2130,Bonsai Gems,2,Round,1,1,0,19.23,2664.78,1325.76,2625.0,-63.0,5184.375,18.0,18.0,Ideal,F,VVS2,2.01,IGI,10067.5
2130,Camden Gems,2,Round,1,1,0,14.62,2598.0,1292.54,2559.0,-63.0,5031.0986,18.0,18.0,Ideal,F,VVS2,2.01,IGI,10067.5
2130,Ember Star,2,Round,1,1,0,10.4,2600.0,1293.53,2561.0,-63.0,5068.6909,18.0,18.0,Ideal,F,VVS2,2.01,IGI,10067.5
2130,Eterna Luxe,2,Round,1,1,0,10.6,2608.0,1297.51,2569.0,-63.0,5008.2305,18.0,18.0,Ideal,F,VVS2,2.01,IGI,10067.5
2130,Gemstone Harmony,2,Round,1,1,0,10.07,2583.0,1285.07,2544.0,-64.0,5133.3384,18.0,18.0,Ideal,F,VVS2,2.01,IGI,10067.5
2130,Hazel Diamonds,2,Round,1,1,0,11.11,2542.0,1264.68,2504.0,-65.0,5184.375,18.0,18.0,Ideal,F,VVS2,2.01,IGI,10067.5
2130,Hill & Holland,2,Round,1,1,0,16.83,2688.49,1337.56,2648.0,-62.0,5081.7324,18.0,18.0,Ideal,F,VVS2,2.01,IGI,10067.5
2130,Infinity Diamonds,2,Round,1,1,0,17.95,2673.47,1330.08,2633.0,-62.0,5099.4248,18.0,18.0,Ideal,F,VVS2,2.01,IGI,10067.5
2130,Irene Jewelry,2,Round,1,1,0,10.6,2590.0,1288.56,2551.0,-64.0,5094.3291,18.0,18.0,Ideal,F,VVS2,2.01,IGI,10067.5
2130,Jane Brear,2,Round,1,1,0,94.77,2659.0,1322.89,2619.0,-63.0,5170.687,18.0,18.0,Ideal,F,VVS2,2.01,IGI,10067.5
2130,Lyra Stones,2,Round,1,1,0,14.93,2612.87,1299.94,2574.0,-63.0,5117.3193,18.0,18.0,Ideal,F,VVS2,2.01,IGI,10067.5
2130,Magnolia,2,Round,1,1,0,10.78,2586.0,1286.57,2547.0,-63.0,5069.1172,18.0,18.0,Ideal,F,VVS2,2.01,IGI,10067.5
2130,Marlowe & Co,2,Round,1,1,0,14.12,2689.0,1337.81,2649.0,-62.0,5044.7686,18.0,18.0,Ideal,F,VVS2,2.01,IGI,10067.5
2130,Mei & Co,2,Round,1,1,0,11.51,2583.0,1285.07,2544.0,-63.0,5056.5464,18.0,18.0,Ideal,F,VVS2,2.01,IGI,10067.5
2130,Michelle Kennedy,2,Round,1,1,0,15.53,2793.96,1390.03,2752.0,-62.0,5232.9678,18.0,18.0,Ideal,F,VVS2,2.01,IGI,10067.5
2130,Oasis Diamonds,2,Round,1,1,0,18.06,2659.64,1323.2,2620.0,-63.0,5144.3311,18.0,18.0,Ideal,F,VVS2,2.01,IGI,10067.5
2130,Periwinkle Stones,2,Round,1,1,0,10.19,2641.0,1313.93,2601.0,-63.0,5115.5381,18.0,18.0,Ideal,F,VVS2,2.01,IGI,10067.5
2130,Rosella,2,Round,1,1,0,12.74,2542.0,1264.68,2504.0,-64.0,5109.3081,18.0,18.0,Ideal,F,VVS2,2.01,IGI,10067.5
2130,Stellar Radiance,2,Round,1,1,0,14.66,2586.0,1286.57,2547.0,-64.0,5085.729,18.0,18.0,Ideal,F,VVS2,2.01,IGI,10067.5
2130,Temperley,2,Round,1,1,0,94.76,2659.0,1322.89,2619.0,-63.0,5077.5601,18.0,18.0,Ideal,F,VVS2,2.01,IGI,10067.5
2130,Thalassa Gems,2,Round,1,1,0,10.37,2584.0,1285.57,2545.0,-64.0,5085.708,18.0,18.0,Ideal,F,VVS2,2.01,IGI,10067.5
2130,Tierra Mia Diamonds,2,Round,1,1,0,10.86,2579.0,1283.08,2540.0,-64.0,5071.7378,18.0,18.0,Ideal,F,VVS2,2.01,IGI,10067.5
2130,Vespera Gems,2,Round,1,1,0,17.27,2544.14,1265.74,2506.0,-64.0,5110.1846,18.0,18.0,Ideal,F,VVS2,2.01,IGI,10067.5
2130,White Lily,2,Round,1,1,0,94.67,2622.0,1304.48,2583.0,-63.0,5053.355,18.0,18.0,Ideal,F,VVS2,2.01,IGI,10067.5
2135,Cirrus Gems,2,Emerald,1,1,0,18.96,1445.79,944.96,1424.0,-62.0,2422.2202,15.0,15.0,Super Ideal,G,VS1,1.53,IGI,4030.0
2135,Diamonds by Zoya,2,Emerald,1,1,0,16.01,1457.68,952.73,1436.0,-62.0,2456.0413,15.0,15.0,Super Ideal,G,VS1,1.53,IGI,4030.0
2135,Emilia Sterling,2,Emerald,1,1,0,22.09,1420.7,928.56,1399.0,-63.0,2438.4956,15.0,15.0,Super Ideal,G,VS1,1.53,IGI,4030.0
2135,Hoseki,2,Emerald,1,1,0,20.75,1470.0,960.78,1448.0,-61.0,2444.3945,15.0,15.0,Super Ideal,G,VS1,1.53,IGI,4030.0
2135,Kaylin Crafts,2,Emerald,1,1,0,24.48,1450.0,947.71,1428.0,-63.0,2489.6614,15.0,15.0,Super Ideal,G,VS1,1.53,IGI,4030.0
2135,Lotus Creation,2,Emerald,1,1,0,20.53,1437.11,939.29,1416.0,-63.0,2493.0168,15.0,15.0,Super Ideal,G,VS1,1.53,IGI,4030.0
2135,Marlowe & Co,2,Emerald,1,1,0,20.28,1469.62,960.54,1448.0,-61.0,2437.0334,15.0,15.0,Super Ideal,G,VS1,1.53,IGI,4030.0
2135,Mei & Co,2,Emerald,1,1,0,19.29,1471.6,961.83,1450.0,-62.0,2500.7869,15.0,15.0,Super Ideal,G,VS1,1.53,IGI,4030.0
2135,Michelle Kennedy,2,Emerald,1,1,0,20.27,1452.0,949.02,1430.0,-62.0,2467.3923,15.0,15.0,Super Ideal,G,VS1,1.53,IGI,4030.0
2135,N. B. Diamonds,2,Emerald,1,1,0,22.32,1459.31,953.8,1437.0,-62.0,2468.4058,15.0,15.0,Super Ideal,G,VS1,1.53,IGI,4030.0
2135,Nebula Stones,2,Emerald,1,1,0,18.71,1496.48,978.09,1474.0,-61.0,2449.271,15.0,15.0,Super Ideal,G,VS1,1.53,IGI,4030.0
2135,Serenade Diamonds,2,Emerald,1,1,0,16.41,1461.66,955.33,1440.0,-62.0,2450.4307,15.0,15.0,Super Ideal,G,VS1,1.53,IGI,4030.0
2135,Serene Peaks Diamonds,2,Emerald,1,1,0,17.62,1463.64,956.63,1442.0,-62.0,2454.1458,15.0,15.0,Super Ideal,G,VS1,1.53,IGI,4030.0
2135,Taiga Gems,2,Emerald,1,1,0,19.16,1457.68,952.73,1436.0,-62.0,2445.0264,15.0,15.0,Super Ideal,G,VS1,1.53,IGI,4030.0
2135,Temperley,2,Emerald,1,1,0,22.41,1476.68,965.15,1455.0,-61.0,2457.5295,15.0,15.0,Super Ideal,G,VS1,1.53,IGI,4030.0
2135,Thalassa Gems,2,Emerald,2,2,0,14.47,1408.0,920.26,1387.0,-63.0,2423.5449,15.0,15.0,Super Ideal,G,VS1,1.53,IGI,4030.0
2135,Vespera Gems,2,Emerald,1,1,0,21.35,1458.34,953.16,1436.0,-61.0,2414.7998,15.0,15.0,Super Ideal,G,VS1,1.53,IGI,4030.0
2135,White Lily,2,Emerald,1,1,0,19.52,1475.0,964.05,1453.0,-61.0,2446.5178,15.0,15.0,Super Ideal,G,VS1,1.53,IGI,4030.0
2140,Clermont Diamonds,2,Round,1,1,0,11.74,1792.0,857.42,1765.0,-56.0,2906.4194,18.0,18.0,Ideal,H,VS1,2.09,IGI,6800.0
2140,Michelle Kennedy,2,Round,1,1,0,13.36,1842.0,881.34,1814.0,-56.0,3026.1294,18.0,18.0,Ideal,H,VS1,2.09,IGI,6800.0
2140,Periwinkle Stones,2,Round,1,1,0,21.35,1826.0,873.68,1799.0,-57.0,3036.9846,18.0,18.0,Ideal,H,VS1,2.09,IGI,6800.0
2140,Starlight Crafts,2,Round,1,1,0,13.55,1800.0,861.24,1773.0,-57.0,2988.9338,18.0,18.0,Ideal,H,VS1,2.09,IGI,6800.0
2140,Taiga Gems,2,Round,1,1,0,13.49,1791.0,856.94,1764.0,-58.0,3020.4014,18.0,18.0,Ideal,H,VS1,2.09,IGI,6800.0
2140,Temperley,2,Round,1,1,0,20.46,1858.66,889.31,1831.0,-56.0,3000.0198,18.0,18.0,Ideal,H,VS1,2.09,IGI,6800.0
2140,White Lily,2,Round,1,1,0,15.21,1832.0,876.56,1805.0,-55.0,2918.8406,18.0,18.0,Ideal,H,VS1,2.09,IGI,6800.0
2142,Bonsai Gems,2,Pear,1,1,0,18.54,413.0,655.56,407.0,-57.0,615.9839,15.0,15.0,Super Ideal,D,VVS2,0.63,IGI,1020.0
2142,Diamonds by Zoya,2,Pear,2,2,0,16.63,384.0,609.52,378.0,-56.0,567.1782,15.0,15.0,Super Ideal,D,VVS2,0.63,IGI,1020.0
2142,Michelle Kennedy,2,Pear,2,2,0,16.58,390.0,619.05,384.0,-57.0,588.5344,15.0,15.0,Super Ideal,D,VVS2,0.63,IGI,1020.0
2142,Promenade Jewelry,2,Pear,1,1,0,21.08,375.44,595.94,370.0,-61.0,619.8251,15.0,15.0,Super Ideal,D,VVS2,0.63,IGI,1020.0
2142,Sonata Gems,2,Pear,1,2,0,17.84,374.12,593.84,369.0,-57.0,562.9849,15.0,15.0,Super Ideal,D,VVS2,0.63,IGI,1020.0
2142,Vega Diamonds,2,Pear,2,1,0,19.99,361.0,573.02,356.0,-59.0,572.7737,15.0,15.0,Super Ideal,D,VVS2,0.63,IGI,1020.0
2147,Cirrus Gems,2,Round,1,1,0,23.23,1401.0,859.51,1380.0,-59.0,2444.1394,18.0,18.0,Ideal,F,VS1,1.63,IGI,4880.0
2147,Eterna Luxe,2,Round,1,1,0,12.63,1463.0,897.55,1441.0,-57.0,2428.2747,18.0,18.0,Ideal,F,VS1,1.63,IGI,4880.0
2147,Fabiola,2,Round,1,1,0,12.49,1438.0,882.21,1416.0,-58.0,2439.0352,18.0,18.0,Ideal,F,VS1,1.63,IGI,4880.0
2147,Jane Brear,2,Round,1,1,0,19.1,1474.59,904.66,1452.0,-56.0,2411.5146,18.0,18.0,Ideal,F,VS1,1.63,IGI,4880.0
2147,Michelle Kennedy,2,Round,1,1,0,20.05,1561.0,957.67,1538.0,-54.0,2420.1587,18.0,18.0,Ideal,F,VS1,1.63,IGI,4880.0
2147,Oasis Diamonds,2,Round,1,1,0,19.37,1498.0,919.02,1476.0,-54.0,2355.7231,18.0,18.0,Ideal,F,VS1,1.63,IGI,4880.0
2147,Temperley,2,Round,1,1,0,20.36,1553.0,952.76,1530.0,-55.0,2465.2126,18.0,18.0,Ideal,F,VS1,1.63,IGI,4880.0
2147,White Lily,2,Round,1,1,0,20.26,1486.0,911.66,1464.0,-55.0,2372.1116,18.0,18.0,Ideal,F,VS1,1.63,IGI,4880.0
2152,Bayside Gems,2,Round,1,1,0,19.1,1254.7,830.93,1236.0,-58.0,2162.8716,18.0,18.0,Super Ideal,D,SI1,1.51,IGI,3980.0
2152,Hoseki,2,Round,1,1,0,15.7,1327.33,879.03,1307.0,-56.0,2183.4548,18.0,18.0,Super Ideal,D,SI1,1.51,IGI,3980.0
2152,Infinity Diamonds,2,Round,1,1,0,24.37,1288.0,852.98,1269.0,-57.0,2148.7439,18.0,18.0,Super Ideal,D,SI1,1.51,IGI,3980.0
2152,Jane Brear,2,Round,1,1,0,19.53,1344.0,890.07,1324.0,-56.0,2185.2681,18.0,18.0,Super Ideal,D,SI1,1.51,IGI,3980.0
2152,Michelle Kennedy,2,Round,1,1,0,18.71,1344.0,890.07,1324.0,-56.0,2184.5942,18.0,18.0,Super Ideal,D,SI1,1.51,IGI,3980.0
2152,Roma Diamonds,2,Round,1,1,0,13.67,1287.0,852.32,1268.0,-58.0,2215.6179,18.0,18.0,Super Ideal,D,SI1,1.51,IGI,3980.0
2152,Silva Diamonds,2,Round,1,1,0,13.36,1292.0,855.63,1273.0,-58.0,2180.7178,18.0,18.0,Super Ideal,D,SI1,1.51,IGI,3980.0
2152,Taiga Gems,2,Round,1,1,0,13.7,1282.68,849.46,1263.0,-57.0,2141.1711,18.0,18.0,Super Ideal,D,SI1,1.51,IGI,3980.0
2152,Tamara,2,Round,1,1,0,17.21,1305.0,864.24,1285.0,-56.0,2139.9487,18.0,18.0,Super Ideal,D,SI1,1.51,IGI,3980.0
2152,Temperley,2,Round,1,1,0,18.29,1344.0,890.07,1324.0,-55.0,2140.5107,18.0,18.0,Super Ideal,D,SI1,1.51,IGI,3980.0
2152,Thalassa Gems,2,Round,1,2,0,13.63,1292.0,855.63,1273.0,-57.0,2169.3938,18.0,18.0,Super Ideal,D,SI1,1.51,IGI,3980.0
2152,Vega Diamonds,2,Round,1,1,0,21.71,1270.0,841.06,1251.0,-58.0,2181.5957,18.0,18.0,Super Ideal,D,SI1,1.51,IGI,3980.0
2152,Woodhouse Diamonds,2,Round,1,1,0,12.64,1288.0,852.98,1269.0,-59.0,2229.3257,18.0,18.0,Super Ideal,D,SI1,1.51,IGI,3980.0
2153,Taiga Gems,2,Round,1,1,0,16.6,909.0,668.38,895.0,-55.0,1449.6741,18.0,18.0,Super Ideal,H,VS1,1.36,IGI,2610.0
2153,Temperley,2,Round,1,1,0,13.74,1006.0,739.71,991.0,-48.0,1391.4558,18.0,18.0,Super Ideal,H,VS1,1.36,IGI,2610.0
2153,White Lily,2,Round,1,1,0,10.93,943.0,693.38,929.0,-52.0,1415.6484,18.0,18.0,Super Ideal,H,VS1,1.36,IGI,2610.0
2154,Albert's Creations,2,Round,1,1,0,12.08,754.0,650.0,743.0,-58.0,1293.1544,18.0,18.0,Ideal,E,VS2,1.16,IGI,2495.0
2154,Fabiola,2,Round,1,1,0,17.74,734.0,632.76,723.0,-60.0,1304.5383,18.0,18.0,Ideal,E,VS2,1.16,IGI,2495.0
2154,Fiona Clément,2,Round,1,1,0,11.99,738.0,636.21,727.0,-60.0,1305.5166,18.0,18.0,Ideal,E,VS2,1.16,IGI,2495.0
2154,Jane Brear,2,Round,1,1,0,13.27,849.73,732.53,837.0,-53.0,1285.7303,18.0,18.0,Ideal,E,VS2,1.16,IGI,2495.0
2154,Lotus Creation,2,Round,1,1,0,18.96,742.2,639.83,731.0,-59.0,1290.889,18.0,18.0,Ideal,E,VS2,1.16,IGI,2495.0
2154,Magnolia,2,Round,1,1,0,14.86,737.0,635.34,726.0,-59.0,1272.8704,18.0,18.0,Ideal,E,VS2,1.16,IGI,2495.0
2154,Michelle Kennedy,2,Round,1,1,0,13.95,785.06,676.78,773.0,-57.0,1303.5673,18.0,18.0,Ideal,E,VS2,1.16,IGI,2495.0
2154,Roma Diamonds,2,Round,1,1,0,47.32,746.0,643.1,735.0,-59.0,1294.1265,18.0,18.0,Ideal,E,VS2,1.16,IGI,2495.0
2154,Silva Diamonds,2,Round,1,1,0,14.87,743.0,640.52,732.0,-60.0,1344.5715,18.0,18.0,Ideal,E,VS2,1.16,IGI,2495.0
2154,Temperley,2,Round,1,1,0,16.37,779.0,671.55,767.0,-57.0,1285.0253,18.0,18.0,Ideal,E,VS2,1.16,IGI,2495.0
2154,White Lily,2,Round,1,1,0,62.55,794.32,684.76,782.0,-56.0,1278.1843,18.0,18.0,Ideal,E,VS2,1.16,IGI,2495.0
2157,Cornerstone,5,Emerald,2,3,0,18.36,591.64,636.17,583.0,-59.0,918.8217,12.0,15.0,Very Good,F,SI2,0.93,GCAL,1330.0
2158,Meridian Crafts,2,Princess,2,2,0,12.42,326.0,615.09,321.0,-58.0,495.563,15.0,15.0,Super Ideal,E,VS1,0.53,IGI,690.0
2160,Jane Brear,2,Oval,1,1,0,12.55,1234.8,812.37,1216.0,-49.0,1638.3501,15.0,15.0,Super Ideal,I,SI1,1.52,IGI,2839.0
2160,Michelle Kennedy,2,Oval,1,2,0,12.66,1234.8,812.37,1216.0,-49.0,1638.4678,15.0,15.0,Super Ideal,I,SI1,1.52,IGI,2839.0
2160,Temperley,2,Oval,1,1,0,14.5,1234.8,812.37,1216.0,-52.0,1728.1,15.0,15.0,Super Ideal,I,SI1,1.52,IGI,2839.0
2160,White Lily,2,Oval,1,2,0,12.83,1234.8,812.37,1216.0,-51.0,1706.7231,15.0,15.0,Super Ideal,I,SI1,1.52,IGI,2839.0
2162,Fabiola,2,Round,1,1,0,10.3,1404.0,856.1,1383.0,-57.0,2335.4795,18.0,18.0,Ideal,G,VS1,1.64,IGI,4250.0
2162,Jane Brear,2,Round,1,1,0,19.54,1412.0,860.98,1391.0,-57.0,2366.9866,18.0,18.0,Ideal,G,VS1,1.64,IGI,4250.0
2162,Michelle Kennedy,2,Round,1,1,0,17.88,1412.0,860.98,1391.0,-59.0,2488.9519,18.0,18.0,Ideal,G,VS1,1.64,IGI,4250.0
2162,Temperley,2,Round,1,1,0,17.27,1452.0,885.37,1430.0,-56.0,2375.8801,18.0,18.0,Ideal,G,VS1,1.64,IGI,4250.0
2162,White Lily,2,Round,1,1,0,13.08,1436.0,875.61,1414.0,-59.0,2490.5327,18.0,18.0,Ideal,G,VS1,1.64,IGI,4250.0
2167,Albert's Creations,2,Princess,1,1,0,12.98,1589.0,1012.1,1565.0,-65.0,2893.9229,15.0,15.0,Super Ideal,E,VS1,1.57,IGI,5000.0
2167,CV Diamonds,2,Princess,1,1,0,11.46,1597.0,1017.2,1573.0,-64.0,2833.3845,15.0,15.0,Super Ideal,E,VS1,1.57,IGI,5000.0
2167,Diamonds by Zoya,2,Princess,1,1,0,92.45,1602.0,1020.38,1578.0,-64.0,2827.1147,15.0,15.0,Super Ideal,E,VS1,1.57,IGI,5000.0
2167,Ember Star,2,Princess,1,1,0,13.42,1555.82,990.97,1532.0,-66.0,2875.4709,15.0,15.0,Super Ideal,E,VS1,1.57,IGI,5000.0
2167,Eterna Luxe,2,Princess,1,1,0,11.11,1604.0,1021.66,1580.0,-64.0,2827.7041,15.0,15.0,Super Ideal,E,VS1,1.57,IGI,5000.0
2167,Fabiola,2,Princess,1,1,0,12.87,1593.0,1014.65,1569.0,-64.0,2797.3047,15.0,15.0,Super Ideal,E,VS1,1.57,IGI,5000.0
2167,Fuji Diamonds,2,Princess,1,1,0,13.37,1592.5,1014.33,1569.0,-64.0,2835.5642,15.0,15.0,Super Ideal,E,VS1,1.57,IGI,5000.0
2167,Jane Brear,2,Princess,1,1,0,12.56,1608.0,1024.2,1584.0,-64.0,2876.4734,15.0,15.0,Super Ideal,E,VS1,1.57,IGI,5000.0
2167,Mei & Co,2,Princess,1,1,0,12.62,1572.0,1001.27,1548.0,-64.0,2797.813,15.0,15.0,Super Ideal,E,VS1,1.57,IGI,5000.0
2167,Michelle Kennedy,2,Princess,1,1,0,13.81,1608.0,1024.2,1584.0,-64.0,2866.3181,15.0,15.0,Super Ideal,E,VS1,1.57,IGI,5000.0
2167,Periwinkle Stones,2,Princess,1,1,0,15.01,1620.0,1031.85,1596.0,-64.0,2820.1514,15.0,15.0,Super Ideal,E,VS1,1.57,IGI,5000.0
2167,Raelynn Jewels,2,Princess,1,1,0,13.77,1581.0,1007.01,1557.0,-65.0,2865.5742,15.0,15.0,Super Ideal,E,VS1,1.57,IGI,5000.0
2167,Rosella,2,Princess,1,1,0,11.69,1531.0,975.16,1508.0,-66.0,2881.8381,15.0,15.0,Super Ideal,E,VS1,1.57,IGI,5000.0
2167,Starlight Crafts,2,Princess,1,1,0,10.4,1573.0,1001.91,1549.0,-64.0,2801.1516,15.0,15.0,Super Ideal,E,VS1,1.57,IGI,5000.0
2167,Taiga Gems,2,Princess,1,1,0,13.11,1603.0,1021.02,1579.0,-65.0,2868.561,15.0,15.0,Super Ideal,E,VS1,1.57,IGI,5000.0
2167,Temperley,2,Princess,1,1,0,11.69,1615.0,1028.66,1591.0,-64.0,2885.3179,15.0,15.0,Super Ideal,E,VS1,1.57,IGI,5000.0
2167,Thalassa Gems,2,Princess,1,2,0,12.94,1561.0,994.27,1538.0,-66.0,2910.3201,15.0,15.0,Super Ideal,E,VS1,1.57,IGI,5000.0
2167,Vega Diamonds,2,Princess,1,1,0,17.74,1541.0,981.53,1518.0,-67.0,2940.6338,15.0,15.0,Super Ideal,E,VS1,1.57,IGI,5000.0
2167,White Lily,2,Princess,1,1,0,16.39,1577.06,1004.5,1553.0,-65.0,2873.4343,15.0,15.0,Super Ideal,E,VS1,1.57,IGI,5000.0
2168,Hoseki,2,Round,1,1,0,22.85,352.0,429.27,347.0,-51.0,511.2416,18.0,18.0,Ideal,D,VS2,0.82,IGI,1530.0
2168,Jane Brear,2,Round,1,1,0,10.92,355.0,432.93,350.0,-56.0,572.5684,18.0,18.0,Ideal,D,VS2,0.82,IGI,1530.0
2168,Sigma Diamonds,2,Round,1,1,0,14.83,325.0,396.34,320.0,-59.0,561.5175,18.0,18.0,Ideal,D,VS2,0.82,IGI,1530.0
2168,Temperley,2,Round,1,1,0,13.42,355.0,432.93,350.0,-55.0,566.07,18.0,18.0,Ideal,D,VS2,0.82,IGI,1530.0
2168,Tilia Diamonds,2,Round,1,1,0,23.33,339.3,413.78,334.0,-57.0,563.4164,18.0,18.0,Ideal,D,VS2,0.82,IGI,1530.0
2172,Diamonds by Zoya,2,Radiant,2,2,0,88.67,342.0,481.69,337.0,-72.0,787.4615,15.0,15.0,Super Ideal,E,VS1,0.71,IGI,1200.0
2172,Jane Brear,2,Radiant,1,1,0,18.33,361.93,509.76,357.0,-66.0,696.9325,15.0,15.0,Super Ideal,E,VS1,0.71,IGI,1200.0
2172,Michelle Kennedy,2,Radiant,1,1,0,12.9,376.0,529.58,370.0,-64.0,678.3765,15.0,15.0,Super Ideal,E,VS1,0.71,IGI,1200.0
2172,Promenade Jewelry,2,Radiant,1,1,0,18.58,342.63,482.58,337.0,-69.0,707.2633,15.0,15.0,Super Ideal,E,VS1,0.71,IGI,1200.0
2172,Silva Diamonds,2,Radiant,1,1,0,17.12,342.0,481.69,337.0,-72.0,779.554,15.0,15.0,Super Ideal,E,VS1,0.71,IGI,1200.0
2172,Temperley,2,Radiant,1,1,0,16.27,376.0,529.58,370.0,-65.0,706.6134,15.0,15.0,Super Ideal,E,VS1,0.71,IGI,1200.0
2172,Vega Diamonds,2,Radiant,1,1,0,19.84,342.63,482.58,337.0,-73.0,822.2168,15.0,15.0,Super Ideal,E,VS1,0.71,IGI,1200.0
2172,White Lily,2,Radiant,1,1,0,17.91,361.93,509.76,357.0,-65.0,671.0936,15.0,15.0,Super Ideal,E,VS1,0.71,IGI,1200.0
2180,Marlowe & Co,2,Cushion,1,1,0,19.85,848.0,815.38,835.0,-53.0,1127.6067,13.0,15.0,Good,E,VS1,1.04,IGI,2370.0
2180,Temperley,2,Cushion,1,1,0,18.98,1180.07,1134.68,1162.0,-46.0,1385.7098,13.0,15.0,Good,E,VS1,1.04,IGI,2370.0
2182,Diamonds by Zoya,2,Emerald,2,2,0,89.92,339.0,446.05,334.0,-69.0,709.1136,15.0,15.0,Super Ideal,F,VVS2,0.76,IGI,1250.0
2182,Michelle Kennedy,2,Emerald,1,1,0,17.38,444.93,585.43,438.0,-39.0,469.4509,15.0,15.0,Super Ideal,F,VVS2,0.76,IGI,1250.0
2182,White Lily,2,Emerald,2,2,0,16.28,444.93,585.43,438.0,-46.0,533.2072,15.0,15.0,Super Ideal,F,VVS2,0.76,IGI,1250.0
2193,Bayside Gems,2,Round,1,1,0,17.62,3994.65,1322.73,3935.0,-64.0,7939.1304,18.0,18.0,Ideal,F,VS2,3.02,IGI,16310.0
2193,Clermont Diamonds,2,Round,1,1,0,15.07,3974.03,1315.9,3914.0,-65.0,8080.7778,18.0,18.0,Ideal,F,VS2,3.02,IGI,16310.0
2193,Fuji Diamonds,2,Round,1,1,0,17.59,3873.0,1282.45,3815.0,-65.0,8016.7686,17.0,18.0,Ideal,F,VS2,3.02,IGI,16310.0
2193,Hoseki,2,Round,1,1,0,15.74,4032.0,1335.1,3972.0,-64.0,8068.3496,18.0,18.0,Ideal,F,VS2,3.02,IGI,16310.0
2193,Jane Brear,2,Round,1,1,0,13.83,3949.0,1307.62,3890.0,-65.0,7983.1279,18.0,18.0,Ideal,F,VS2,3.02,IGI,16310.0
2193,Lotus Creation,2,Round,1,1,0,18.15,3900.0,1291.39,3842.0,-65.0,8052.9351,18.0,18.0,Ideal,F,VS2,3.02,IGI,16310.0
2193,Michelle Kennedy,2,Round,1,1,0,15.12,3949.0,1307.62,3890.0,-66.0,8292.9854,18.0,18.0,Ideal,F,VS2,3.02,IGI,16310.0
2193,Pegasus Diamonds,2,Round,1,1,0,13.34,4147.0,1373.18,4085.0,-63.0,8034.7959,18.0,18.0,Ideal,F,VS2,3.02,IGI,16310.0
2193,Periwinkle Stones,2,Round,1,1,0,12.07,4004.0,1325.83,3944.0,-66.0,8345.7783,18.0,18.0,Ideal,F,VS2,3.02,IGI,16310.0
2193,Taiga Gems,2,Round,1,1,0,17.95,3858.0,1277.48,3800.0,-67.0,8393.6562,18.0,18.0,Ideal,F,VS2,3.02,IGI,16310.0
2193,Temperley,2,Round,1,1,0,21.75,6383.0,2113.58,6287.0,-43.0,8071.8843,18.0,18.0,Ideal,F,VS2,3.02,IGI,16310.0
2193,White Lily,2,Round,1,1,0,12.45,3948.0,1307.28,3889.0,-65.0,8028.9346,18.0,18.0,Ideal,F,VS2,3.02,IGI,16310.0
2194,Artemis Stones,2,Round,1,1,0,14.57,3973.0,1324.33,3913.0,-67.0,8611.8057,18.0,18.0,Super Ideal,G,VS1,3.0,IGI,16340.0
2194,Diamonds by Zoya,2,Round,1,1,0,95.56,4074.0,1358.0,4013.0,-65.0,8327.7949,18.0,18.0,Super Ideal,G,VS1,3.0,IGI,16340.0
2194,Jane Brear,2,Round,1,1,0,13.65,4078.0,1359.33,4017.0,-66.0,8588.2607,18.0,18.0,Super Ideal,G,VS1,3.0,IGI,16340.0
2194,Mei & Co,2,Round,1,1,0,11.55,4060.0,1353.33,3999.0,-66.0,8558.585,18.0,18.0,Super Ideal,G,VS1,3.0,IGI,16340.0
2194,Michelle Kennedy,2,Round,1,1,0,12.11,4093.0,1364.33,4032.0,-66.0,8599.3994,18.0,18.0,Super Ideal,G,VS1,3.0,IGI,16340.0
2194,Nova Stars,2,Round,1,1,0,12.11,4060.0,1353.33,3999.0,-66.0,8630.082,18.0,18.0,Super Ideal,G,VS1,3.0,IGI,16340.0
2194,Roma Diamonds,2,Round,1,1,0,10.45,4070.0,1356.67,4009.0,-67.0,8755.1455,18.0,18.0,Super Ideal,G,VS1,3.0,IGI,16340.0
2194,Sonata Gems,2,Round,1,1,0,15.84,4060.0,1353.33,3999.0,-66.0,8671.8291,18.0,18.0,Super Ideal,G,VS1,3.0,IGI,16340.0
2194,Temperley,2,Round,1,1,0,13.3,4138.0,1379.33,4076.0,-65.0,8411.332,18.0,18.0,Super Ideal,G,VS1,3.0,IGI,16340.0
2194,Thalassa Gems,2,Round,1,1,0,14.82,4070.0,1356.67,4009.0,-66.0,8475.3994,18.0,18.0,Super Ideal,G,VS1,3.0,IGI,16340.0
2194,White Lily,2,Round,1,1,0,14.05,4100.0,1366.67,4038.0,-65.0,8418.0312,18.0,18.0,Super Ideal,G,VS1,3.0,IGI,16340.0
2196,Bayside Gems,2,Emerald,1,1,0,19.48,7334.0,2420.46,7224.0,-61.0,12083.8184,15.0,15.0,Super Ideal,D,VVS2,3.03,IGI,19780.0
2196,Bonsai Gems,2,Emerald,1,1,0,19.77,7135.0,2354.79,7028.0,-62.0,12114.1826,15.0,15.0,Super Ideal,D,VVS2,3.03,IGI,19780.0
2196,Dagenham Diamonds,2,Emerald,1,1,0,20.93,7038.81,2323.04,6933.0,-63.0,12099.2217,15.0,15.0,Super Ideal,D,VVS2,3.03,IGI,19780.0
2196,Eternal Flame,2,Emerald,1,1,0,20.87,6867.88,2266.63,6765.0,-63.0,12065.3301,15.0,15.0,Super Ideal,D,VVS2,3.03,IGI,19780.0
2196,Marlowe & Co,2,Emerald,1,1,0,20.97,6915.74,2282.42,6812.0,-64.0,12459.1582,15.0,15.0,Super Ideal,D,VVS2,3.03,IGI,19780.0
2196,Michelle Kennedy,2,Emerald,1,1,0,15.71,6988.0,2306.27,6883.0,-63.0,12096.9658,15.0,15.0,Super Ideal,D,VVS2,3.03,IGI,19780.0
2196,Periwinkle Stones,2,Emerald,1,1,0,21.31,7154.93,2361.36,7048.0,-62.0,12095.7861,15.0,15.0,Super Ideal,D,VVS2,3.03,IGI,19780.0
2196,Serenade Diamonds,2,Emerald,1,1,0,19.73,6801.74,2244.8,6700.0,-64.0,12265.0615,15.0,15.0,Super Ideal,D,VVS2,3.03,IGI,19780.0
2196,Taiga Gems,2,Emerald,1,1,0,18.41,6874.0,2268.65,6771.0,-64.0,12267.8057,15.0,15.0,Super Ideal,D,VVS2,3.03,IGI,19780.0
2196,Temperley,2,Emerald,1,1,0,19.97,6951.0,2294.06,6847.0,-63.0,12093.3662,15.0,15.0,Super Ideal,D,VVS2,3.03,IGI,19780.0
2196,The Diamond Source,2,Emerald,1,1,0,17.86,6865.0,2265.68,6762.0,-64.0,12423.6621,15.0,15.0,Super Ideal,D,VVS2,3.03,IGI,19780.0
2196,White Lily,2,Emerald,1,1,0,19.85,6886.0,2272.61,6783.0,-63.0,12087.1992,15.0,15.0,Super Ideal,D,VVS2,3.03,IGI,19780.0
2198,Eternity Fine Jewelers,2,Pear,1,1,0,21.57,5315.0,1703.53,5235.0,-64.0,9688.4287,15.0,15.0,Super Ideal,E,VS1,3.12,IGI,19030.0
2198,Jane Brear,2,Pear,1,1,0,20.29,5339.0,1711.22,5259.0,-64.0,9695.4502,15.0,15.0,Super Ideal,E,VS1,3.12,IGI,19030.0
2198,Pegasus Diamonds,2,Pear,1,1,0,18.04,5801.16,1859.35,5714.0,-63.0,10063.9385,15.0,15.0,Super Ideal,E,VS1,3.12,IGI,19030.0
2198,Periwinkle Stones,2,Pear,1,1,0,17.26,5373.0,1722.12,5292.0,-64.0,9741.999,15.0,15.0,Super Ideal,E,VS1,3.12,IGI,19030.0
2198,White Lily,2,Pear,1,1,0,22.69,5235.0,1677.88,5156.0,-65.0,9663.7471,15.0,15.0,Super Ideal,E,VS1,3.12,IGI,19030.0
2200,BonDiam,2,Round,1,1,0,13.43,321.0,867.57,316.0,-31.0,330.8743,18.0,18.0,Ideal,E,VS1,0.37,IGI,430.0
2200,Hoseki,2,Round,1,1,0,11.85,316.41,855.16,312.0,-36.0,352.0295,18.0,18.0,Ideal,E,VS1,0.37,IGI,430.0
2200,Jane Brear,2,Round,2,1,0,14.25,325.0,878.38,320.0,-29.0,325.659,17.0,18.0,Ideal,E,VS1,0.37,IGI,430.0
2200,Promenade Jewelry,2,Round,1,1,0,11.56,310.0,837.84,305.0,-21.0,281.8192,18.0,18.0,Ideal,E,VS1,0.37,IGI,430.0
2200,Temperley,2,Round,1,1,0,15.04,342.28,925.08,337.0,-18.0,299.7189,18.0,18.0,Ideal,E,VS1,0.37,IGI,430.0
2205,Taiga Gems,2,Round,1,1,0,12.75,1881.54,859.15,1853.0,-45.0,2461.5701,18.0,18.0,Super Ideal,H,VS2,2.19,IGI,5780.0
2207,Temperley,2,Round,1,1,0,21.55,757.0,822.83,746.0,-53.0,1148.7953,18.0,18.0,Ideal,G,VVS2,0.92,IGI,2000.0
2207,White Lily,2,Round,1,1,0,20.25,834.85,907.45,822.0,-46.0,1103.256,18.0,18.0,Ideal,G,VVS2,0.92,IGI,2000.0
2209,Jane Brear,2,Round,1,1,0,20.86,1691.91,895.19,1667.0,-63.0,3251.876,18.0,18.0,Ideal,E,VS2,1.89,IGI,6320.0
2209,Michelle Kennedy,2,Round,1,1,0,15.8,1713.0,906.35,1687.0,-61.0,3128.4807,18.0,18.0,Ideal,E,VS2,1.89,IGI,6320.0
2209,Periwinkle Stones,2,Round,1,1,0,19.87,1750.0,925.93,1724.0,-61.0,3172.9958,18.0,18.0,Ideal,E,VS2,1.89,IGI,6320.0
2209,Taiga Gems,2,Round,1,1,0,17.9,1677.0,887.3,1652.0,-63.0,3245.6042,18.0,18.0,Ideal,E,VS2,1.89,IGI,6320.0
2209,Temperley,2,Round,1,1,0,17.58,1979.0,1047.09,1949.0,-56.0,3244.7698,18.0,18.0,Ideal,E,VS2,1.89,IGI,6320.0
2209,Vega Diamonds,2,Round,1,1,0,17.34,1680.0,888.89,1655.0,-62.0,3194.7329,18.0,18.0,Ideal,E,VS2,1.89,IGI,6320.0
2209,White Lily,2,Round,1,1,0,17.53,1741.0,921.16,1715.0,-61.0,3233.3403,18.0,18.0,Ideal,E,VS2,1.89,IGI,6320.0
2210,Clermont Diamonds,2,Round,1,1,0,14.01,831.0,692.5,819.0,-62.0,1570.9459,18.0,18.0,Ideal,F,VS1,1.2,IGI,2744.62
2210,Jane Brear,2,Round,1,1,0,11.96,858.0,715.0,845.0,-60.0,1543.7311,18.0,18.0,Ideal,F,VS1,1.2,IGI,2744.62
2210,Meridian Crafts,2,Round,1,1,0,11.21,842.0,701.67,829.0,-62.0,1568.1422,18.0,18.0,Ideal,F,VS1,1.2,IGI,2744.62
2210,Michelle Kennedy,2,Round,1,1,0,12.74,862.0,718.33,849.0,-61.0,1584.7719,18.0,18.0,Ideal,F,VS1,1.2,IGI,2744.62
2210,Periwinkle Stones,2,Round,1,1,0,16.03,851.0,709.17,838.0,-61.0,1582.116,18.0,18.0,Ideal,F,VS1,1.2,IGI,2744.62
2210,Roma Diamonds,2,Round,1,1,0,10.08,1550.0,1291.67,1527.0,-28.0,1540.7091,18.0,18.0,Ideal,F,VS1,1.2,IGI,2744.62
2210,Serene Peaks Diamonds,2,Round,1,1,0,17.29,841.0,700.83,828.0,-62.0,1600.882,18.0,18.0,Ideal,F,VS1,1.2,IGI,2744.62
2210,Temperley,2,Round,1,1,0,14.46,871.62,726.35,859.0,-61.0,1604.3721,18.0,18.0,Ideal,F,VS1,1.2,IGI,2744.62
2210,White Lily,2,Round,1,1,0,17.21,841.0,700.83,828.0,-62.0,1592.0284,18.0,18.0,Ideal,F,VS1,1.2,IGI,2744.62
2212,Equinox Jewels,2,Princess,1,1,0,11.12,366.0,677.78,361.0,-64.0,653.52,15.0,15.0,Super Ideal,D,VS1,0.54,IGI,810.0
2212,Magnolia,2,Princess,2,2,0,16.45,356.0,659.26,351.0,-62.0,594.7433,15.0,15.0,Super Ideal,D,VS1,0.54,IGI,810.0
2227,Mei & Co,2,Oval,2,2,0,15.35,586.06,837.23,577.0,-65.0,1134.6494,14.0,15.0,Very Good,D,IF,0.7,IGI,1430.0
2228,Jane Brear,2,Round,1,1,0,10.85,704.0,683.5,693.0,-53.0,1080.17,18.0,18.0,Ideal,E,SI1,1.03,IGI,2002.5
2228,Michelle Kennedy,2,Round,1,1,0,13.29,705.46,684.91,695.0,-53.0,1085.698,18.0,18.0,Ideal,E,SI1,1.03,IGI,2002.5
2228,Periwinkle Stones,2,Round,1,1,0,11.55,712.42,691.67,702.0,-52.0,1069.1024,18.0,18.0,Ideal,E,SI1,1.03,IGI,2002.5
2228,Roma Diamonds,2,Round,1,1,0,10.97,1296.0,1258.25,1277.0,-14.0,1078.2195,18.0,18.0,Ideal,E,SI1,1.03,IGI,2002.5
2228,Silva Diamonds,2,Round,1,1,0,13.56,672.0,652.43,662.0,-56.0,1097.9562,18.0,18.0,Ideal,E,SI1,1.03,IGI,2002.5
2228,Taiga Gems,2,Round,1,1,0,14.6,696.5,676.21,686.0,-54.0,1092.5276,18.0,18.0,Ideal,E,SI1,1.03,IGI,2002.5
2228,Temperley,2,Round,1,1,0,12.62,693.0,672.82,683.0,-54.0,1085.0005,18.0,18.0,Ideal,E,SI1,1.03,IGI,2002.5
2228,Thalassa Gems,2,Round,1,1,0,14.92,672.62,653.03,663.0,-53.0,1028.6807,18.0,18.0,Ideal,E,SI1,1.03,IGI,2002.5
2229,Cornerstone,2,Oval,2,2,0,13.3,338.0,450.67,333.0,-60.0,573.6634,15.0,15.0,Very Good,D,VS1,0.75,IGI,1390.0
2229,Rosella,2,Oval,2,3,0,15.25,314.0,418.67,309.0,-57.0,490.9514,14.0,15.0,Very Good,D,VS1,0.75,IGI,1390.0
2233,Adalyn Jewelry,2,Round,1,1,0,19.43,1305.44,853.23,1286.0,-60.0,2309.5569,18.0,18.0,Super Ideal,D,VS2,1.53,IGI,4520.0
2233,Albert's Creations,2,Round,1,1,0,11.59,1324.0,865.36,1304.0,-59.0,2303.6492,18.0,18.0,Super Ideal,D,VS2,1.53,IGI,4520.0
2233,Avignon Diamonds,2,Round,1,1,0,13.17,1323.0,864.71,1303.0,-59.0,2290.071,18.0,18.0,Super Ideal,D,VS2,1.53,IGI,4520.0
2233,Camden Gems,2,Round,1,1,0,13.96,1295.0,846.41,1276.0,-60.0,2309.0566,18.0,18.0,Super Ideal,D,VS2,1.53,IGI,4520.0
2233,Cornerstone,2,Round,1,1,0,10.75,1372.0,896.73,1351.0,-58.0,2312.3933,18.0,18.0,Super Ideal,D,VS2,1.53,IGI,4520.0
2233,Hoseki,2,Round,1,1,0,14.95,1350.0,882.35,1330.0,-57.0,2264.8757,18.0,18.0,Super Ideal,D,VS2,1.53,IGI,4520.0
2233,Jane Brear,2,Round,1,1,0,10.3,1325.0,866.01,1305.0,-58.0,2267.2046,18.0,18.0,Super Ideal,D,VS2,1.53,IGI,4520.0
2233,Michelle Kennedy,2,Round,1,1,0,17.67,1367.0,893.46,1346.0,-58.0,2313.6467,18.0,18.0,Super Ideal,D,VS2,1.53,IGI,4520.0
2233,Oasis Diamonds,2,Round,1,1,0,15.09,1368.12,894.2,1348.0,-57.0,2280.7964,18.0,18.0,Super Ideal,D,VS2,1.53,IGI,4520.0
2233,Roma Diamonds,2,Round,1,1,0,11.42,2212.0,1445.75,2179.0,-30.0,2278.6443,18.0,18.0,Super Ideal,D,VS2,1.53,IGI,4520.0
2233,Silva Diamonds,2,Round,1,1,0,12.65,1301.0,850.33,1281.0,-59.0,2290.3604,18.0,18.0,Super Ideal,D,VS2,1.53,IGI,4520.0
2233,Taiga Gems,2,Round,1,1,0,17.91,1306.0,853.59,1286.0,-60.0,2313.0872,18.0,18.0,Super Ideal,D,VS2,1.53,IGI,4520.0
2233,Temperley,2,Round,1,1,0,17.5,1400.0,915.03,1379.0,-56.0,2279.0486,18.0,18.0,Super Ideal,D,VS2,1.53,IGI,4520.0
2233,Thalassa Gems,2,Round,1,1,0,17.0,1302.0,850.98,1282.0,-58.0,2243.9316,18.0,18.0,Super Ideal,D,VS2,1.53,IGI,4520.0
2233,Tierra Mia Diamonds,2,Round,1,1,0,12.04,1294.0,845.75,1275.0,-59.0,2279.7576,18.0,18.0,Super Ideal,D,VS2,1.53,IGI,4520.0
2233,Vega Diamonds,2,Round,1,1,0,12.33,1284.0,839.22,1265.0,-61.0,2347.5735,18.0,18.0,Super Ideal,D,VS2,1.53,IGI,4520.0
2233,White Lily,2,Round,1,1,0,21.01,1354.0,884.97,1334.0,-57.0,2270.5979,18.0,18.0,Super Ideal,D,VS2,1.53,IGI,4520.0
2234,Alicia & Juno,2,Round,1,1,0,11.51,809.0,793.14,797.0,-56.0,1307.0632,18.0,18.0,Super Ideal,E,VVS2,1.02,IGI,2916.67
2234,Avignon Diamonds,2,Round,1,1,0,12.2,804.0,788.24,792.0,-56.0,1297.7411,18.0,18.0,Super Ideal,E,VVS2,1.02,IGI,2916.67
2234,Camden Gems,2,Round,1,1,0,11.3,817.0,800.98,805.0,-55.0,1296.1348,18.0,18.0,Super Ideal,E,VVS2,1.02,IGI,2916.67
2234,Eterna Luxe,2,Round,1,1,0,14.25,816.0,800.0,804.0,-56.0,1314.6311,18.0,18.0,Super Ideal,E,VVS2,1.02,IGI,2916.67
2234,Eternity Fine Jewelers,2,Round,1,1,0,14.48,811.0,795.1,799.0,-56.0,1322.4747,18.0,18.0,Super Ideal,E,VVS2,1.02,IGI,2916.67
2234,Fabiola,2,Round,1,1,0,10.03,817.0,800.98,805.0,-55.0,1311.5991,18.0,18.0,Super Ideal,E,VVS2,1.02,IGI,2916.67
2234,Gemstone Harmony,2,Round,1,1,0,13.86,805.0,789.22,793.0,-56.0,1309.1732,18.0,18.0,Super Ideal,E,VVS2,1.02,IGI,2916.67
2234,Hazel Diamonds,2,Round,1,1,0,14.75,797.0,781.37,785.0,-55.0,1255.2394,18.0,18.0,Super Ideal,E,VVS2,1.02,IGI,2916.67
2234,Hoseki,2,Round,1,1,0,20.2,823.86,807.71,812.0,-56.0,1333.9784,18.0,18.0,Super Ideal,E,VVS2,1.02,IGI,2916.67
2234,Iris Diamonds,2,Round,1,1,0,92.85,817.0,800.98,805.0,-55.0,1294.7129,18.0,18.0,Super Ideal,E,VVS2,1.02,IGI,2916.67
2234,Jane Brear,2,Round,1,1,0,14.1,806.0,790.2,794.0,-56.0,1323.1198,18.0,18.0,Super Ideal,E,VVS2,1.02,IGI,2916.67
2234,Marlene Crafts,2,Round,1,1,0,13.66,799.0,783.33,787.0,-58.0,1352.351,18.0,18.0,Super Ideal,E,VVS2,1.02,IGI,2916.67
2234,Marlowe & Co,2,Round,1,1,0,11.32,820.0,803.92,808.0,-56.0,1327.1776,18.0,18.0,Super Ideal,E,VVS2,1.02,IGI,2916.67
2234,Michelle Kennedy,2,Round,1,1,0,11.67,819.0,802.94,807.0,-54.0,1285.7961,18.0,18.0,Super Ideal,E,VVS2,1.02,IGI,2916.67
2234,N. B. Diamonds,2,Round,1,1,0,11.81,807.0,791.18,795.0,-56.0,1318.6235,18.0,18.0,Super Ideal,E,VVS2,1.02,IGI,2916.67
2234,Serenade Diamonds,2,Round,1,1,0,10.51,787.0,771.57,775.0,-57.0,1306.1364,18.0,18.0,Super Ideal,E,VVS2,1.02,IGI,2916.67
2234,Sigma Diamonds,2,Round,1,1,0,9.17,817.0,800.98,805.0,-56.0,1315.4476,18.0,18.0,Super Ideal,E,VVS2,1.02,IGI,2916.67
2234,Simetría,2,Round,1,1,0,93.12,805.0,789.22,793.0,-56.0,1308.99,18.0,18.0,Super Ideal,E,VVS2,1.02,IGI,2916.67
2234,Starlight Crafts,2,Round,1,1,0,11.1,817.0,800.98,805.0,-55.0,1295.8627,18.0,18.0,Super Ideal,E,VVS2,1.02,IGI,2916.67
2234,Starlit Stones,2,Round,1,1,0,11.85,807.0,791.18,795.0,-55.0,1288.2855,18.0,18.0,Super Ideal,E,VVS2,1.02,IGI,2916.67
2234,Stellar Radiance,2,Round,1,1,0,12.28,807.0,791.18,795.0,-55.0,1295.8291,18.0,18.0,Super Ideal,E,VVS2,1.02,IGI,2916.67
2234,Temperley,2,Round,1,1,0,12.8,806.0,790.2,794.0,-57.0,1342.7313,18.0,18.0,Super Ideal,E,VVS2,1.02,IGI,2916.67
2234,Thalassa Gems,2,Round,1,1,0,13.09,805.0,789.22,793.0,-54.0,1260.0193,18.0,18.0,Super Ideal,E,VVS2,1.02,IGI,2916.67
2234,Tilia Diamonds,2,Round,1,1,0,21.52,812.92,796.98,801.0,-56.0,1313.8092,18.0,18.0,Super Ideal,E,VVS2,1.02,IGI,2916.67
2234,White Lily,2,Round,1,1,0,11.48,800.0,784.31,788.0,-57.0,1320.3871,18.0,18.0,Super Ideal,E,VVS2,1.02,IGI,2916.67
2235,Albert's Creations,2,Oval,2,1,0,19.39,336.0,501.49,331.0,-36.0,352.8806,15.0,15.0,Super Ideal,E,SI1,0.67,IGI,690.0
2235,Promenade Jewelry,2,Oval,1,1,0,18.84,319.0,476.12,314.0,-32.0,314.8884,15.0,15.0,Super Ideal,E,SI1,0.67,IGI,690.0
2235,Vega Diamonds,2,Oval,1,1,0,20.67,326.0,486.57,321.0,-30.0,313.8791,15.0,15.0,Super Ideal,E,SI1,0.67,IGI,690.0
2237,Promenade Jewelry,2,Oval,1,1,0,16.97,320.0,653.06,315.0,-41.0,363.0524,15.0,15.0,Super Ideal,E,VS2,0.49,IGI,500.0
2237,Sunset Gems,2,Oval,1,2,0,16.05,328.0,669.39,323.0,-48.0,425.5728,15.0,15.0,Super Ideal,E,VS2,0.49,IGI,500.0
2240,Jane Brear,2,Round,1,1,0,20.54,2780.03,1235.57,2738.0,-22.0,2555.9324,18.0,18.0,Ideal,J,VS2,2.25,IGI,3950.0
2244,Ember Star,2,Oval,1,1,0,12.47,1625.0,967.26,1601.0,-53.0,2349.4297,15.0,15.0,Super Ideal,G,VS1,1.68,IGI,4580.0
2244,White Lily,2,Oval,1,1,0,16.23,1623.0,966.07,1599.0,-54.0,2386.7063,15.0,15.0,Super Ideal,G,VS1,1.68,IGI,4580.0
2248,Albert's Creations,2,Pear,1,1,0,13.85,339.0,458.11,334.0,-59.0,538.4205,15.0,15.0,Super Ideal,E,VS2,0.74,IGI,1160.0
2248,CV Diamonds,2,Pear,1,1,0,13.07,390.04,527.08,384.0,-55.0,562.5204,15.0,15.0,Super Ideal,E,VS2,0.74,IGI,1160.0
2248,Diamonds by Zoya,2,Pear,2,2,0,11.37,340.0,459.46,335.0,-59.0,542.6108,15.0,15.0,Super Ideal,E,VS2,0.74,IGI,1160.0
2248,Infinity Diamonds,2,Pear,1,1,0,17.8,333.0,450.0,328.0,-56.0,490.8256,15.0,15.0,Super Ideal,E,VS2,0.74,IGI,1160.0
2248,Vega Diamonds,2,Pear,1,1,0,18.54,329.0,444.59,324.0,-57.0,491.1924,15.0,15.0,Super Ideal,E,VS2,0.74,IGI,1160.0
2249,Temperley,2,Round,1,1,0,14.26,897.49,888.6,884.0,-53.0,1375.5559,18.0,18.0,Ideal,H,VVS1,1.01,IGI,2240.0
2251,Atkinson Crafts,2,Round,1,1,0,13.54,931.0,831.25,917.0,-64.0,1850.6699,18.0,18.0,Super Ideal,D,VVS2,1.12,IGI,3330.0
2251,Bayside Gems,2,Round,1,1,0,12.48,919.38,820.88,906.0,-64.0,1835.7211,18.0,18.0,Super Ideal,D,VVS2,1.12,IGI,3330.0
2251,Diamonds by Zoya,2,Round,1,1,0,12.95,918.0,819.64,904.0,-64.0,1825.7501,18.0,18.0,Super Ideal,D,VVS2,1.12,IGI,3330.0
2251,Emilia Sterling,2,Round,1,1,0,11.29,887.0,791.96,874.0,-65.0,1816.5438,18.0,18.0,Super Ideal,D,VVS2,1.12,IGI,3330.0
2251,Eternity Fine Jewelers,2,Round,1,1,0,15.24,919.38,820.88,906.0,-63.0,1799.7463,18.0,18.0,Super Ideal,D,VVS2,1.12,IGI,3330.0
2251,Hannah Richards,2,Round,1,1,0,13.22,924.36,825.32,910.0,-63.0,1805.0403,18.0,18.0,Super Ideal,D,VVS2,1.12,IGI,3330.0
2251,Hoseki,2,Round,1,1,0,14.26,918.0,819.64,904.0,-64.0,1848.3784,18.0,18.0,Super Ideal,D,VVS2,1.12,IGI,3330.0
2251,Infinity Diamonds,2,Round,1,1,0,17.92,925.0,825.89,911.0,-64.0,1845.3102,18.0,18.0,Super Ideal,D,VVS2,1.12,IGI,3330.0
2251,Jane Brear,2,Round,1,1,0,15.46,929.0,829.46,915.0,-63.0,1811.4783,18.0,18.0,Super Ideal,D,VVS2,1.12,IGI,3330.0
2251,Kara,2,Round,1,1,0,14.46,930.0,830.36,916.0,-63.0,1816.9927,18.0,18.0,Super Ideal,D,VVS2,1.12,IGI,3330.0
2251,Marlowe & Co,2,Round,1,1,0,12.01,935.0,834.82,921.0,-64.0,1834.597,18.0,18.0,Super Ideal,D,VVS2,1.12,IGI,3330.0
2251,Mei & Co,2,Round,1,1,0,12.44,901.0,804.46,887.0,-64.0,1801.2889,18.0,18.0,Super Ideal,D,VVS2,1.12,IGI,3330.0
2251,Michelle Kennedy,2,Round,1,1,0,13.41,929.0,829.46,915.0,-63.0,1792.1578,18.0,18.0,Super Ideal,D,VVS2,1.12,IGI,3330.0
2251,Oasis Diamonds,2,Round,1,1,0,11.85,956.2,853.75,942.0,-62.0,1806.9453,18.0,18.0,Super Ideal,D,VVS2,1.12,IGI,3330.0
2251,Silva Diamonds,2,Round,1,1,0,13.76,907.0,809.82,893.0,-64.0,1823.0469,18.0,18.0,Super Ideal,D,VVS2,1.12,IGI,3330.0
2251,Simetría,2,Round,1,1,0,14.7,875.0,781.25,862.0,-66.0,1841.4735,18.0,18.0,Super Ideal,D,VVS2,1.12,IGI,3330.0
2251,Starlight Crafts,2,Round,1,1,0,10.55,913.0,815.18,899.0,-64.0,1822.3043,18.0,18.0,Super Ideal,D,VVS2,1.12,IGI,3330.0
2251,Temperley,2,Round,1,1,0,11.44,935.0,834.82,921.0,-63.0,1797.759,18.0,18.0,Super Ideal,D,VVS2,1.12,IGI,3330.0
2251,Tilia Diamonds,2,Round,1,1,0,10.47,911.42,813.77,898.0,-65.0,1845.178,18.0,18.0,Super Ideal,D,VVS2,1.12,IGI,3330.0
2251,White Lily,2,Round,1,1,0,14.89,930.4,830.71,916.0,-63.0,1810.9014,18.0,18.0,Super Ideal,D,VVS2,1.12,IGI,3330.0
2252,Jane Brear,2,Round,1,1,0,11.69,3306.38,1437.56,3257.0,-11.0,2653.9551,18.0,18.0,Ideal,J,VS2,2.3,IGI,4550.0
2252,Michelle Kennedy,2,Round,1,1,0,12.75,3306.38,1437.56,3257.0,-13.0,2736.5322,18.0,18.0,Ideal,J,VS2,2.3,IGI,4550.0
2252,N. B. Diamonds,2,Round,1,1,0,16.67,1856.95,807.37,1829.0,-50.0,2680.9329,18.0,18.0,Ideal,J,VS2,2.3,IGI,4550.0
2252,Temperley,2,Round,1,1,0,14.73,3306.38,1437.56,3257.0,-11.0,2668.5359,18.0,18.0,Ideal,J,VS2,2.3,IGI,4550.0
2256,Michelle Kennedy,2,Round,1,1,0,20.68,1519.0,967.52,1496.0,-65.0,3071.2935,18.0,18.0,Ideal,H,VVS1,1.57,IGI,4360.0
2256,White Lily,2,Round,1,1,0,20.57,1535.0,977.71,1512.0,-65.0,3137.7126,18.0,18.0,Ideal,H,VVS1,1.57,IGI,4360.0
2258,Jane Brear,2,Round,1,1,0,18.0,2335.0,1161.69,2300.0,-50.0,3344.0354,15.0,18.0,Very Good,E,SI1,2.01,IGI,6410.0
2260,Emilia Sterling,2,Round,1,1,0,14.59,1014.0,804.76,999.0,-58.0,1741.7457,18.0,18.0,Super Ideal,G,VVS2,1.26,IGI,2990.0
2260,Michelle Kennedy,2,Round,1,1,0,20.57,897.0,711.9,884.0,-65.0,1839.5076,18.0,18.0,Super Ideal,G,VVS2,1.26,IGI,2990.0
2260,Roma Diamonds,2,Round,1,1,0,15.22,905.0,718.25,891.0,-65.0,1858.8304,18.0,18.0,Super Ideal,G,VVS2,1.26,IGI,2990.0
2260,Sunset Gems,2,Round,1,1,0,16.21,893.0,708.73,880.0,-65.0,1823.4713,18.0,18.0,Super Ideal,G,VVS2,1.26,IGI,2990.0
2260,Taiga Gems,2,Round,1,1,0,16.62,909.0,721.43,895.0,-64.0,1824.293,18.0,18.0,Super Ideal,G,VVS2,1.26,IGI,2990.0
2260,Temperley,2,Round,1,1,0,21.3,913.03,724.63,899.0,-63.0,1782.2131,18.0,18.0,Super Ideal,G,VVS2,1.26,IGI,2990.0
2260,White Lily,2,Round,1,1,0,21.37,913.03,724.63,899.0,-64.0,1803.8969,18.0,18.0,Super Ideal,G,VVS2,1.26,IGI,2990.0
2264,Atkinson Crafts,2,Round,1,1,0,11.14,1569.0,974.53,1545.0,-53.0,2388.3052,18.0,18.0,Super Ideal,E,VS1,1.61,IGI,5370.0
2264,Diamonds by Zoya,2,Round,1,1,0,13.29,1517.22,942.37,1494.0,-55.0,2406.8794,18.0,18.0,Super Ideal,E,VS1,1.61,IGI,5370.0
2264,Eternity Fine Jewelers,2,Round,1,1,0,11.79,1543.24,958.53,1520.0,-54.0,2390.5466,18.0,18.0,Super Ideal,E,VS1,1.61,IGI,5370.0
2264,Jane Brear,2,Round,1,1,0,10.5,1553.2,964.72,1530.0,-55.0,2447.0479,18.0,18.0,Super Ideal,E,VS1,1.61,IGI,5370.0
2264,Marlowe & Co,2,Round,1,1,0,11.55,1575.08,978.31,1551.0,-55.0,2502.3284,18.0,18.0,Super Ideal,E,VS1,1.61,IGI,5370.0
2264,Michelle Kennedy,2,Round,1,1,0,13.78,1553.2,964.72,1530.0,-54.0,2411.5264,18.0,18.0,Super Ideal,E,VS1,1.61,IGI,5370.0
2264,Roma Diamonds,2,Round,1,1,0,12.83,1529.0,949.69,1506.0,-55.0,2446.6855,18.0,18.0,Super Ideal,E,VS1,1.61,IGI,5370.0
2264,Serene Peaks Diamonds,2,Round,1,1,0,15.42,1521.36,944.94,1499.0,-56.0,2459.3035,18.0,18.0,Super Ideal,E,VS1,1.61,IGI,5370.0
2264,Silva Diamonds,2,Round,1,1,0,12.6,1486.0,922.98,1464.0,-56.0,2439.2002,18.0,18.0,Super Ideal,E,VS1,1.61,IGI,5370.0
2264,Tamara,2,Round,1,1,0,14.46,1486.0,922.98,1464.0,-56.0,2423.3242,18.0,18.0,Super Ideal,E,VS1,1.61,IGI,5370.0
2264,Temperley,2,Round,1,1,0,12.09,1553.2,964.72,1530.0,-55.0,2447.4211,18.0,18.0,Super Ideal,E,VS1,1.61,IGI,5370.0
2264,White Lily,2,Round,1,1,0,13.45,1531.0,950.93,1508.0,-53.0,2356.1438,18.0,18.0,Super Ideal,E,VS1,1.61,IGI,5370.0
2265,Michelle Kennedy,2,Round,1,1,0,15.09,1537.0,1024.67,1514.0,-22.0,1416.9742,17.0,18.0,Ideal,I,SI2,1.5,IGI,2291.67
2265,White Lily,2,Round,1,1,0,12.16,1537.0,1024.67,1514.0,-26.0,1494.2767,18.0,18.0,Ideal,I,SI2,1.5,IGI,2291.67
2267,N. B. Diamonds,2,Round,1,1,0,14.33,715.0,655.96,704.0,-57.0,1204.0785,18.0,18.0,Super Ideal,H,VVS2,1.09,IGI,2213.33
2267,Taiga Gems,2,Round,1,1,0,16.57,701.66,643.72,691.0,-58.0,1184.4163,18.0,18.0,Super Ideal,H,VVS2,1.09,IGI,2213.33
2267,Temperley,2,Round,1,1,0,12.4,730.0,669.72,719.0,-57.0,1214.6449,18.0,18.0,Super Ideal,H,VVS2,1.09,IGI,2213.33
2271,White Lily,2,Round,1,1,0,18.51,750.0,600.0,739.0,-62.0,1424.9614,18.0,18.0,Ideal,G,SI1,1.25,IGI,2150.0
2272,Marlowe & Co,2,Round,1,1,0,22.32,320.0,592.59,315.0,-51.0,463.2545,18.0,18.0,Super Ideal,E,SI1,0.54,IGI,650.0
2272,Michelle Kennedy,2,Round,1,1,0,18.76,366.0,677.78,361.0,-39.0,428.0331,18.0,18.0,Super Ideal,E,SI1,0.54,IGI,650.0
2275,Taiga Gems,2,Pear,1,1,0,19.7,3462.6,1154.2,3411.0,-63.0,6063.9346,15.0,15.0,Very Good,G,SI1,3.0,IGI,11570.0
2275,The Diamond Source,2,Pear,1,2,0,17.94,3444.0,1148.0,3392.0,-63.0,5978.4751,14.0,15.0,Very Good,G,SI1,3.0,IGI,11570.0
2279,55 E Diamonds,2,Round,1,1,0,16.15,2517.0,1215.94,2479.0,-61.0,4636.1821,18.0,18.0,Super Ideal,E,VS1,2.07,IGI,9590.0
2279,Albert's Creations,2,Round,1,1,0,12.98,2460.0,1188.41,2423.0,-63.0,4715.9971,18.0,18.0,Super Ideal,E,VS1,2.07,IGI,9590.0
2279,Avignon Diamonds,2,Round,1,1,0,12.01,2439.0,1178.26,2402.0,-62.0,4655.9888,18.0,18.0,Super Ideal,E,VS1,2.07,IGI,9590.0
2279,CV Diamonds,2,Round,1,1,0,11.05,2450.0,1183.57,2413.0,-62.0,4667.9468,18.0,18.0,Super Ideal,E,VS1,2.07,IGI,9590.0
2279,Eccles Diamonds,2,Round,1,1,0,19.17,2462.0,1189.37,2425.0,-62.0,4658.6069,18.0,18.0,Super Ideal,E,VS1,2.07,IGI,9590.0
2279,Eternal Flame,2,Round,1,1,0,14.58,2458.0,1187.44,2421.0,-62.0,4606.5459,18.0,18.0,Super Ideal,E,VS1,2.07,IGI,9590.0
2279,Eternity Fine Jewelers,2,Round,1,1,0,18.08,2477.0,1196.62,2440.0,-61.0,4605.0522,18.0,18.0,Super Ideal,E,VS1,2.07,IGI,9590.0
2279,Gemstone Harmony,2,Round,1,1,0,12.68,2442.0,1179.71,2405.0,-63.0,4759.208,18.0,18.0,Super Ideal,E,VS1,2.07,IGI,9590.0
2279,Grace Brooks,2,Round,1,1,0,20.8,2484.0,1200.0,2447.0,-61.0,4613.5117,18.0,18.0,Super Ideal,E,VS1,2.07,IGI,9590.0
2279,Hazel Diamonds,2,Round,1,1,0,11.99,2406.0,1162.32,2370.0,-64.0,4781.4951,18.0,18.0,Super Ideal,E,VS1,2.07,IGI,9590.0
2279,Infinity Diamonds,2,Round,1,1,0,20.92,2473.0,1194.69,2436.0,-63.0,4741.999,18.0,18.0,Super Ideal,E,VS1,2.07,IGI,9590.0
2279,Jane Brear,2,Round,1,1,0,13.84,2468.0,1192.27,2431.0,-61.0,4561.2207,18.0,18.0,Super Ideal,E,VS1,2.07,IGI,9590.0
2279,Michelle Kennedy,2,Round,1,1,0,14.07,2470.0,1193.24,2433.0,-62.0,4610.9043,18.0,18.0,Super Ideal,E,VS1,2.07,IGI,9590.0
2279,Nebula Stones,2,Round,1,1,0,17.41,2522.32,1218.51,2484.0,-61.0,4653.3643,18.0,18.0,Super Ideal,E,VS1,2.07,IGI,9590.0
2279,Periwinkle Stones,2,Round,1,1,0,11.48,2497.0,1206.28,2460.0,-62.0,4686.3452,18.0,18.0,Super Ideal,E,VS1,2.07,IGI,9590.0
2279,Phoenix Crafts,2,Round,1,1,0,14.14,2546.0,1229.95,2508.0,-60.0,4598.4731,18.0,18.0,Super Ideal,E,VS1,2.07,IGI,9590.0
2279,Taiga Gems,2,Round,1,1,0,13.0,2449.0,1183.09,2412.0,-63.0,4698.2725,18.0,18.0,Super Ideal,E,VS1,2.07,IGI,9590.0
2279,Temperley,2,Round,1,1,0,11.09,2465.0,1190.82,2428.0,-61.0,4581.4175,18.0,18.0,Super Ideal,E,VS1,2.07,IGI,9590.0
2279,Tierra Mia Diamonds,2,Round,1,1,0,13.88,2443.0,1180.19,2406.0,-63.0,4683.4702,18.0,18.0,Super Ideal,E,VS1,2.07,IGI,9590.0
2279,Westport Jewelry,2,Round,1,1,0,16.38,2408.0,1163.29,2372.0,-63.0,4722.3638,18.0,18.0,Super Ideal,E,VS1,2.07,IGI,9590.0
2279,White Lily,2,Round,1,1,0,13.42,2470.0,1193.24,2433.0,-61.0,4567.8501,18.0,18.0,Super Ideal,E,VS1,2.07,IGI,9590.0
2282,Lotus Creation,2,Round,1,1,0,13.96,1011.0,639.87,996.0,-62.0,1920.8993,18.0,18.0,Ideal,I,VS1,1.58,IGI,3130.0
2282,White Lily,2,Round,1,1,0,18.6,1059.68,670.68,1044.0,-60.0,1893.39,18.0,18.0,Ideal,I,VS1,1.58,IGI,3130.0
2283,Michelle Kennedy,2,Round,1,1,0,19.76,2288.0,1132.67,2254.0,-62.0,4302.2246,17.0,18.0,Ideal,H,VVS1,2.02,IGI,7460.0
2283,Taiga Gems,2,Round,1,1,0,19.24,2243.0,1110.4,2209.0,-63.0,4311.7407,18.0,18.0,Ideal,H,VVS1,2.02,IGI,7460.0
2287,White Lily,2,Round,1,1,0,12.51,323.38,587.96,319.0,-38.0,372.9836,18.0,18.0,Ideal,F,VS2,0.55,IGI,640.0
2290,Eterna Luxe,2,Princess,1,1,0,14.68,864.0,815.09,851.0,-65.0,1548.007,15.0,15.0,Super Ideal,G,VVS2,1.06,IGI,2260.0
2290,Fuji Diamonds,2,Princess,1,1,0,20.52,853.0,804.72,840.0,-66.0,1610.1478,15.0,15.0,Super Ideal,G,VVS2,1.06,IGI,2260.0
2290,Jane Brear,2,Princess,1,1,0,13.85,1006.94,949.94,992.0,-59.0,1548.7612,15.0,15.0,Super Ideal,G,VVS2,1.06,IGI,2260.0
2290,Lotus Creation,2,Princess,1,1,0,18.04,853.0,804.72,840.0,-64.0,1520.5649,15.0,15.0,Super Ideal,G,VVS2,1.06,IGI,2260.0
2290,Michelle Kennedy,2,Princess,1,1,0,18.27,895.0,844.34,882.0,-62.0,1498.7997,15.0,15.0,Super Ideal,G,VVS2,1.06,IGI,2260.0
2290,Sigma Diamonds,2,Princess,1,2,0,18.08,861.0,812.26,848.0,-65.0,1548.007,15.0,15.0,Super Ideal,G,VVS2,1.06,IGI,2260.0
2290,Temperley,2,Princess,1,1,0,18.81,895.0,844.34,882.0,-62.0,1510.6997,15.0,15.0,Super Ideal,G,VVS2,1.06,IGI,2260.0
2290,Thalassa Gems,2,Princess,1,1,0,10.99,854.0,805.66,841.0,-65.0,1531.61,15.0,15.0,Super Ideal,G,VVS2,1.06,IGI,2260.0
2292,Albert's Creations,2,Round,1,1,0,12.32,664.0,729.67,654.0,-61.0,1210.4037,18.0,18.0,Ideal,D,VS1,0.91,IGI,2045.0
2292,CV Diamonds,2,Round,1,1,0,15.74,694.0,762.64,684.0,-57.0,1145.6575,18.0,18.0,Ideal,D,VS1,0.91,IGI,2045.0
2292,Cascade Diamonds,2,Round,1,1,0,19.24,675.0,741.76,665.0,-59.0,1180.9357,18.0,18.0,Ideal,D,VS1,0.91,IGI,2045.0
2292,Eterna Luxe,2,Round,1,1,0,10.96,681.0,748.35,671.0,-58.0,1165.9077,18.0,18.0,Ideal,D,VS1,0.91,IGI,2045.0
2292,Eternity Fine Jewelers,2,Round,1,1,0,15.79,684.56,752.26,674.0,-59.0,1182.8761,18.0,18.0,Ideal,D,VS1,0.91,IGI,2045.0
2292,Irene Jewelry,2,Round,1,1,0,18.95,681.58,748.99,671.0,-57.0,1145.3466,18.0,18.0,Ideal,D,VS1,0.91,IGI,2045.0
2292,Jane Brear,2,Round,1,1,0,22.47,697.0,765.93,687.0,-58.0,1182.1202,18.0,18.0,Ideal,D,VS1,0.91,IGI,2045.0
2292,Michelle Kennedy,2,Round,1,1,0,11.66,696.0,764.84,686.0,-58.0,1188.7135,18.0,18.0,Ideal,D,VS1,0.91,IGI,2045.0
2292,Nebula Stones,2,Round,1,1,0,19.12,707.44,777.41,697.0,-57.0,1190.4001,18.0,18.0,Ideal,D,VS1,0.91,IGI,2045.0
2292,Periwinkle Stones,2,Round,1,1,0,16.13,711.42,781.78,701.0,-57.0,1172.2352,18.0,18.0,Ideal,D,VS1,0.91,IGI,2045.0
2292,Promenade Jewelry,2,Round,1,1,0,14.8,673.0,739.56,663.0,-60.0,1193.317,18.0,18.0,Ideal,D,VS1,0.91,IGI,2045.0
2292,Simetría,2,Round,1,1,0,17.93,668.0,734.07,658.0,-58.0,1148.5177,18.0,18.0,Ideal,D,VS1,0.91,IGI,2045.0
2292,Temperley,2,Round,1,1,0,11.9,694.0,762.64,684.0,-58.0,1177.1003,18.0,18.0,Ideal,D,VS1,0.91,IGI,2045.0
2292,Tilia Diamonds,2,Round,1,1,0,17.73,670.0,736.26,660.0,-59.0,1174.4944,18.0,18.0,Ideal,D,VS1,0.91,IGI,2045.0
2292,Vega Diamonds,2,Round,1,1,0,20.94,644.0,707.69,634.0,-62.0,1203.7642,18.0,18.0,Ideal,D,VS1,0.91,IGI,2045.0
2292,White Lily,2,Round,1,1,0,19.53,697.0,765.93,687.0,-58.0,1190.0463,18.0,18.0,Ideal,D,VS1,0.91,IGI,2045.0
2293,Eternal Flame,2,Asscher,1,1,0,20.33,2085.0,1042.5,2054.0,-65.0,3668.7417,15.0,15.0,Super Ideal,G,VS2,2.0,IGI,6035.0
2293,Starlight Crafts,2,Asscher,1,1,0,14.22,2122.0,1061.0,2090.0,-65.0,3772.2661,15.0,15.0,Super Ideal,G,VS2,2.0,IGI,6035.0
2298,Fabiola,2,Round,1,1,0,10.68,759.0,722.86,748.0,-59.0,1319.8718,18.0,18.0,Super Ideal,G,VVS2,1.05,IGI,2510.0
2298,Jane Brear,2,Round,1,1,0,12.04,771.0,734.29,759.0,-58.0,1327.4258,18.0,18.0,Super Ideal,G,VVS2,1.05,IGI,2510.0
2298,Marlowe & Co,2,Round,1,1,0,13.93,772.0,735.24,760.0,-58.0,1312.7197,18.0,18.0,Super Ideal,G,VVS2,1.05,IGI,2510.0
2298,Michelle Kennedy,2,Round,1,1,0,11.28,786.0,748.57,774.0,-58.0,1325.7955,18.0,18.0,Super Ideal,G,VVS2,1.05,IGI,2510.0
2298,Nova Stars,2,Round,1,1,0,21.48,757.2,721.14,746.0,-58.0,1298.0624,18.0,18.0,Super Ideal,G,VVS2,1.05,IGI,2510.0
2298,Roma Diamonds,2,Round,1,1,0,11.31,1384.0,1318.1,1363.0,-25.0,1315.6633,18.0,18.0,Super Ideal,G,VVS2,1.05,IGI,2510.0
2298,Taiga Gems,2,Round,1,1,0,23.28,777.1,740.1,765.0,-57.0,1290.9733,18.0,18.0,Super Ideal,G,VVS2,1.05,IGI,2510.0
2298,Temperley,2,Round,1,1,0,12.97,786.0,748.57,774.0,-56.0,1279.5179,18.0,18.0,Super Ideal,G,VVS2,1.05,IGI,2510.0
2298,White Lily,2,Round,1,1,0,91.47,786.0,748.57,774.0,-56.0,1281.1421,18.0,18.0,Super Ideal,G,VVS2,1.05,IGI,2510.0
2300,Cirrus Gems,2,Round,1,1,0,18.43,1514.0,757.0,1491.0,-60.0,2705.0793,16.0,18.0,Very Good,I,VS1,2.0,IGI,4837.5
2300,Michelle Kennedy,2,Round,1,1,0,15.13,1546.0,773.0,1523.0,-61.0,2840.3625,16.0,18.0,Very Good,I,VS1,2.0,IGI,4837.5
2300,Oasis Diamonds,2,Round,3,1,0,14.99,1574.09,787.04,1550.0,-59.0,2717.5769,16.0,18.0,Very Good,I,VS1,2.0,IGI,4837.5
2301,Emilia Sterling,2,Round,1,1,0,17.0,2244.94,959.38,2211.0,-42.0,2785.5017,18.0,18.0,Ideal,J,VS1,2.34,IGI,4840.0
2301,Michelle Kennedy,2,Round,1,1,0,16.08,3622.8,1548.21,3568.0,-8.0,2809.3872,18.0,18.0,Ideal,J,VS1,2.34,IGI,4840.0
2303,Blackbird Gems,2,Round,1,1,0,19.22,1161.0,763.82,1144.0,-56.0,1891.4332,18.0,18.0,Super Ideal,F,SI1,1.52,IGI,3643.33
2303,Clermont Diamonds,2,Round,1,1,0,13.37,1166.14,767.2,1149.0,-57.0,1937.0458,18.0,18.0,Super Ideal,F,SI1,1.52,IGI,3643.33
2303,Michelle Kennedy,2,Round,1,1,0,18.16,1207.0,794.08,1189.0,-55.0,1924.9489,18.0,18.0,Super Ideal,F,SI1,1.52,IGI,3643.33
2303,White Lily,2,Round,1,1,0,12.55,1523.0,1001.97,1500.0,-46.0,2035.7482,18.0,18.0,Super Ideal,F,SI1,1.52,IGI,3643.33
2304,Michelle Kennedy,2,Oval,2,1,0,13.03,1560.16,891.52,1537.0,-36.0,1634.5304,14.0,15.0,Super Ideal,I,SI2,1.75,IGI,3105.0
2307,Eterna Luxe,2,Princess,1,1,0,13.31,924.0,803.48,910.0,-62.0,1561.0787,14.0,15.0,Very Good,G,VVS2,1.15,IGI,2440.0
2307,White Lily,2,Princess,1,1,0,12.72,941.27,818.5,927.0,-62.0,1592.4365,15.0,15.0,Very Good,G,VVS2,1.15,IGI,2440.0
2310,Diamonds by Zoya,2,Oval,2,2,0,83.14,318.0,578.18,313.0,-45.0,392.8095,15.0,15.0,Super Ideal,D,VS1,0.55,IGI,810.0
2310,Eternal Flame,2,Oval,2,2,0,14.67,331.0,601.82,326.0,-40.0,371.4109,15.0,15.0,Super Ideal,D,VS1,0.55,IGI,810.0
2310,Jane Brear,2,Oval,2,2,0,12.36,350.0,636.36,345.0,-46.0,439.87,15.0,15.0,Super Ideal,D,VS1,0.55,IGI,810.0
2310,Magnolia,2,Oval,2,2,0,14.89,314.0,570.91,309.0,-54.0,459.299,15.0,15.0,Super Ideal,D,VS1,0.55,IGI,810.0
2310,Promenade Jewelry,2,Oval,1,1,0,21.46,305.0,554.55,300.0,-49.0,400.7981,15.0,15.0,Super Ideal,D,VS1,0.55,IGI,810.0
2310,Rosella,2,Oval,2,2,0,5.96,334.0,607.27,329.0,-46.0,416.1378,15.0,15.0,Super Ideal,D,VS1,0.55,IGI,810.0
2310,Silva Diamonds,2,Oval,1,1,0,11.78,320.0,581.82,315.0,-46.0,396.0423,15.0,15.0,Super Ideal,D,VS1,0.55,IGI,810.0
2310,Temperley,2,Oval,1,2,0,11.66,350.0,636.36,345.0,-43.0,416.5658,15.0,15.0,Super Ideal,D,VS1,0.55,IGI,810.0
2310,Vega Diamonds,2,Oval,2,1,0,21.1,309.81,563.29,305.0,-49.0,407.5828,15.0,15.0,Super Ideal,D,VS1,0.55,IGI,810.0
2310,White Lily,2,Oval,2,2,0,13.27,334.0,607.27,329.0,-40.0,372.6073,15.0,15.0,Super Ideal,D,VS1,0.55,IGI,810.0
2320,Diamonds by Zoya,2,Cushion,1,1,0,16.67,2040.74,976.43,2010.0,-64.0,3575.1714,14.0,15.0,Very Good,G,VS2,2.09,IGI,8730.0
2323,Taiga Gems,2,Round,1,1,0,15.0,813.91,630.94,802.0,-59.0,1428.861,18.0,18.0,Super Ideal,H,VS1,1.29,IGI,2775.0
2323,White Lily,2,Round,1,1,0,16.15,900.48,698.05,887.0,-54.0,1408.3883,18.0,18.0,Super Ideal,H,VS1,1.29,IGI,2775.0
2330,Jane Brear,2,Oval,2,2,0,13.6,361.0,694.23,356.0,-31.0,352.1785,15.0,15.0,Very Good,D,VS2,0.52,IGI,720.0
2330,Rosella,2,Oval,2,2,0,14.61,316.0,607.69,311.0,-45.0,388.4663,14.0,15.0,Very Good,D,VS2,0.52,IGI,720.0
2330,Vega Diamonds,2,Oval,2,2,0,22.54,316.0,607.69,311.0,-40.0,356.192,14.0,15.0,Very Good,D,VS2,0.52,IGI,720.0
2331,Nova Stars,2,Round,1,1,0,13.46,698.0,677.67,688.0,-59.0,1219.5902,18.0,18.0,Ideal,G,VS1,1.03,IGI,2100.0
2331,Roma Diamonds,2,Round,1,1,0,11.04,1316.0,1277.67,1296.0,-24.0,1246.5334,18.0,18.0,Ideal,G,VS1,1.03,IGI,2100.0
2331,Temperley,2,Round,1,1,0,13.1,726.0,704.85,715.0,-58.0,1234.8479,18.0,18.0,Ideal,G,VS1,1.03,IGI,2100.0
2339,Cirrus Gems,2,Round,1,1,0,18.87,979.0,699.29,964.0,-52.0,1446.2671,18.0,18.0,Ideal,H,VS1,1.4,IGI,2940.0
2339,Jane Brear,2,Round,1,1,0,17.03,1041.0,743.57,1025.0,-50.0,1503.4005,18.0,18.0,Ideal,H,VS1,1.4,IGI,2940.0
2339,Lotus Creation,2,Round,1,1,0,16.38,1016.0,725.71,1001.0,-51.0,1478.8041,18.0,18.0,Ideal,H,VS1,1.4,IGI,2940.0
2339,Michelle Kennedy,2,Round,1,1,0,14.4,1037.0,740.71,1021.0,-49.0,1459.4387,18.0,18.0,Ideal,H,VS1,1.4,IGI,2940.0
2339,Taiga Gems,2,Round,1,1,0,17.74,1004.95,717.82,990.0,-51.0,1459.7654,18.0,18.0,Ideal,H,VS1,1.4,IGI,2940.0
2339,Temperley,2,Round,1,1,0,12.2,1041.0,743.57,1025.0,-49.0,1449.9894,18.0,18.0,Ideal,H,VS1,1.4,IGI,2940.0
2339,The Diamond Source,2,Round,1,1,0,17.2,1002.96,716.4,988.0,-51.0,1467.3281,18.0,18.0,Ideal,H,VS1,1.4,IGI,2940.0
2342,Fabiola,2,Round,1,1,0,13.37,661.0,641.75,651.0,-62.0,1231.662,18.0,18.0,Super Ideal,F,VS2,1.03,IGI,2000.0
2342,Jane Brear,2,Round,1,1,0,13.75,684.0,664.08,674.0,-61.0,1255.2078,18.0,18.0,Super Ideal,F,VS2,1.03,IGI,2000.0
2342,Michelle Kennedy,2,Round,1,1,0,11.24,687.0,666.99,677.0,-62.0,1287.5385,18.0,18.0,Super Ideal,F,VS2,1.03,IGI,2000.0
2342,Nova Stars,2,Round,1,1,0,11.26,657.0,637.86,647.0,-63.0,1265.8752,18.0,18.0,Super Ideal,F,VS2,1.03,IGI,2000.0
2342,White Lily,2,Round,1,1,0,13.87,683.0,663.11,673.0,-62.0,1291.0243,18.0,18.0,Super Ideal,F,VS2,1.03,IGI,2000.0
2344,Temperley,2,Round,2,2,0,12.84,349.0,758.7,344.0,-13.0,286.3469,16.0,18.0,Very Good,D,VS2,0.46,IGI,530.0
2358,Promenade Jewelry,2,Oval,1,1,0,16.59,367.0,453.09,361.0,-50.0,498.0356,15.0,15.0,Very Good,D,VS1,0.81,IGI,1500.0
2358,Rosella,2,Oval,2,2,0,20.34,320.0,395.06,315.0,-59.0,521.3315,14.0,15.0,Very Good,D,VS1,0.81,IGI,1500.0
2362,Jane Brear,2,Round,1,1,0,13.72,1789.0,1052.35,1762.0,-14.0,1494.1436,18.0,18.0,Super Ideal,J,SI1,1.7,IGI,2567.5
2364,Dahlia Diamonds,2,Round,1,1,0,89.99,716.0,695.15,705.0,-55.0,1150.707,18.0,18.0,Super Ideal,H,VS1,1.03,IGI,2100.0
2364,Temperley,2,Round,1,1,0,18.56,1101.0,1068.93,1084.0,-33.0,1174.5497,18.0,18.0,Super Ideal,H,VS1,1.03,IGI,2100.0
2368,White Lily,2,Pear,2,2,0,17.66,309.0,686.67,304.0,-37.0,318.6454,15.0,15.0,Super Ideal,G,VS1,0.45,IGI,450.0
2372,Jane Brear,2,Round,1,1,0,19.03,749.0,749.0,738.0,-53.0,1141.7274,18.0,18.0,Super Ideal,H,VS1,1.0,IGI,2095.45
2372,White Lily,2,Round,1,1,0,11.84,700.0,700.0,690.0,-56.0,1142.4,18.0,18.0,Super Ideal,H,VS1,1.0,IGI,2095.45
2377,Jane Brear,2,Round,1,1,0,14.74,713.42,660.57,703.0,-54.0,1112.4218,18.0,18.0,Ideal,E,SI1,1.08,IGI,2200.0
2377,Michelle Kennedy,2,Round,1,1,0,12.8,715.4,662.41,705.0,-51.0,1054.7122,18.0,18.0,Ideal,E,SI1,1.08,IGI,2200.0
2377,Oasis Diamonds,2,Round,1,1,0,15.3,693.0,641.67,683.0,-54.0,1084.7181,18.0,18.0,Ideal,E,SI1,1.08,IGI,2200.0
2377,Periwinkle Stones,2,Round,1,1,0,14.17,719.38,666.09,709.0,-53.0,1088.9518,18.0,18.0,Ideal,E,SI1,1.08,IGI,2200.0
2377,Roma Diamonds,2,Round,1,1,0,11.8,1331.0,1232.41,1311.0,-10.0,1061.5834,18.0,18.0,Ideal,E,SI1,1.08,IGI,2200.0
2377,Simetría,2,Round,1,1,0,15.06,690.53,639.38,680.0,-54.0,1077.7229,18.0,18.0,Ideal,E,SI1,1.08,IGI,2200.0
2377,Taiga Gems,2,Round,1,1,0,11.64,691.0,639.81,681.0,-51.0,1017.8813,18.0,18.0,Ideal,E,SI1,1.08,IGI,2200.0
2377,Temperley,2,Round,1,1,0,11.39,702.47,650.44,692.0,-54.0,1095.4984,18.0,18.0,Ideal,E,SI1,1.08,IGI,2200.0
2377,Thalassa Gems,2,Round,1,1,0,13.14,677.6,627.41,667.0,-54.0,1053.4448,18.0,18.0,Ideal,E,SI1,1.08,IGI,2200.0
2377,The Diamond Source,2,Round,1,1,0,12.93,675.6,625.56,665.0,-55.0,1069.0719,18.0,18.0,Ideal,E,SI1,1.08,IGI,2200.0
2380,White Lily,2,Round,2,1,0,12.65,308.0,770.0,303.0,-43.0,385.4394,18.0,18.0,Ideal,E,VVS2,0.4,IGI,534.0
2385,Atkinson Crafts,2,Round,1,1,0,14.61,3107.0,1445.12,3060.0,-60.0,5561.2061,18.0,18.0,Super Ideal,E,VVS2,2.15,IGI,11850.0
2385,Avignon Diamonds,2,Round,1,1,0,12.8,2930.0,1362.79,2886.0,-63.0,5685.0649,18.0,18.0,Super Ideal,E,VVS2,2.15,IGI,11850.0
2385,Camden Gems,2,Round,1,1,0,12.34,3017.0,1403.26,2972.0,-60.0,5393.2793,18.0,18.0,Super Ideal,E,VVS2,2.15,IGI,11850.0
2385,Cirrus Gems,2,Round,1,1,0,94.54,2909.0,1353.02,2865.0,-61.0,5406.8013,18.0,18.0,Super Ideal,E,VVS2,2.15,IGI,11850.0
2385,Felicity Diamonds,2,Round,1,1,0,13.96,2999.0,1394.88,2954.0,-60.0,5402.8994,18.0,18.0,Super Ideal,E,VVS2,2.15,IGI,11850.0
2385,Jane Brear,2,Round,1,1,0,12.68,3015.0,1402.33,2970.0,-61.0,5576.9155,18.0,18.0,Super Ideal,E,VVS2,2.15,IGI,11850.0
2385,Michelle Kennedy,2,Round,1,1,0,14.6,3023.8,1406.42,2978.0,-60.0,5413.0796,18.0,18.0,Super Ideal,E,VVS2,2.15,IGI,11850.0
2385,Tamara,2,Round,1,1,0,14.13,3014.0,1401.86,2969.0,-60.0,5457.9346,18.0,18.0,Super Ideal,E,VVS2,2.15,IGI,11850.0
2385,Temperley,2,Round,1,1,0,15.12,3044.0,1415.81,2998.0,-60.0,5491.4121,18.0,18.0,Super Ideal,E,VVS2,2.15,IGI,11850.0
2385,Tierra Mia Diamonds,2,Round,1,1,0,17.79,2960.0,1376.74,2916.0,-62.0,5623.3223,18.0,18.0,Super Ideal,E,VVS2,2.15,IGI,11850.0
2385,Tilia Diamonds,2,Round,1,1,0,15.07,3013.86,1401.8,2969.0,-61.0,5584.8662,18.0,18.0,Super Ideal,E,VVS2,2.15,IGI,11850.0
2385,White Lily,2,Round,1,1,0,12.88,3015.0,1402.33,2970.0,-61.0,5506.854,18.0,18.0,Super Ideal,E,VVS2,2.15,IGI,11850.0
2388,Cornerstone,2,Oval,2,2,0,11.74,358.0,701.96,353.0,-54.0,527.8327,15.0,15.0,Very Good,E,VVS2,0.51,IGI,742.5
2388,Hoseki,2,Oval,1,2,0,12.64,343.28,673.1,338.0,-28.0,319.9551,14.0,15.0,Very Good,E,VVS2,0.51,IGI,742.5
2388,Magnolia,2,Oval,2,3,0,13.02,335.32,657.49,330.0,-55.0,500.7236,14.0,15.0,Very Good,E,VVS2,0.51,IGI,742.5
2388,Rosella,2,Oval,2,3,0,14.82,324.0,635.29,319.0,-64.0,612.3479,14.0,15.0,Very Good,E,VVS2,0.51,IGI,742.5
2388,Silva Diamonds,2,Oval,2,2,0,13.92,362.0,709.8,357.0,-60.0,611.8549,14.0,15.0,Very Good,E,VVS2,0.51,IGI,742.5
2388,White Lily,2,Oval,1,1,0,11.38,395.0,774.51,389.0,-45.0,482.2699,14.0,15.0,Very Good,E,VVS2,0.51,IGI,742.5
2390,Michelle Kennedy,2,Round,1,1,0,14.46,386.0,494.87,380.0,-47.0,516.9006,18.0,18.0,Super Ideal,E,VS1,0.78,IGI,1312.5
2390,Temperley,2,Round,1,1,0,18.16,337.0,432.05,332.0,-56.0,542.8287,18.0,18.0,Super Ideal,E,VS1,0.78,IGI,1312.5
2390,Tilia Diamonds,2,Round,1,1,0,15.07,342.28,438.82,337.0,-58.0,578.868,18.0,18.0,Super Ideal,E,VS1,0.78,IGI,1312.5
2397,Temperley,2,Round,1,1,0,11.64,647.74,628.87,638.0,-60.0,1168.3434,18.0,18.0,Ideal,H,VS2,1.03,IGI,2000.0
2399,Cornerstone,2,Pear,3,3,0,12.3,869.0,851.96,856.0,-61.0,1449.2588,12.0,15.0,Very Good,E,VS1,1.02,IGI,2350.0
2399,Hoseki,2,Pear,1,1,0,12.27,884.56,867.22,871.0,-60.0,1447.9861,15.0,15.0,Very Good,E,VS1,1.02,IGI,2350.0
2399,Jane Brear,2,Pear,1,2,0,14.3,853.0,836.27,840.0,-61.0,1436.4803,15.0,15.0,Very Good,E,VS1,1.02,IGI,2350.0
2399,Michelle Kennedy,2,Pear,1,2,0,21.36,847.0,830.39,834.0,-62.0,1464.4526,15.0,15.0,Very Good,E,VS1,1.02,IGI,2350.0
2399,Rosella,2,Pear,1,1,0,13.92,821.0,804.9,809.0,-64.0,1464.4526,15.0,15.0,Very Good,E,VS1,1.02,IGI,2350.0
2399,Taiga Gems,2,Pear,1,1,0,12.75,840.0,823.53,827.0,-62.0,1436.4803,15.0,15.0,Very Good,E,VS1,1.02,IGI,2350.0
2399,Temperley,2,Pear,1,1,0,16.17,856.0,839.22,843.0,-64.0,1531.2543,15.0,15.0,Very Good,E,VS1,1.02,IGI,2350.0
2399,Thalassa Gems,2,Pear,1,2,0,13.81,827.0,810.78,815.0,-67.0,1615.152,14.0,15.0,Very Good,E,VS1,1.02,IGI,2350.0
2399,White Lily,2,Pear,1,1,0,14.84,855.0,838.24,842.0,-62.0,1456.3186,15.0,15.0,Very Good,E,VS1,1.02,IGI,2350.0
2402,Temperley,2,Oval,1,1,0,8.49,2471.0,1176.67,2434.0,-38.0,2668.8145,15.0,15.0,Super Ideal,I,SI1,2.1,IGI,4570.0
2408,Jane Brear,2,Round,1,1,0,23.63,633.0,597.17,624.0,-54.0,975.6287,18.0,18.0,Super Ideal,F,SI2,1.06,IGI,1665.0
2410,White Lily,2,Round,2,2,0,12.36,371.14,463.93,366.0,-55.0,596.7576,16.0,18.0,Very Good,E,VS1,0.8,IGI,1330.0
2412,Michelle Kennedy,2,Round,1,1,0,14.12,944.0,934.65,930.0,-54.0,1484.4783,18.0,18.0,Ideal,G,VVS1,1.01,IGI,2670.0
2412,Starlight Crafts,2,Round,1,1,0,10.02,865.0,856.44,852.0,-60.0,1558.7672,18.0,18.0,Ideal,G,VVS1,1.01,IGI,2670.0
2412,White Lily,2,Round,1,1,0,10.76,964.0,954.46,950.0,-54.0,1493.9967,18.0,18.0,Ideal,G,VVS1,1.01,IGI,2670.0
2413,Diamonds by Zoya,2,Emerald,1,1,0,16.79,804.94,706.09,793.0,-63.0,1382.0182,15.0,15.0,Super Ideal,F,VS2,1.14,IGI,2230.0
2413,Jane Brear,2,Emerald,1,1,0,14.36,865.0,758.77,852.0,-58.0,1338.2681,15.0,15.0,Super Ideal,F,VS2,1.14,IGI,2230.0
2413,Mei & Co,2,Emerald,1,1,0,11.61,824.0,722.81,812.0,-61.0,1358.7615,15.0,15.0,Super Ideal,F,VS2,1.14,IGI,2230.0
2413,Michelle Kennedy,2,Emerald,1,1,0,16.65,865.0,758.77,852.0,-59.0,1343.8243,15.0,15.0,Super Ideal,F,VS2,1.14,IGI,2230.0
2413,N. B. Diamonds,2,Emerald,1,1,0,15.4,851.26,746.72,838.0,-60.0,1358.4825,15.0,15.0,Super Ideal,F,VS2,1.14,IGI,2230.0
2416,Equinox Jewels,2,Round,1,1,0,14.44,325.0,439.19,320.0,-55.0,519.6846,18.0,18.0,Super Ideal,D,SI1,0.74,IGI,1050.0
2416,Michelle Kennedy,2,Round,1,1,0,17.96,348.0,470.27,343.0,-46.0,458.2882,18.0,18.0,Super Ideal,D,SI1,0.74,IGI,1050.0
2416,Roma Diamonds,2,Round,1,1,0,10.34,325.0,439.19,320.0,-49.0,455.7404,18.0,18.0,Super Ideal,D,SI1,0.74,IGI,1050.0
2420,Cirrus Gems,2,Princess,1,1,0,22.45,739.3,684.54,728.0,-63.0,1254.2843,15.0,15.0,Super Ideal,H,VS1,1.08,IGI,1930.0
2420,Fuji Diamonds,2,Princess,1,1,0,22.0,727.72,673.81,717.0,-61.0,1200.1842,15.0,15.0,Super Ideal,H,VS1,1.08,IGI,1930.0
2420,KIYO,2,Princess,1,1,0,25.2,726.76,672.93,716.0,-62.0,1202.9154,15.0,15.0,Super Ideal,H,VS1,1.08,IGI,1930.0
2420,Lotus Creation,2,Princess,1,1,0,10.98,713.25,660.42,703.0,-64.0,1249.0873,15.0,15.0,Super Ideal,H,VS1,1.08,IGI,1930.0
2420,White Lily,2,Princess,1,1,0,21.07,743.26,688.2,732.0,-62.0,1258.6705,15.0,15.0,Super Ideal,H,VS1,1.08,IGI,1930.0
2425,Albert's Creations,2,Round,1,1,0,13.12,2597.0,1236.67,2558.0,-61.0,4727.3315,18.0,18.0,Super Ideal,E,VS1,2.1,IGI,9730.0
2425,CV Diamonds,2,Round,1,1,0,12.34,2587.0,1231.9,2548.0,-61.0,4704.7759,18.0,18.0,Super Ideal,E,VS1,2.1,IGI,9730.0
2425,Camden Gems,2,Round,1,1,0,10.88,2583.0,1230.0,2544.0,-61.0,4734.9907,18.0,18.0,Super Ideal,E,VS1,2.1,IGI,9730.0
2425,Clermont Diamonds,2,Round,1,1,0,14.94,2601.0,1238.57,2562.0,-61.0,4741.9946,18.0,18.0,Super Ideal,E,VS1,2.1,IGI,9730.0
2425,Diamonds by Zoya,2,Round,1,1,0,94.65,2587.0,1231.9,2548.0,-60.0,4650.3667,18.0,18.0,Super Ideal,E,VS1,2.1,IGI,9730.0
2425,Fabiola,2,Round,1,1,0,12.59,2577.0,1227.14,2538.0,-60.0,4606.292,18.0,18.0,Super Ideal,E,VS1,2.1,IGI,9730.0
2425,Grace Brooks,2,Round,1,1,0,18.04,2603.0,1239.52,2564.0,-60.0,4618.4561,18.0,18.0,Super Ideal,E,VS1,2.1,IGI,9730.0
2425,Jane Brear,2,Round,1,1,0,10.93,2611.0,1243.33,2572.0,-60.0,4689.7754,18.0,18.0,Super Ideal,E,VS1,2.1,IGI,9730.0
2425,Lotus Creation,2,Round,1,1,0,17.74,2543.17,1211.03,2505.0,-61.0,4620.3032,18.0,18.0,Super Ideal,E,VS1,2.1,IGI,9730.0
2425,Lunar Diamonds,2,Round,1,1,0,13.37,2572.0,1224.76,2533.0,-60.0,4648.9551,18.0,18.0,Super Ideal,E,VS1,2.1,IGI,9730.0
2425,Magnolia,2,Round,1,1,0,12.44,2583.0,1230.0,2544.0,-60.0,4614.686,18.0,18.0,Super Ideal,E,VS1,2.1,IGI,9730.0
2425,Michelle Kennedy,2,Round,1,1,0,19.6,2600.0,1238.1,2561.0,-61.0,4747.3335,18.0,18.0,Super Ideal,E,VS1,2.1,IGI,9730.0
2425,Rosella,2,Round,1,1,0,13.15,2558.0,1218.1,2520.0,-61.0,4643.5303,18.0,18.0,Super Ideal,E,VS1,2.1,IGI,9730.0
2425,Taiga Gems,2,Round,1,1,0,14.76,2579.0,1228.1,2540.0,-60.0,4624.2861,18.0,18.0,Super Ideal,E,VS1,2.1,IGI,9730.0
2425,Tamara,2,Round,1,1,0,14.6,2604.91,1240.43,2566.0,-59.0,4586.0571,18.0,18.0,Super Ideal,E,VS1,2.1,IGI,9730.0
2425,Temperley,2,Round,1,1,0,10.34,2611.0,1243.33,2572.0,-60.0,4718.1294,18.0,18.0,Super Ideal,E,VS1,2.1,IGI,9730.0
2425,Thalassa Gems,2,Round,1,1,0,11.85,2577.0,1227.14,2538.0,-60.0,4628.0381,18.0,18.0,Super Ideal,E,VS1,2.1,IGI,9730.0
2425,Tierra Mia Diamonds,2,Round,1,1,0,19.24,2576.95,1227.12,2538.0,-61.0,4721.0732,18.0,18.0,Super Ideal,E,VS1,2.1,IGI,9730.0
2425,Vega Diamonds,2,Round,1,1,0,13.13,2520.0,1200.0,2482.0,-62.0,4764.8223,18.0,18.0,Super Ideal,E,VS1,2.1,IGI,9730.0
2425,Vespera Gems,2,Round,1,1,0,11.68,2554.0,1216.19,2516.0,-61.0,4671.5693,18.0,18.0,Super Ideal,E,VS1,2.1,IGI,9730.0
2425,Westport Jewelry,2,Round,1,1,0,14.86,2541.0,1210.0,2503.0,-62.0,4732.9912,18.0,18.0,Super Ideal,E,VS1,2.1,IGI,9730.0
2425,White Lily,2,Round,1,1,0,13.03,2600.0,1238.1,2561.0,-59.0,4541.2969,18.0,18.0,Super Ideal,E,VS1,2.1,IGI,9730.0
2427,Fabiola,2,Round,1,1,0,14.89,1042.0,739.01,1026.0,-46.0,1384.3115,18.0,18.0,Super Ideal,F,SI1,1.41,IGI,3530.0
2427,Irene Jewelry,2,Round,1,1,0,15.53,1043.0,739.72,1027.0,-47.0,1406.2979,18.0,18.0,Super Ideal,F,SI1,1.41,IGI,3530.0
2429,Jane Brear,2,Round,1,1,0,14.96,3209.87,1596.95,3162.0,-8.0,2487.1177,18.0,18.0,Ideal,I,VS2,2.01,IGI,4728.93
2429,Michelle Kennedy,2,Round,1,1,0,13.94,1532.0,762.19,1509.0,-57.0,2540.5212,18.0,18.0,Ideal,I,VS2,2.01,IGI,4728.93
2429,Oasis Diamonds,2,Round,1,1,0,14.6,1557.18,774.72,1534.0,-54.0,2440.262,18.0,18.0,Ideal,I,VS2,2.01,IGI,4728.93
2429,Temperley,2,Round,1,1,0,12.81,1549.0,770.65,1526.0,-55.0,2477.3315,18.0,18.0,Ideal,I,VS2,2.01,IGI,4728.93
2433,Michelle Kennedy,2,Pear,1,1,0,21.31,1260.0,812.9,1241.0,-61.0,2072.0891,15.0,15.0,Super Ideal,G,SI1,1.55,IGI,4010.0
2433,Oasis Diamonds,2,Pear,1,1,0,16.3,1304.0,841.29,1284.0,-59.0,2045.8417,15.0,15.0,Super Ideal,G,SI1,1.55,IGI,4010.0
2434,Temperley,2,Round,1,1,0,14.35,1558.17,1011.8,1535.0,-23.0,1447.5208,18.0,18.0,Super Ideal,I,SI2,1.54,IGI,2570.0
2437,Jane Brear,2,Oval,1,1,0,12.56,2539.0,1015.6,2501.0,-45.0,3103.9338,15.0,15.0,Very Good,J,VS2,2.5,IGI,5320.0
2441,Cirrus Gems,2,Round,1,1,0,20.31,3044.0,1284.39,2998.0,-62.0,5743.9014,18.0,18.0,Super Ideal,F,VVS2,2.37,IGI,12295.0
2441,Marlowe & Co,2,Round,1,1,0,11.81,3169.0,1337.13,3121.0,-62.0,5907.2051,18.0,18.0,Super Ideal,F,VVS2,2.37,IGI,12295.0
2441,Michelle Kennedy,2,Round,1,1,0,19.66,3221.0,1359.07,3173.0,-60.0,5742.939,18.0,18.0,Super Ideal,F,VVS2,2.37,IGI,12295.0
2441,N. B. Diamonds,2,Round,1,1,0,22.33,3061.0,1291.56,3015.0,-62.0,5736.2461,18.0,18.0,Super Ideal,F,VVS2,2.37,IGI,12295.0
2441,Oasis Diamonds,2,Round,1,1,0,14.16,3258.0,1374.68,3209.0,-60.0,5768.9541,18.0,18.0,Super Ideal,F,VVS2,2.37,IGI,12295.0
2441,White Lily,2,Round,1,1,0,14.07,3202.0,1351.05,3154.0,-60.0,5713.8096,18.0,18.0,Super Ideal,F,VVS2,2.37,IGI,12295.0
2442,Camden Gems,2,Round,1,1,0,13.49,1360.0,855.35,1340.0,-59.0,2396.5198,18.0,18.0,Super Ideal,F,VS1,1.59,IGI,4792.86
2442,Clermont Diamonds,2,Round,1,1,0,13.69,1374.0,864.15,1353.0,-59.0,2383.6726,18.0,18.0,Super Ideal,F,VS1,1.59,IGI,4792.86
2442,Iris Diamonds,2,Round,1,1,0,93.95,1365.0,858.49,1345.0,-59.0,2397.9241,18.0,18.0,Super Ideal,F,VS1,1.59,IGI,4792.86
2442,Jane Brear,2,Round,1,1,0,15.0,1412.01,888.06,1391.0,-59.0,2442.0198,18.0,18.0,Super Ideal,F,VS1,1.59,IGI,4792.86
2442,Michelle Kennedy,2,Round,1,1,0,15.25,1393.0,876.1,1372.0,-59.0,2420.4458,18.0,18.0,Super Ideal,F,VS1,1.59,IGI,4792.86
2442,N. B. Diamonds,2,Round,1,1,0,14.82,1371.0,862.26,1350.0,-59.0,2423.3606,18.0,18.0,Super Ideal,F,VS1,1.59,IGI,4792.86
2442,Rosella,2,Round,1,1,0,12.07,1357.0,853.46,1337.0,-60.0,2423.8481,18.0,18.0,Super Ideal,F,VS1,1.59,IGI,4792.86
2442,Serene Peaks Diamonds,2,Round,1,1,0,13.21,1378.0,866.67,1357.0,-60.0,2437.6472,18.0,18.0,Super Ideal,F,VS1,1.59,IGI,4792.86
2442,Taiga Gems,2,Round,1,1,0,13.37,1363.0,857.23,1343.0,-59.0,2405.2185,18.0,18.0,Super Ideal,F,VS1,1.59,IGI,4792.86
2442,Temperley,2,Round,1,1,0,11.23,1432.8,901.13,1411.0,-58.0,2422.5327,18.0,18.0,Super Ideal,F,VS1,1.59,IGI,4792.86
2442,Thalassa Gems,2,Round,1,1,0,13.98,1372.0,862.89,1351.0,-59.0,2417.4778,18.0,18.0,Super Ideal,F,VS1,1.59,IGI,4792.86
2442,Verve Jewels,2,Round,1,1,0,94.01,1348.0,847.8,1328.0,-60.0,2392.5154,18.0,18.0,Super Ideal,F,VS1,1.59,IGI,4792.86
2442,Vespera Gems,2,Round,1,1,0,14.67,1360.86,855.89,1340.0,-60.0,2409.9331,18.0,18.0,Super Ideal,F,VS1,1.59,IGI,4792.86
2442,Westport Jewelry,2,Round,1,1,0,14.12,1346.0,846.54,1326.0,-60.0,2395.9207,18.0,18.0,Super Ideal,F,VS1,1.59,IGI,4792.86
2442,White Lily,2,Round,1,1,0,11.45,1396.0,877.99,1375.0,-59.0,2437.7468,18.0,18.0,Super Ideal,F,VS1,1.59,IGI,4792.86
2443,Albert's Creations,2,Round,1,1,0,11.72,631.0,671.28,622.0,-63.0,1216.6105,18.0,18.0,Super Ideal,D,VS2,0.94,IGI,2135.0
2443,Eternity Fine Jewelers,2,Round,1,1,0,14.11,638.0,678.72,628.0,-63.0,1220.8369,18.0,18.0,Super Ideal,D,VS2,0.94,IGI,2135.0
2443,Jane Brear,2,Round,1,1,0,17.12,674.0,717.02,664.0,-61.0,1231.783,18.0,18.0,Super Ideal,D,VS2,0.94,IGI,2135.0
2443,Michelle Kennedy,2,Round,1,1,0,12.92,661.68,703.91,652.0,-61.0,1219.3993,18.0,18.0,Super Ideal,D,VS2,0.94,IGI,2135.0
2443,Promenade Jewelry,2,Round,1,1,0,16.65,660.16,702.3,650.0,-61.0,1219.8868,18.0,18.0,Super Ideal,D,VS2,0.94,IGI,2135.0
2443,Roma Diamonds,2,Round,1,1,0,13.09,639.0,679.79,629.0,-62.0,1208.4365,18.0,18.0,Super Ideal,D,VS2,0.94,IGI,2135.0
2443,Sigma Diamonds,2,Round,1,1,0,14.38,632.0,672.34,623.0,-61.0,1168.8135,18.0,18.0,Super Ideal,D,VS2,0.94,IGI,2135.0
2443,Temperley,2,Round,1,1,0,15.13,658.0,700.0,648.0,-61.0,1201.8534,18.0,18.0,Super Ideal,D,VS2,0.94,IGI,2135.0
2443,White Lily,2,Round,1,1,0,17.17,674.0,717.02,664.0,-61.0,1243.8575,18.0,18.0,Super Ideal,D,VS2,0.94,IGI,2135.0
2444,Serene Peaks Diamonds,2,Oval,1,1,0,13.67,1385.0,865.62,1364.0,-51.0,1910.4596,15.0,15.0,Super Ideal,I,VS1,1.6,IGI,3260.0
2445,Michelle Kennedy,2,Cushion,2,1,0,15.81,2266.0,1121.78,2232.0,-53.0,3025.7871,15.0,15.0,Super Ideal,H,SI1,2.02,IGI,4540.0
2445,Vega Diamonds,2,Cushion,1,1,0,18.21,1668.0,825.74,1643.0,-63.0,2817.0171,15.0,15.0,Super Ideal,H,SI1,2.02,IGI,4540.0
2446,Marlowe & Co,2,Round,1,1,0,12.86,610.93,581.84,602.0,-59.0,1077.417,18.0,18.0,Super Ideal,F,SI1,1.05,IGI,1887.5
2446,Michelle Kennedy,2,Round,1,1,0,14.94,831.82,792.21,819.0,-44.0,1056.646,18.0,18.0,Super Ideal,F,SI1,1.05,IGI,1887.5
2446,Roma Diamonds,2,Round,2,1,0,13.38,1262.0,1201.9,1243.0,-17.0,1086.1045,18.0,18.0,Super Ideal,F,SI1,1.05,IGI,1887.5
2446,Taiga Gems,2,Round,1,1,0,19.19,596.46,568.06,588.0,-59.0,1035.9539,18.0,18.0,Super Ideal,F,SI1,1.05,IGI,1887.5
2447,Jane Brear,2,Round,1,1,0,19.57,759.0,677.68,748.0,-57.0,1262.3916,18.0,18.0,Ideal,F,VS2,1.12,IGI,2180.0
2447,Serenade Diamonds,2,Round,1,1,0,20.35,724.0,646.43,713.0,-60.0,1288.9752,18.0,18.0,Ideal,F,VS2,1.12,IGI,2180.0
2447,White Lily,2,Round,1,1,0,12.82,1008.0,900.0,993.0,-44.0,1279.1702,18.0,18.0,Ideal,F,VS2,1.12,IGI,2180.0
2450,Albert's Creations,2,Round,1,1,0,10.09,1206.0,793.42,1188.0,-58.0,2074.3345,18.0,18.0,Super Ideal,E,SI1,1.52,IGI,3722.5
2450,Clermont Diamonds,2,Round,1,1,0,12.71,1193.0,784.87,1175.0,-58.0,2037.5491,18.0,18.0,Super Ideal,E,SI1,1.52,IGI,3722.5
2450,Fabiola,2,Round,1,1,0,16.15,1189.0,782.24,1171.0,-59.0,2074.8401,18.0,18.0,Super Ideal,E,SI1,1.52,IGI,3722.5
2450,Hill & Holland,2,Round,1,1,0,16.3,1217.0,800.66,1199.0,-57.0,2048.937,18.0,18.0,Super Ideal,E,SI1,1.52,IGI,3722.5
2450,Michelle Kennedy,2,Round,1,1,0,11.74,1190.0,782.89,1172.0,-58.0,2022.7607,18.0,18.0,Super Ideal,E,SI1,1.52,IGI,3722.5
2450,Periwinkle Stones,2,Round,1,1,0,18.02,1206.0,793.42,1188.0,-59.0,2086.2532,18.0,18.0,Super Ideal,E,SI1,1.52,IGI,3722.5
2450,Roma Diamonds,2,Round,1,1,0,11.96,1186.0,780.26,1168.0,-59.0,2068.9077,18.0,18.0,Super Ideal,E,SI1,1.52,IGI,3722.5
2450,Taiga Gems,2,Round,1,1,0,14.21,1174.0,772.37,1156.0,-59.0,2028.8672,18.0,18.0,Super Ideal,E,SI1,1.52,IGI,3722.5
2450,Temperley,2,Round,1,1,0,16.24,1223.0,804.61,1205.0,-57.0,2029.5664,18.0,18.0,Super Ideal,E,SI1,1.52,IGI,3722.5
2450,Thalassa Gems,2,Round,1,1,0,16.14,1184.0,778.95,1166.0,-58.0,2016.5852,18.0,18.0,Super Ideal,E,SI1,1.52,IGI,3722.5
2450,Vega Diamonds,2,Round,1,1,0,17.4,1170.0,769.74,1152.0,-60.0,2111.4316,18.0,18.0,Super Ideal,E,SI1,1.52,IGI,3722.5
2450,White Lily,2,Round,1,1,0,17.84,1229.0,808.55,1211.0,-56.0,2013.5388,18.0,18.0,Super Ideal,E,SI1,1.52,IGI,3722.5
2461,Sunset Gems,2,Round,2,1,0,21.41,1248.0,960.0,1229.0,-55.0,1993.5187,18.0,18.0,Super Ideal,G,VVS1,1.3,IGI,3770.0
2462,Michelle Kennedy,2,Oval,1,1,0,16.88,974.0,804.96,959.0,-61.0,1676.9402,15.0,15.0,Super Ideal,F,VS2,1.21,IGI,2520.0
2462,Serene Peaks Diamonds,2,Oval,1,1,0,17.62,926.0,765.29,912.0,-63.0,1702.7723,15.0,15.0,Super Ideal,F,VS2,1.21,IGI,2520.0
2462,Vega Diamonds,2,Oval,1,1,0,16.81,900.0,743.8,886.0,-64.0,1661.4392,15.0,15.0,Super Ideal,F,VS2,1.21,IGI,2520.0
2462,White Lily,2,Oval,1,1,0,14.73,954.2,788.6,940.0,-63.0,1740.1412,15.0,15.0,Super Ideal,F,VS2,1.21,IGI,2520.0
2465,Albert's Creations,2,Round,1,1,0,11.81,714.0,661.11,703.0,-60.0,1286.1617,18.0,18.0,Super Ideal,E,VS1,1.08,IGI,2628.0
2465,Camden Gems,2,Round,1,1,0,13.22,701.0,649.07,690.0,-61.0,1303.0392,18.0,18.0,Super Ideal,E,VS1,1.08,IGI,2628.0
2465,Cascade Diamonds,2,Round,1,1,0,15.49,708.0,655.56,697.0,-60.0,1274.4059,18.0,18.0,Super Ideal,E,VS1,1.08,IGI,2628.0
2465,Clermont Diamonds,2,Round,1,1,0,14.75,710.0,657.41,699.0,-60.0,1260.4894,18.0,18.0,Super Ideal,E,VS1,1.08,IGI,2628.0
2465,Eternity Fine Jewelers,2,Round,1,1,0,19.13,715.4,662.41,705.0,-59.0,1261.5667,18.0,18.0,Super Ideal,E,VS1,1.08,IGI,2628.0
2465,Fabiola,2,Round,1,1,0,10.37,703.0,650.93,692.0,-61.0,1291.6068,18.0,18.0,Super Ideal,E,VS1,1.08,IGI,2628.0
2465,Hoseki,2,Round,1,1,0,18.62,720.38,667.02,710.0,-59.0,1264.3774,18.0,18.0,Super Ideal,E,VS1,1.08,IGI,2628.0
2465,Jane Brear,2,Round,1,1,0,14.09,729.0,675.0,718.0,-60.0,1291.3768,18.0,18.0,Super Ideal,E,VS1,1.08,IGI,2628.0
2465,Joan Cooper,2,Round,1,1,0,20.87,714.41,661.49,704.0,-59.0,1247.1406,18.0,18.0,Super Ideal,E,VS1,1.08,IGI,2628.0
2465,Marlowe & Co,2,Round,1,1,0,23.7,723.0,669.44,712.0,-59.0,1265.568,18.0,18.0,Super Ideal,E,VS1,1.08,IGI,2628.0
2465,Michelle Kennedy,2,Round,1,1,0,12.55,726.0,672.22,715.0,-60.0,1289.3176,18.0,18.0,Super Ideal,E,VS1,1.08,IGI,2628.0
2465,N. B. Diamonds,2,Round,1,1,0,10.18,711.0,658.33,700.0,-60.0,1258.6046,18.0,18.0,Super Ideal,E,VS1,1.08,IGI,2628.0
2465,Nebula Stones,2,Round,1,1,0,17.43,720.38,667.02,710.0,-61.0,1309.2599,18.0,18.0,Super Ideal,E,VS1,1.08,IGI,2628.0
2465,Rosella,2,Round,1,1,0,11.02,707.0,654.63,696.0,-60.0,1272.5061,18.0,18.0,Super Ideal,E,VS1,1.08,IGI,2628.0
2465,Sigma Diamonds,2,Round,1,1,0,13.33,699.0,647.22,689.0,-61.0,1288.412,18.0,18.0,Super Ideal,E,VS1,1.08,IGI,2628.0
2465,Silva Diamonds,2,Round,1,1,0,12.45,701.0,649.07,690.0,-60.0,1242.4218,18.0,18.0,Super Ideal,E,VS1,1.08,IGI,2628.0
2465,Starlight Crafts,2,Round,1,1,0,11.73,698.0,646.3,688.0,-61.0,1271.5691,18.0,18.0,Super Ideal,E,VS1,1.08,IGI,2628.0
2465,Starlit Stones,2,Round,1,1,0,12.34,703.0,650.93,692.0,-61.0,1275.1328,18.0,18.0,Super Ideal,E,VS1,1.08,IGI,2628.0
2465,Taiga Gems,2,Round,1,1,0,12.53,726.0,672.22,715.0,-60.0,1301.6451,18.0,18.0,Super Ideal,E,VS1,1.08,IGI,2628.0
2465,Temperley,2,Round,1,1,0,21.7,728.0,674.07,717.0,-58.0,1242.2583,18.0,18.0,Super Ideal,E,VS1,1.08,IGI,2628.0
2465,Thalassa Gems,2,Round,1,1,0,10.87,706.0,653.7,695.0,-60.0,1277.7086,18.0,18.0,Super Ideal,E,VS1,1.08,IGI,2628.0
2465,Tierra Mia Diamonds,2,Round,1,1,0,13.32,715.0,662.04,704.0,-59.0,1242.3195,18.0,18.0,Super Ideal,E,VS1,1.08,IGI,2628.0
2465,Vespera Gems,2,Round,1,1,0,12.83,703.0,650.93,692.0,-61.0,1289.3176,18.0,18.0,Super Ideal,E,VS1,1.08,IGI,2628.0
2465,White Lily,2,Round,1,1,0,14.56,724.0,670.37,713.0,-59.0,1263.6143,18.0,18.0,Super Ideal,E,VS1,1.08,IGI,2628.0
2466,Michelle Kennedy,2,Round,1,1,0,17.39,1696.48,819.56,1671.0,-63.0,3306.9905,18.0,18.0,Ideal,I,VVS2,2.07,IGI,5517.5
2466,White Lily,2,Round,1,1,0,16.74,1710.0,826.09,1684.0,-63.0,3295.3276,18.0,18.0,Ideal,I,VVS2,2.07,IGI,5517.5
2473,Fabiola,2,Round,1,1,0,16.57,857.0,857.0,844.0,-60.0,1524.9396,18.0,18.0,Ideal,G,VVS1,1.0,IGI,2675.0
2473,Roma Diamonds,2,Round,1,1,0,12.38,1493.0,1493.0,1471.0,-29.0,1508.415,18.0,18.0,Ideal,G,VVS1,1.0,IGI,2675.0
2480,Marlowe & Co,2,Pear,1,1,0,10.1,411.0,495.18,405.0,-65.0,764.689,15.0,15.0,Very Good,D,VVS2,0.83,IGI,1620.0
2480,Michelle Kennedy,2,Pear,1,1,0,15.46,447.83,539.55,441.0,-65.0,818.4008,14.0,15.0,Very Good,D,VVS2,0.83,IGI,1620.0
2483,Elmwood Diamonds,2,Oval,1,1,0,19.42,3055.68,1427.89,3010.0,-48.0,3924.0925,15.0,15.0,Super Ideal,G,VS1,2.14,IGI,7590.0
2483,Fabiola,2,Oval,1,1,0,17.97,2241.74,1047.54,2208.0,-61.0,3856.5308,15.0,15.0,Super Ideal,G,VS1,2.14,IGI,7590.0
2483,Jane Brear,2,Oval,1,1,0,16.85,2198.61,1027.39,2166.0,-64.0,4067.2253,15.0,15.0,Super Ideal,G,VS1,2.14,IGI,7590.0
2483,Lotus Creation,2,Oval,1,1,0,17.92,2219.0,1036.92,2186.0,-62.0,3917.0222,15.0,15.0,Super Ideal,G,VS1,2.14,IGI,7590.0
2483,Michelle Kennedy,2,Oval,1,1,0,13.0,2223.0,1038.79,2190.0,-62.0,3910.1675,15.0,15.0,Super Ideal,G,VS1,2.14,IGI,7590.0
2483,Oasis Diamonds,2,Oval,1,1,0,12.48,2319.0,1083.64,2284.0,-59.0,3849.3601,15.0,15.0,Super Ideal,G,VS1,2.14,IGI,7590.0
2483,Temperley,2,Oval,1,1,0,16.94,2198.61,1027.39,2166.0,-62.0,3905.3997,15.0,15.0,Super Ideal,G,VS1,2.14,IGI,7590.0
2483,White Lily,2,Oval,1,1,0,20.41,2198.61,1027.39,2166.0,-62.0,3849.4036,15.0,15.0,Super Ideal,G,VS1,2.14,IGI,7590.0
2487,Michelle Kennedy,2,Round,1,1,0,12.28,1551.2,886.4,1528.0,-45.0,2014.7589,18.0,18.0,Ideal,J,VVS2,1.75,IGI,3210.0
2488,Cirrus Gems,2,Round,1,1,0,18.7,2197.65,872.08,2165.0,-61.0,4056.9797,18.0,18.0,Ideal,I,VS1,2.52,IGI,6960.0
2488,Michelle Kennedy,2,Round,1,1,0,15.09,2264.62,898.66,2231.0,-61.0,4134.6074,18.0,18.0,Ideal,I,VS1,2.52,IGI,6960.0
2488,Temperley,2,Round,1,1,0,13.58,2318.35,919.98,2284.0,-60.0,4193.1323,18.0,18.0,Ideal,I,VS1,2.52,IGI,6960.0
2490,Albert's Creations,2,Round,1,1,0,14.65,328.35,497.5,323.0,-47.0,443.1121,18.0,18.0,Ideal,E,SI2,0.66,IGI,730.0
2490,Jane Brear,2,Round,1,1,0,12.9,409.0,619.7,403.0,-28.0,405.5114,18.0,18.0,Ideal,E,SI2,0.66,IGI,730.0
2492,Temperley,2,Emerald,1,1,0,15.24,424.0,597.18,418.0,-44.0,490.609,14.0,15.0,Super Ideal,J,SI2,0.71,IGI,660.0
2493,Roma Diamonds,2,Round,1,1,0,13.43,1653.0,1291.41,1628.0,-29.0,1655.9624,18.0,18.0,Super Ideal,D,SI1,1.28,IGI,2460.0
2493,Temperley,2,Round,1,1,0,8.53,923.0,721.09,909.0,-60.0,1658.7709,18.0,18.0,Super Ideal,D,SI1,1.28,IGI,2460.0
