index,retailer,lab,shape,polish,symmetry,fluorescence,discount_%,retail_price,price_carat,wire_price,fair_price_diif,hidden_price,qualityScore,qualityMaxScore,cut,color,clarity,carat,report,price
3,Albert's Creations,2,Cushion,1,1,0,18.23,1337.28,874.04,1317.0,-63.0,2274.0161,15.0,15.0,Super Ideal,E,SI1,1.53,IGI,3510.0
3,Michelle Kennedy,2,Cushion,1,1,0,16.47,1348.22,881.19,1328.0,-59.0,2054.322,15.0,15.0,Super Ideal,E,SI1,1.53,IGI,3510.0
3,White Lily,2,Cushion,1,1,0,21.83,1321.0,863.4,1301.0,-64.0,2322.6067,15.0,15.0,Super Ideal,E,SI1,1.53,IGI,3510.0
8,Jane Brear,2,Round,1,1,0,7.46,2403.0,1201.5,2367.0,-19.0,2132.3992,18.0,18.0,Super Ideal,I,SI1,2.0,IGI,4125.0
8,White Lily,2,Round,1,1,0,10.04,2403.0,1201.5,2367.0,-24.0,2265.6067,18.0,18.0,Super Ideal,I,SI1,2.0,IGI,4125.0
10,Avignon Diamonds,2,Round,1,1,0,14.76,874.0,693.65,861.0,-62.0,1667.7473,18.0,18.0,Ideal,E,VS1,1.26,IGI,3100.0
10,Clermont Diamonds,2,Round,1,1,0,11.4,852.0,676.19,839.0,-63.0,1651.4746,18.0,18.0,Ideal,E,VS1,1.26,IGI,3100.0
10,Emilia Sterling,2,Round,1,1,0,11.93,833.0,661.11,821.0,-64.0,1635.2277,18.0,18.0,Ideal,E,VS1,1.26,IGI,3100.0
10,Jane Brear,2,Round,1,1,0,12.27,874.0,693.65,861.0,-62.0,1662.0001,18.0,18.0,Ideal,E,VS1,1.26,IGI,3100.0
10,Kara,2,Round,1,1,0,15.26,883.56,701.24,870.0,-61.0,1630.403,18.0,18.0,Ideal,E,VS1,1.26,IGI,3100.0
10,Lotus Creation,2,Round,1,1,0,18.86,855.12,678.67,842.0,-63.0,1648.7615,18.0,18.0,Ideal,E,VS1,1.26,IGI,3100.0
10,Magnolia,2,Round,1,1,0,15.5,837.0,664.29,824.0,-63.0,1625.4873,18.0,18.0,Ideal,E,VS1,1.26,IGI,3100.0
10,Marlowe & Co,2,Round,1,1,0,10.24,870.0,690.48,857.0,-62.0,1631.91,18.0,18.0,Ideal,E,VS1,1.26,IGI,3100.0
10,Meridian Crafts,2,Round,1,1,0,13.72,841.0,667.46,828.0,-63.0,1646.9896,18.0,18.0,Ideal,E,VS1,1.26,IGI,3100.0
10,Nebula Stones,2,Round,1,1,0,14.23,864.0,685.71,851.0,-62.0,1611.8027,18.0,18.0,Ideal,E,VS1,1.26,IGI,3100.0
10,Oasis Diamonds,2,Round,1,1,0,14.23,896.0,711.11,883.0,-62.0,1695.7644,18.0,18.0,Ideal,E,VS1,1.26,IGI,3100.0
10,Periwinkle Stones,2,Round,1,1,0,13.97,871.0,691.27,858.0,-62.0,1655.3157,18.0,18.0,Ideal,E,VS1,1.26,IGI,3100.0
10,Riviera Jewels,2,Round,1,1,0,11.46,845.0,670.63,832.0,-64.0,1659.8019,18.0,18.0,Ideal,E,VS1,1.26,IGI,3100.0
10,Roma Diamonds,2,Round,1,1,0,13.57,1598.0,1268.25,1574.0,-30.0,1636.8611,18.0,18.0,Ideal,E,VS1,1.26,IGI,3100.0
10,Silva Diamonds,2,Round,1,1,0,12.6,841.0,667.46,828.0,-63.0,1633.9219,18.0,18.0,Ideal,E,VS1,1.26,IGI,3100.0
10,Simetría,2,Round,1,1,0,14.91,841.0,667.46,828.0,-63.0,1647.0541,18.0,18.0,Ideal,E,VS1,1.26,IGI,3100.0
10,Starlight Crafts,2,Round,1,1,0,10.65,839.0,665.87,826.0,-63.0,1610.0809,18.0,18.0,Ideal,E,VS1,1.26,IGI,3100.0
10,Taiga Gems,2,Round,1,1,0,17.37,833.0,661.11,821.0,-64.0,1655.9763,18.0,18.0,Ideal,E,VS1,1.26,IGI,3100.0
10,Temperley,2,Round,1,1,0,17.26,879.0,697.62,866.0,-61.0,1600.1837,18.0,18.0,Ideal,E,VS1,1.26,IGI,3100.0
10,United Diam,2,Round,1,1,0,13.73,839.68,666.41,827.0,-63.0,1637.7843,18.0,18.0,Ideal,E,VS1,1.26,IGI,3100.0
10,Verve Jewels,2,Round,1,1,0,93.83,852.0,676.19,839.0,-63.0,1669.7981,18.0,18.0,Ideal,E,VS1,1.26,IGI,3100.0
10,White Lily,2,Round,1,1,0,13.36,870.0,690.48,857.0,-63.0,1663.7306,18.0,18.0,Ideal,E,VS1,1.26,IGI,3100.0
11,Temperley,2,Round,1,1,0,19.76,2772.0,1237.5,2730.0,-25.0,2637.4932,18.0,18.0,Ideal,J,VS2,2.24,IGI,3980.0
15,Marlowe & Co,2,Round,1,1,0,16.18,338.3,563.83,333.0,-50.0,480.711,18.0,18.0,Super Ideal,F,VS1,0.6,IGI,810.0
16,Roma Diamonds,2,Round,1,1,0,12.32,1909.0,871.69,1880.0,-58.0,3263.4905,18.0,18.0,Ideal,G,VS2,2.19,IGI,6610.0
16,Tamara,2,Round,1,1,0,15.05,1937.0,884.47,1908.0,-58.0,3280.4844,18.0,18.0,Ideal,G,VS2,2.19,IGI,6610.0
16,Temperley,2,Round,1,1,0,17.39,1951.0,890.87,1922.0,-57.0,3254.0732,18.0,18.0,Ideal,G,VS2,2.19,IGI,6610.0
17,Albert's Creations,2,Princess,1,1,0,10.98,666.0,740.0,656.0,-57.0,991.3956,15.0,15.0,Super Ideal,E,VS2,0.9,IGI,1780.0
17,CV Diamonds,2,Princess,1,2,0,12.81,692.0,768.89,682.0,-53.0,940.8798,15.0,15.0,Super Ideal,E,VS2,0.9,IGI,1780.0
17,Hoseki,2,Princess,1,1,0,15.12,682.0,757.78,672.0,-55.0,967.672,15.0,15.0,Super Ideal,E,VS2,0.9,IGI,1780.0
17,Vega Diamonds,2,Princess,1,1,0,18.91,646.0,717.78,636.0,-59.0,1001.7484,15.0,15.0,Super Ideal,E,VS2,0.9,IGI,1780.0
19,Jane Brear,2,Emerald,1,1,0,17.27,1901.0,913.94,1872.0,-60.0,3072.1741,15.0,15.0,Super Ideal,H,VS1,2.08,IGI,6700.0
19,Nebula Stones,2,Emerald,1,1,0,14.16,1954.18,939.51,1925.0,-60.0,3103.2212,15.0,15.0,Super Ideal,H,VS1,2.08,IGI,6700.0
19,Periwinkle Stones,2,Emerald,1,1,0,19.37,1877.0,902.4,1849.0,-61.0,3111.906,15.0,15.0,Super Ideal,H,VS1,2.08,IGI,6700.0
19,Stellar Radiance,2,Emerald,1,1,0,13.67,1884.53,906.02,1856.0,-61.0,3102.697,15.0,15.0,Super Ideal,H,VS1,2.08,IGI,6700.0
19,Taiga Gems,2,Emerald,1,1,0,14.64,1918.0,922.12,1889.0,-61.0,3129.3635,15.0,15.0,Super Ideal,H,VS1,2.08,IGI,6700.0
19,Temperley,2,Emerald,1,1,0,12.56,1913.38,919.89,1885.0,-61.0,3138.3201,15.0,15.0,Super Ideal,H,VS1,2.08,IGI,6700.0
23,Hazel Diamonds,2,Emerald,2,2,0,16.04,347.0,568.85,342.0,-22.0,286.0438,14.0,15.0,Very Good,I,VVS2,0.61,IGI,610.0
24,Bayside Gems,2,Oval,1,1,0,12.75,797.0,789.11,785.0,-53.0,1141.823,15.0,15.0,Super Ideal,D,SI1,1.01,IGI,1960.0
24,Jane Brear,2,Oval,1,1,0,14.51,820.88,812.75,809.0,-53.0,1182.7837,15.0,15.0,Super Ideal,D,SI1,1.01,IGI,1960.0
24,Oasis Diamonds,2,Oval,1,1,0,16.82,811.92,803.88,800.0,-53.0,1170.775,15.0,15.0,Super Ideal,D,SI1,1.01,IGI,1960.0
24,Periwinkle Stones,2,Oval,1,1,0,13.63,827.84,819.64,815.0,-52.0,1160.3794,15.0,15.0,Super Ideal,D,SI1,1.01,IGI,1960.0
24,Serene Peaks Diamonds,2,Oval,1,1,0,14.37,801.97,794.03,790.0,-53.0,1156.6179,15.0,15.0,Super Ideal,D,SI1,1.01,IGI,1960.0
24,Taiga Gems,2,Oval,1,1,0,13.43,802.0,794.06,790.0,-54.0,1173.6075,15.0,15.0,Super Ideal,D,SI1,1.01,IGI,1960.0
24,Vega Diamonds,2,Oval,1,1,0,17.71,776.95,769.26,765.0,-55.0,1159.134,15.0,15.0,Super Ideal,D,SI1,1.01,IGI,1960.0
25,Michelle Kennedy,2,Round,1,1,0,15.23,2731.0,1351.98,2690.0,-12.0,2209.792,17.0,18.0,Ideal,J,VS2,2.02,IGI,3844.62
26,White Lily,2,Round,1,1,0,23.08,1838.0,909.9,1810.0,-60.0,3269.4558,15.0,18.0,Very Good,G,VS2,2.02,IGI,7270.0
32,Jane Brear,2,Round,1,1,0,20.15,361.0,601.67,356.0,-48.0,494.0827,18.0,18.0,Super Ideal,E,VS1,0.6,IGI,850.0
32,Mei & Co,2,Round,2,1,0,13.78,326.36,543.93,321.0,-52.0,490.5002,18.0,18.0,Super Ideal,E,VS1,0.6,IGI,850.0
32,Michelle Kennedy,2,Round,1,1,0,12.85,324.0,540.0,319.0,-52.0,482.897,18.0,18.0,Super Ideal,E,VS1,0.6,IGI,850.0
32,Temperley,2,Round,1,1,0,10.37,352.0,586.67,347.0,-49.0,498.5102,18.0,18.0,Super Ideal,E,VS1,0.6,IGI,850.0
32,White Lily,2,Round,2,1,0,11.86,318.0,530.0,313.0,-53.0,484.3254,18.0,18.0,Super Ideal,E,VS1,0.6,IGI,850.0
33,Avignon Diamonds,2,Round,1,1,0,12.13,688.0,681.19,678.0,-68.0,1551.7551,18.0,18.0,Ideal,D,VS2,1.01,IGI,2298.0
33,Camden Gems,2,Round,1,1,0,10.08,685.0,678.22,675.0,-68.0,1550.2933,18.0,18.0,Ideal,D,VS2,1.01,IGI,2298.0
33,Cirrus Gems,2,Round,1,1,0,13.76,698.77,691.85,688.0,-69.0,1595.6093,18.0,18.0,Ideal,D,VS2,1.01,IGI,2298.0
33,Clermont Diamonds,2,Round,1,1,0,13.44,690.0,683.17,680.0,-69.0,1572.3739,18.0,18.0,Ideal,D,VS2,1.01,IGI,2298.0
33,Infinity Diamonds,2,Round,1,1,0,10.3,696.0,689.11,686.0,-68.0,1536.7062,18.0,18.0,Ideal,D,VS2,1.01,IGI,2298.0
33,Jane Brear,2,Round,1,1,0,10.14,706.0,699.01,695.0,-67.0,1530.4052,18.0,18.0,Ideal,D,VS2,1.01,IGI,2298.0
33,Marlowe & Co,2,Round,2,2,0,14.4,701.0,694.06,690.0,-67.0,1521.2249,18.0,18.0,Ideal,D,VS2,1.01,IGI,2298.0
33,Michelle Kennedy,2,Round,1,1,0,14.47,707.0,700.0,696.0,-67.0,1553.6052,18.0,18.0,Ideal,D,VS2,1.01,IGI,2298.0
33,N. B. Diamonds,2,Round,1,1,0,11.73,687.0,680.2,677.0,-69.0,1566.9375,18.0,18.0,Ideal,D,VS2,1.01,IGI,2298.0
33,Nebula Stones,2,Round,1,1,0,15.05,695.5,688.61,685.0,-67.0,1497.4146,18.0,18.0,Ideal,D,VS2,1.01,IGI,2298.0
33,Oasis Diamonds,2,Round,1,1,0,13.98,727.34,720.14,716.0,-67.0,1566.5107,18.0,18.0,Ideal,D,VS2,1.01,IGI,2298.0
33,Periwinkle Stones,2,Round,1,1,0,9.9,707.0,700.0,696.0,-68.0,1577.1516,18.0,18.0,Ideal,D,VS2,1.01,IGI,2298.0
33,Riviera Jewels,2,Round,1,1,0,12.08,685.0,678.22,675.0,-68.0,1537.9425,18.0,18.0,Ideal,D,VS2,1.01,IGI,2298.0
33,Roma Diamonds,2,Round,1,1,0,53.79,690.0,683.17,680.0,-69.0,1573.7206,18.0,18.0,Ideal,D,VS2,1.01,IGI,2298.0
33,Serenade Diamonds,2,Round,1,1,0,13.47,687.0,680.2,677.0,-69.0,1580.2148,18.0,18.0,Ideal,D,VS2,1.01,IGI,2298.0
33,Starlight Crafts,2,Round,1,1,0,12.55,687.0,680.2,677.0,-68.0,1549.9437,18.0,18.0,Ideal,D,VS2,1.01,IGI,2298.0
33,Stellar Radiance,2,Round,1,1,0,15.43,683.0,676.24,673.0,-68.0,1512.6572,18.0,18.0,Ideal,D,VS2,1.01,IGI,2298.0
33,Tamara,2,Round,1,1,0,13.05,704.46,697.49,694.0,-68.0,1555.8083,18.0,18.0,Ideal,D,VS2,1.01,IGI,2298.0
33,Temperley,2,Round,1,1,0,16.35,711.0,703.96,700.0,-67.0,1563.5853,18.0,18.0,Ideal,D,VS2,1.01,IGI,2298.0
33,Thalassa Gems,2,Round,1,1,0,12.6,685.0,678.22,675.0,-68.0,1518.6912,18.0,18.0,Ideal,D,VS2,1.01,IGI,2298.0
33,Vega Diamonds,2,Round,1,1,0,11.88,673.0,666.34,663.0,-69.0,1577.59,18.0,18.0,Ideal,D,VS2,1.01,IGI,2298.0
33,White Lily,2,Round,1,1,0,12.79,713.0,705.94,702.0,-68.0,1575.9478,18.0,18.0,Ideal,D,VS2,1.01,IGI,2298.0
44,Cirrus Gems,2,Round,1,1,0,21.47,1221.88,798.61,1204.0,-57.0,2019.1158,18.0,18.0,Super Ideal,H,VS1,1.53,IGI,3740.0
44,Clermont Diamonds,2,Round,1,1,0,13.07,1223.0,799.35,1205.0,-57.0,2016.8273,18.0,18.0,Super Ideal,H,VS1,1.53,IGI,3740.0
44,Hazel Diamonds,2,Round,2,2,0,12.34,1182.0,772.55,1164.0,-58.0,2032.2317,18.0,18.0,Super Ideal,H,VS1,1.53,IGI,3740.0
44,Temperley,2,Round,1,1,0,19.35,1234.8,807.06,1216.0,-57.0,2076.0562,18.0,18.0,Super Ideal,H,VS1,1.53,IGI,3740.0
47,Hoseki,2,Round,1,1,0,10.67,307.0,614.0,302.0,-60.0,548.1324,18.0,18.0,Super Ideal,E,VVS2,0.5,IGI,860.0
47,Temperley,2,Round,1,1,0,13.52,407.0,814.0,401.0,-47.0,550.371,18.0,18.0,Super Ideal,E,VVS2,0.5,IGI,860.0
47,White Lily,2,Round,1,1,0,21.59,329.34,658.68,324.0,-56.0,534.0583,18.0,18.0,Super Ideal,E,VVS2,0.5,IGI,860.0
49,Taiga Gems,2,Round,1,1,0,27.33,549.0,571.88,541.0,-55.0,868.4823,18.0,18.0,Super Ideal,I,VS1,0.96,IGI,2680.0
50,Jane Brear,2,Oval,1,1,0,17.18,1715.0,853.23,1689.0,-58.0,2737.9292,15.0,15.0,Super Ideal,I,VS1,2.01,IGI,5160.0
55,Eterna Luxe,2,Round,1,1,0,12.46,645.0,693.55,635.0,-55.0,1032.2917,18.0,18.0,Ideal,E,VS1,0.93,IGI,1950.0
55,Genesis Stones,2,Round,1,1,0,13.73,699.73,752.4,689.0,-53.0,1059.04,17.0,18.0,Ideal,E,VS1,0.93,IGI,1950.0
55,Jane Brear,2,Round,1,1,0,12.43,652.0,701.08,642.0,-56.0,1062.6189,18.0,18.0,Ideal,E,VS1,0.93,IGI,1950.0
55,Lotus Creation,2,Round,1,1,0,16.94,642.79,691.17,633.0,-56.0,1052.0284,18.0,18.0,Ideal,E,VS1,0.93,IGI,1950.0
55,Magnolia,2,Round,2,2,0,13.23,632.0,679.57,623.0,-57.0,1043.7284,18.0,18.0,Ideal,E,VS1,0.93,IGI,1950.0
55,Michelle Kennedy,2,Round,1,1,0,14.32,660.0,709.68,650.0,-54.0,1023.5692,18.0,18.0,Ideal,E,VS1,0.93,IGI,1950.0
55,Nova Stars,2,Round,1,1,0,43.5,629.84,677.25,620.0,-57.0,1045.7318,18.0,18.0,Ideal,E,VS1,0.93,IGI,1950.0
55,Starlight Crafts,2,Round,1,1,0,11.15,645.0,693.55,635.0,-57.0,1066.2363,18.0,18.0,Ideal,E,VS1,0.93,IGI,1950.0
55,Tamara,2,Round,1,1,0,16.46,643.0,691.4,633.0,-55.0,1023.7432,18.0,18.0,Ideal,E,VS1,0.93,IGI,1950.0
55,Temperley,2,Round,1,1,0,11.42,648.0,696.77,638.0,-56.0,1061.8768,18.0,18.0,Ideal,E,VS1,0.93,IGI,1950.0
55,Verve Jewels,2,Round,1,1,0,90.48,622.0,668.82,613.0,-57.0,1044.0762,18.0,18.0,Ideal,E,VS1,0.93,IGI,1950.0
55,Westminster Diamonds,2,Round,1,1,0,13.2,640.0,688.17,630.0,-58.0,1082.0807,18.0,18.0,Ideal,E,VS1,0.93,IGI,1950.0
55,White Lily,2,Round,1,1,0,10.73,656.7,706.13,647.0,-56.0,1071.0995,18.0,18.0,Ideal,E,VS1,0.93,IGI,1950.0
57,Artemis Stones,2,Round,1,1,0,15.19,1072.28,794.28,1056.0,-54.0,1667.7883,18.0,18.0,Super Ideal,E,VS1,1.35,IGI,3430.0
57,Blackbird Gems,2,Round,1,1,0,14.28,1074.6,796.0,1058.0,-54.0,1669.6716,18.0,18.0,Super Ideal,E,VS1,1.35,IGI,3430.0
57,Camden Gems,2,Round,1,1,0,13.56,1041.76,771.67,1026.0,-56.0,1676.4374,18.0,18.0,Super Ideal,E,VS1,1.35,IGI,3430.0
57,Cirrus Gems,2,Round,1,1,0,14.06,1033.68,765.69,1018.0,-56.0,1683.8732,18.0,18.0,Super Ideal,E,VS1,1.35,IGI,3430.0
57,Clermont Diamonds,2,Round,1,1,0,11.78,1060.0,785.19,1044.0,-55.0,1690.0332,18.0,18.0,Super Ideal,E,VS1,1.35,IGI,3430.0
57,Ember Star,2,Round,1,1,0,14.15,1020.0,755.56,1005.0,-56.0,1665.5219,18.0,18.0,Super Ideal,E,VS1,1.35,IGI,3430.0
57,Emilia Sterling,2,Round,1,1,0,13.2,1044.0,773.33,1028.0,-55.0,1654.5876,18.0,18.0,Super Ideal,E,VS1,1.35,IGI,3430.0
57,Eternity Fine Jewelers,2,Round,1,1,0,15.29,1061.66,786.41,1046.0,-55.0,1688.0098,18.0,18.0,Super Ideal,E,VS1,1.35,IGI,3430.0
57,Fabiola,2,Round,1,1,0,15.77,1047.0,775.56,1031.0,-56.0,1703.1543,18.0,18.0,Super Ideal,E,VS1,1.35,IGI,3430.0
57,Gemstone Harmony,2,Round,1,1,0,11.83,1058.0,783.7,1042.0,-54.0,1652.5333,18.0,18.0,Super Ideal,E,VS1,1.35,IGI,3430.0
57,Jane Brear,2,Round,1,1,0,13.82,1082.0,801.48,1066.0,-53.0,1637.4435,18.0,18.0,Super Ideal,E,VS1,1.35,IGI,3430.0
57,Magnolia,2,Round,1,1,0,15.27,1047.0,775.56,1031.0,-55.0,1662.5062,18.0,18.0,Super Ideal,E,VS1,1.35,IGI,3430.0
57,Marlowe & Co,2,Round,1,1,0,14.78,1105.44,818.84,1089.0,-53.0,1691.1393,18.0,18.0,Super Ideal,E,VS1,1.35,IGI,3430.0
57,Michelle Kennedy,2,Round,1,1,0,10.62,1103.46,817.38,1087.0,-54.0,1702.5125,18.0,18.0,Super Ideal,E,VS1,1.35,IGI,3430.0
57,Oasis Diamonds,2,Round,1,1,0,13.57,1103.46,817.38,1087.0,-52.0,1644.0795,18.0,18.0,Super Ideal,E,VS1,1.35,IGI,3430.0
57,Periwinkle Stones,2,Round,1,1,0,14.34,1084.0,802.96,1068.0,-53.0,1640.7743,18.0,18.0,Super Ideal,E,VS1,1.35,IGI,3430.0
57,Riviera Jewels,2,Round,1,1,0,11.66,1056.0,782.22,1040.0,-54.0,1639.1501,18.0,18.0,Super Ideal,E,VS1,1.35,IGI,3430.0
57,Roma Diamonds,2,Round,1,1,0,11.12,1062.0,786.67,1046.0,-54.0,1663.2969,18.0,18.0,Super Ideal,E,VS1,1.35,IGI,3430.0
57,Sigma Diamonds,2,Round,1,1,0,14.04,1049.0,777.04,1033.0,-54.0,1645.4014,18.0,18.0,Super Ideal,E,VS1,1.35,IGI,3430.0
57,Silva Diamonds,2,Round,1,1,0,14.21,1052.0,779.26,1036.0,-56.0,1698.0323,18.0,18.0,Super Ideal,E,VS1,1.35,IGI,3430.0
57,Simetría,2,Round,1,1,0,11.26,1061.66,786.41,1046.0,-55.0,1684.9346,18.0,18.0,Super Ideal,E,VS1,1.35,IGI,3430.0
57,Starlight Crafts,2,Round,1,1,0,13.16,1047.0,775.56,1031.0,-55.0,1677.4478,18.0,18.0,Super Ideal,E,VS1,1.35,IGI,3430.0
57,Taiga Gems,2,Round,1,1,0,14.23,1070.0,792.59,1054.0,-53.0,1634.2902,18.0,18.0,Super Ideal,E,VS1,1.35,IGI,3430.0
57,Temperley,2,Round,1,1,0,14.4,1108.96,821.45,1092.0,-52.0,1653.3379,18.0,18.0,Super Ideal,E,VS1,1.35,IGI,3430.0
57,United Diam,2,Round,1,1,0,17.66,1023.0,757.78,1008.0,-57.0,1708.3146,18.0,18.0,Super Ideal,E,VS1,1.35,IGI,3430.0
57,White Lily,2,Round,1,1,0,14.87,1094.5,810.74,1078.0,-53.0,1663.6432,18.0,18.0,Super Ideal,E,VS1,1.35,IGI,3430.0
59,Jane Brear,2,Round,1,1,0,12.86,1279.0,926.81,1260.0,-53.0,1966.5521,18.0,18.0,Super Ideal,G,VVS1,1.38,IGI,4000.0
59,Sunset Gems,2,Round,1,1,0,19.43,1260.0,913.04,1241.0,-56.0,2031.5188,18.0,18.0,Super Ideal,G,VVS1,1.38,IGI,4000.0
70,Albert's Creations,2,Round,1,1,0,11.98,349.0,478.08,344.0,-61.0,633.5867,18.0,18.0,Ideal,D,VS1,0.73,IGI,1480.0
70,Ember Star,2,Round,1,1,0,10.59,351.0,480.82,346.0,-59.0,606.8929,18.0,18.0,Ideal,D,VS1,0.73,IGI,1480.0
70,Eternity Fine Jewelers,2,Round,1,1,0,21.47,349.24,478.41,344.0,-60.0,627.3147,18.0,18.0,Ideal,D,VS1,0.73,IGI,1480.0
70,Iris Diamonds,2,Round,1,1,0,90.01,349.0,478.08,344.0,-61.0,634.4498,18.0,18.0,Ideal,D,VS1,0.73,IGI,1480.0
70,Jane Brear,2,Round,1,1,0,14.57,398.0,545.21,392.0,-53.0,608.5367,18.0,18.0,Ideal,D,VS1,0.73,IGI,1480.0
70,Knox Diamonds,2,Round,1,1,0,14.97,348.0,476.71,343.0,-62.0,647.2646,18.0,18.0,Ideal,D,VS1,0.73,IGI,1480.0
70,Lotus Creation,2,Round,1,1,0,26.81,348.42,477.29,343.0,-60.0,624.3806,18.0,18.0,Ideal,D,VS1,0.73,IGI,1480.0
70,Marlowe & Co,2,Round,1,1,0,23.24,398.0,545.21,392.0,-53.0,608.1346,18.0,18.0,Ideal,D,VS1,0.73,IGI,1480.0
70,Mei & Co,2,Round,1,1,0,24.87,346.26,474.33,341.0,-60.0,624.058,18.0,18.0,Ideal,D,VS1,0.73,IGI,1480.0
70,Michelle Kennedy,2,Round,1,1,0,10.72,384.0,526.03,378.0,-54.0,593.7545,18.0,18.0,Ideal,D,VS1,0.73,IGI,1480.0
70,Rosella,2,Round,2,2,0,14.0,334.0,457.53,329.0,-62.0,628.68,18.0,18.0,Ideal,D,VS1,0.73,IGI,1480.0
70,Simetría,2,Round,1,1,0,10.91,341.28,467.51,336.0,-59.0,601.6589,18.0,18.0,Ideal,D,VS1,0.73,IGI,1480.0
70,Temperley,2,Round,1,1,0,14.73,377.0,516.44,371.0,-57.0,629.5958,18.0,18.0,Ideal,D,VS1,0.73,IGI,1480.0
70,White Lily,2,Round,1,1,0,9.53,405.0,554.79,399.0,-54.0,624.6697,18.0,18.0,Ideal,D,VS1,0.73,IGI,1480.0
72,Michelle Kennedy,2,Round,1,1,0,13.9,1697.0,844.28,1672.0,-63.0,3246.6936,18.0,18.0,Ideal,I,VVS2,2.01,IGI,5355.0
72,Taiga Gems,2,Round,1,1,0,12.62,1708.42,849.96,1683.0,-62.0,3185.3684,18.0,18.0,Ideal,I,VVS2,2.01,IGI,5355.0
72,Temperley,2,Round,1,1,0,12.94,3747.17,1864.26,3691.0,-24.0,3516.0879,17.0,18.0,Ideal,I,VVS2,2.01,IGI,5355.0
72,White Lily,2,Round,2,1,0,16.91,1697.0,844.28,1672.0,-63.0,3282.9976,18.0,18.0,Ideal,I,VVS2,2.01,IGI,5355.0
75,Jane Brear,2,Pear,1,2,0,11.96,333.32,666.64,328.0,-32.0,315.8152,15.0,15.0,Super Ideal,I,SI1,0.5,IGI,475.0
75,Michelle Kennedy,2,Pear,1,2,0,14.93,333.32,666.64,328.0,-26.0,294.0048,15.0,15.0,Super Ideal,I,SI1,0.5,IGI,475.0
75,Temperley,2,Pear,2,2,0,14.69,333.32,666.64,328.0,-44.0,386.9174,15.0,15.0,Super Ideal,I,SI1,0.5,IGI,475.0
75,White Lily,2,Pear,1,2,0,12.58,333.32,666.64,328.0,-35.0,334.9595,15.0,15.0,Super Ideal,I,SI1,0.5,IGI,475.0
77,Kara,2,Pear,1,1,0,21.85,371.14,475.82,366.0,-55.0,529.2906,15.0,15.0,Very Good,E,VVS2,0.78,IGI,1350.0
77,Michelle Kennedy,2,Pear,2,2,0,14.24,431.83,553.63,425.0,-49.0,546.2521,14.0,15.0,Very Good,E,VVS2,0.78,IGI,1350.0
77,Vega Diamonds,2,Pear,1,1,0,16.71,341.66,438.03,337.0,-60.0,548.4579,14.0,15.0,Very Good,E,VVS2,0.78,IGI,1350.0
85,Taiga Gems,2,Round,1,1,0,16.82,730.0,603.31,719.0,-62.0,1364.5497,18.0,18.0,Super Ideal,I,VS1,1.21,IGI,2092.86
86,Cirrus Gems,2,Round,1,1,0,17.03,1575.12,921.12,1551.0,-49.0,2196.5027,18.0,18.0,Super Ideal,F,VS2,1.71,IGI,4940.0
86,Clermont Diamonds,2,Round,1,1,0,14.98,1609.91,941.47,1586.0,-49.0,2260.3416,18.0,18.0,Super Ideal,F,VS2,1.71,IGI,4940.0
86,Jane Brear,2,Round,1,1,0,14.97,1646.72,962.99,1622.0,-48.0,2258.1785,18.0,18.0,Super Ideal,F,VS2,1.71,IGI,4940.0
86,Lotus Creation,2,Round,1,1,0,16.08,1597.32,934.11,1573.0,-49.0,2235.3162,18.0,18.0,Super Ideal,F,VS2,1.71,IGI,4940.0
86,Periwinkle Stones,2,Round,1,1,0,15.9,1676.58,980.46,1651.0,-47.0,2257.6545,18.0,18.0,Super Ideal,F,VS2,1.71,IGI,4940.0
86,Roma Diamonds,2,Round,1,1,0,13.98,2678.0,1566.08,2638.0,-13.0,2213.5962,18.0,18.0,Super Ideal,F,VS2,1.71,IGI,4940.0
86,Temperley,2,Round,1,1,0,14.06,1619.52,947.09,1595.0,-48.0,2241.9675,18.0,18.0,Super Ideal,F,VS2,1.71,IGI,4940.0
86,White Lily,2,Round,1,1,0,15.77,1653.69,967.07,1629.0,-47.0,2252.0889,18.0,18.0,Super Ideal,F,VS2,1.71,IGI,4940.0
88,Cirrus Gems,2,Round,1,1,0,16.84,742.2,634.36,731.0,-58.0,1279.7965,18.0,18.0,Ideal,F,VS2,1.17,IGI,2310.0
88,Ember Star,2,Round,1,1,0,13.85,730.0,623.93,719.0,-59.0,1275.1243,18.0,18.0,Ideal,F,VS2,1.17,IGI,2310.0
88,Iris Diamonds,2,Round,1,1,0,18.64,747.0,638.46,736.0,-57.0,1257.3967,18.0,18.0,Ideal,F,VS2,1.17,IGI,2310.0
88,Magnolia,2,Round,1,1,0,13.42,744.0,635.9,733.0,-58.0,1265.826,17.0,18.0,Ideal,F,VS2,1.17,IGI,2310.0
88,Marlowe & Co,2,Round,1,1,0,15.4,851.72,727.97,839.0,-53.0,1309.5427,18.0,18.0,Ideal,F,VS2,1.17,IGI,2310.0
88,Michelle Kennedy,2,Round,1,1,0,13.74,854.7,730.51,842.0,-51.0,1261.2318,18.0,18.0,Ideal,F,VS2,1.17,IGI,2310.0
88,Serene Peaks Diamonds,2,Round,1,1,0,17.84,754.0,644.44,743.0,-57.0,1265.9333,18.0,18.0,Ideal,F,VS2,1.17,IGI,2310.0
88,Temperley,2,Round,1,1,0,56.53,939.09,802.64,925.0,-46.0,1253.3151,18.0,18.0,Ideal,F,VS2,1.17,IGI,2310.0
88,White Lily,2,Round,1,1,0,17.55,778.0,664.96,766.0,-56.0,1264.796,18.0,18.0,Ideal,F,VS2,1.17,IGI,2310.0
92,Jane Brear,2,Round,1,1,0,14.52,3134.0,1380.62,3087.0,-60.0,5671.5654,18.0,18.0,Ideal,F,VVS2,2.27,IGI,11345.0
92,Michelle Kennedy,2,Round,1,1,0,17.85,2971.07,1308.84,2927.0,-61.0,5503.5693,18.0,18.0,Ideal,F,VVS2,2.27,IGI,11345.0
92,Periwinkle Stones,2,Round,1,1,0,14.71,2895.0,1275.33,2852.0,-64.0,5795.6606,18.0,18.0,Ideal,F,VVS2,2.27,IGI,11345.0
92,Roma Diamonds,2,Round,1,1,0,12.95,2851.0,1255.95,2808.0,-64.0,5622.5439,18.0,18.0,Ideal,F,VVS2,2.27,IGI,11345.0
92,Tamara,2,Round,1,1,0,11.06,2886.0,1271.37,2843.0,-63.0,5516.8994,18.0,18.0,Ideal,F,VVS2,2.27,IGI,11345.0
92,Temperley,2,Round,1,1,0,13.79,2864.0,1261.67,2821.0,-63.0,5557.4131,18.0,18.0,Ideal,F,VVS2,2.27,IGI,11345.0
96,Taiga Gems,2,Emerald,1,1,0,19.6,748.0,755.56,737.0,-59.0,1160.1783,15.0,15.0,Super Ideal,G,VVS2,0.99,IGI,1770.0
96,Vega Diamonds,2,Emerald,1,1,0,23.0,737.0,744.44,726.0,-58.0,1123.876,15.0,15.0,Super Ideal,G,VVS2,0.99,IGI,1770.0
101,Albert's Creations,2,Round,1,1,0,13.43,4599.0,1527.91,4530.0,-66.0,9654.8945,18.0,18.0,Super Ideal,F,VS1,3.01,IGI,18660.0
101,Avignon Diamonds,2,Round,1,1,0,13.57,4467.0,1484.05,4400.0,-65.0,9081.0332,18.0,18.0,Super Ideal,F,VS1,3.01,IGI,18660.0
101,Bayside Gems,2,Round,1,1,0,16.34,4776.0,1586.71,4704.0,-65.0,9679.1064,18.0,18.0,Super Ideal,F,VS1,3.01,IGI,18660.0
101,Clermont Diamonds,2,Round,1,1,0,13.14,4588.0,1524.25,4519.0,-64.0,9086.2295,18.0,18.0,Super Ideal,F,VS1,3.01,IGI,18660.0
101,Cornerstone,2,Round,1,1,0,13.34,4505.0,1496.68,4437.0,-66.0,9597.9268,18.0,18.0,Super Ideal,F,VS1,3.01,IGI,18660.0
101,Diamonds by Zoya,2,Round,1,1,0,95.67,4594.0,1526.25,4525.0,-64.0,9206.9922,18.0,18.0,Super Ideal,F,VS1,3.01,IGI,18660.0
101,Emilia Sterling,2,Round,1,1,0,95.8,4431.0,1472.09,4365.0,-66.0,9361.3535,18.0,18.0,Super Ideal,F,VS1,3.01,IGI,18660.0
101,Eterna Luxe,2,Round,1,1,0,14.34,4622.0,1535.55,4553.0,-65.0,9471.6748,18.0,18.0,Super Ideal,F,VS1,3.01,IGI,18660.0
101,Hill & Holland,2,Round,1,1,0,12.51,4718.29,1567.54,4648.0,-66.0,9846.5723,18.0,18.0,Super Ideal,F,VS1,3.01,IGI,18660.0
101,Hoseki,2,Round,1,1,0,13.22,4674.0,1552.82,4604.0,-65.0,9490.3076,18.0,18.0,Super Ideal,F,VS1,3.01,IGI,18660.0
101,Jane Brear,2,Round,1,1,0,12.29,4763.0,1582.39,4692.0,-65.0,9671.5322,18.0,18.0,Super Ideal,F,VS1,3.01,IGI,18660.0
101,Mei & Co,2,Round,1,1,0,13.46,4609.0,1531.23,4540.0,-64.0,9091.4111,18.0,18.0,Super Ideal,F,VS1,3.01,IGI,18660.0
101,Michelle Kennedy,2,Round,1,1,0,13.21,4596.0,1526.91,4527.0,-65.0,9325.0156,18.0,18.0,Super Ideal,F,VS1,3.01,IGI,18660.0
101,Nebula Stones,2,Round,1,1,0,17.19,4632.0,1538.87,4563.0,-66.0,9813.4863,18.0,18.0,Super Ideal,F,VS1,3.01,IGI,18660.0
101,Pegasus Diamonds,2,Round,1,1,0,15.14,4770.03,1584.73,4698.0,-63.0,9221.0488,18.0,18.0,Super Ideal,F,VS1,3.01,IGI,18660.0
101,Temperley,2,Round,1,1,0,11.71,4625.0,1536.54,4556.0,-65.0,9347.5381,18.0,18.0,Super Ideal,F,VS1,3.01,IGI,18660.0
101,Verve Jewels,2,Round,1,1,0,12.54,4439.0,1474.75,4372.0,-65.0,9197.2959,18.0,18.0,Super Ideal,F,VS1,3.01,IGI,18660.0
101,Vespera Gems,2,Round,1,1,0,13.28,4447.0,1477.41,4380.0,-67.0,9674.9766,18.0,18.0,Super Ideal,F,VS1,3.01,IGI,18660.0
101,Westport Jewelry,2,Round,1,1,0,11.75,4431.0,1472.09,4365.0,-67.0,9487.4414,18.0,18.0,Super Ideal,F,VS1,3.01,IGI,18660.0
101,White Lily,2,Round,1,1,0,12.31,4601.0,1528.57,4532.0,-64.0,9257.3838,18.0,18.0,Super Ideal,F,VS1,3.01,IGI,18660.0
104,Michelle Kennedy,2,Round,2,1,0,16.74,2769.08,1337.72,2728.0,-8.0,2150.2371,18.0,18.0,Super Ideal,J,VS2,2.07,IGI,4313.33
107,Albert's Creations,2,Round,1,1,0,13.75,2463.0,1178.47,2426.0,-63.0,4815.2256,18.0,18.0,Super Ideal,E,VS1,2.09,IGI,9775.0
107,Avignon Diamonds,2,Round,1,1,0,14.3,2442.0,1168.42,2405.0,-63.0,4716.4253,18.0,18.0,Super Ideal,E,VS1,2.09,IGI,9775.0
107,CV Diamonds,2,Round,1,1,0,15.17,2466.6,1180.19,2430.0,-63.0,4738.0103,18.0,18.0,Super Ideal,E,VS1,2.09,IGI,9775.0
107,Camden Gems,2,Round,1,1,0,11.08,2448.0,1171.29,2411.0,-62.0,4625.917,18.0,18.0,Super Ideal,E,VS1,2.09,IGI,9775.0
107,Cirrus Gems,2,Round,1,1,0,94.85,2411.0,1153.59,2375.0,-62.0,4587.853,18.0,18.0,Super Ideal,E,VS1,2.09,IGI,9775.0
107,Clermont Diamonds,2,Round,1,1,0,14.76,2461.0,1177.51,2424.0,-62.0,4601.0425,18.0,18.0,Super Ideal,E,VS1,2.09,IGI,9775.0
107,Diamonds by Zoya,2,Round,1,1,0,94.91,2452.0,1173.21,2415.0,-62.0,4602.8545,18.0,18.0,Super Ideal,E,VS1,2.09,IGI,9775.0
107,Eccles Diamonds,2,Round,1,1,0,18.11,2468.6,1181.15,2432.0,-61.0,4586.6694,18.0,18.0,Super Ideal,E,VS1,2.09,IGI,9775.0
107,Ember Star,2,Round,1,1,0,16.56,2399.0,1147.85,2363.0,-63.0,4651.5781,18.0,18.0,Super Ideal,E,VS1,2.09,IGI,9775.0
107,Hazel Diamonds,2,Round,1,1,0,11.74,2409.0,1152.63,2373.0,-63.0,4702.1104,18.0,18.0,Super Ideal,E,VS1,2.09,IGI,9775.0
107,Jane Brear,2,Round,1,1,0,11.49,2463.0,1178.47,2426.0,-62.0,4687.6406,18.0,18.0,Super Ideal,E,VS1,2.09,IGI,9775.0
107,Knox Diamonds,2,Round,1,1,0,16.17,2451.0,1172.73,2414.0,-62.0,4606.8262,18.0,18.0,Super Ideal,E,VS1,2.09,IGI,9775.0
107,Meridian Crafts,2,Round,1,1,0,13.9,2448.0,1171.29,2411.0,-62.0,4599.4927,18.0,18.0,Super Ideal,E,VS1,2.09,IGI,9775.0
107,Michelle Kennedy,2,Round,1,1,0,12.5,2470.0,1181.82,2433.0,-62.0,4652.936,18.0,18.0,Super Ideal,E,VS1,2.09,IGI,9775.0
107,Simetría,2,Round,1,1,0,13.6,2382.0,1139.71,2346.0,-64.0,4739.8486,18.0,18.0,Super Ideal,E,VS1,2.09,IGI,9775.0
107,Taiga Gems,2,Round,1,1,0,13.02,2448.0,1171.29,2411.0,-62.0,4595.8716,18.0,18.0,Super Ideal,E,VS1,2.09,IGI,9775.0
107,Tamara,2,Round,1,1,0,10.36,2469.0,1181.34,2432.0,-62.0,4642.7256,18.0,18.0,Super Ideal,E,VS1,2.09,IGI,9775.0
107,Temperley,2,Round,1,1,0,95.13,2470.0,1181.82,2433.0,-62.0,4692.8701,18.0,18.0,Super Ideal,E,VS1,2.09,IGI,9775.0
107,Thalassa Gems,2,Round,1,1,0,13.62,2442.0,1168.42,2405.0,-63.0,4701.3545,18.0,18.0,Super Ideal,E,VS1,2.09,IGI,9775.0
107,Tierra Mia Diamonds,2,Round,1,1,0,10.21,2446.0,1170.33,2409.0,-63.0,4750.186,18.0,18.0,Super Ideal,E,VS1,2.09,IGI,9775.0
107,Vega Diamonds,2,Round,1,1,0,13.06,2389.0,1143.06,2353.0,-64.0,4742.7026,18.0,18.0,Super Ideal,E,VS1,2.09,IGI,9775.0
107,Verve Jewels,2,Round,1,1,0,94.94,2409.0,1152.63,2373.0,-62.0,4567.3447,18.0,18.0,Super Ideal,E,VS1,2.09,IGI,9775.0
107,Westport Jewelry,2,Round,1,1,0,12.56,2410.0,1153.11,2374.0,-63.0,4673.4868,18.0,18.0,Super Ideal,E,VS1,2.09,IGI,9775.0
107,White Lily,2,Round,1,1,0,10.5,2466.0,1179.9,2429.0,-62.0,4604.1221,18.0,18.0,Super Ideal,E,VS1,2.09,IGI,9775.0
107,Zimmerman Diamonds,2,Round,1,1,0,15.31,2460.64,1177.34,2424.0,-63.0,4750.8198,18.0,18.0,Super Ideal,E,VS1,2.09,IGI,9775.0
112,Temperley,2,Round,1,1,0,11.78,1048.73,689.95,1033.0,-60.0,1894.4535,18.0,18.0,Super Ideal,I,VS1,1.52,IGI,3114.29
112,White Lily,2,Round,1,1,0,17.69,1048.73,689.95,1033.0,-60.0,1885.833,18.0,18.0,Super Ideal,I,VS1,1.52,IGI,3114.29
114,Fuji Diamonds,2,Radiant,1,2,0,18.71,388.96,511.79,383.0,-65.0,719.7581,15.0,15.0,Super Ideal,E,VVS2,0.76,IGI,1310.0
114,Promenade Jewelry,2,Radiant,1,1,0,19.48,382.2,502.89,376.0,-69.0,792.0712,15.0,15.0,Super Ideal,E,VVS2,0.76,IGI,1310.0
114,Temperley,2,Radiant,1,1,0,18.45,408.26,537.18,402.0,-60.0,664.3847,15.0,15.0,Super Ideal,E,VVS2,0.76,IGI,1310.0
114,White Lily,2,Radiant,1,1,0,22.0,408.26,537.18,402.0,-62.0,696.5042,15.0,15.0,Super Ideal,E,VVS2,0.76,IGI,1310.0
115,Albert's Creations,2,Round,1,1,0,14.46,1311.0,840.38,1291.0,-59.0,2289.2424,18.0,18.0,Ideal,E,VS2,1.56,IGI,4560.0
115,Avignon Diamonds,2,Round,1,1,0,10.01,1316.0,843.59,1296.0,-59.0,2285.3811,18.0,18.0,Ideal,E,VS2,1.56,IGI,4560.0
115,Camden Gems,2,Round,1,1,0,14.96,1286.0,824.36,1267.0,-59.0,2263.856,18.0,18.0,Ideal,E,VS2,1.56,IGI,4560.0
115,Clermont Diamonds,2,Round,1,1,0,14.41,1305.0,836.54,1285.0,-58.0,2205.9607,18.0,18.0,Ideal,E,VS2,1.56,IGI,4560.0
115,Eternity Fine Jewelers,2,Round,1,1,0,12.6,1322.36,847.67,1303.0,-58.0,2237.6936,18.0,18.0,Ideal,E,VS2,1.56,IGI,4560.0
115,Jane Brear,2,Round,1,1,0,12.1,1329.0,851.92,1309.0,-57.0,2194.3767,18.0,18.0,Ideal,E,VS2,1.56,IGI,4560.0
115,KIYO,2,Round,1,1,0,12.98,1263.0,809.62,1244.0,-61.0,2306.2246,18.0,18.0,Ideal,E,VS2,1.56,IGI,4560.0
115,La Marquise,2,Round,1,1,0,15.87,1435.18,919.99,1414.0,-55.0,2288.2212,18.0,18.0,Ideal,E,VS2,1.56,IGI,4560.0
115,Mei & Co,2,Round,1,1,0,16.33,1288.0,825.64,1269.0,-59.0,2249.6331,18.0,18.0,Ideal,E,VS2,1.56,IGI,4560.0
115,Michelle Kennedy,2,Round,1,1,0,14.66,1354.0,867.95,1334.0,-57.0,2276.2881,18.0,18.0,Ideal,E,VS2,1.56,IGI,4560.0
115,Periwinkle Stones,2,Round,1,1,0,12.61,1326.0,850.0,1306.0,-57.0,2230.1162,18.0,18.0,Ideal,E,VS2,1.56,IGI,4560.0
115,Silva Diamonds,2,Round,1,1,0,14.89,1289.0,826.28,1270.0,-59.0,2276.8862,18.0,18.0,Ideal,E,VS2,1.56,IGI,4560.0
115,Starlight Crafts,2,Round,1,1,0,13.64,1284.0,823.08,1265.0,-59.0,2229.7046,18.0,18.0,Ideal,E,VS2,1.56,IGI,4560.0
115,Taiga Gems,2,Round,1,1,0,15.24,1294.0,829.49,1275.0,-58.0,2200.2346,18.0,18.0,Ideal,E,VS2,1.56,IGI,4560.0
115,Temperley,2,Round,1,1,0,14.18,1354.0,867.95,1334.0,-57.0,2274.99,18.0,18.0,Ideal,E,VS2,1.56,IGI,4560.0
115,Thalassa Gems,2,Round,1,1,0,12.87,1302.0,834.62,1282.0,-59.0,2255.6797,18.0,18.0,Ideal,E,VS2,1.56,IGI,4560.0
115,Vega Diamonds,2,Round,1,1,0,14.51,1272.0,815.38,1253.0,-61.0,2324.9021,18.0,18.0,Ideal,E,VS2,1.56,IGI,4560.0
115,White Lily,2,Round,1,1,0,16.35,1347.0,863.46,1327.0,-57.0,2268.6611,18.0,18.0,Ideal,E,VS2,1.56,IGI,4560.0
116,Jane Brear,2,Round,1,1,0,16.74,3981.0,1296.74,3921.0,-63.0,7616.1729,18.0,18.0,Super Ideal,H,VVS2,3.07,IGI,17100.0
116,Michelle Kennedy,2,Round,1,1,0,14.6,3728.26,1214.42,3672.0,-64.0,7453.1079,18.0,18.0,Super Ideal,H,VVS2,3.07,IGI,17100.0
116,N. B. Diamonds,2,Round,1,1,0,20.96,3707.13,1207.53,3652.0,-64.0,7342.7856,18.0,18.0,Super Ideal,H,VVS2,3.07,IGI,17100.0
116,Taiga Gems,2,Round,1,1,0,15.76,3676.0,1197.39,3621.0,-64.0,7367.3057,18.0,18.0,Super Ideal,H,VVS2,3.07,IGI,17100.0
116,Temperley,2,Round,1,1,0,20.42,3591.55,1169.89,3538.0,-65.0,7323.3452,18.0,18.0,Super Ideal,H,VVS2,3.07,IGI,17100.0
116,White Lily,2,Round,1,1,0,17.72,3728.26,1214.42,3672.0,-63.0,7294.9443,18.0,18.0,Super Ideal,H,VVS2,3.07,IGI,17100.0
121,Jane Brear,2,Round,2,2,0,15.33,320.0,1000.0,315.0,-45.0,417.508,18.0,18.0,Ideal,E,VVS1,0.32,IGI,401.67
128,Avignon Diamonds,2,Emerald,1,1,0,18.88,874.0,874.0,861.0,-65.0,1586.4207,15.0,15.0,Super Ideal,D,VS1,1.0,IGI,2450.0
128,Bayside Gems,2,Emerald,1,1,0,16.89,889.0,889.0,876.0,-64.0,1586.7733,15.0,15.0,Super Ideal,D,VS1,1.0,IGI,2450.0
128,Diamonds by Zoya,2,Emerald,1,1,0,15.26,888.0,888.0,875.0,-63.0,1533.979,15.0,15.0,Super Ideal,D,VS1,1.0,IGI,2450.0
128,Eternal Flame,2,Emerald,1,1,0,12.7,892.0,892.0,879.0,-64.0,1587.8577,15.0,15.0,Super Ideal,D,VS1,1.0,IGI,2450.0
128,Eternity Fine Jewelers,2,Emerald,1,1,0,14.91,899.0,899.0,886.0,-63.0,1558.3224,15.0,15.0,Super Ideal,D,VS1,1.0,IGI,2450.0
128,Fuji Diamonds,2,Emerald,1,1,0,17.51,885.04,885.04,872.0,-66.0,1664.5725,15.0,15.0,Super Ideal,D,VS1,1.0,IGI,2450.0
128,Infinity Diamonds,2,Emerald,1,1,0,15.26,878.0,878.0,865.0,-64.0,1549.9989,15.0,15.0,Super Ideal,D,VS1,1.0,IGI,2450.0
128,Jane Brear,2,Emerald,1,1,0,14.87,908.0,908.0,894.0,-63.0,1571.1517,15.0,15.0,Super Ideal,D,VS1,1.0,IGI,2450.0
128,Joan Cooper,2,Emerald,1,1,0,14.42,897.0,897.0,884.0,-64.0,1616.0757,15.0,15.0,Super Ideal,D,VS1,1.0,IGI,2450.0
128,Marlowe & Co,2,Emerald,1,1,0,12.8,905.0,905.0,891.0,-64.0,1618.0096,15.0,15.0,Super Ideal,D,VS1,1.0,IGI,2450.0
128,Mei & Co,2,Emerald,1,1,0,13.07,883.56,883.56,870.0,-63.0,1522.9208,15.0,15.0,Super Ideal,D,VS1,1.0,IGI,2450.0
128,Michelle Kennedy,2,Emerald,1,1,0,13.11,904.0,904.0,890.0,-64.0,1618.0096,15.0,15.0,Super Ideal,D,VS1,1.0,IGI,2450.0
128,Periwinkle Stones,2,Emerald,1,1,0,13.34,905.0,905.0,891.0,-63.0,1572.4408,15.0,15.0,Super Ideal,D,VS1,1.0,IGI,2450.0
128,Serenade Diamonds,2,Emerald,1,2,0,17.0,880.0,880.0,867.0,-65.0,1604.6702,15.0,15.0,Super Ideal,D,VS1,1.0,IGI,2450.0
128,Serene Peaks Diamonds,2,Emerald,1,2,0,15.79,887.0,887.0,874.0,-65.0,1638.9478,15.0,15.0,Super Ideal,D,VS1,1.0,IGI,2450.0
128,Simetría,2,Emerald,1,1,0,12.64,896.0,896.0,883.0,-63.0,1568.1167,15.0,15.0,Super Ideal,D,VS1,1.0,IGI,2450.0
128,Sonata Gems,2,Emerald,1,1,0,9.74,899.0,899.0,886.0,-62.0,1539.8348,15.0,15.0,Super Ideal,D,VS1,1.0,IGI,2450.0
128,Taiga Gems,2,Emerald,1,1,0,15.06,889.0,889.0,876.0,-65.0,1626.8118,15.0,15.0,Super Ideal,D,VS1,1.0,IGI,2450.0
128,Temperley,2,Emerald,1,2,0,29.1,868.0,868.0,855.0,-65.0,1586.2839,15.0,15.0,Super Ideal,D,VS1,1.0,IGI,2450.0
128,Thalassa Gems,2,Emerald,2,2,0,15.97,878.0,878.0,865.0,-65.0,1625.7124,15.0,15.0,Super Ideal,D,VS1,1.0,IGI,2450.0
128,Vega Diamonds,2,Emerald,1,1,0,18.47,860.91,860.91,848.0,-65.0,1600.9957,15.0,15.0,Super Ideal,D,VS1,1.0,IGI,2450.0
128,Verve Jewels,2,Emerald,1,1,0,18.92,898.55,898.55,885.0,-64.0,1616.3967,15.0,15.0,Super Ideal,D,VS1,1.0,IGI,2450.0
128,Vespera Gems,2,Emerald,1,1,0,15.79,904.35,904.35,891.0,-63.0,1568.645,15.0,15.0,Super Ideal,D,VS1,1.0,IGI,2450.0
128,White Lily,2,Emerald,1,2,0,15.58,902.0,902.0,888.0,-61.0,1482.1356,15.0,15.0,Super Ideal,D,VS1,1.0,IGI,2450.0
131,Marlowe & Co,2,Oval,1,2,0,23.73,788.0,865.93,776.0,-46.0,986.2168,15.0,15.0,Very Good,E,VS2,0.91,IGI,1540.0
131,Temperley,2,Oval,1,1,0,25.24,783.0,860.44,771.0,-46.0,973.6122,14.0,15.0,Very Good,E,VS2,0.91,IGI,1540.0
131,Vega Diamonds,2,Oval,1,1,0,27.07,664.02,729.69,654.0,-53.0,946.7659,15.0,15.0,Very Good,E,VS2,0.91,IGI,1540.0
132,Cirrus Gems,2,Round,1,1,0,18.73,2129.0,1023.56,2097.0,-65.0,4376.4868,18.0,18.0,Super Ideal,G,VVS2,2.08,IGI,8390.0
132,Clermont Diamonds,2,Round,1,1,0,15.35,2175.0,1045.67,2142.0,-64.0,4324.4849,18.0,18.0,Super Ideal,G,VVS2,2.08,IGI,8390.0
132,Diamonds by Zoya,2,Round,1,1,0,94.86,2171.0,1043.75,2138.0,-65.0,4388.9438,18.0,18.0,Super Ideal,G,VVS2,2.08,IGI,8390.0
132,Eterna Luxe,2,Round,1,1,0,11.8,2173.0,1044.71,2140.0,-65.0,4402.9907,18.0,18.0,Super Ideal,G,VVS2,2.08,IGI,8390.0
132,Jane Brear,2,Round,1,1,0,17.69,2196.96,1056.23,2164.0,-64.0,4423.3667,18.0,18.0,Super Ideal,G,VVS2,2.08,IGI,8390.0
132,Michelle Kennedy,2,Round,1,1,0,16.51,2235.0,1074.52,2201.0,-64.0,4474.6934,18.0,18.0,Super Ideal,G,VVS2,2.08,IGI,8390.0
132,Periwinkle Stones,2,Round,1,1,0,16.61,2200.0,1057.69,2167.0,-65.0,4447.582,18.0,18.0,Super Ideal,G,VVS2,2.08,IGI,8390.0
132,Rosella,2,Round,1,1,0,14.94,2119.0,1018.75,2087.0,-66.0,4447.2549,18.0,18.0,Super Ideal,G,VVS2,2.08,IGI,8390.0
132,Starlight Crafts,2,Round,1,1,0,13.16,2163.0,1039.9,2131.0,-64.0,4299.1782,18.0,18.0,Super Ideal,G,VVS2,2.08,IGI,8390.0
132,Taiga Gems,2,Round,1,1,0,17.18,2153.0,1035.1,2121.0,-64.0,4319.5635,18.0,18.0,Super Ideal,G,VVS2,2.08,IGI,8390.0
132,Temperley,2,Round,1,1,0,14.65,2223.0,1068.75,2190.0,-63.0,4341.562,18.0,18.0,Super Ideal,G,VVS2,2.08,IGI,8390.0
132,Westport Jewelry,2,Round,1,1,0,12.73,2134.0,1025.96,2102.0,-65.0,4409.1631,18.0,18.0,Super Ideal,G,VVS2,2.08,IGI,8390.0
132,White Lily,2,Round,1,1,0,14.4,2200.0,1057.69,2167.0,-64.0,4395.4648,18.0,18.0,Super Ideal,G,VVS2,2.08,IGI,8390.0
140,Thalassa Gems,2,Round,1,1,0,14.03,1640.0,820.0,1615.0,-62.0,3089.3923,16.0,18.0,Very Good,G,SI1,2.0,IGI,5360.0
143,Eternal Flame,2,Cushion,1,1,0,17.74,3580.01,1619.91,3526.0,-65.0,6387.7061,14.0,15.0,Very Good,D,VVS2,2.21,IGI,10630.0
143,Jane Brear,2,Cushion,1,1,0,17.86,3572.0,1616.29,3518.0,-65.0,6403.1875,14.0,15.0,Very Good,D,VVS2,2.21,IGI,10630.0
143,Michelle Kennedy,2,Cushion,1,1,0,21.49,3671.0,1661.09,3616.0,-63.0,6308.2593,14.0,15.0,Very Good,D,VVS2,2.21,IGI,10630.0
149,Fuji Diamonds,2,Emerald,1,2,0,21.14,1264.0,794.97,1245.0,-64.0,2275.4253,15.0,15.0,Very Good,G,VS2,1.59,IGI,4690.0
149,Jane Brear,2,Emerald,2,2,0,18.55,1303.45,819.78,1284.0,-65.0,2410.9204,14.0,15.0,Very Good,G,VS2,1.59,IGI,4690.0
149,Temperley,2,Emerald,2,2,0,19.0,1303.45,819.78,1284.0,-62.0,2214.636,14.0,15.0,Very Good,G,VS2,1.59,IGI,4690.0
149,White Lily,2,Emerald,2,2,0,20.18,1303.45,819.78,1284.0,-62.0,2184.2529,13.0,15.0,Very Good,G,VS2,1.59,IGI,4690.0
151,Camden Gems,2,Round,1,1,0,13.94,4846.64,1604.85,4774.0,-74.0,13248.1582,18.0,18.0,Ideal,D,VS2,3.02,IGI,19930.0
151,Jane Brear,2,Round,1,1,0,11.48,4690.0,1552.98,4620.0,-78.0,15281.8369,18.0,18.0,Ideal,D,VS2,3.02,IGI,19930.0
151,Michelle Kennedy,2,Round,1,1,0,22.5,4690.0,1552.98,4620.0,-74.0,13051.3359,18.0,18.0,Ideal,D,VS2,3.02,IGI,19930.0
151,Periwinkle Stones,2,Round,1,1,0,22.06,4906.34,1624.62,4833.0,-74.0,13477.5527,18.0,18.0,Ideal,D,VS2,3.02,IGI,19930.0
151,Serenade Diamonds,2,Round,1,1,0,14.49,4805.0,1591.06,4733.0,-74.0,13116.1631,18.0,18.0,Ideal,D,VS2,3.02,IGI,19930.0
151,Temperley,2,Round,1,1,0,15.72,4639.41,1536.23,4570.0,-76.0,13662.5801,18.0,18.0,Ideal,D,VS2,3.02,IGI,19930.0
151,White Lily,2,Round,1,1,0,23.67,4592.0,1520.53,4523.0,-75.0,13008.5625,18.0,18.0,Ideal,D,VS2,3.02,IGI,19930.0
153,Michelle Kennedy,2,Round,1,1,0,15.72,1140.27,942.37,1123.0,-57.0,1908.5643,18.0,18.0,Super Ideal,F,VVS1,1.21,IGI,3630.0
153,Roma Diamonds,2,Round,1,1,0,13.45,1115.0,921.49,1098.0,-59.0,1966.7351,18.0,18.0,Super Ideal,F,VVS1,1.21,IGI,3630.0
153,Seraphina Gems,2,Round,1,1,0,18.06,1063.0,878.51,1047.0,-60.0,1924.7909,18.0,18.0,Super Ideal,F,VVS1,1.21,IGI,3630.0
153,Vespera Gems,2,Round,1,1,0,17.1,1084.0,895.87,1068.0,-60.0,1922.1837,18.0,18.0,Super Ideal,F,VVS1,1.21,IGI,3630.0
153,White Lily,2,Round,1,1,0,47.7,1135.0,938.02,1118.0,-58.0,1922.8474,18.0,18.0,Super Ideal,F,VVS1,1.21,IGI,3630.0
156,Promenade Jewelry,2,Oval,2,2,0,14.46,304.99,648.91,300.0,-22.0,265.0297,15.0,15.0,Very Good,D,SI1,0.47,IGI,480.0
157,Promenade Jewelry,2,Radiant,1,1,0,17.32,410.19,585.99,404.0,-66.0,792.1224,15.0,15.0,Very Good,D,VVS2,0.7,IGI,1370.0
158,Fabiola,2,Round,1,1,0,14.22,741.0,627.97,730.0,-58.0,1260.1033,18.0,18.0,Super Ideal,E,VS2,1.18,IGI,2450.0
158,Jane Brear,2,Round,1,1,0,15.42,804.96,682.17,793.0,-57.0,1329.9963,18.0,18.0,Super Ideal,E,VS2,1.18,IGI,2450.0
158,Magnolia,2,Round,1,1,0,15.41,739.0,626.27,728.0,-60.0,1314.6094,18.0,18.0,Super Ideal,E,VS2,1.18,IGI,2450.0
158,Serene Peaks Diamonds,2,Round,1,1,0,16.05,752.22,637.47,741.0,-58.0,1294.6737,18.0,18.0,Super Ideal,E,VS2,1.18,IGI,2450.0
158,Temperley,2,Round,1,1,0,13.35,787.04,666.98,775.0,-56.0,1284.8055,18.0,18.0,Super Ideal,E,VS2,1.18,IGI,2450.0
160,Michelle Kennedy,2,Round,1,1,0,13.17,1570.0,1046.67,1546.0,-23.0,1466.8289,18.0,18.0,Super Ideal,J,VS2,1.5,IGI,2405.83
160,Temperley,2,Round,1,1,0,14.25,1570.0,1046.67,1546.0,-17.0,1357.724,18.0,18.0,Super Ideal,J,VS2,1.5,IGI,2405.83
160,White Lily,2,Round,1,1,0,12.87,1570.0,1046.67,1546.0,-17.0,1360.5988,18.0,18.0,Super Ideal,J,VS2,1.5,IGI,2405.83
161,Diamonds by Zoya,2,Pear,2,2,0,17.02,342.28,552.06,337.0,-39.0,362.3978,15.0,15.0,Super Ideal,E,VS1,0.62,IGI,810.0
161,Hoseki,2,Pear,1,2,0,16.94,345.26,556.87,340.0,-49.0,436.9646,15.0,15.0,Super Ideal,E,VS1,0.62,IGI,810.0
161,Jane Brear,2,Pear,1,2,0,14.45,506.0,816.13,498.0,-23.0,423.5375,15.0,15.0,Super Ideal,E,VS1,0.62,IGI,810.0
161,Michelle Kennedy,2,Pear,2,2,0,16.65,379.1,611.45,373.0,-36.0,382.5502,15.0,15.0,Super Ideal,E,VS1,0.62,IGI,810.0
161,Promenade Jewelry,2,Pear,1,2,0,13.1,333.0,537.1,328.0,-46.0,397.6655,15.0,15.0,Super Ideal,E,VS1,0.62,IGI,810.0
161,Sonata Gems,2,Pear,1,2,0,18.8,333.32,537.61,328.0,-47.0,406.7586,15.0,15.0,Super Ideal,E,VS1,0.62,IGI,810.0
161,Temperley,2,Pear,1,2,0,14.76,353.22,569.71,348.0,-46.0,423.6918,15.0,15.0,Super Ideal,E,VS1,0.62,IGI,810.0
161,Vega Diamonds,2,Pear,2,2,0,18.24,324.0,522.58,319.0,-55.0,467.7615,15.0,15.0,Super Ideal,E,VS1,0.62,IGI,810.0
161,White Lily,2,Pear,1,1,0,13.32,384.0,619.35,378.0,-37.0,397.6655,15.0,15.0,Super Ideal,E,VS1,0.62,IGI,810.0
162,Diamonds by Zoya,2,Radiant,1,2,0,14.63,325.36,570.81,320.0,-65.0,611.1927,15.0,15.0,Super Ideal,F,VVS2,0.57,IGI,720.0
163,White Lily,2,Round,1,1,0,14.38,1130.32,680.92,1113.0,-58.0,1926.6008,18.0,18.0,Super Ideal,I,VS1,1.66,IGI,3395.0
166,Albert's Creations,2,Pear,1,1,0,13.57,861.67,762.54,849.0,-62.0,1459.4283,15.0,15.0,Super Ideal,F,VS2,1.13,IGI,2440.0
166,Magnolia,2,Pear,1,1,0,12.67,850.72,752.85,838.0,-62.0,1462.1133,15.0,15.0,Super Ideal,F,VS2,1.13,IGI,2440.0
166,Temperley,2,Pear,1,1,0,13.9,871.62,771.35,859.0,-60.0,1419.3469,15.0,15.0,Super Ideal,F,VS2,1.13,IGI,2440.0
166,White Lily,2,Pear,1,1,0,16.09,857.05,758.45,844.0,-62.0,1470.6996,15.0,15.0,Super Ideal,F,VS2,1.13,IGI,2440.0
169,Diamonds by Zoya,2,Oval,2,1,0,15.57,318.0,676.6,313.0,-53.0,452.5505,15.0,15.0,Super Ideal,E,VVS2,0.47,IGI,500.0
169,Promenade Jewelry,2,Oval,1,1,0,16.47,305.0,648.94,300.0,-58.0,485.0398,15.0,15.0,Super Ideal,E,VVS2,0.47,IGI,500.0
169,White Lily,2,Oval,1,1,0,11.04,343.0,729.79,338.0,-49.0,451.3524,15.0,15.0,Super Ideal,E,VVS2,0.47,IGI,500.0
172,Blackbird Gems,2,Round,1,1,0,13.3,2306.0,989.7,2271.0,-60.0,4080.3181,18.0,18.0,Super Ideal,H,VVS2,2.33,IGI,8400.0
172,Cirrus Gems,2,Round,1,1,0,17.06,2250.0,965.67,2216.0,-61.0,4152.9131,18.0,18.0,Super Ideal,H,VVS2,2.33,IGI,8400.0
172,Taiga Gems,2,Round,1,1,0,10.79,2316.36,994.15,2282.0,-59.0,4044.7478,18.0,18.0,Super Ideal,H,VVS2,2.33,IGI,8400.0
172,White Lily,2,Round,1,1,0,11.24,2363.0,1014.16,2328.0,-59.0,4137.5859,18.0,18.0,Super Ideal,H,VVS2,2.33,IGI,8400.0
174,Jane Brear,2,Cushion,1,1,0,21.59,1371.48,908.26,1351.0,-63.0,2325.322,14.0,15.0,Very Good,E,SI1,1.51,IGI,3470.0
179,Avignon Diamonds,2,Round,1,1,0,7.13,1480.0,1897.44,1458.0,60.0,663.4095,18.0,18.0,Ideal,D,VS1,0.78,IGI,1580.0
179,BonDiam,2,Round,1,1,0,23.9,370.14,474.54,365.0,-58.0,628.4703,18.0,18.0,Ideal,D,VS1,0.78,IGI,1580.0
179,Eternity Fine Jewelers,2,Round,1,1,0,21.16,355.22,455.41,350.0,-61.0,647.9612,18.0,18.0,Ideal,D,VS1,0.78,IGI,1580.0
179,Felicity Diamonds,2,Round,1,1,0,12.18,361.0,462.82,356.0,-61.0,660.0077,18.0,18.0,Ideal,D,VS1,0.78,IGI,1580.0
179,Iris Diamonds,2,Round,1,1,0,90.73,354.0,453.85,349.0,-61.0,644.7941,18.0,18.0,Ideal,D,VS1,0.78,IGI,1580.0
179,Jane Brear,2,Round,1,1,0,10.82,377.0,483.33,371.0,-58.0,641.7783,18.0,18.0,Ideal,D,VS1,0.78,IGI,1580.0
179,Marlowe & Co,2,Round,2,1,0,25.33,367.16,470.72,362.0,-55.0,587.7947,18.0,18.0,Ideal,D,VS1,0.78,IGI,1580.0
179,Michelle Kennedy,2,Round,1,1,0,12.63,383.08,491.13,377.0,-57.0,638.9564,18.0,18.0,Ideal,D,VS1,0.78,IGI,1580.0
179,Temperley,2,Round,1,1,0,12.5,383.08,491.13,377.0,-59.0,665.5768,18.0,18.0,Ideal,D,VS1,0.78,IGI,1580.0
179,Tilia Diamonds,2,Round,1,1,0,21.81,345.26,442.64,340.0,-62.0,650.8309,18.0,18.0,Ideal,D,VS1,0.78,IGI,1580.0
189,Bayside Gems,2,Round,1,1,0,15.57,774.0,650.42,762.0,-65.0,1596.0801,18.0,18.0,Super Ideal,D,VS2,1.19,IGI,3610.0
189,Eccles Diamonds,2,Round,1,1,0,13.99,780.0,655.46,768.0,-65.0,1590.1647,18.0,18.0,Super Ideal,D,VS2,1.19,IGI,3610.0
189,Ember Star,2,Round,1,1,0,12.15,765.0,642.86,754.0,-66.0,1608.0823,18.0,18.0,Super Ideal,D,VS2,1.19,IGI,3610.0
189,Emilia Sterling,2,Round,1,1,0,14.37,768.0,645.38,756.0,-66.0,1601.743,18.0,18.0,Super Ideal,D,VS2,1.19,IGI,3610.0
189,Eterna Luxe,2,Round,1,1,0,11.56,783.0,657.98,771.0,-64.0,1559.9646,18.0,18.0,Super Ideal,D,VS2,1.19,IGI,3610.0
189,Eternity Fine Jewelers,2,Round,1,1,0,15.14,779.0,654.62,767.0,-65.0,1596.8887,18.0,18.0,Super Ideal,D,VS2,1.19,IGI,3610.0
189,Jane Brear,2,Round,1,1,0,10.78,799.0,671.43,787.0,-64.0,1608.1852,18.0,18.0,Super Ideal,D,VS2,1.19,IGI,3610.0
189,Marlowe & Co,2,Round,1,1,0,14.11,795.0,668.07,783.0,-65.0,1617.4293,18.0,18.0,Super Ideal,D,VS2,1.19,IGI,3610.0
189,Michelle Kennedy,2,Round,1,1,0,11.9,849.73,714.06,837.0,-62.0,1590.5856,18.0,18.0,Super Ideal,D,VS2,1.19,IGI,3610.0
189,Periwinkle Stones,2,Round,1,1,0,17.26,799.0,671.43,787.0,-65.0,1615.3718,18.0,18.0,Super Ideal,D,VS2,1.19,IGI,3610.0
189,Roma Diamonds,2,Round,1,1,0,14.69,778.0,653.78,766.0,-65.0,1591.7659,18.0,18.0,Super Ideal,D,VS2,1.19,IGI,3610.0
189,Silva Diamonds,2,Round,1,1,0,14.74,771.0,647.9,759.0,-66.0,1622.6964,18.0,18.0,Super Ideal,D,VS2,1.19,IGI,3610.0
189,Simetría,2,Round,1,1,0,14.91,783.06,658.03,771.0,-65.0,1602.8438,18.0,18.0,Super Ideal,D,VS2,1.19,IGI,3610.0
189,White Lily,2,Round,1,1,0,19.62,781.0,656.3,769.0,-65.0,1579.8015,18.0,18.0,Super Ideal,D,VS2,1.19,IGI,3610.0
193,Diamonds by Zoya,2,Oval,2,2,0,89.59,334.0,470.42,329.0,-57.0,525.6845,14.0,15.0,Very Good,D,VS1,0.71,IGI,1325.0
193,Mei & Co,2,Oval,2,3,0,17.87,358.2,504.51,353.0,-52.0,498.8519,14.0,15.0,Very Good,D,VS1,0.71,IGI,1325.0
193,Michelle Kennedy,2,Oval,1,1,0,89.32,364.0,512.68,359.0,-52.0,511.3199,15.0,15.0,Very Good,D,VS1,0.71,IGI,1325.0
193,Rosella,2,Oval,2,2,0,22.48,314.0,442.25,309.0,-59.0,513.423,15.0,15.0,Very Good,D,VS1,0.71,IGI,1325.0
194,Albert's Creations,2,Round,1,1,0,13.62,3557.0,1181.73,3504.0,-66.0,7406.5698,18.0,18.0,Super Ideal,G,VS2,3.01,IGI,14350.0
194,Fabiola,2,Round,1,1,0,12.51,3522.0,1170.1,3469.0,-65.0,7265.8721,18.0,18.0,Super Ideal,G,VS2,3.01,IGI,14350.0
194,Jane Brear,2,Round,1,1,0,18.6,3486.48,1158.3,3434.0,-65.0,7230.0654,18.0,18.0,Super Ideal,G,VS2,3.01,IGI,14350.0
194,Mei & Co,2,Round,1,1,0,13.52,3509.0,1165.78,3456.0,-65.0,7241.1782,18.0,18.0,Super Ideal,G,VS2,3.01,IGI,14350.0
194,Meridian Crafts,2,Round,1,1,0,14.6,3554.0,1180.73,3501.0,-65.0,7350.8994,18.0,18.0,Super Ideal,G,VS2,3.01,IGI,14350.0
194,Michelle Kennedy,2,Round,1,1,0,10.97,3558.12,1182.1,3505.0,-65.0,7345.4702,18.0,18.0,Super Ideal,G,VS2,3.01,IGI,14350.0
194,Nova Stars,2,Round,1,1,0,14.34,3484.0,1157.48,3432.0,-66.0,7334.9478,18.0,18.0,Super Ideal,G,VS2,3.01,IGI,14350.0
194,Periwinkle Stones,2,Round,1,1,0,17.2,3541.0,1176.41,3488.0,-65.0,7289.293,18.0,18.0,Super Ideal,G,VS2,3.01,IGI,14350.0
194,Roma Diamonds,2,Round,1,1,0,14.58,3527.0,1171.76,3474.0,-67.0,7709.1255,18.0,18.0,Super Ideal,G,VS2,3.01,IGI,14350.0
194,Taiga Gems,2,Round,1,1,0,16.33,3423.0,1137.21,3372.0,-67.0,7423.0503,18.0,18.0,Super Ideal,G,VS2,3.01,IGI,14350.0
194,Temperley,2,Round,1,1,0,14.54,3568.07,1185.41,3515.0,-66.0,7441.4946,18.0,18.0,Super Ideal,G,VS2,3.01,IGI,14350.0
194,Westport Jewelry,2,Round,1,1,0,15.95,3430.0,1139.53,3379.0,-67.0,7391.7573,18.0,18.0,Super Ideal,G,VS2,3.01,IGI,14350.0
194,White Lily,2,Round,1,1,0,10.77,3544.0,1177.41,3491.0,-66.0,7370.5308,18.0,18.0,Super Ideal,G,VS2,3.01,IGI,14350.0
194,Zimmerman Diamonds,2,Round,1,1,0,17.08,3537.22,1175.16,3484.0,-65.0,7208.3052,18.0,18.0,Super Ideal,G,VS2,3.01,IGI,14350.0
195,Fuji Diamonds,5,Emerald,1,2,0,13.41,2514.22,1257.11,2477.0,-66.0,4695.3389,15.0,15.0,Very Good,E,VS1,2.0,GCAL,7790.0
196,Diamonds by Zoya,2,Emerald,1,2,0,15.51,717.4,797.11,707.0,-56.0,1059.879,15.0,15.0,Super Ideal,E,VS1,0.9,IGI,1580.0
196,Eccles Diamonds,2,Emerald,1,2,0,18.47,737.3,819.22,726.0,-54.0,1037.5792,15.0,15.0,Super Ideal,E,VS1,0.9,IGI,1580.0
196,Hoseki,2,Emerald,1,1,0,18.74,743.26,825.84,732.0,-54.0,1047.2389,15.0,15.0,Super Ideal,E,VS1,0.9,IGI,1580.0
196,Infinity Diamonds,2,Emerald,1,1,0,20.2,698.0,775.56,688.0,-57.0,1049.7286,15.0,15.0,Super Ideal,E,VS1,0.9,IGI,1580.0
196,Jane Brear,2,Emerald,1,1,0,19.99,748.0,831.11,737.0,-52.0,1004.6674,15.0,15.0,Super Ideal,E,VS1,0.9,IGI,1580.0
196,KIYO,2,Emerald,1,1,0,19.85,699.73,777.48,689.0,-56.0,1030.5063,15.0,15.0,Super Ideal,E,VS1,0.9,IGI,1580.0
196,Mei & Co,2,Emerald,1,1,0,24.31,713.0,792.22,702.0,-54.0,987.1678,15.0,15.0,Super Ideal,E,VS1,0.9,IGI,1580.0
196,Michelle Kennedy,2,Emerald,1,2,0,15.68,737.0,818.89,726.0,-50.0,941.0743,15.0,15.0,Super Ideal,E,VS1,0.9,IGI,1580.0
196,Nebula Stones,2,Emerald,1,2,0,16.95,780.08,866.76,768.0,-52.0,1046.8418,15.0,15.0,Super Ideal,E,VS1,0.9,IGI,1580.0
196,Periwinkle Stones,2,Emerald,1,1,0,16.32,725.0,805.56,714.0,-52.0,978.5278,15.0,15.0,Super Ideal,E,VS1,0.9,IGI,1580.0
196,Silva Diamonds,2,Emerald,1,1,0,19.37,717.4,797.11,707.0,-57.0,1062.4948,15.0,15.0,Super Ideal,E,VS1,0.9,IGI,1580.0
196,Sonata Gems,2,Emerald,1,1,0,15.28,732.0,813.33,721.0,-54.0,1020.2943,15.0,15.0,Super Ideal,E,VS1,0.9,IGI,1580.0
196,Sunset Gems,2,Emerald,1,1,0,20.5,726.76,807.51,716.0,-54.0,1005.0927,15.0,15.0,Super Ideal,E,VS1,0.9,IGI,1580.0
196,Temperley,2,Emerald,1,1,0,18.35,748.0,831.11,737.0,-54.0,1052.5166,15.0,15.0,Super Ideal,E,VS1,0.9,IGI,1580.0
196,White Lily,2,Emerald,1,1,0,14.62,748.0,831.11,737.0,-51.0,976.5284,15.0,15.0,Super Ideal,E,VS1,0.9,IGI,1580.0
199,Camden Gems,2,Round,2,1,0,13.61,702.0,695.05,691.0,-60.0,1247.4313,18.0,18.0,Super Ideal,G,VS1,1.01,IGI,2067.5
199,Fabiola,2,Round,1,1,0,14.07,697.0,690.1,687.0,-57.0,1149.4104,18.0,18.0,Super Ideal,G,VS1,1.01,IGI,2067.5
199,Jane Brear,2,Round,1,1,0,11.23,709.0,701.98,698.0,-58.0,1212.5894,18.0,18.0,Super Ideal,G,VS1,1.01,IGI,2067.5
199,Nova Stars,2,Round,1,1,0,11.71,698.0,691.09,688.0,-60.0,1238.1155,18.0,18.0,Super Ideal,G,VS1,1.01,IGI,2067.5
199,Roma Diamonds,2,Round,1,1,0,13.73,1302.0,1289.11,1282.0,-26.0,1257.6229,18.0,18.0,Super Ideal,G,VS1,1.01,IGI,2067.5
199,Taiga Gems,2,Round,1,1,0,12.39,713.0,705.94,702.0,-58.0,1226.5577,18.0,18.0,Super Ideal,G,VS1,1.01,IGI,2067.5
199,Temperley,2,Round,1,1,0,12.66,721.0,713.86,710.0,-58.0,1226.5938,18.0,18.0,Super Ideal,G,VS1,1.01,IGI,2067.5
199,Vespera Gems,2,Round,1,1,0,14.09,702.63,695.67,692.0,-59.0,1212.3987,18.0,18.0,Super Ideal,G,VS1,1.01,IGI,2067.5
199,White Lily,2,Round,1,1,0,10.08,722.0,714.85,711.0,-59.0,1266.5817,18.0,18.0,Super Ideal,G,VS1,1.01,IGI,2067.5
201,Cirrus Gems,2,Round,1,1,0,17.5,1047.19,793.33,1031.0,-52.0,1571.4733,18.0,18.0,Super Ideal,H,VVS2,1.32,IGI,2830.0
201,Jane Brear,2,Round,1,1,0,21.47,1014.37,768.46,999.0,-55.0,1600.7372,18.0,18.0,Super Ideal,H,VVS2,1.32,IGI,2830.0
201,Michelle Kennedy,2,Round,1,1,0,17.37,1014.0,768.18,999.0,-55.0,1602.0691,18.0,18.0,Super Ideal,H,VVS2,1.32,IGI,2830.0
201,Taiga Gems,2,Round,1,1,0,20.36,952.0,721.21,938.0,-58.0,1604.0973,18.0,18.0,Super Ideal,H,VVS2,1.32,IGI,2830.0
201,Temperley,2,Round,1,1,0,19.75,1014.0,768.18,999.0,-54.0,1572.6246,18.0,18.0,Super Ideal,H,VVS2,1.32,IGI,2830.0
201,White Lily,2,Round,1,1,0,20.06,1014.0,768.18,999.0,-54.0,1571.6134,18.0,18.0,Super Ideal,H,VVS2,1.32,IGI,2830.0
205,Ember Star,2,Round,1,1,0,14.86,741.0,644.35,730.0,-57.0,1231.3523,18.0,18.0,Ideal,G,VS1,1.15,IGI,2462.22
205,Michelle Kennedy,2,Round,1,1,0,17.19,831.0,722.61,819.0,-53.0,1254.3135,18.0,18.0,Ideal,G,VS1,1.15,IGI,2462.22
205,Sunset Gems,2,Round,1,1,0,16.89,763.0,663.48,752.0,-56.0,1232.6071,18.0,18.0,Ideal,G,VS1,1.15,IGI,2462.22
205,White Lily,2,Round,1,1,0,13.21,797.0,693.04,785.0,-53.0,1202.3549,18.0,18.0,Ideal,G,VS1,1.15,IGI,2462.22
211,Michelle Kennedy,2,Pear,1,1,0,14.28,834.0,758.18,821.0,-57.0,1255.8184,15.0,15.0,Very Good,H,VS1,1.1,IGI,3270.0
211,Thalassa Gems,2,Pear,1,2,0,18.6,816.9,742.64,805.0,-61.0,1360.9838,15.0,15.0,Very Good,H,VS1,1.1,IGI,3270.0
214,Hazel Diamonds,2,Round,1,1,0,11.02,1058.0,700.66,1042.0,-57.0,1760.3029,18.0,18.0,Ideal,H,VS2,1.51,IGI,3145.0
214,Serene Peaks Diamonds,2,Round,1,1,0,14.31,1128.0,747.02,1111.0,-53.0,1707.5404,18.0,18.0,Ideal,H,VS2,1.51,IGI,3145.0
215,Emilia Sterling,2,Cushion,1,1,0,16.98,775.98,753.38,764.0,-60.0,1229.5985,15.0,15.0,Very Good,E,VS2,1.03,IGI,2191.11
215,Fabiola,2,Cushion,1,1,0,16.01,804.96,781.51,793.0,-66.0,1473.948,14.0,15.0,Very Good,E,VS2,1.03,IGI,2191.11
215,La Marquise,2,Cushion,1,1,0,20.47,889.0,863.11,876.0,-63.0,1496.8821,15.0,15.0,Very Good,E,VS2,1.03,IGI,2191.11
215,Michelle Kennedy,2,Cushion,1,1,0,16.19,862.66,837.53,850.0,-63.0,1486.3494,15.0,15.0,Very Good,E,VS2,1.03,IGI,2191.11
215,Periwinkle Stones,2,Cushion,1,1,0,17.65,818.0,794.17,806.0,-65.0,1491.478,15.0,15.0,Very Good,E,VS2,1.03,IGI,2191.11
215,Temperley,2,Cushion,1,1,0,14.72,848.0,823.3,835.0,-56.0,1225.7037,14.0,15.0,Very Good,E,VS2,1.03,IGI,2191.11
218,Mei & Co,2,Round,1,1,0,11.87,3514.0,1148.37,3461.0,-67.0,7567.4155,18.0,18.0,Ideal,G,VS2,3.06,IGI,15300.0
218,Periwinkle Stones,2,Round,1,1,0,15.98,3631.75,1186.85,3577.0,-66.0,7555.3599,18.0,18.0,Ideal,G,VS2,3.06,IGI,15300.0
218,Temperley,2,Round,1,1,0,16.71,3555.14,1161.81,3502.0,-66.0,7474.1641,18.0,18.0,Ideal,G,VS2,3.06,IGI,15300.0
218,White Lily,2,Round,1,1,0,12.52,3560.0,1163.4,3507.0,-66.0,7526.5474,18.0,18.0,Ideal,G,VS2,3.06,IGI,15300.0
230,Cirrus Gems,2,Round,1,1,0,20.59,727.0,654.95,716.0,-59.0,1281.574,18.0,18.0,Super Ideal,E,VS2,1.11,IGI,2300.0
230,Hoseki,2,Round,1,1,0,18.3,754.21,679.47,743.0,-58.0,1294.1121,18.0,18.0,Super Ideal,E,VS2,1.11,IGI,2300.0
230,Jane Brear,2,Round,1,1,0,17.68,796.0,717.12,784.0,-56.0,1290.0022,18.0,18.0,Super Ideal,E,VS2,1.11,IGI,2300.0
230,Magnolia,2,Round,1,1,0,13.65,740.0,666.67,729.0,-60.0,1310.8997,18.0,18.0,Super Ideal,E,VS2,1.11,IGI,2300.0
230,Michelle Kennedy,2,Round,1,1,0,17.29,793.02,714.43,781.0,-56.0,1298.0128,18.0,18.0,Super Ideal,E,VS2,1.11,IGI,2300.0
230,Roma Diamonds,2,Round,1,1,0,13.75,1404.0,1264.86,1383.0,-23.0,1312.8685,18.0,18.0,Super Ideal,E,VS2,1.11,IGI,2300.0
230,Silva Diamonds,2,Round,1,1,0,12.03,737.0,663.96,726.0,-59.0,1293.3207,18.0,18.0,Super Ideal,E,VS2,1.11,IGI,2300.0
230,Temperley,2,Round,1,1,0,17.66,773.12,696.5,762.0,-58.0,1317.6875,18.0,18.0,Super Ideal,E,VS2,1.11,IGI,2300.0
230,White Lily,2,Round,1,1,0,13.32,762.0,686.49,751.0,-58.0,1297.9417,18.0,18.0,Super Ideal,E,VS2,1.11,IGI,2300.0
234,Fuji Diamonds,5,Marquise,1,2,0,19.81,1494.0,982.89,1472.0,-62.0,2481.7983,15.0,15.0,Very Good,E,VS2,1.52,GCAL,5120.0
238,Avignon Diamonds,2,Round,1,1,0,13.22,2578.0,1239.42,2539.0,-64.0,5066.3071,18.0,18.0,Ideal,F,VVS2,2.08,IGI,10390.0
238,CV Diamonds,2,Round,1,1,0,14.54,2599.94,1249.97,2561.0,-64.0,5135.4727,18.0,18.0,Ideal,F,VVS2,2.08,IGI,10390.0
238,Camden Gems,2,Round,1,1,0,10.51,2606.0,1252.88,2567.0,-63.0,4984.0015,17.0,18.0,Ideal,F,VVS2,2.08,IGI,10390.0
238,Diamonds by Zoya,2,Round,1,1,0,94.74,2519.0,1211.06,2481.0,-64.0,5070.6255,18.0,18.0,Ideal,F,VVS2,2.08,IGI,10390.0
238,Ember Star,2,Round,1,1,0,15.5,2528.0,1215.38,2490.0,-65.0,5134.8359,18.0,18.0,Ideal,F,VVS2,2.08,IGI,10390.0
238,Eternity Fine Jewelers,2,Round,1,1,0,13.52,2628.79,1263.84,2589.0,-63.0,5047.2144,18.0,18.0,Ideal,F,VVS2,2.08,IGI,10390.0
238,Gemstone Harmony,2,Round,1,1,0,10.84,2590.0,1245.19,2551.0,-63.0,5054.5742,18.0,18.0,Ideal,F,VVS2,2.08,IGI,10390.0
238,Hazel Diamonds,2,Round,1,1,0,13.43,2551.0,1226.44,2513.0,-65.0,5174.835,18.0,18.0,Ideal,F,VVS2,2.08,IGI,10390.0
238,Hill & Holland,2,Round,1,1,0,14.96,2701.42,1298.76,2661.0,-62.0,5054.7866,18.0,18.0,Ideal,F,VVS2,2.08,IGI,10390.0
238,Jane Brear,2,Round,1,1,0,16.53,2683.52,1290.15,2643.0,-62.0,5034.0293,18.0,18.0,Ideal,F,VVS2,2.08,IGI,10390.0
238,La Marquise,2,Round,1,1,0,16.89,2748.75,1321.51,2708.0,-62.0,5170.7114,18.0,18.0,Ideal,F,VVS2,2.08,IGI,10390.0
238,Meadow & Co,2,Round,1,1,0,13.48,2637.0,1267.79,2597.0,-64.0,5183.8174,18.0,18.0,Ideal,F,VVS2,2.08,IGI,10390.0
238,Mei & Co,2,Round,1,1,0,13.69,2590.0,1245.19,2551.0,-63.0,5075.9238,18.0,18.0,Ideal,F,VVS2,2.08,IGI,10390.0
238,Michelle Kennedy,2,Round,1,1,0,14.79,2635.76,1267.19,2596.0,-63.0,5108.3657,18.0,18.0,Ideal,F,VVS2,2.08,IGI,10390.0
238,Nebula Stones,2,Round,1,1,0,15.42,2652.67,1275.32,2613.0,-64.0,5214.6987,18.0,18.0,Ideal,F,VVS2,2.08,IGI,10390.0
238,Periwinkle Stones,2,Round,1,1,0,10.97,2651.0,1274.52,2611.0,-63.0,5160.1797,18.0,18.0,Ideal,F,VVS2,2.08,IGI,10390.0
238,Rosella,2,Round,1,1,0,10.63,2551.0,1226.44,2513.0,-64.0,5088.2476,18.0,18.0,Ideal,F,VVS2,2.08,IGI,10390.0
238,Simetría,2,Round,1,1,0,13.09,2528.0,1215.38,2490.0,-64.0,5045.6118,18.0,18.0,Ideal,F,VVS2,2.08,IGI,10390.0
238,Stellar Radiance,2,Round,1,1,0,11.27,2594.0,1247.12,2555.0,-64.0,5102.0771,18.0,18.0,Ideal,F,VVS2,2.08,IGI,10390.0
238,Taiga Gems,2,Round,1,1,0,14.67,2574.0,1237.5,2535.0,-63.0,4964.5024,18.0,18.0,Ideal,F,VVS2,2.08,IGI,10390.0
238,Tamara,2,Round,1,1,0,12.85,2626.0,1262.5,2587.0,-62.0,4984.4458,18.0,18.0,Ideal,F,VVS2,2.08,IGI,10390.0
238,Temperley,2,Round,1,1,0,14.61,2635.76,1267.19,2596.0,-64.0,5223.4834,17.0,18.0,Ideal,F,VVS2,2.08,IGI,10390.0
238,White Lily,2,Round,1,1,0,14.61,2618.84,1259.06,2580.0,-63.0,5001.2583,18.0,18.0,Ideal,F,VVS2,2.08,IGI,10390.0
239,Michelle Kennedy,2,Round,1,1,0,16.7,3431.76,1657.86,3380.0,-15.0,2902.9602,18.0,18.0,Ideal,I,VS1,2.07,IGI,5010.0
239,Oasis Diamonds,2,Round,1,1,0,19.46,1583.04,764.75,1559.0,-62.0,2958.803,18.0,18.0,Ideal,I,VS1,2.07,IGI,5010.0
239,White Lily,2,Round,1,1,0,16.83,1543.0,745.41,1520.0,-63.0,3000.541,18.0,18.0,Ideal,I,VS1,2.07,IGI,5010.0
243,CV Diamonds,2,Round,1,1,0,14.46,768.14,698.31,757.0,-57.0,1276.3475,18.0,18.0,Ideal,F,VS1,1.1,IGI,2690.0
243,Camden Gems,2,Round,1,1,0,12.18,749.0,680.91,738.0,-58.0,1289.9747,18.0,18.0,Ideal,F,VS1,1.1,IGI,2690.0
243,Clermont Diamonds,2,Round,1,1,0,13.05,754.0,685.45,743.0,-58.0,1281.0397,18.0,18.0,Ideal,F,VS1,1.1,IGI,2690.0
243,Hill & Holland,2,Round,1,1,0,14.11,783.0,711.82,771.0,-56.0,1284.442,18.0,18.0,Ideal,F,VS1,1.1,IGI,2690.0
243,Jane Brear,2,Round,1,1,0,11.64,789.0,717.27,777.0,-55.0,1263.3181,18.0,18.0,Ideal,F,VS1,1.1,IGI,2690.0
243,Lotus Creation,2,Round,1,1,0,16.38,764.4,694.91,753.0,-57.0,1261.9033,18.0,18.0,Ideal,F,VS1,1.1,IGI,2690.0
243,Marlowe & Co,2,Round,1,1,0,11.53,775.1,704.64,763.0,-57.0,1294.2797,18.0,18.0,Ideal,F,VS1,1.1,IGI,2690.0
243,Meridian Crafts,2,Round,1,1,0,14.63,760.0,690.91,749.0,-58.0,1284.442,18.0,18.0,Ideal,F,VS1,1.1,IGI,2690.0
243,Michelle Kennedy,2,Round,1,1,0,15.71,786.05,714.59,774.0,-56.0,1288.1478,18.0,18.0,Ideal,F,VS1,1.1,IGI,2690.0
243,Nova Stars,2,Round,1,1,0,11.69,748.0,680.0,737.0,-60.0,1337.6725,18.0,18.0,Ideal,F,VS1,1.1,IGI,2690.0
243,Rosella,2,Round,1,1,0,10.83,752.0,683.64,741.0,-59.0,1308.647,18.0,18.0,Ideal,F,VS1,1.1,IGI,2690.0
243,Taiga Gems,2,Round,1,1,0,12.87,769.0,699.09,757.0,-57.0,1279.3514,18.0,18.0,Ideal,F,VS1,1.1,IGI,2690.0
243,Temperley,2,Round,1,1,0,15.31,860.68,782.44,848.0,-51.0,1258.1837,18.0,18.0,Ideal,F,VS1,1.1,IGI,2690.0
243,Thalassa Gems,2,Round,1,1,0,14.48,761.18,691.98,750.0,-58.0,1284.2373,18.0,18.0,Ideal,F,VS1,1.1,IGI,2690.0
243,White Lily,2,Round,1,1,0,16.08,995.07,904.61,980.0,-45.0,1292.5892,18.0,18.0,Ideal,F,VS1,1.1,IGI,2690.0
244,Bayside Gems,2,Round,1,1,0,16.61,1212.0,911.28,1194.0,-61.0,2203.6326,18.0,18.0,Ideal,D,VVS2,1.33,IGI,5620.0
244,Clermont Diamonds,2,Round,1,1,0,14.48,1259.0,946.62,1240.0,-59.0,2197.7256,18.0,18.0,Ideal,D,VVS2,1.33,IGI,5620.0
244,Ember Star,2,Round,1,1,0,16.5,1238.0,930.83,1219.0,-59.0,2171.3596,18.0,18.0,Ideal,D,VVS2,1.33,IGI,5620.0
244,Emilia Sterling,2,Round,1,1,0,92.76,1217.0,915.04,1199.0,-60.0,2194.4763,18.0,18.0,Ideal,D,VVS2,1.33,IGI,5620.0
244,Eternity Fine Jewelers,2,Round,1,1,0,10.55,1258.0,945.86,1239.0,-58.0,2127.6599,18.0,18.0,Ideal,D,VVS2,1.33,IGI,5620.0
244,Gemstone Harmony,2,Round,1,1,0,12.28,1246.0,936.84,1227.0,-59.0,2174.658,18.0,18.0,Ideal,D,VVS2,1.33,IGI,5620.0
244,Infinity Diamonds,2,Round,1,1,0,11.39,1268.0,953.38,1249.0,-59.0,2199.8848,18.0,18.0,Ideal,D,VVS2,1.33,IGI,5620.0
244,Jane Brear,2,Round,1,1,0,11.24,1263.0,949.62,1244.0,-59.0,2221.4556,18.0,18.0,Ideal,D,VVS2,1.33,IGI,5620.0
244,Knox Diamonds,2,Round,1,1,0,15.73,1236.0,929.32,1217.0,-60.0,2219.6191,18.0,18.0,Ideal,D,VVS2,1.33,IGI,5620.0
244,Magnolia,2,Round,1,1,0,12.66,1236.0,929.32,1217.0,-59.0,2179.2649,18.0,18.0,Ideal,D,VVS2,1.33,IGI,5620.0
244,Marlowe & Co,2,Round,1,1,0,17.36,1274.0,957.89,1255.0,-59.0,2200.3271,18.0,18.0,Ideal,D,VVS2,1.33,IGI,5620.0
244,Michelle Kennedy,2,Round,1,1,0,14.7,1259.0,946.62,1240.0,-59.0,2185.905,18.0,18.0,Ideal,D,VVS2,1.33,IGI,5620.0
244,Promenade Jewelry,2,Round,1,1,0,16.77,1223.0,919.55,1205.0,-61.0,2222.4197,18.0,18.0,Ideal,D,VVS2,1.33,IGI,5620.0
244,Riviera Jewels,2,Round,1,1,0,14.05,1242.0,933.83,1223.0,-59.0,2167.5132,18.0,18.0,Ideal,D,VVS2,1.33,IGI,5620.0
244,Roma Diamonds,2,Round,1,1,0,10.86,1244.0,935.34,1225.0,-59.0,2164.6042,18.0,18.0,Ideal,D,VVS2,1.33,IGI,5620.0
244,Sigma Diamonds,2,Round,1,1,0,14.66,1236.0,929.32,1217.0,-60.0,2216.5869,18.0,18.0,Ideal,D,VVS2,1.33,IGI,5620.0
244,Simetría,2,Round,1,1,0,18.01,1201.0,903.01,1183.0,-61.0,2195.9343,18.0,18.0,Ideal,D,VVS2,1.33,IGI,5620.0
244,Starlight Crafts,2,Round,1,1,0,11.48,1253.0,942.11,1234.0,-59.0,2166.3103,18.0,18.0,Ideal,D,VVS2,1.33,IGI,5620.0
244,Summit Gems,2,Round,1,1,0,15.74,1238.0,930.83,1219.0,-60.0,2197.5269,18.0,18.0,Ideal,D,VVS2,1.33,IGI,5620.0
244,Temperley,2,Round,1,1,0,15.0,1260.0,947.37,1241.0,-58.0,2157.0852,18.0,18.0,Ideal,D,VVS2,1.33,IGI,5620.0
244,Tilia Diamonds,2,Round,1,1,0,15.72,1253.0,942.11,1234.0,-59.0,2187.9324,18.0,18.0,Ideal,D,VVS2,1.33,IGI,5620.0
244,White Lily,2,Round,1,1,0,15.2,1263.0,949.62,1244.0,-58.0,2164.2603,18.0,18.0,Ideal,D,VVS2,1.33,IGI,5620.0
244,Zimmerman Diamonds,2,Round,1,1,0,13.35,1253.0,942.11,1234.0,-59.0,2174.658,18.0,18.0,Ideal,D,VVS2,1.33,IGI,5620.0
245,Taiga Gems,2,Oval,1,1,0,19.87,1632.8,907.11,1608.0,-47.0,2092.4172,15.0,15.0,Super Ideal,I,VS1,1.8,IGI,4070.0
248,Diamonds by Zoya,2,Round,1,1,0,93.64,2967.0,1177.38,2922.0,-62.0,5625.8081,18.0,18.0,Ideal,F,VS2,2.52,IGI,10070.0
248,Jane Brear,2,Round,1,1,0,13.94,3183.0,1263.1,3135.0,-61.0,5861.1802,18.0,18.0,Ideal,F,VS2,2.52,IGI,10070.0
248,Michelle Kennedy,2,Round,1,1,0,12.28,3084.0,1223.81,3038.0,-61.0,5695.7261,18.0,18.0,Ideal,F,VS2,2.52,IGI,10070.0
248,Periwinkle Stones,2,Round,1,1,0,14.56,3143.0,1247.22,3096.0,-60.0,5672.915,18.0,18.0,Ideal,F,VS2,2.52,IGI,10070.0
248,Temperley,2,Round,1,1,0,12.06,3127.0,1240.87,3080.0,-60.0,5595.4434,18.0,18.0,Ideal,F,VS2,2.52,IGI,10070.0
248,Vega Diamonds,2,Round,1,1,0,10.34,3024.0,1200.0,2979.0,-62.0,5739.9565,18.0,18.0,Ideal,F,VS2,2.52,IGI,10070.0
249,Jane Brear,2,Oval,1,1,0,20.28,717.0,676.42,706.0,-59.0,1191.964,15.0,15.0,Super Ideal,H,VS2,1.06,IGI,2050.0
249,Taiga Gems,2,Oval,1,1,0,18.48,698.0,658.49,688.0,-60.0,1178.8971,15.0,15.0,Super Ideal,H,VS2,1.06,IGI,2050.0
253,Jane Brear,2,Round,1,1,0,16.76,1811.0,866.51,1784.0,-60.0,3270.7056,18.0,18.0,Super Ideal,I,VVS2,2.09,IGI,5660.0
253,Temperley,2,Round,1,1,0,15.99,1760.0,842.11,1734.0,-61.0,3213.7129,18.0,18.0,Super Ideal,I,VVS2,2.09,IGI,5660.0
260,N. B. Diamonds,2,Round,1,1,0,13.84,698.77,671.89,688.0,-59.0,1211.575,18.0,18.0,Ideal,H,VVS2,1.04,IGI,2050.0
260,Temperley,2,Round,1,1,0,11.71,719.38,691.71,709.0,-57.0,1185.9618,18.0,18.0,Ideal,H,VVS2,1.04,IGI,2050.0
262,Cirrus Gems,2,Emerald,1,2,0,16.52,830.99,741.96,819.0,-61.0,1359.8254,15.0,15.0,Very Good,F,VS2,1.12,IGI,2170.0
263,Kasai,2,Emerald,1,2,0,11.47,521.38,724.14,514.0,-7.0,360.0311,15.0,15.0,Super Ideal,I,SI1,0.72,IGI,780.0
267,Mei & Co,2,Marquise,1,1,0,11.58,1210.92,883.88,1193.0,-59.0,1866.8357,15.0,15.0,Super Ideal,G,VVS2,1.37,IGI,3240.0
268,Cirrus Gems,2,Round,1,1,0,16.58,2197.0,875.3,2164.0,-62.0,4144.2231,18.0,18.0,Ideal,I,VS1,2.51,IGI,6770.0
268,Elmwood Diamonds,2,Round,1,1,0,18.78,2852.98,1136.65,2810.0,-51.0,4186.3433,18.0,18.0,Ideal,I,VS1,2.51,IGI,6770.0
268,Oasis Diamonds,2,Round,1,1,0,11.78,2293.48,913.74,2259.0,-60.0,4099.8647,18.0,18.0,Ideal,I,VS1,2.51,IGI,6770.0
268,Temperley,2,Round,1,1,0,12.41,2317.36,923.25,2283.0,-60.0,4107.3276,18.0,18.0,Ideal,I,VS1,2.51,IGI,6770.0
268,White Lily,2,Round,1,1,0,12.3,2317.36,923.25,2283.0,-60.0,4113.5708,18.0,18.0,Ideal,I,VS1,2.51,IGI,6770.0
270,Diamonds by Zoya,2,Cushion,2,2,0,15.16,350.0,636.36,345.0,2.0,215.4977,13.0,15.0,Very Good,E,VVS2,0.55,IGI,740.0
275,Jane Brear,2,Round,1,1,0,20.66,1512.0,933.33,1489.0,-45.0,1959.2894,18.0,18.0,Ideal,G,SI1,1.62,IGI,3440.0
275,Michelle Kennedy,2,Round,1,1,0,16.3,1363.15,841.45,1343.0,-50.0,1970.291,18.0,18.0,Ideal,G,SI1,1.62,IGI,3440.0
275,Temperley,2,Round,1,1,0,13.91,1348.22,832.23,1328.0,-52.0,2030.8634,18.0,18.0,Ideal,G,SI1,1.62,IGI,3440.0
276,Avignon Diamonds,2,Round,1,1,0,10.68,2571.0,1272.77,2532.0,-64.0,5058.4971,18.0,18.0,Super Ideal,F,VVS2,2.02,IGI,10110.0
276,Bonsai Gems,2,Round,1,1,0,13.98,2618.0,1296.04,2579.0,-64.0,5140.7764,18.0,18.0,Super Ideal,F,VVS2,2.02,IGI,10110.0
276,Camden Gems,2,Round,1,1,0,14.86,2599.0,1286.63,2560.0,-63.0,5043.3594,18.0,18.0,Super Ideal,F,VVS2,2.02,IGI,10110.0
276,Cascade Diamonds,2,Round,1,1,0,16.34,2586.0,1280.2,2547.0,-64.0,5172.7808,18.0,18.0,Super Ideal,F,VVS2,2.02,IGI,10110.0
276,Gemstone Harmony,2,Round,1,1,0,12.45,2584.0,1279.21,2545.0,-64.0,5090.9443,18.0,18.0,Super Ideal,F,VVS2,2.02,IGI,10110.0
276,Grace Brooks,2,Round,1,1,0,19.83,2604.94,1289.57,2566.0,-63.0,4993.79,18.0,18.0,Super Ideal,F,VVS2,2.02,IGI,10110.0
276,Hazel Diamonds,2,Round,1,1,0,12.14,2543.0,1258.91,2505.0,-65.0,5181.6919,18.0,18.0,Super Ideal,F,VVS2,2.02,IGI,10110.0
276,Hoseki,2,Round,1,1,0,14.8,2653.0,1313.37,2613.0,-63.0,5104.3066,18.0,18.0,Super Ideal,F,VVS2,2.02,IGI,10110.0
276,Jane Brear,2,Round,1,1,0,17.33,2643.72,1308.77,2604.0,-63.0,5154.4014,18.0,18.0,Super Ideal,F,VVS2,2.02,IGI,10110.0
276,Lyra Stones,2,Round,1,1,0,16.23,2613.86,1293.99,2575.0,-63.0,5063.8164,18.0,18.0,Super Ideal,F,VVS2,2.02,IGI,10110.0
276,Marlowe & Co,2,Round,1,1,0,15.32,2627.0,1300.5,2588.0,-63.0,5148.1094,18.0,18.0,Super Ideal,F,VVS2,2.02,IGI,10110.0
276,Mei & Co,2,Round,1,1,0,15.03,2584.0,1279.21,2545.0,-64.0,5117.5669,18.0,18.0,Super Ideal,F,VVS2,2.02,IGI,10110.0
276,Michelle Kennedy,2,Round,1,1,0,15.42,2660.0,1316.83,2620.0,-63.0,5132.3086,18.0,18.0,Super Ideal,F,VVS2,2.02,IGI,10110.0
276,Oasis Diamonds,2,Round,1,1,0,14.48,2660.63,1317.14,2621.0,-63.0,5184.1372,18.0,18.0,Super Ideal,F,VVS2,2.02,IGI,10110.0
276,Periwinkle Stones,2,Round,1,1,0,14.16,2643.0,1308.42,2603.0,-63.0,5079.8647,18.0,18.0,Super Ideal,F,VVS2,2.02,IGI,10110.0
276,Rosella,2,Round,1,1,0,11.65,2543.0,1258.91,2505.0,-64.0,5120.0073,18.0,18.0,Super Ideal,F,VVS2,2.02,IGI,10110.0
276,Serenade Diamonds,2,Round,1,1,0,13.85,2514.0,1244.55,2476.0,-64.0,4998.9419,18.0,18.0,Super Ideal,F,VVS2,2.02,IGI,10110.0
276,Starlight Crafts,2,Round,1,1,0,10.72,2596.0,1285.15,2557.0,-63.0,5044.4639,18.0,18.0,Super Ideal,F,VVS2,2.02,IGI,10110.0
276,Stellar Radiance,2,Round,1,1,0,13.1,2588.0,1281.19,2549.0,-63.0,5054.9697,18.0,18.0,Super Ideal,F,VVS2,2.02,IGI,10110.0
276,Temperley,2,Round,1,1,0,15.7,2779.0,1375.74,2737.0,-61.0,5149.3062,18.0,18.0,Super Ideal,F,VVS2,2.02,IGI,10110.0
276,Thalassa Gems,2,Round,1,1,0,13.28,2585.0,1279.7,2546.0,-64.0,5171.2725,18.0,18.0,Super Ideal,F,VVS2,2.02,IGI,10110.0
276,Tierra Mia Diamonds,2,Round,1,1,0,11.16,2581.0,1277.72,2542.0,-64.0,5062.7466,18.0,18.0,Super Ideal,F,VVS2,2.02,IGI,10110.0
276,Vespera Gems,2,Round,1,1,0,13.69,2551.0,1262.87,2513.0,-63.0,4978.1602,18.0,18.0,Super Ideal,F,VVS2,2.02,IGI,10110.0
276,White Lily,2,Round,1,1,0,94.68,2660.0,1316.83,2620.0,-63.0,5154.478,18.0,18.0,Super Ideal,F,VVS2,2.02,IGI,10110.0
278,Jane Brear,2,Cushion,1,1,0,23.28,2064.0,1021.78,2033.0,-66.0,3864.301,14.0,15.0,Very Good,G,VS1,2.02,IGI,6960.0
278,Michelle Kennedy,2,Cushion,1,1,0,12.86,2112.38,1045.73,2081.0,-64.0,3727.9739,14.0,15.0,Very Good,G,VS1,2.02,IGI,6960.0
278,Serene Peaks Diamonds,2,Cushion,1,1,0,12.98,2139.0,1058.91,2107.0,-64.0,3746.949,14.0,15.0,Very Good,G,VS1,2.02,IGI,6960.0
278,Sonata Gems,2,Cushion,1,1,0,13.58,2095.0,1037.13,2064.0,-66.0,3866.3638,14.0,15.0,Very Good,G,VS1,2.02,IGI,6960.0
278,White Lily,2,Cushion,1,1,0,11.35,2107.41,1043.27,2076.0,-65.0,3824.3909,15.0,15.0,Very Good,G,VS1,2.02,IGI,6960.0
279,Taiga Gems,2,Oval,1,1,0,12.52,1720.36,827.1,1695.0,-57.0,2720.2043,15.0,15.0,Super Ideal,I,VS1,2.08,IGI,5183.33
287,Cirrus Gems,2,Round,1,1,0,15.07,1730.51,765.71,1705.0,-60.0,3069.458,18.0,18.0,Ideal,I,VS2,2.26,IGI,5220.0
287,Michelle Kennedy,2,Round,1,1,0,17.98,1696.0,750.44,1671.0,-60.0,3039.4778,18.0,18.0,Ideal,I,VS2,2.26,IGI,5220.0
291,Cornerstone,2,Cushion,1,1,0,11.05,1355.0,891.45,1335.0,-63.0,2279.2537,15.0,15.0,Super Ideal,E,SI1,1.52,IGI,3820.0
291,Eternity Fine Jewelers,2,Cushion,1,1,0,20.36,1314.4,864.74,1295.0,-64.0,2296.2695,15.0,15.0,Super Ideal,E,SI1,1.52,IGI,3820.0
291,Jane Brear,2,Cushion,1,1,0,16.61,1345.24,885.03,1325.0,-64.0,2344.5796,15.0,15.0,Super Ideal,E,SI1,1.52,IGI,3820.0
291,Michelle Kennedy,2,Cushion,1,1,0,18.88,1355.19,891.57,1335.0,-60.0,2124.0215,15.0,15.0,Super Ideal,E,SI1,1.52,IGI,3820.0
291,Starlit Stones,2,Cushion,1,1,0,56.72,1348.0,886.84,1328.0,-61.0,2204.7056,15.0,15.0,Super Ideal,E,SI1,1.52,IGI,3820.0
291,Temperley,2,Cushion,1,1,0,19.66,1353.14,890.22,1333.0,-63.0,2332.4756,15.0,15.0,Super Ideal,E,SI1,1.52,IGI,3820.0
291,Vega Diamonds,2,Cushion,1,1,0,20.0,1296.2,852.76,1277.0,-65.0,2348.324,15.0,15.0,Super Ideal,E,SI1,1.52,IGI,3820.0
292,Cirrus Gems,2,Round,1,1,0,17.33,914.96,726.16,901.0,-58.0,1543.2089,18.0,18.0,Ideal,H,VVS2,1.26,IGI,2510.0
292,Taiga Gems,2,Round,1,1,0,16.53,918.0,728.57,904.0,-57.0,1522.473,18.0,18.0,Ideal,H,VVS2,1.26,IGI,2510.0
292,White Lily,2,Round,1,1,0,23.08,919.0,729.37,905.0,-57.0,1522.76,18.0,18.0,Ideal,H,VVS2,1.26,IGI,2510.0
293,Jane Brear,2,Oval,1,1,0,17.92,1756.0,860.78,1730.0,-62.0,3127.1934,15.0,15.0,Super Ideal,H,VS2,2.04,IGI,5570.0
293,Periwinkle Stones,2,Oval,1,1,0,14.49,1802.94,883.79,1776.0,-61.0,3104.0432,15.0,15.0,Super Ideal,H,VS2,2.04,IGI,5570.0
293,Taiga Gems,2,Oval,1,1,0,10.75,1763.14,864.28,1737.0,-63.0,3234.6309,15.0,15.0,Super Ideal,H,VS2,2.04,IGI,5570.0
293,Temperley,2,Oval,1,1,0,10.91,1754.0,859.8,1728.0,-61.0,3050.8665,15.0,15.0,Super Ideal,H,VS2,2.04,IGI,5570.0
293,White Lily,2,Oval,1,1,0,12.68,1756.0,860.78,1730.0,-61.0,3016.8091,15.0,15.0,Super Ideal,H,VS2,2.04,IGI,5570.0
303,Ember Star,2,Round,1,1,0,13.22,873.0,715.57,860.0,-65.0,1787.6523,18.0,18.0,Ideal,G,VVS2,1.22,IGI,2910.0
303,Fabiola,2,Round,1,1,0,14.43,894.0,732.79,881.0,-64.0,1802.738,18.0,18.0,Ideal,G,VVS2,1.22,IGI,2910.0
303,Roma Diamonds,2,Round,1,1,0,13.56,1626.0,1332.79,1602.0,-36.0,1819.5836,18.0,18.0,Ideal,G,VVS2,1.22,IGI,2910.0
303,Rosella,2,Round,1,1,0,16.57,873.0,715.57,860.0,-66.0,1840.3687,18.0,18.0,Ideal,G,VVS2,1.22,IGI,2910.0
303,Sunset Gems,2,Round,1,1,0,18.06,889.0,728.69,876.0,-65.0,1821.5599,18.0,18.0,Ideal,G,VVS2,1.22,IGI,2910.0
303,Taiga Gems,2,Round,1,1,0,17.66,912.0,747.54,898.0,-63.0,1785.3536,18.0,18.0,Ideal,G,VVS2,1.22,IGI,2910.0
303,Temperley,2,Round,1,1,0,10.71,924.0,757.38,910.0,-62.0,1743.6768,18.0,18.0,Ideal,G,VVS2,1.22,IGI,2910.0
304,55 E Diamonds,2,Round,1,1,0,17.84,2020.06,1160.95,1990.0,-43.0,2533.3198,18.0,18.0,Super Ideal,E,VS1,1.74,IGI,6320.0
304,Avignon Diamonds,2,Round,1,1,0,12.36,1913.0,1099.43,1884.0,-47.0,2560.5215,18.0,18.0,Super Ideal,E,VS1,1.74,IGI,6320.0
304,CV Diamonds,2,Round,1,1,0,11.88,1932.0,1110.34,1903.0,-46.0,2577.9048,18.0,18.0,Super Ideal,E,VS1,1.74,IGI,6320.0
304,Camden Gems,2,Round,1,1,0,13.46,1936.0,1112.64,1907.0,-46.0,2566.2339,18.0,18.0,Super Ideal,E,VS1,1.74,IGI,6320.0
304,Cirrus Gems,2,Round,1,1,0,16.12,1867.0,1072.99,1839.0,-49.0,2599.7334,18.0,18.0,Super Ideal,E,VS1,1.74,IGI,6320.0
304,Clermont Diamonds,2,Round,1,1,0,12.71,1936.0,1112.64,1907.0,-47.0,2596.3833,18.0,18.0,Super Ideal,E,VS1,1.74,IGI,6320.0
304,Fiona Clément,2,Round,1,1,0,14.68,1909.0,1097.13,1880.0,-46.0,2514.4634,18.0,18.0,Super Ideal,E,VS1,1.74,IGI,6320.0
304,Jane Brear,2,Round,1,1,0,14.06,1937.0,1113.22,1908.0,-46.0,2566.627,18.0,18.0,Super Ideal,E,VS1,1.74,IGI,6320.0
304,La Marquise,2,Round,1,1,0,19.64,2061.0,1184.48,2030.0,-44.0,2613.2305,18.0,18.0,Super Ideal,E,VS1,1.74,IGI,6320.0
304,Lyra Stones,2,Round,1,1,0,17.39,1917.0,1101.72,1888.0,-46.0,2554.8606,18.0,18.0,Super Ideal,E,VS1,1.74,IGI,6320.0
304,Marlowe & Co,2,Round,1,1,0,14.66,1925.0,1106.32,1896.0,-45.0,2522.8093,18.0,18.0,Super Ideal,E,VS1,1.74,IGI,6320.0
304,Michelle Kennedy,2,Round,1,1,0,17.78,1945.0,1117.82,1916.0,-45.0,2550.876,18.0,18.0,Super Ideal,E,VS1,1.74,IGI,6320.0
304,Nebula Stones,2,Round,1,1,0,13.88,1958.0,1125.29,1929.0,-46.0,2602.0203,18.0,18.0,Super Ideal,E,VS1,1.74,IGI,6320.0
304,Oasis Diamonds,2,Round,1,1,0,15.39,1983.0,1139.66,1953.0,-45.0,2558.7336,18.0,18.0,Super Ideal,E,VS1,1.74,IGI,6320.0
304,Periwinkle Stones,2,Round,1,1,0,17.76,1949.0,1120.11,1920.0,-46.0,2590.4829,18.0,18.0,Super Ideal,E,VS1,1.74,IGI,6320.0
304,Roma Diamonds,2,Round,1,1,0,11.7,1934.0,1111.49,1905.0,-46.0,2563.5178,18.0,18.0,Super Ideal,E,VS1,1.74,IGI,6320.0
304,Simetría,2,Round,1,1,0,20.55,1863.0,1070.69,1835.0,-47.0,2517.2869,18.0,18.0,Super Ideal,E,VS1,1.74,IGI,6320.0
304,Tamara,2,Round,1,1,0,14.24,1935.0,1112.07,1906.0,-46.0,2548.1377,18.0,18.0,Super Ideal,E,VS1,1.74,IGI,6320.0
304,Temperley,2,Round,1,1,0,18.48,1949.0,1120.11,1920.0,-44.0,2503.4465,18.0,18.0,Super Ideal,E,VS1,1.74,IGI,6320.0
304,White Lily,2,Round,1,1,0,12.41,1927.0,1107.47,1898.0,-45.0,2520.3767,18.0,18.0,Super Ideal,E,VS1,1.74,IGI,6320.0
306,Michelle Kennedy,2,Oval,1,2,0,13.94,746.0,703.77,735.0,-64.0,1390.2961,14.0,15.0,Very Good,F,VS1,1.06,IGI,2290.0
306,Serene Peaks Diamonds,2,Oval,1,1,0,10.13,721.0,680.19,710.0,-65.0,1397.7159,15.0,15.0,Very Good,F,VS1,1.06,IGI,2290.0
308,Diamonds by Zoya,2,Oval,2,2,0,12.71,317.4,705.33,313.0,-24.0,281.1344,14.0,15.0,Good,E,VS1,0.45,IGI,470.0
310,Temperley,2,Pear,1,1,0,13.19,303.48,632.25,299.0,-47.0,370.3567,15.0,15.0,Super Ideal,E,VS2,0.48,IGI,490.0
315,Avignon Diamonds,2,Round,1,1,0,25.69,336.84,635.55,332.0,-55.0,539.2111,18.0,18.0,Super Ideal,D,VS1,0.53,IGI,870.0
315,Iris Diamonds,2,Round,1,1,0,50.39,329.0,620.75,324.0,-56.0,536.6902,18.0,18.0,Super Ideal,D,VS1,0.53,IGI,870.0
315,Jane Brear,2,Round,1,1,0,11.29,337.0,635.85,332.0,-56.0,544.7511,18.0,18.0,Super Ideal,D,VS1,0.53,IGI,870.0
315,Knox Diamonds,2,Round,1,1,0,13.35,327.0,616.98,322.0,-58.0,556.4106,18.0,18.0,Super Ideal,D,VS1,0.53,IGI,870.0
315,Marlowe & Co,2,Round,1,1,0,14.55,335.0,632.08,330.0,-57.0,552.4778,18.0,18.0,Super Ideal,D,VS1,0.53,IGI,870.0
315,Michelle Kennedy,2,Round,1,1,0,12.19,337.0,635.85,332.0,-55.0,530.5693,18.0,18.0,Super Ideal,D,VS1,0.53,IGI,870.0
315,Nova Stars,2,Round,1,1,0,22.88,318.4,600.75,314.0,-57.0,533.4124,18.0,18.0,Super Ideal,D,VS1,0.53,IGI,870.0
315,Rosella,2,Round,2,2,0,16.62,318.0,600.0,313.0,-59.0,552.7256,18.0,18.0,Super Ideal,D,VS1,0.53,IGI,870.0
315,Stellar Radiance,2,Round,1,1,0,11.19,332.0,626.42,327.0,-57.0,548.5099,18.0,18.0,Super Ideal,D,VS1,0.53,IGI,870.0
315,Temperley,2,Round,1,1,0,12.98,337.0,635.85,332.0,-55.0,531.2951,18.0,18.0,Super Ideal,D,VS1,0.53,IGI,870.0
315,Thalassa Gems,2,Round,2,2,0,24.87,317.4,598.87,313.0,-57.0,525.7418,18.0,18.0,Super Ideal,D,VS1,0.53,IGI,870.0
315,Tilia Diamonds,2,Round,1,1,0,22.93,316.41,597.0,312.0,-59.0,552.5691,18.0,18.0,Super Ideal,D,VS1,0.53,IGI,870.0
315,White Lily,2,Round,1,1,0,13.32,337.0,635.85,332.0,-57.0,555.0132,18.0,18.0,Super Ideal,D,VS1,0.53,IGI,870.0
316,Avignon Diamonds,2,Round,1,1,0,12.67,1920.0,955.22,1891.0,-63.0,3675.167,18.0,18.0,Super Ideal,G,VS1,2.01,IGI,7458.0
316,CV Diamonds,2,Round,1,1,0,64.86,1931.0,960.7,1902.0,-62.0,3649.3271,18.0,18.0,Super Ideal,G,VS1,2.01,IGI,7458.0
316,Cirrus Gems,2,Round,1,1,0,16.35,1896.52,943.54,1868.0,-63.0,3707.7375,18.0,18.0,Super Ideal,G,VS1,2.01,IGI,7458.0
316,Clermont Diamonds,2,Round,1,1,0,13.32,1913.0,951.74,1884.0,-63.0,3696.5916,18.0,18.0,Super Ideal,G,VS1,2.01,IGI,7458.0
316,Ember Star,2,Round,1,1,0,13.82,1927.0,958.71,1898.0,-62.0,3678.687,18.0,18.0,Super Ideal,G,VS1,2.01,IGI,7458.0
316,Eterna Luxe,2,Round,1,1,0,13.88,1931.0,960.7,1902.0,-63.0,3702.3569,18.0,18.0,Super Ideal,G,VS1,2.01,IGI,7458.0
316,Hazel Diamonds,2,Round,1,1,0,14.23,1863.0,926.87,1835.0,-63.0,3583.9094,18.0,18.0,Super Ideal,G,VS1,2.01,IGI,7458.0
316,Jane Brear,2,Round,1,1,0,14.28,1947.0,968.66,1918.0,-62.0,3633.7832,18.0,18.0,Super Ideal,G,VS1,2.01,IGI,7458.0
316,Meridian Crafts,2,Round,1,1,0,14.76,1915.0,952.74,1886.0,-63.0,3711.9238,18.0,18.0,Super Ideal,G,VS1,2.01,IGI,7458.0
316,Michelle Kennedy,2,Round,1,1,0,13.38,1968.0,979.1,1938.0,-62.0,3708.2063,18.0,18.0,Super Ideal,G,VS1,2.01,IGI,7458.0
316,Roma Diamonds,2,Round,1,1,0,13.5,1932.0,961.19,1903.0,-62.0,3671.6047,18.0,18.0,Super Ideal,G,VS1,2.01,IGI,7458.0
316,Serene Peaks Diamonds,2,Round,1,1,0,12.67,1947.0,968.66,1918.0,-62.0,3699.5784,18.0,18.0,Super Ideal,G,VS1,2.01,IGI,7458.0
316,Sonata Gems,2,Round,1,1,0,14.05,1943.24,966.79,1914.0,-62.0,3708.3953,18.0,18.0,Super Ideal,G,VS1,2.01,IGI,7458.0
316,Temperley,2,Round,1,1,0,14.06,1996.9,993.48,1967.0,-61.0,3683.3428,18.0,18.0,Super Ideal,G,VS1,2.01,IGI,7458.0
316,The Diamond Source,2,Round,1,1,0,13.34,1931.3,960.85,1902.0,-63.0,3697.9434,18.0,18.0,Super Ideal,G,VS1,2.01,IGI,7458.0
316,Westport Jewelry,2,Round,1,1,0,12.3,1901.0,945.77,1872.0,-63.0,3629.9363,18.0,18.0,Super Ideal,G,VS1,2.01,IGI,7458.0
316,White Lily,2,Round,1,1,0,12.76,1949.0,969.65,1920.0,-62.0,3703.897,18.0,18.0,Super Ideal,G,VS1,2.01,IGI,7458.0
320,Temperley,2,Radiant,1,1,0,22.48,6070.0,1933.12,5979.0,-66.0,11667.8145,15.0,15.0,Super Ideal,E,VVS2,3.14,IGI,19440.0
324,Promenade Jewelry,2,Pear,1,1,0,10.62,317.4,705.33,313.0,-39.0,340.13,15.0,15.0,Super Ideal,F,VS2,0.45,IGI,450.0
326,Fuji Diamonds,2,Princess,1,2,0,15.92,365.79,515.2,360.0,-62.0,603.7546,15.0,15.0,Super Ideal,H,VS2,0.71,IGI,990.0
327,Jane Brear,2,Round,1,1,0,13.94,774.11,661.63,762.0,-51.0,1135.5095,18.0,18.0,Super Ideal,E,SI1,1.17,IGI,2053.33
327,Roma Diamonds,2,Round,1,1,0,14.96,748.0,639.32,737.0,-52.0,1125.8777,18.0,18.0,Super Ideal,E,SI1,1.17,IGI,2053.33
327,Temperley,2,Round,1,1,0,14.81,775.0,662.39,763.0,-48.0,1076.5771,18.0,18.0,Super Ideal,E,SI1,1.17,IGI,2053.33
327,Vega Diamonds,2,Round,1,1,0,17.43,740.0,632.48,729.0,-51.0,1077.5979,18.0,18.0,Super Ideal,E,SI1,1.17,IGI,2053.33
327,White Lily,2,Round,1,1,0,15.51,763.0,652.14,752.0,-52.0,1140.1432,18.0,18.0,Super Ideal,E,SI1,1.17,IGI,2053.33
332,Cirrus Gems,2,Round,1,1,0,17.94,772.0,603.12,760.0,-57.0,1291.9391,18.0,18.0,Ideal,I,VS2,1.28,IGI,1950.0
334,Atkinson Crafts,2,Round,1,1,0,14.72,877.0,718.85,864.0,-67.0,1897.2106,18.0,18.0,Super Ideal,D,VS1,1.22,IGI,3150.0
334,Avignon Diamonds,2,Round,1,1,0,68.75,895.0,733.61,882.0,-66.0,1897.5054,18.0,18.0,Super Ideal,D,VS1,1.22,IGI,3150.0
334,Bayside Gems,2,Round,1,1,0,18.49,842.0,690.16,829.0,-68.0,1891.2463,18.0,18.0,Super Ideal,D,VS1,1.22,IGI,3150.0
334,Clermont Diamonds,2,Round,1,1,0,10.82,873.0,715.57,860.0,-67.0,1890.2948,18.0,18.0,Super Ideal,D,VS1,1.22,IGI,3150.0
334,Ember Star,2,Round,1,1,0,15.23,868.64,712.0,856.0,-67.0,1900.0225,18.0,18.0,Super Ideal,D,VS1,1.22,IGI,3150.0
334,Emilia Sterling,2,Round,1,1,0,12.96,843.0,690.98,830.0,-69.0,1935.9335,18.0,18.0,Super Ideal,D,VS1,1.22,IGI,3150.0
334,Eternity Fine Jewelers,2,Round,1,1,0,11.4,872.0,714.75,859.0,-67.0,1878.4102,18.0,18.0,Super Ideal,D,VS1,1.22,IGI,3150.0
334,Fabiola,2,Round,1,1,0,14.17,856.0,701.64,843.0,-68.0,1899.2462,18.0,18.0,Super Ideal,D,VS1,1.22,IGI,3150.0
334,Jane Brear,2,Round,1,1,0,51.25,881.0,722.13,868.0,-66.0,1872.9286,18.0,18.0,Super Ideal,D,VS1,1.22,IGI,3150.0
334,Lotus Creation,2,Round,1,1,0,15.53,878.29,719.91,865.0,-66.0,1853.9872,18.0,18.0,Super Ideal,D,VS1,1.22,IGI,3150.0
334,Marlowe & Co,2,Round,1,1,0,12.52,877.59,719.34,864.0,-66.0,1872.8962,18.0,18.0,Super Ideal,D,VS1,1.22,IGI,3150.0
334,Mei & Co,2,Round,2,1,0,15.34,863.66,707.92,851.0,-68.0,1926.322,18.0,18.0,Super Ideal,D,VS1,1.22,IGI,3150.0
334,Michelle Kennedy,2,Round,1,1,0,15.17,894.5,733.2,881.0,-66.0,1889.2051,18.0,18.0,Super Ideal,D,VS1,1.22,IGI,3150.0
334,Nebula Stones,2,Round,1,1,0,12.58,884.0,724.59,871.0,-67.0,1922.7935,18.0,18.0,Super Ideal,D,VS1,1.22,IGI,3150.0
334,Riviera Jewels,2,Round,1,1,0,11.84,864.0,708.2,851.0,-67.0,1856.3107,18.0,18.0,Super Ideal,D,VS1,1.22,IGI,3150.0
334,Rosella,2,Round,1,1,0,17.71,861.0,705.74,848.0,-68.0,1927.0347,18.0,18.0,Super Ideal,D,VS1,1.22,IGI,3150.0
334,Sigma Diamonds,2,Round,1,1,0,12.49,858.0,703.28,845.0,-68.0,1900.0348,18.0,18.0,Super Ideal,D,VS1,1.22,IGI,3150.0
334,Silva Diamonds,2,Round,2,1,0,12.42,871.0,713.93,858.0,-67.0,1903.0403,18.0,18.0,Super Ideal,D,VS1,1.22,IGI,3150.0
334,Simetría,2,Round,1,1,0,18.31,841.0,689.34,828.0,-68.0,1888.183,18.0,18.0,Super Ideal,D,VS1,1.22,IGI,3150.0
334,Starlight Crafts,2,Round,1,1,0,14.52,871.0,713.93,858.0,-67.0,1876.6664,18.0,18.0,Super Ideal,D,VS1,1.22,IGI,3150.0
334,Taiga Gems,2,Round,1,1,0,13.85,852.0,698.36,839.0,-67.0,1868.0303,18.0,18.0,Super Ideal,D,VS1,1.22,IGI,3150.0
334,Tamara,2,Round,1,1,0,15.05,880.0,721.31,867.0,-65.0,1823.8505,18.0,18.0,Super Ideal,D,VS1,1.22,IGI,3150.0
334,Temperley,2,Round,1,1,0,13.43,890.0,729.51,877.0,-66.0,1896.1365,18.0,18.0,Super Ideal,D,VS1,1.22,IGI,3150.0
334,Tilia Diamonds,2,Round,1,1,0,14.25,870.0,713.11,857.0,-67.0,1888.9868,18.0,18.0,Super Ideal,D,VS1,1.22,IGI,3150.0
334,Vega Diamonds,2,Round,1,1,0,10.21,845.0,692.62,832.0,-68.0,1894.1393,18.0,18.0,Super Ideal,D,VS1,1.22,IGI,3150.0
334,White Lily,2,Round,1,1,0,13.22,890.0,729.51,877.0,-67.0,1906.8768,18.0,18.0,Super Ideal,D,VS1,1.22,IGI,3150.0
334,Woodhouse Diamonds,2,Round,1,1,0,12.43,869.0,712.3,856.0,-67.0,1884.6165,18.0,18.0,Super Ideal,D,VS1,1.22,IGI,3150.0
341,White Lily,2,Round,1,1,0,14.41,2187.0,1195.08,2154.0,-26.0,2125.0039,18.0,18.0,Super Ideal,I,SI1,1.83,IGI,3240.0
343,Diamonds by Zoya,2,Cushion,1,1,0,20.44,837.79,805.57,825.0,-60.0,1326.0701,15.0,15.0,Very Good,E,VS1,1.04,IGI,2370.0
343,Ember Star,2,Cushion,1,1,0,25.09,800.0,769.23,788.0,-58.0,1198.871,14.0,15.0,Very Good,E,VS1,1.04,IGI,2370.0
343,Jane Brear,2,Cushion,1,1,0,17.19,870.0,836.54,857.0,-64.0,1533.0876,15.0,15.0,Very Good,E,VS1,1.04,IGI,2370.0
343,La Marquise,2,Cushion,1,1,0,21.08,925.58,889.98,912.0,-62.0,1533.0876,15.0,15.0,Very Good,E,VS1,1.04,IGI,2370.0
343,Marlowe & Co,2,Cushion,1,1,0,20.34,847.74,815.13,835.0,-63.0,1437.7797,14.0,15.0,Very Good,E,VS1,1.04,IGI,2370.0
343,Michelle Kennedy,2,Cushion,1,2,0,12.4,848.0,815.38,835.0,-62.0,1423.382,13.0,15.0,Very Good,E,VS1,1.04,IGI,2370.0
343,Periwinkle Stones,2,Cushion,1,1,0,21.93,845.0,812.5,832.0,-65.0,1540.1691,15.0,15.0,Very Good,E,VS1,1.04,IGI,2370.0
343,Rosella,2,Cushion,1,1,0,24.79,800.0,769.23,788.0,-59.0,1241.9672,15.0,15.0,Very Good,E,VS1,1.04,IGI,2370.0
343,Starlit Stones,2,Cushion,1,1,0,53.85,866.0,832.69,853.0,-61.0,1399.9004,14.0,15.0,Very Good,E,VS1,1.04,IGI,2370.0
343,Temperley,2,Cushion,1,1,0,22.09,870.0,836.54,857.0,-64.0,1533.0876,15.0,15.0,Very Good,E,VS1,1.04,IGI,2370.0
343,White Lily,2,Cushion,1,1,0,14.68,870.0,836.54,857.0,-64.0,1523.1533,15.0,15.0,Very Good,E,VS1,1.04,IGI,2370.0
344,KIYO,2,Oval,1,1,0,22.39,710.0,780.22,699.0,-50.0,953.0675,15.0,15.0,Super Ideal,H,VS1,0.91,IGI,1690.0
344,Temperley,2,Oval,1,1,0,16.05,751.22,825.52,740.0,-48.0,973.4619,15.0,15.0,Super Ideal,H,VS1,0.91,IGI,1690.0
350,Cirrus Gems,2,Round,1,1,0,21.71,1556.79,734.33,1533.0,-62.0,2918.2729,18.0,18.0,Super Ideal,I,VS1,2.12,IGI,5093.33
350,Jane Brear,2,Round,1,1,0,19.3,1753.19,826.98,1727.0,-57.0,2899.8708,18.0,18.0,Super Ideal,I,VS1,2.12,IGI,5093.33
350,Temperley,2,Round,1,1,0,13.31,3528.27,1664.28,3475.0,-14.0,2946.7283,18.0,18.0,Super Ideal,I,VS1,2.12,IGI,5093.33
350,White Lily,2,Round,1,1,0,16.77,1753.19,826.98,1727.0,-57.0,2926.1978,18.0,18.0,Super Ideal,I,VS1,2.12,IGI,5093.33
354,Adalyn Jewelry,2,Oval,1,1,0,12.01,389.04,532.93,383.0,-39.0,430.6028,15.0,15.0,Super Ideal,D,VS2,0.73,IGI,1290.0
354,Albert's Creations,2,Oval,1,1,0,20.6,353.0,483.56,348.0,-43.0,420.1988,15.0,15.0,Super Ideal,D,VS2,0.73,IGI,1290.0
354,Athena Diamonds,2,Oval,1,2,0,12.0,354.0,484.93,349.0,-50.0,475.2954,15.0,15.0,Super Ideal,D,VS2,0.73,IGI,1290.0
354,Cornerstone,2,Oval,2,1,0,12.6,355.0,486.3,350.0,-49.0,467.5751,15.0,15.0,Super Ideal,D,VS2,0.73,IGI,1290.0
354,Vega Diamonds,2,Oval,1,1,0,22.14,343.0,469.86,338.0,-52.0,480.3372,15.0,15.0,Super Ideal,D,VS2,0.73,IGI,1290.0
354,White Lily,2,Oval,1,2,0,12.4,388.0,531.51,382.0,-42.0,449.5828,15.0,15.0,Super Ideal,D,VS2,0.73,IGI,1290.0
355,Michelle Kennedy,2,Pear,1,1,0,14.92,471.63,637.34,465.0,-13.0,352.0842,15.0,15.0,Super Ideal,I,SI1,0.74,IGI,770.0
355,White Lily,2,Pear,1,2,0,11.83,471.63,637.34,465.0,-9.0,336.7101,15.0,15.0,Super Ideal,I,SI1,0.74,IGI,770.0
356,Michelle Kennedy,2,Round,1,1,0,12.71,1894.0,823.48,1866.0,-56.0,3061.5994,18.0,18.0,Super Ideal,I,VS2,2.3,IGI,5650.0
358,Albert's Creations,2,Oval,1,1,0,10.16,948.0,938.61,934.0,-59.0,1547.1201,15.0,15.0,Super Ideal,D,VS1,1.01,IGI,2450.0
358,Avignon Diamonds,2,Oval,1,1,0,12.09,932.0,922.77,918.0,-59.0,1517.9366,15.0,15.0,Super Ideal,D,VS1,1.01,IGI,2450.0
358,Bayside Gems,2,Oval,1,1,0,13.59,953.21,943.77,939.0,-58.0,1531.0126,15.0,15.0,Super Ideal,D,VS1,1.01,IGI,2450.0
358,Bella Gems,2,Oval,1,1,0,14.04,944.0,934.65,930.0,-59.0,1543.2733,15.0,15.0,Super Ideal,D,VS1,1.01,IGI,2450.0
358,Hoseki,2,Oval,1,1,0,15.59,959.0,949.5,945.0,-58.0,1535.4222,15.0,15.0,Super Ideal,D,VS1,1.01,IGI,2450.0
358,Infinity Diamonds,2,Oval,1,1,0,11.87,945.0,935.64,931.0,-59.0,1561.7755,15.0,15.0,Super Ideal,D,VS1,1.01,IGI,2450.0
358,Jane Brear,2,Oval,1,1,0,15.09,954.53,945.08,940.0,-58.0,1546.0225,15.0,15.0,Super Ideal,D,VS1,1.01,IGI,2450.0
358,Knox Diamonds,2,Oval,1,1,0,14.37,944.0,934.65,930.0,-58.0,1524.7205,15.0,15.0,Super Ideal,D,VS1,1.01,IGI,2450.0
358,Lotus Creation,2,Oval,1,1,0,14.78,941.99,932.66,928.0,-58.0,1503.1417,15.0,15.0,Super Ideal,D,VS1,1.01,IGI,2450.0
358,Magnolia,2,Oval,2,2,0,11.7,937.0,927.72,923.0,-59.0,1541.5741,15.0,15.0,Super Ideal,D,VS1,1.01,IGI,2450.0
358,Marble Arch,2,Oval,1,1,0,10.01,939.0,929.7,925.0,-58.0,1501.9213,15.0,15.0,Super Ideal,D,VS1,1.01,IGI,2450.0
358,Marlene Crafts,2,Oval,1,1,0,13.27,936.0,926.73,922.0,-58.0,1501.8964,15.0,15.0,Super Ideal,D,VS1,1.01,IGI,2450.0
358,Marlowe & Co,2,Oval,1,1,0,13.47,957.0,947.52,943.0,-57.0,1486.0875,15.0,15.0,Super Ideal,D,VS1,1.01,IGI,2450.0
358,Michelle Kennedy,2,Oval,1,1,0,14.76,954.53,945.08,940.0,-59.0,1550.1035,15.0,15.0,Super Ideal,D,VS1,1.01,IGI,2450.0
358,Riviera Jewels,2,Oval,1,1,0,14.36,951.0,941.58,937.0,-58.0,1510.8601,15.0,15.0,Super Ideal,D,VS1,1.01,IGI,2450.0
358,Rosella,2,Oval,1,1,0,14.66,916.0,906.93,902.0,-59.0,1515.0968,15.0,15.0,Super Ideal,D,VS1,1.01,IGI,2450.0
358,Serene Peaks Diamonds,2,Oval,1,2,0,11.15,949.0,939.6,935.0,-59.0,1565.9392,15.0,15.0,Super Ideal,D,VS1,1.01,IGI,2450.0
358,Starlit Stones,2,Oval,1,1,0,13.82,947.0,937.62,933.0,-58.0,1532.0631,15.0,15.0,Super Ideal,D,VS1,1.01,IGI,2450.0
358,Taiga Gems,2,Oval,1,1,0,12.1,946.0,936.63,932.0,-58.0,1517.9955,15.0,15.0,Super Ideal,D,VS1,1.01,IGI,2450.0
358,Temperley,2,Oval,1,1,0,17.51,960.32,950.81,946.0,-57.0,1517.5444,15.0,15.0,Super Ideal,D,VS1,1.01,IGI,2450.0
358,Tierra Mia Diamonds,2,Oval,1,2,0,16.39,945.0,935.64,931.0,-58.0,1524.5819,15.0,15.0,Super Ideal,D,VS1,1.01,IGI,2450.0
358,Verve Jewels,2,Oval,1,1,0,16.64,941.02,931.7,927.0,-58.0,1525.7108,15.0,15.0,Super Ideal,D,VS1,1.01,IGI,2450.0
358,Westport Jewelry,2,Oval,1,1,0,14.35,937.0,927.72,923.0,-58.0,1501.8964,15.0,15.0,Super Ideal,D,VS1,1.01,IGI,2450.0
358,White Lily,2,Oval,1,1,0,15.14,955.0,945.54,941.0,-59.0,1582.6724,15.0,15.0,Super Ideal,D,VS1,1.01,IGI,2450.0
359,White Lily,2,Round,1,1,0,12.13,1269.62,940.46,1251.0,-32.0,1341.1493,18.0,18.0,Super Ideal,I,VS2,1.35,IGI,2216.67
362,Cirrus Gems,2,Round,1,1,0,19.17,1226.0,839.73,1208.0,-58.0,2098.2297,18.0,18.0,Super Ideal,F,VVS2,1.46,IGI,4490.0
362,Eterna Luxe,2,Round,1,1,0,11.05,1274.0,872.6,1255.0,-55.0,2042.0032,18.0,18.0,Super Ideal,F,VVS2,1.46,IGI,4490.0
362,Fabiola,2,Round,1,1,0,17.82,1248.0,854.79,1229.0,-56.0,2035.6871,18.0,18.0,Super Ideal,F,VVS2,1.46,IGI,4490.0
362,Jane Brear,2,Round,1,1,0,18.36,1259.52,862.68,1241.0,-57.0,2076.0952,18.0,18.0,Super Ideal,F,VVS2,1.46,IGI,4490.0
362,Michelle Kennedy,2,Round,1,1,0,18.52,1257.0,860.96,1238.0,-56.0,2064.3374,18.0,18.0,Super Ideal,F,VVS2,1.46,IGI,4490.0
362,Nova Stars,2,Round,1,1,0,17.92,1258.68,862.11,1240.0,-56.0,2065.6343,18.0,18.0,Super Ideal,F,VVS2,1.46,IGI,4490.0
362,Roma Diamonds,2,Round,1,1,0,15.33,1267.0,867.81,1248.0,-56.0,2081.4958,18.0,18.0,Super Ideal,F,VVS2,1.46,IGI,4490.0
362,Taiga Gems,2,Round,1,1,0,15.85,1246.01,853.43,1227.0,-57.0,2062.7954,18.0,18.0,Super Ideal,F,VVS2,1.46,IGI,4490.0
362,Temperley,2,Round,1,1,0,16.3,1319.0,903.42,1299.0,-54.0,2048.4778,18.0,18.0,Super Ideal,F,VVS2,1.46,IGI,4490.0
362,Vega Diamonds,2,Round,1,1,0,12.11,1224.0,838.36,1206.0,-58.0,2090.3462,18.0,18.0,Super Ideal,F,VVS2,1.46,IGI,4490.0
362,Westport Jewelry,2,Round,1,1,0,15.25,1229.0,841.78,1211.0,-58.0,2095.1836,18.0,18.0,Super Ideal,F,VVS2,1.46,IGI,4490.0
362,White Lily,2,Round,1,1,0,19.57,1305.85,894.42,1286.0,-55.0,2065.2493,18.0,18.0,Super Ideal,F,VVS2,1.46,IGI,4490.0
375,Clermont Diamonds,2,Round,1,1,0,16.25,1336.0,772.25,1316.0,-54.0,2076.8635,18.0,18.0,Super Ideal,G,SI1,1.73,IGI,3810.0
375,Michelle Kennedy,2,Round,1,1,0,18.47,1406.0,812.72,1385.0,-52.0,2093.6365,18.0,18.0,Super Ideal,G,SI1,1.73,IGI,3810.0
375,Temperley,2,Round,1,1,0,19.08,1383.0,799.42,1362.0,-53.0,2088.5,18.0,18.0,Super Ideal,G,SI1,1.73,IGI,3810.0
378,Jane Brear,2,Round,1,1,0,13.5,1627.82,1356.52,1603.0,-9.0,1285.2136,18.0,18.0,Super Ideal,I,VS2,1.2,IGI,1896.0
381,Clermont Diamonds,2,Round,1,1,0,15.26,1644.0,809.85,1619.0,-62.0,3096.4878,18.0,18.0,Super Ideal,G,SI1,2.03,IGI,6230.0
381,Roma Diamonds,2,Round,1,1,0,10.57,2889.0,1423.15,2846.0,-32.0,3049.2324,18.0,18.0,Super Ideal,G,SI1,2.03,IGI,6230.0
381,Temperley,2,Round,1,1,0,17.58,1678.0,826.6,1653.0,-62.0,3152.0999,18.0,18.0,Super Ideal,G,SI1,2.03,IGI,6230.0
389,Hoseki,2,Pear,1,1,0,16.86,1154.2,1154.2,1137.0,-59.0,1836.8679,14.0,15.0,Very Good,F,VVS1,1.0,IGI,2610.0
392,Hoseki,2,Cushion,1,1,0,10.79,352.23,704.46,347.0,-54.0,478.853,14.0,15.0,Very Good,D,VS2,0.5,IGI,690.0
392,Promenade Jewelry,2,Cushion,1,2,0,10.64,315.0,630.0,310.0,-53.0,419.7182,14.0,15.0,Very Good,D,VS2,0.5,IGI,690.0
393,Clermont Diamonds,2,Princess,1,1,0,15.76,4674.51,1537.67,4604.0,-65.0,8415.0508,15.0,15.0,Super Ideal,G,VVS2,3.04,IGI,14960.0
393,Jane Brear,2,Princess,1,2,0,13.58,4632.0,1523.68,4563.0,-65.0,8305.1084,15.0,15.0,Super Ideal,G,VVS2,3.04,IGI,14960.0
393,Marlowe & Co,2,Princess,1,1,0,10.49,4679.48,1539.3,4609.0,-64.0,8311.6553,15.0,15.0,Super Ideal,G,VVS2,3.04,IGI,14960.0
393,Michelle Kennedy,2,Princess,1,1,0,19.49,4498.0,1479.61,4431.0,-65.0,8248.2852,15.0,15.0,Super Ideal,G,VVS2,3.04,IGI,14960.0
393,Rosella,2,Princess,1,1,0,10.81,4483.0,1474.67,4416.0,-66.0,8310.8721,15.0,15.0,Super Ideal,G,VVS2,3.04,IGI,14960.0
393,Taiga Gems,2,Princess,1,1,0,19.45,4457.0,1466.12,4390.0,-66.0,8357.5186,15.0,15.0,Super Ideal,G,VVS2,3.04,IGI,14960.0
393,Temperley,2,Princess,1,1,0,20.02,4459.0,1466.78,4392.0,-66.0,8308.5664,15.0,15.0,Super Ideal,G,VVS2,3.04,IGI,14960.0
406,Alicia & Juno,2,Round,1,1,0,11.51,809.0,793.14,797.0,-56.0,1307.0632,18.0,18.0,Ideal,E,VVS2,1.02,IGI,2910.0
406,Avignon Diamonds,2,Round,1,1,0,12.2,804.0,788.24,792.0,-56.0,1297.7411,18.0,18.0,Ideal,E,VVS2,1.02,IGI,2910.0
406,Camden Gems,2,Round,1,1,0,11.3,817.0,800.98,805.0,-55.0,1296.1348,18.0,18.0,Ideal,E,VVS2,1.02,IGI,2910.0
406,Eterna Luxe,2,Round,1,1,0,14.25,816.0,800.0,804.0,-56.0,1314.6311,18.0,18.0,Ideal,E,VVS2,1.02,IGI,2910.0
406,Eternity Fine Jewelers,2,Round,1,1,0,14.48,811.0,795.1,799.0,-56.0,1322.4747,18.0,18.0,Ideal,E,VVS2,1.02,IGI,2910.0
406,Fabiola,2,Round,1,1,0,10.03,817.0,800.98,805.0,-55.0,1311.5991,18.0,18.0,Ideal,E,VVS2,1.02,IGI,2910.0
406,Gemstone Harmony,2,Round,1,1,0,13.86,805.0,789.22,793.0,-56.0,1309.1732,18.0,18.0,Ideal,E,VVS2,1.02,IGI,2910.0
406,Hazel Diamonds,2,Round,1,1,0,11.57,797.0,781.37,785.0,-54.0,1248.108,18.0,18.0,Ideal,E,VVS2,1.02,IGI,2910.0
406,Hoseki,2,Round,1,1,0,14.61,819.0,802.94,807.0,-53.0,1253.8882,18.0,18.0,Ideal,E,VVS2,1.02,IGI,2910.0
406,Iris Diamonds,2,Round,1,1,0,92.85,817.0,800.98,805.0,-55.0,1294.7129,18.0,18.0,Ideal,E,VVS2,1.02,IGI,2910.0
406,Jane Brear,2,Round,1,1,0,15.09,822.0,805.88,810.0,-55.0,1313.9757,18.0,18.0,Ideal,E,VVS2,1.02,IGI,2910.0
406,Marlene Crafts,2,Round,1,1,0,13.66,799.0,783.33,787.0,-58.0,1352.351,18.0,18.0,Ideal,E,VVS2,1.02,IGI,2910.0
406,Marlowe & Co,2,Round,1,1,0,13.12,820.0,803.92,808.0,-55.0,1311.3368,18.0,18.0,Ideal,E,VVS2,1.02,IGI,2910.0
406,Michelle Kennedy,2,Round,1,1,0,13.85,800.0,784.31,788.0,-57.0,1320.5936,18.0,18.0,Ideal,E,VVS2,1.02,IGI,2910.0
406,N. B. Diamonds,2,Round,1,1,0,11.81,807.0,791.18,795.0,-56.0,1318.6235,18.0,18.0,Ideal,E,VVS2,1.02,IGI,2910.0
406,Rosella,2,Round,1,1,0,13.41,808.0,792.16,796.0,-55.0,1284.842,18.0,18.0,Ideal,E,VVS2,1.02,IGI,2910.0
406,Serenade Diamonds,2,Round,1,1,0,11.61,791.0,775.49,779.0,-60.0,1404.6569,18.0,18.0,Ideal,E,VVS2,1.02,IGI,2910.0
406,Sigma Diamonds,2,Round,1,1,0,9.17,817.0,800.98,805.0,-56.0,1315.4476,18.0,18.0,Ideal,E,VVS2,1.02,IGI,2910.0
406,Simetría,2,Round,1,1,0,93.12,805.0,789.22,793.0,-56.0,1308.99,18.0,18.0,Ideal,E,VVS2,1.02,IGI,2910.0
406,Starlight Crafts,2,Round,1,1,0,11.1,817.0,800.98,805.0,-55.0,1295.8627,18.0,18.0,Ideal,E,VVS2,1.02,IGI,2910.0
406,Starlit Stones,2,Round,1,1,0,11.85,807.0,791.18,795.0,-55.0,1288.2855,18.0,18.0,Ideal,E,VVS2,1.02,IGI,2910.0
406,Stellar Radiance,2,Round,1,1,0,12.28,807.0,791.18,795.0,-55.0,1295.8291,18.0,18.0,Ideal,E,VVS2,1.02,IGI,2910.0
406,Thalassa Gems,2,Round,1,1,0,13.09,805.0,789.22,793.0,-54.0,1260.0193,18.0,18.0,Ideal,E,VVS2,1.02,IGI,2910.0
406,Tilia Diamonds,2,Round,1,1,0,21.52,812.92,796.98,801.0,-56.0,1313.8092,18.0,18.0,Ideal,E,VVS2,1.02,IGI,2910.0
406,White Lily,2,Round,1,1,0,11.48,800.0,784.31,788.0,-57.0,1320.3871,18.0,18.0,Ideal,E,VVS2,1.02,IGI,2910.0
408,Michelle Kennedy,2,Emerald,1,1,0,15.94,2583.71,855.53,2545.0,-57.0,3882.1211,15.0,15.0,Super Ideal,I,SI1,3.02,IGI,8660.0
408,White Lily,2,Emerald,1,1,0,16.03,2583.71,855.53,2545.0,-57.0,3872.7327,15.0,15.0,Super Ideal,I,SI1,3.02,IGI,8660.0
410,Sunset Gems,2,Round,1,2,0,21.24,997.97,712.84,983.0,-56.0,1622.1018,18.0,18.0,Super Ideal,H,VVS2,1.4,IGI,3160.0
410,Taiga Gems,2,Round,1,1,0,18.7,992.0,708.57,977.0,-58.0,1681.2734,18.0,18.0,Super Ideal,H,VVS2,1.4,IGI,3160.0
415,Cirrus Gems,2,Round,1,1,0,16.8,883.0,754.7,870.0,-54.0,1383.6873,18.0,18.0,Super Ideal,E,VVS2,1.17,IGI,3314.0
415,Diamonds by Zoya,2,Round,1,1,0,13.57,918.0,784.62,904.0,-53.0,1406.2007,18.0,18.0,Super Ideal,E,VVS2,1.17,IGI,3314.0
415,Emilia Sterling,2,Round,1,1,0,11.92,880.0,752.14,867.0,-54.0,1370.41,18.0,18.0,Super Ideal,E,VVS2,1.17,IGI,3314.0
415,Eterna Luxe,2,Round,1,1,0,14.38,920.0,786.32,906.0,-52.0,1383.1798,18.0,18.0,Super Ideal,E,VVS2,1.17,IGI,3314.0
415,Eternity Fine Jewelers,2,Round,1,1,0,13.73,919.38,785.79,906.0,-53.0,1395.2312,18.0,18.0,Super Ideal,E,VVS2,1.17,IGI,3314.0
415,Fabiola,2,Round,1,1,0,14.59,902.0,770.94,888.0,-53.0,1365.2677,18.0,18.0,Super Ideal,E,VVS2,1.17,IGI,3314.0
415,Jane Brear,2,Round,1,1,0,93.16,946.0,808.55,932.0,-51.0,1382.1868,18.0,18.0,Super Ideal,E,VVS2,1.17,IGI,3314.0
415,Knox Diamonds,2,Round,1,1,0,14.04,904.46,773.04,891.0,-53.0,1386.5941,18.0,18.0,Super Ideal,E,VVS2,1.17,IGI,3314.0
415,Magnolia,2,Round,1,1,0,14.17,914.4,781.54,901.0,-54.0,1412.7615,18.0,18.0,Super Ideal,E,VVS2,1.17,IGI,3314.0
415,Marlowe & Co,2,Round,1,1,0,11.85,916.0,782.91,902.0,-52.0,1375.879,18.0,18.0,Super Ideal,E,VVS2,1.17,IGI,3314.0
415,Michelle Kennedy,2,Round,1,1,0,13.48,950.0,811.97,936.0,-51.0,1396.1564,18.0,18.0,Super Ideal,E,VVS2,1.17,IGI,3314.0
415,Oasis Diamonds,2,Round,1,1,0,12.26,954.2,815.56,940.0,-50.0,1376.4077,18.0,18.0,Super Ideal,E,VVS2,1.17,IGI,3314.0
415,Riviera Jewels,2,Round,1,1,0,12.02,904.0,772.65,890.0,-54.0,1408.4766,18.0,18.0,Super Ideal,E,VVS2,1.17,IGI,3314.0
415,Silva Diamonds,2,Round,1,1,0,13.2,897.0,766.67,884.0,-53.0,1380.0469,18.0,18.0,Super Ideal,E,VVS2,1.17,IGI,3314.0
415,Simetría,2,Round,1,1,0,17.11,885.04,756.44,872.0,-55.0,1407.8507,18.0,18.0,Super Ideal,E,VVS2,1.17,IGI,3314.0
415,Starlight Crafts,2,Round,1,1,0,10.6,911.0,778.63,897.0,-53.0,1385.3915,18.0,18.0,Super Ideal,E,VVS2,1.17,IGI,3314.0
415,Sunset Gems,2,Round,2,1,0,15.04,900.48,769.64,887.0,-54.0,1408.7183,18.0,18.0,Super Ideal,E,VVS2,1.17,IGI,3314.0
415,Temperley,2,Round,1,1,0,12.73,929.33,794.3,915.0,-52.0,1396.1409,18.0,18.0,Super Ideal,E,VVS2,1.17,IGI,3314.0
415,White Lily,2,Round,1,1,0,14.26,946.0,808.55,932.0,-52.0,1397.1394,18.0,18.0,Super Ideal,E,VVS2,1.17,IGI,3314.0
416,Michelle Kennedy,2,Oval,1,1,0,12.01,1824.83,877.32,1797.0,-62.0,3199.7317,15.0,15.0,Very Good,H,VS1,2.08,IGI,5940.0
416,Periwinkle Stones,2,Oval,1,1,0,17.74,1796.0,863.46,1769.0,-62.0,3199.7317,15.0,15.0,Very Good,H,VS1,2.08,IGI,5940.0
416,Taiga Gems,2,Oval,1,1,0,14.06,1801.94,866.32,1775.0,-63.0,3239.0918,15.0,15.0,Very Good,H,VS1,2.08,IGI,5940.0
416,Temperley,2,Oval,1,1,0,13.57,1809.9,870.14,1783.0,-61.0,3124.0381,15.0,15.0,Very Good,H,VS1,2.08,IGI,5940.0
417,Cirrus Gems,2,Round,2,2,0,16.99,860.0,641.79,847.0,-59.0,1487.5021,18.0,18.0,Super Ideal,I,VVS2,1.34,IGI,2460.0
417,Jane Brear,2,Round,1,1,0,11.36,1369.0,1021.64,1348.0,-33.0,1457.8522,18.0,18.0,Super Ideal,I,VVS2,1.34,IGI,2460.0
424,Sonata Gems,2,Radiant,1,1,0,11.68,353.22,464.76,348.0,-69.0,741.2706,15.0,15.0,Super Ideal,G,VVS2,0.76,IGI,1180.0
428,Avignon Diamonds,2,Round,1,1,0,59.04,1512.39,1163.38,1490.0,-59.0,2667.0933,18.0,18.0,Ideal,E,VVS1,1.3,IGI,5690.0
428,Fiona Clément,2,Round,1,1,0,14.47,1483.0,1140.77,1461.0,-61.0,2691.4639,18.0,18.0,Ideal,E,VVS1,1.3,IGI,5690.0
428,Joan Cooper,2,Round,1,1,0,14.1,1477.0,1136.15,1455.0,-60.0,2664.6418,18.0,18.0,Ideal,E,VVS1,1.3,IGI,5690.0
428,Knox Diamonds,2,Round,1,1,0,13.24,1477.0,1136.15,1455.0,-61.0,2697.5388,18.0,18.0,Ideal,E,VVS1,1.3,IGI,5690.0
428,Marlowe & Co,2,Round,1,1,0,11.16,1502.0,1155.38,1479.0,-60.0,2718.1218,18.0,18.0,Ideal,E,VVS1,1.3,IGI,5690.0
428,Promenade Jewelry,2,Round,1,1,0,20.45,1479.0,1137.69,1457.0,-61.0,2684.8154,18.0,18.0,Ideal,E,VVS1,1.3,IGI,5690.0
428,Riviera Jewels,2,Round,1,1,0,17.87,1483.54,1141.18,1461.0,-61.0,2694.0581,18.0,18.0,Ideal,E,VVS1,1.3,IGI,5690.0
428,Seraphina Gems,2,Round,1,1,0,13.36,1477.0,1136.15,1455.0,-61.0,2691.6306,18.0,18.0,Ideal,E,VVS1,1.3,IGI,5690.0
428,Sigma Diamonds,2,Round,1,1,0,11.87,1477.0,1136.15,1455.0,-60.0,2668.1755,18.0,18.0,Ideal,E,VVS1,1.3,IGI,5690.0
428,Silva Diamonds,2,Round,2,1,0,13.84,1477.0,1136.15,1455.0,-61.0,2728.1973,18.0,18.0,Ideal,E,VVS1,1.3,IGI,5690.0
428,Simetría,2,Round,1,1,0,16.84,1451.59,1116.61,1430.0,-61.0,2692.5955,18.0,18.0,Ideal,E,VVS1,1.3,IGI,5690.0
428,Starlight Crafts,2,Round,1,1,0,14.08,1477.0,1136.15,1455.0,-61.0,2678.4912,18.0,18.0,Ideal,E,VVS1,1.3,IGI,5690.0
428,Tamara,2,Round,1,1,0,15.52,1483.0,1140.77,1461.0,-60.0,2657.0698,18.0,18.0,Ideal,E,VVS1,1.3,IGI,5690.0
428,Temperley,2,Round,1,1,0,15.1,1530.0,1176.92,1507.0,-59.0,2695.6763,18.0,18.0,Ideal,E,VVS1,1.3,IGI,5690.0
428,Tilia Diamonds,2,Round,1,1,0,14.42,1490.51,1146.55,1468.0,-59.0,2621.7834,18.0,18.0,Ideal,E,VVS1,1.3,IGI,5690.0
428,White Lily,2,Round,1,1,0,16.68,1497.48,1151.91,1475.0,-59.0,2639.5042,18.0,18.0,Ideal,E,VVS1,1.3,IGI,5690.0
434,Temperley,2,Marquise,2,2,0,19.34,1883.0,1134.34,1855.0,-55.0,2644.6423,15.0,15.0,Super Ideal,G,VVS2,1.66,IGI,4840.0
441,Emilia Sterling,2,Round,1,1,0,10.26,3159.0,1201.14,3112.0,-61.0,5765.1709,18.0,18.0,Super Ideal,F,VS2,2.63,IGI,10420.0
441,Eternity Fine Jewelers,2,Round,1,1,0,16.37,3271.0,1243.73,3222.0,-59.0,5690.4546,18.0,18.0,Super Ideal,F,VS2,2.63,IGI,10420.0
441,Fabiola,2,Round,1,1,0,11.03,3241.0,1232.32,3192.0,-59.0,5716.5815,18.0,18.0,Super Ideal,F,VS2,2.63,IGI,10420.0
441,Jane Brear,2,Round,1,1,0,13.52,3312.0,1259.32,3262.0,-59.0,5775.3579,18.0,18.0,Super Ideal,F,VS2,2.63,IGI,10420.0
441,Taiga Gems,2,Round,1,1,0,12.82,3155.0,1199.62,3108.0,-62.0,5950.415,18.0,18.0,Super Ideal,F,VS2,2.63,IGI,10420.0
441,Temperley,2,Round,1,1,0,13.46,3283.5,1248.48,3234.0,-59.0,5743.9883,18.0,18.0,Super Ideal,F,VS2,2.63,IGI,10420.0
441,White Lily,2,Round,1,1,0,13.81,3260.0,1239.54,3211.0,-59.0,5684.1494,18.0,18.0,Super Ideal,F,VS2,2.63,IGI,10420.0
443,Clermont Diamonds,2,Round,1,1,0,13.8,934.0,681.75,920.0,-58.0,1574.7556,18.0,18.0,Super Ideal,F,VS2,1.37,IGI,2980.0
443,Fabiola,2,Round,1,1,0,13.59,949.23,692.87,935.0,-58.0,1602.5195,18.0,18.0,Super Ideal,F,VS2,1.37,IGI,2980.0
443,Jane Brear,2,Round,1,1,0,10.62,1015.9,741.53,1001.0,-54.0,1596.5022,18.0,18.0,Super Ideal,F,VS2,1.37,IGI,2980.0
443,Marlowe & Co,2,Round,1,1,0,13.79,946.0,690.51,932.0,-57.0,1585.6638,18.0,18.0,Super Ideal,F,VS2,1.37,IGI,2980.0
443,Michelle Kennedy,2,Round,1,1,0,12.12,995.0,726.28,980.0,-55.0,1585.926,18.0,18.0,Super Ideal,F,VS2,1.37,IGI,2980.0
444,Michelle Kennedy,2,Round,2,2,0,15.7,348.0,809.3,343.0,-14.0,288.3628,16.0,18.0,Very Good,D,VS2,0.43,IGI,520.0
449,Taiga Gems,2,Round,1,1,0,18.64,1047.0,727.08,1031.0,-46.0,1391.8489,18.0,18.0,Super Ideal,F,SI1,1.44,IGI,2850.0
452,Clermont Diamonds,2,Round,1,1,0,17.26,875.0,795.45,862.0,-53.0,1337.0146,18.0,18.0,Ideal,G,VVS2,1.1,IGI,2613.33
452,Jane Brear,2,Round,1,1,0,11.33,905.0,822.73,891.0,-51.0,1324.2968,18.0,18.0,Ideal,G,VVS2,1.1,IGI,2613.33
452,Meridian Crafts,2,Round,1,1,0,10.89,881.0,800.91,868.0,-51.0,1296.3174,18.0,18.0,Ideal,G,VVS2,1.1,IGI,2613.33
452,Nova Stars,2,Round,1,1,0,12.08,874.0,794.55,861.0,-55.0,1376.9651,18.0,18.0,Ideal,G,VVS2,1.1,IGI,2613.33
452,Roma Diamonds,2,Round,1,1,0,10.81,1530.0,1390.91,1507.0,-18.0,1341.9463,18.0,18.0,Ideal,G,VVS2,1.1,IGI,2613.33
452,Taiga Gems,2,Round,1,1,0,19.1,867.0,788.18,854.0,-50.0,1248.0535,18.0,18.0,Ideal,G,VVS2,1.1,IGI,2613.33
452,Temperley,2,Round,1,1,0,19.07,896.0,814.55,883.0,-51.0,1301.8328,18.0,18.0,Ideal,G,VVS2,1.1,IGI,2613.33
452,Thalassa Gems,2,Round,1,1,0,14.02,878.0,798.18,865.0,-51.0,1295.2114,18.0,18.0,Ideal,G,VVS2,1.1,IGI,2613.33
452,White Lily,2,Round,1,1,0,18.53,905.0,822.73,891.0,-51.0,1314.7877,18.0,18.0,Ideal,G,VVS2,1.1,IGI,2613.33
457,Jane Brear,2,Round,1,1,0,12.72,1848.71,1081.12,1821.0,-24.0,1730.4337,18.0,18.0,Ideal,J,VS1,1.71,IGI,3005.0
457,Temperley,2,Round,1,1,0,10.98,1848.71,1081.12,1821.0,-26.0,1794.7085,18.0,18.0,Ideal,J,VS1,1.71,IGI,3005.0
458,Cornerstone,2,Round,2,2,0,12.85,329.0,587.5,324.0,-47.0,447.0527,18.0,18.0,Ideal,E,VS2,0.56,IGI,777.5
458,Marlowe & Co,2,Round,1,1,0,14.96,357.2,637.86,352.0,-42.0,441.4845,18.0,18.0,Ideal,E,VS2,0.56,IGI,777.5
458,Michelle Kennedy,2,Round,1,1,0,13.49,334.32,597.0,329.0,-39.0,391.0984,18.0,18.0,Ideal,E,VS2,0.56,IGI,777.5
458,Sonata Gems,2,Round,1,1,0,11.99,332.33,593.45,327.0,-46.0,444.042,18.0,18.0,Ideal,E,VS2,0.56,IGI,777.5
458,Temperley,2,Round,1,1,0,12.09,338.3,604.11,333.0,-45.0,443.4603,18.0,18.0,Ideal,E,VS2,0.56,IGI,777.5
458,White Lily,2,Round,1,1,0,11.29,333.32,595.21,328.0,-46.0,439.1358,18.0,18.0,Ideal,E,VS2,0.56,IGI,777.5
459,Jane Brear,2,Round,1,3,0,17.58,636.0,908.57,626.0,-11.0,510.8435,16.0,18.0,Very Good,F,VS1,0.7,IGI,1140.0
461,Clermont Diamonds,2,Round,1,1,0,11.19,1270.0,819.35,1251.0,-62.0,2400.0881,18.0,18.0,Ideal,H,VVS2,1.55,IGI,3810.0
461,Jane Brear,2,Round,1,1,0,16.73,1291.0,832.9,1272.0,-62.0,2431.4082,18.0,18.0,Ideal,H,VVS2,1.55,IGI,3810.0
461,Michelle Kennedy,2,Round,1,1,0,17.1,1283.0,827.74,1264.0,-63.0,2482.5317,18.0,18.0,Ideal,H,VVS2,1.55,IGI,3810.0
461,Serene Peaks Diamonds,2,Round,1,1,0,13.43,1297.48,837.08,1278.0,-62.0,2445.3323,17.0,18.0,Ideal,H,VVS2,1.55,IGI,3810.0
461,Taiga Gems,2,Round,1,1,0,13.47,1300.0,838.71,1280.0,-62.0,2434.1567,18.0,18.0,Ideal,H,VVS2,1.55,IGI,3810.0
461,Temperley,2,Round,1,1,0,10.5,1332.0,859.35,1312.0,-61.0,2456.7695,18.0,18.0,Ideal,H,VVS2,1.55,IGI,3810.0
461,Thalassa Gems,2,Round,1,1,0,18.77,1268.0,818.06,1249.0,-63.0,2435.4812,18.0,18.0,Ideal,H,VVS2,1.55,IGI,3810.0
467,Cirrus Gems,2,Round,1,1,0,18.98,1029.82,725.23,1014.0,-55.0,1640.4352,18.0,18.0,Ideal,H,VVS2,1.42,IGI,3200.0
467,Marlowe & Co,2,Round,1,1,0,48.72,1205.0,848.59,1187.0,-47.0,1640.4352,18.0,18.0,Ideal,H,VVS2,1.42,IGI,3200.0
467,Sunset Gems,2,Round,1,1,0,12.25,999.9,704.15,985.0,-56.0,1623.2886,18.0,18.0,Ideal,H,VVS2,1.42,IGI,3200.0
467,Taiga Gems,2,Round,1,1,0,15.16,1026.84,723.13,1011.0,-55.0,1626.553,18.0,18.0,Ideal,H,VVS2,1.42,IGI,3200.0
467,Temperley,2,Round,1,1,0,12.05,1208.0,850.7,1190.0,-48.0,1652.6934,18.0,18.0,Ideal,H,VVS2,1.42,IGI,3200.0
468,Jane Brear,2,Round,1,1,0,83.12,322.38,632.12,318.0,-48.0,441.3382,18.0,18.0,Super Ideal,D,VS2,0.51,IGI,790.0
468,Marlowe & Co,2,Round,2,1,0,12.97,306.0,600.0,301.0,-50.0,440.0812,18.0,18.0,Super Ideal,D,VS2,0.51,IGI,790.0
468,Michelle Kennedy,2,Round,1,2,0,13.77,320.0,627.45,315.0,-48.0,438.1171,18.0,18.0,Super Ideal,D,VS2,0.51,IGI,790.0
468,Nova Stars,2,Round,1,1,0,23.42,301.48,591.14,297.0,-51.0,441.3065,18.0,18.0,Super Ideal,D,VS2,0.51,IGI,790.0
468,Riviera Jewels,2,Round,1,1,0,14.39,301.0,590.2,296.0,-52.0,447.0111,18.0,18.0,Super Ideal,D,VS2,0.51,IGI,790.0
468,Temperley,2,Round,1,1,0,22.02,335.0,656.86,330.0,-48.0,462.5667,18.0,18.0,Super Ideal,D,VS2,0.51,IGI,790.0
468,White Lily,2,Round,1,1,0,14.54,319.0,625.49,314.0,-48.0,441.792,18.0,18.0,Super Ideal,D,VS2,0.51,IGI,790.0
471,Marlowe & Co,2,Emerald,1,1,0,14.83,1082.0,716.56,1066.0,-60.0,1718.1068,14.0,15.0,Super Ideal,G,SI2,1.51,IGI,3970.0
479,Michelle Kennedy,2,Oval,2,2,0,12.01,1563.0,1042.0,1540.0,-55.0,2338.7212,14.0,15.0,Very Good,E,VS2,1.5,IGI,5270.0
479,Tamara,2,Oval,1,1,0,15.93,1540.0,1026.67,1517.0,-56.0,2342.2263,15.0,15.0,Very Good,E,VS2,1.5,IGI,5270.0
479,Temperley,2,Oval,1,1,0,13.66,1550.0,1033.33,1527.0,-56.0,2382.5427,15.0,15.0,Very Good,E,VS2,1.5,IGI,5270.0
479,The Diamond Source,2,Oval,1,1,0,11.71,1537.28,1024.85,1514.0,-55.0,2320.0293,14.0,15.0,Very Good,E,VS2,1.5,IGI,5270.0
479,White Lily,2,Oval,1,2,0,14.22,1571.1,1047.4,1548.0,-57.0,2446.0715,14.0,15.0,Very Good,E,VS2,1.5,IGI,5270.0
484,N. B. Diamonds,2,Round,1,1,0,13.84,698.77,671.89,688.0,-59.0,1211.575,18.0,18.0,Super Ideal,H,VVS2,1.04,IGI,2130.0
484,Temperley,2,Round,1,1,0,11.71,719.38,691.71,709.0,-57.0,1185.9618,18.0,18.0,Super Ideal,H,VVS2,1.04,IGI,2130.0
485,Temperley,2,Oval,1,1,0,13.46,403.97,464.33,398.0,-63.0,729.6605,15.0,15.0,Very Good,E,VVS2,0.87,IGI,1510.0
490,Albert's Creations,2,Round,1,1,0,12.32,3739.0,1454.86,3683.0,-64.0,7437.502,18.0,18.0,Super Ideal,E,VS1,2.57,IGI,13570.0
490,Avignon Diamonds,2,Round,1,1,0,17.94,6551.77,2549.33,6453.0,-36.0,7340.1992,18.0,18.0,Super Ideal,E,VS1,2.57,IGI,13570.0
490,Cirrus Gems,2,Round,1,1,0,94.02,3582.0,1393.77,3528.0,-64.0,7168.6909,18.0,18.0,Super Ideal,E,VS1,2.57,IGI,13570.0
490,Grace Brooks,2,Round,1,1,0,17.95,3667.0,1426.85,3612.0,-63.0,7088.2993,18.0,18.0,Super Ideal,E,VS1,2.57,IGI,13570.0
490,Hill & Holland,2,Round,1,1,0,13.24,3830.75,1490.56,3773.0,-63.0,7328.7646,18.0,18.0,Super Ideal,E,VS1,2.57,IGI,13570.0
490,Jane Brear,2,Round,1,1,0,11.46,3718.0,1446.69,3662.0,-63.0,7183.0205,18.0,18.0,Super Ideal,E,VS1,2.57,IGI,13570.0
490,Kara,2,Round,1,1,0,12.66,3724.0,1449.03,3668.0,-64.0,7392.752,18.0,18.0,Super Ideal,E,VS1,2.57,IGI,13570.0
490,La Marquise,2,Round,1,1,0,15.86,3845.0,1496.11,3787.0,-63.0,7450.2134,18.0,18.0,Super Ideal,E,VS1,2.57,IGI,13570.0
490,Marlowe & Co,2,Round,1,1,0,10.55,3788.0,1473.93,3731.0,-62.0,7149.9658,18.0,18.0,Super Ideal,E,VS1,2.57,IGI,13570.0
490,Michelle Kennedy,2,Round,1,1,0,15.26,3713.0,1444.75,3657.0,-63.0,7229.2988,18.0,18.0,Super Ideal,E,VS1,2.57,IGI,13570.0
490,Periwinkle Stones,2,Round,1,1,0,12.85,3759.0,1462.65,3703.0,-63.0,7198.3354,18.0,18.0,Super Ideal,E,VS1,2.57,IGI,13570.0
490,Seraphina Gems,2,Round,1,1,0,10.76,4511.33,1755.38,4444.0,-56.0,7389.105,18.0,18.0,Super Ideal,E,VS1,2.57,IGI,13570.0
490,Temperley,2,Round,1,1,0,11.28,3809.0,1482.1,3752.0,-62.0,7269.3584,18.0,18.0,Super Ideal,E,VS1,2.57,IGI,13570.0
490,Vega Diamonds,2,Round,1,1,0,10.97,3589.0,1396.5,3535.0,-65.0,7394.6997,18.0,18.0,Super Ideal,E,VS1,2.57,IGI,13570.0
490,White Lily,2,Round,1,1,0,10.86,3732.0,1452.14,3676.0,-63.0,7175.1543,18.0,18.0,Super Ideal,E,VS1,2.57,IGI,13570.0
494,Jane Brear,2,Round,1,3,0,13.42,703.46,703.46,693.0,-53.0,1066.2422,15.0,18.0,Very Good,E,SI1,1.0,IGI,1837.5
494,Rosella,2,Round,2,2,0,11.82,663.0,663.0,653.0,-54.0,1038.5743,16.0,18.0,Very Good,E,SI1,1.0,IGI,1837.5
496,Clermont Diamonds,2,Round,1,1,0,12.95,658.0,614.95,648.0,-63.0,1273.2167,18.0,18.0,Ideal,F,VS2,1.07,IGI,2170.0
496,Fabiola,2,Round,1,1,0,12.01,666.0,622.43,656.0,-61.0,1225.0005,18.0,18.0,Ideal,F,VS2,1.07,IGI,2170.0
496,Jane Brear,2,Round,1,1,0,10.88,695.0,649.53,685.0,-60.0,1249.3013,18.0,18.0,Ideal,F,VS2,1.07,IGI,2170.0
496,Meridian Crafts,2,Round,1,1,0,10.63,672.0,628.04,662.0,-62.0,1265.8601,18.0,18.0,Ideal,F,VS2,1.07,IGI,2170.0
496,Michelle Kennedy,2,Round,1,1,0,13.46,710.0,663.55,699.0,-60.0,1264.4739,18.0,18.0,Ideal,F,VS2,1.07,IGI,2170.0
496,Serene Peaks Diamonds,2,Round,1,1,0,14.74,675.0,630.84,665.0,-60.0,1196.6608,18.0,18.0,Ideal,F,VS2,1.07,IGI,2170.0
496,Taiga Gems,2,Round,1,1,0,16.41,656.0,613.08,646.0,-61.0,1197.6813,18.0,18.0,Ideal,F,VS2,1.07,IGI,2170.0
496,Temperley,2,Round,1,1,0,14.93,690.0,644.86,680.0,-60.0,1236.703,18.0,18.0,Ideal,F,VS2,1.07,IGI,2170.0
496,Thalassa Gems,2,Round,1,1,0,14.94,670.63,626.76,661.0,-61.0,1229.3628,18.0,18.0,Ideal,F,VS2,1.07,IGI,2170.0
496,White Lily,2,Round,1,1,0,13.08,689.0,643.93,679.0,-60.0,1231.2795,18.0,18.0,Ideal,F,VS2,1.07,IGI,2170.0
497,Avignon Diamonds,2,Round,1,1,0,69.23,734.0,673.39,723.0,-58.0,1264.1573,18.0,18.0,Ideal,F,VS1,1.09,IGI,2506.67
497,Camden Gems,2,Round,1,1,0,14.93,700.0,642.2,690.0,-60.0,1248.5759,18.0,18.0,Ideal,F,VS1,1.09,IGI,2506.67
497,Fabiola,2,Round,1,1,0,10.2,704.0,645.87,693.0,-60.0,1268.4723,18.0,18.0,Ideal,F,VS1,1.09,IGI,2506.67
497,Jane Brear,2,Round,1,1,0,10.25,739.0,677.98,728.0,-58.0,1269.3733,18.0,18.0,Ideal,F,VS1,1.09,IGI,2506.67
497,Marlowe & Co,2,Round,1,1,0,18.5,728.0,667.89,717.0,-59.0,1258.1678,18.0,18.0,Ideal,F,VS1,1.09,IGI,2506.67
497,Michelle Kennedy,2,Round,1,1,0,11.56,733.0,672.48,722.0,-58.0,1251.1958,18.0,18.0,Ideal,F,VS1,1.09,IGI,2506.67
497,Nova Stars,2,Round,1,1,0,11.19,700.0,642.2,690.0,-61.0,1292.2561,18.0,18.0,Ideal,F,VS1,1.09,IGI,2506.67
497,Serenade Diamonds,2,Round,1,1,0,13.98,686.0,629.36,676.0,-61.0,1255.4397,18.0,18.0,Ideal,F,VS1,1.09,IGI,2506.67
497,Serene Peaks Diamonds,2,Round,1,1,0,12.36,715.4,656.33,705.0,-60.0,1284.9403,18.0,18.0,Ideal,F,VS1,1.09,IGI,2506.67
497,Taiga Gems,2,Round,1,1,0,15.27,704.0,645.87,693.0,-60.0,1254.7861,18.0,18.0,Ideal,F,VS1,1.09,IGI,2506.67
497,Temperley,2,Round,1,1,0,13.97,731.0,670.64,720.0,-59.0,1281.8226,18.0,18.0,Ideal,F,VS1,1.09,IGI,2506.67
497,Thalassa Gems,2,Round,1,1,0,10.24,709.0,650.46,698.0,-59.0,1223.7982,18.0,18.0,Ideal,F,VS1,1.09,IGI,2506.67
497,Tierra Mia Diamonds,2,Round,1,1,0,92.84,708.0,649.54,697.0,-59.0,1240.6459,18.0,18.0,Ideal,F,VS1,1.09,IGI,2506.67
497,Vespera Gems,2,Round,1,1,0,12.91,705.0,646.79,694.0,-61.0,1290.2092,18.0,18.0,Ideal,F,VS1,1.09,IGI,2506.67
497,White Lily,2,Round,1,1,0,13.08,730.0,669.72,719.0,-59.0,1270.1812,18.0,18.0,Ideal,F,VS1,1.09,IGI,2506.67
497,Zimmerman Diamonds,2,Round,1,1,0,18.27,715.0,655.96,704.0,-60.0,1274.3324,18.0,18.0,Ideal,F,VS1,1.09,IGI,2506.67
499,Diamonds by Zoya,2,Round,1,1,0,14.39,3204.0,1261.42,3156.0,-65.0,6563.5762,18.0,18.0,Super Ideal,G,VVS2,2.54,IGI,11060.0
499,Ember Star,2,Round,1,1,0,13.88,3340.0,1314.96,3290.0,-63.0,6504.8018,18.0,18.0,Super Ideal,G,VVS2,2.54,IGI,11060.0
499,Jane Brear,2,Round,1,1,0,12.52,3369.0,1326.38,3318.0,-63.0,6491.9312,18.0,18.0,Super Ideal,G,VVS2,2.54,IGI,11060.0
499,Michelle Kennedy,2,Round,1,1,0,17.69,3320.28,1307.2,3270.0,-64.0,6606.4189,18.0,18.0,Super Ideal,G,VVS2,2.54,IGI,11060.0
499,Sonata Gems,2,Round,1,1,0,11.94,3345.0,1316.93,3295.0,-63.0,6422.2456,18.0,18.0,Super Ideal,G,VVS2,2.54,IGI,11060.0
499,Temperley,2,Round,1,1,0,13.86,3459.0,1361.81,3407.0,-62.0,6484.7114,18.0,18.0,Super Ideal,G,VVS2,2.54,IGI,11060.0
499,Vespera Gems,2,Round,1,1,0,11.78,3267.0,1286.22,3218.0,-64.0,6551.5464,18.0,18.0,Super Ideal,G,VVS2,2.54,IGI,11060.0
499,White Lily,2,Round,1,1,0,93.67,3369.0,1326.38,3318.0,-63.0,6515.8936,18.0,18.0,Super Ideal,G,VVS2,2.54,IGI,11060.0
502,Temperley,2,Round,1,1,0,15.33,3381.01,1673.77,3330.0,-17.0,2919.0552,18.0,18.0,Ideal,I,VS1,2.02,IGI,4993.33
502,White Lily,2,Round,1,1,0,17.17,3381.01,1673.77,3330.0,-17.0,2921.6797,18.0,18.0,Ideal,I,VS1,2.02,IGI,4993.33
505,Avignon Diamonds,2,Round,1,1,0,58.6,2111.0,1029.76,2079.0,-62.0,4018.9966,18.0,18.0,Ideal,F,VS1,2.05,IGI,8240.0
505,Bonsai Gems,2,Round,1,1,0,14.33,2189.0,1067.8,2156.0,-62.0,4160.1392,18.0,18.0,Ideal,F,VS1,2.05,IGI,8240.0
505,Clermont Diamonds,2,Round,1,1,0,13.08,2120.0,1034.15,2088.0,-62.0,4046.0776,18.0,18.0,Ideal,F,VS1,2.05,IGI,8240.0
505,Diamonds by Zoya,2,Round,1,1,0,95.22,2107.0,1027.8,2075.0,-62.0,4010.0688,17.0,18.0,Ideal,F,VS1,2.05,IGI,8240.0
505,Fuji Diamonds,2,Round,1,1,0,10.21,2111.0,1029.76,2079.0,-63.0,4031.2502,18.0,18.0,Ideal,F,VS1,2.05,IGI,8240.0
505,Genesis Stones,2,Round,1,1,0,13.04,2271.0,1107.8,2237.0,-61.0,4183.5107,18.0,18.0,Ideal,F,VS1,2.05,IGI,8240.0
505,Hazel Diamonds,2,Round,1,1,0,13.37,2067.0,1008.29,2036.0,-65.0,4279.269,18.0,18.0,Ideal,F,VS1,2.05,IGI,8240.0
505,Jane Brear,2,Round,1,1,0,11.41,2179.05,1062.95,2146.0,-62.0,4114.1602,18.0,18.0,Ideal,F,VS1,2.05,IGI,8240.0
505,La Marquise,2,Round,1,1,0,16.74,2321.19,1132.29,2286.0,-59.0,4073.6526,18.0,18.0,Ideal,F,VS1,2.05,IGI,8240.0
505,Michelle Kennedy,2,Round,1,1,0,13.54,2143.0,1045.37,2111.0,-62.0,3999.8022,18.0,18.0,Ideal,F,VS1,2.05,IGI,8240.0
505,Nebula Stones,2,Round,1,1,0,12.6,2191.0,1068.78,2158.0,-61.0,4050.7209,18.0,18.0,Ideal,F,VS1,2.05,IGI,8240.0
505,Oasis Diamonds,2,Round,1,1,0,10.85,2195.96,1071.2,2163.0,-61.0,4068.0701,18.0,18.0,Ideal,F,VS1,2.05,IGI,8240.0
505,Taiga Gems,2,Round,1,1,0,13.2,2111.0,1029.76,2079.0,-63.0,4106.1772,18.0,18.0,Ideal,F,VS1,2.05,IGI,8240.0
505,Tamara,2,Round,1,1,0,10.11,2139.0,1043.41,2107.0,-62.0,4044.259,18.0,18.0,Ideal,F,VS1,2.05,IGI,8240.0
505,Temperley,2,Round,1,1,0,10.68,2177.0,1061.95,2144.0,-61.0,3971.0669,18.0,18.0,Ideal,F,VS1,2.05,IGI,8240.0
505,Thalassa Gems,2,Round,1,1,0,12.29,2109.0,1028.78,2077.0,-63.0,4074.282,18.0,18.0,Ideal,F,VS1,2.05,IGI,8240.0
505,Tierra Mia Diamonds,2,Round,1,1,0,13.5,2101.0,1024.88,2069.0,-64.0,4133.3159,18.0,18.0,Ideal,F,VS1,2.05,IGI,8240.0
505,Vespera Gems,2,Round,1,1,0,17.51,2101.13,1024.94,2070.0,-64.0,4195.4194,18.0,18.0,Ideal,F,VS1,2.05,IGI,8240.0
505,Westport Jewelry,2,Round,1,1,0,12.77,2079.0,1014.15,2048.0,-63.0,4062.7205,18.0,18.0,Ideal,F,VS1,2.05,IGI,8240.0
505,White Lily,2,Round,1,1,0,10.87,2177.0,1061.95,2144.0,-61.0,4043.4939,18.0,18.0,Ideal,F,VS1,2.05,IGI,8240.0
508,Jane Brear,2,Cushion,1,1,0,22.56,758.61,715.67,747.0,-73.0,1740.3354,15.0,15.0,Super Ideal,G,VS2,1.06,IGI,1960.0
508,Michelle Kennedy,2,Cushion,1,1,0,14.4,741.0,699.06,730.0,-65.0,1350.838,15.0,15.0,Super Ideal,G,VS2,1.06,IGI,1960.0
508,Temperley,2,Cushion,1,1,0,22.13,758.61,715.67,747.0,-62.0,1244.322,15.0,15.0,Super Ideal,G,VS2,1.06,IGI,1960.0
508,White Lily,2,Cushion,1,1,0,21.53,758.61,715.67,747.0,-61.0,1226.9902,15.0,15.0,Super Ideal,G,VS2,1.06,IGI,1960.0
510,Michelle Kennedy,2,Round,1,1,0,12.41,750.0,669.64,739.0,-48.0,1040.5409,18.0,18.0,Super Ideal,G,SI1,1.12,IGI,2320.0
511,Diamonds by Zoya,2,Pear,2,2,0,17.23,357.2,649.45,352.0,-52.0,486.7451,14.0,15.0,Good,D,VS1,0.55,IGI,810.0
512,Avignon Diamonds,2,Round,1,1,0,69.71,904.0,706.25,890.0,-66.0,1882.5654,18.0,18.0,Ideal,D,VS1,1.28,IGI,3520.0
512,Clermont Diamonds,2,Round,1,1,0,11.85,879.0,686.72,866.0,-67.0,1897.3049,18.0,18.0,Ideal,D,VS1,1.28,IGI,3520.0
512,Cornerstone,2,Round,1,1,0,10.05,912.0,712.5,898.0,-65.0,1872.9966,18.0,18.0,Ideal,D,VS1,1.28,IGI,3520.0
512,Emilia Sterling,2,Round,1,1,0,14.2,860.0,671.88,847.0,-67.0,1892.7354,18.0,18.0,Ideal,D,VS1,1.28,IGI,3520.0
512,Eternity Fine Jewelers,2,Round,1,1,0,15.21,886.54,692.61,873.0,-67.0,1918.9452,18.0,18.0,Ideal,D,VS1,1.28,IGI,3520.0
512,Infinity Diamonds,2,Round,1,1,0,16.03,921.72,720.09,908.0,-66.0,1932.8759,18.0,18.0,Ideal,D,VS1,1.28,IGI,3520.0
512,Jane Brear,2,Round,1,1,0,13.69,901.47,704.27,888.0,-66.0,1903.2888,18.0,18.0,Ideal,D,VS1,1.28,IGI,3520.0
512,Magnolia,2,Round,1,1,0,13.04,862.0,673.44,849.0,-68.0,1926.7736,18.0,18.0,Ideal,D,VS1,1.28,IGI,3520.0
512,Marlowe & Co,2,Round,1,1,0,14.53,901.0,703.91,887.0,-66.0,1923.5183,18.0,18.0,Ideal,D,VS1,1.28,IGI,3520.0
512,Michelle Kennedy,2,Round,1,1,0,10.96,909.0,710.16,895.0,-65.0,1874.8916,18.0,18.0,Ideal,D,VS1,1.28,IGI,3520.0
512,Nebula Stones,2,Round,1,1,0,11.53,890.52,695.72,877.0,-67.0,1914.9337,18.0,18.0,Ideal,D,VS1,1.28,IGI,3520.0
512,Oasis Diamonds,2,Round,1,1,0,12.08,927.0,724.22,913.0,-65.0,1872.2606,18.0,18.0,Ideal,D,VS1,1.28,IGI,3520.0
512,Riviera Jewels,2,Round,1,1,0,15.87,871.0,680.47,858.0,-68.0,1923.1937,18.0,18.0,Ideal,D,VS1,1.28,IGI,3520.0
512,Roma Diamonds,2,Round,1,1,0,14.78,1633.0,1275.78,1609.0,-38.0,1892.0282,18.0,18.0,Ideal,D,VS1,1.28,IGI,3520.0
512,Serenade Diamonds,2,Round,1,1,0,13.42,846.0,660.94,833.0,-68.0,1910.6069,18.0,18.0,Ideal,D,VS1,1.28,IGI,3520.0
512,Sigma Diamonds,2,Round,1,1,0,13.33,864.0,675.0,851.0,-68.0,1941.9297,18.0,18.0,Ideal,D,VS1,1.28,IGI,3520.0
512,Silva Diamonds,2,Round,1,1,0,12.15,865.0,675.78,852.0,-68.0,1913.3926,18.0,18.0,Ideal,D,VS1,1.28,IGI,3520.0
512,Simetría,2,Round,1,1,0,16.61,868.0,678.12,855.0,-67.0,1872.3677,18.0,18.0,Ideal,D,VS1,1.28,IGI,3520.0
512,Starlight Crafts,2,Round,1,1,0,13.31,861.0,672.66,848.0,-68.0,1917.8174,18.0,18.0,Ideal,D,VS1,1.28,IGI,3520.0
512,Taiga Gems,2,Round,1,1,0,14.95,859.0,671.09,846.0,-67.0,1874.1772,18.0,18.0,Ideal,D,VS1,1.28,IGI,3520.0
512,Temperley,2,Round,1,1,0,14.67,889.0,694.53,876.0,-66.0,1884.5011,18.0,18.0,Ideal,D,VS1,1.28,IGI,3520.0
512,Tilia Diamonds,2,Round,1,1,0,14.57,876.6,684.84,863.0,-66.0,1869.1339,18.0,18.0,Ideal,D,VS1,1.28,IGI,3520.0
512,Vega Diamonds,2,Round,1,1,0,17.69,852.0,665.62,839.0,-68.0,1913.2528,18.0,18.0,Ideal,D,VS1,1.28,IGI,3520.0
512,White Lily,2,Round,1,1,0,14.78,926.34,723.7,912.0,-65.0,1881.8391,18.0,18.0,Ideal,D,VS1,1.28,IGI,3520.0
513,Albert's Creations,2,Emerald,1,1,0,10.2,4795.0,1587.75,4723.0,-63.0,8409.8535,15.0,15.0,Super Ideal,F,VS1,3.02,IGI,15430.0
513,Avignon Diamonds,2,Emerald,1,1,0,23.32,4647.0,1538.74,4577.0,-65.0,8414.5303,15.0,15.0,Super Ideal,F,VS1,3.02,IGI,15430.0
513,Jane Brear,2,Emerald,1,1,0,18.77,4637.5,1535.6,4568.0,-65.0,8451.2725,15.0,15.0,Super Ideal,F,VS1,3.02,IGI,15430.0
513,Marlowe & Co,2,Emerald,1,1,0,25.45,6065.0,2008.28,5974.0,-55.0,8599.7012,15.0,15.0,Super Ideal,F,VS1,3.02,IGI,15430.0
513,Michelle Kennedy,2,Emerald,1,1,0,12.17,4784.0,1584.11,4712.0,-64.0,8458.1875,15.0,15.0,Super Ideal,F,VS1,3.02,IGI,15430.0
513,Montmartre Gems,2,Emerald,1,1,0,14.13,4788.0,1585.43,4716.0,-64.0,8478.3877,15.0,15.0,Super Ideal,F,VS1,3.02,IGI,15430.0
513,Temperley,2,Emerald,1,1,0,16.09,4760.0,1576.16,4689.0,-64.0,8580.5352,15.0,15.0,Super Ideal,F,VS1,3.02,IGI,15430.0
513,The Diamond Source,2,Emerald,1,1,0,14.6,4788.0,1585.43,4716.0,-64.0,8440.9795,15.0,15.0,Super Ideal,F,VS1,3.02,IGI,15430.0
513,Vespera Gems,2,Emerald,1,1,0,11.83,4630.0,1533.11,4561.0,-65.0,8612.4268,15.0,15.0,Super Ideal,F,VS1,3.02,IGI,15430.0
513,White Lily,2,Emerald,1,1,0,15.51,4770.0,1579.47,4698.0,-64.0,8555.5918,15.0,15.0,Super Ideal,F,VS1,3.02,IGI,15430.0
514,Adalyn Jewelry,2,Cushion,1,1,0,18.32,758.0,735.92,747.0,-61.0,1240.6803,15.0,15.0,Super Ideal,D,SI1,1.03,IGI,2010.0
515,Jane Brear,2,Round,1,1,0,13.11,2049.0,944.24,2018.0,-59.0,3594.4392,18.0,18.0,Super Ideal,F,VS2,2.17,IGI,7850.0
515,Temperley,2,Round,1,1,0,17.44,2087.51,961.99,2056.0,-59.0,3682.4805,18.0,18.0,Super Ideal,F,VS2,2.17,IGI,7850.0
515,White Lily,2,Round,1,1,0,19.68,2099.0,967.28,2068.0,-59.0,3667.0862,18.0,18.0,Super Ideal,F,VS2,2.17,IGI,7850.0
520,Avignon Diamonds,2,Round,1,1,0,16.35,2681.19,1252.89,2641.0,-62.0,5076.207,18.0,18.0,Super Ideal,F,VVS2,2.14,IGI,10600.0
520,Cirrus Gems,2,Round,1,1,0,94.69,2639.0,1233.18,2599.0,-63.0,5166.4189,18.0,18.0,Super Ideal,F,VVS2,2.14,IGI,10600.0
520,Eternity Fine Jewelers,2,Round,1,1,0,14.36,2756.15,1287.92,2715.0,-61.0,5046.8276,18.0,18.0,Super Ideal,F,VVS2,2.14,IGI,10600.0
520,Jane Brear,2,Round,1,1,0,20.38,2760.0,1289.72,2719.0,-62.0,5164.3965,18.0,18.0,Super Ideal,F,VVS2,2.14,IGI,10600.0
520,Michelle Kennedy,2,Round,1,1,0,17.95,2736.0,1278.5,2695.0,-62.0,5133.647,18.0,18.0,Super Ideal,F,VVS2,2.14,IGI,10600.0
520,Seraphina Gems,2,Round,1,1,0,16.74,3480.51,1626.41,3428.0,-51.0,5116.7729,18.0,18.0,Super Ideal,F,VVS2,2.14,IGI,10600.0
520,Temperley,2,Round,1,1,0,14.11,2747.0,1283.64,2706.0,-62.0,5117.668,18.0,18.0,Super Ideal,F,VVS2,2.14,IGI,10600.0
520,Tierra Mia Diamonds,2,Round,1,1,0,18.64,2697.0,1260.28,2657.0,-62.0,5112.4966,18.0,18.0,Super Ideal,F,VVS2,2.14,IGI,10600.0
520,White Lily,2,Round,1,1,0,16.63,2747.0,1283.64,2706.0,-61.0,5050.7427,18.0,18.0,Super Ideal,F,VVS2,2.14,IGI,10600.0
521,Periwinkle Stones,2,Emerald,1,1,0,14.87,3441.0,1269.74,3389.0,-61.0,5641.8184,15.0,15.0,Super Ideal,F,VS2,2.71,IGI,11010.0
521,Temperley,2,Emerald,1,1,0,15.67,3818.89,1409.18,3762.0,-57.0,5696.8394,15.0,15.0,Super Ideal,F,VS2,2.71,IGI,11010.0
522,Albert's Creations,2,Round,1,1,0,10.74,347.0,488.73,342.0,-61.0,630.5002,18.0,18.0,Ideal,D,VS1,0.71,IGI,1440.0
522,Avignon Diamonds,2,Round,1,1,0,73.67,372.0,523.94,366.0,-58.0,632.9198,18.0,18.0,Ideal,D,VS1,0.71,IGI,1440.0
522,Diamonds by Zoya,2,Round,1,1,0,13.24,356.0,501.41,351.0,-60.0,629.5045,18.0,18.0,Ideal,D,VS1,0.71,IGI,1440.0
522,Ember Star,2,Round,1,1,0,26.79,328.15,462.18,323.0,-63.0,632.8771,18.0,18.0,Ideal,D,VS1,0.71,IGI,1440.0
522,Eternity Fine Jewelers,2,Round,1,1,0,24.94,346.26,487.69,341.0,-60.0,616.3282,18.0,18.0,Ideal,D,VS1,0.71,IGI,1440.0
522,Hoseki,2,Round,1,2,0,24.62,353.22,497.49,348.0,-60.0,627.1898,18.0,18.0,Ideal,D,VS1,0.71,IGI,1440.0
522,Infinity Diamonds,2,Round,1,1,0,12.53,355.0,500.0,350.0,-60.0,633.0249,18.0,18.0,Ideal,D,VS1,0.71,IGI,1440.0
522,Jane Brear,2,Round,1,1,0,11.73,374.0,526.76,368.0,-55.0,600.139,18.0,18.0,Ideal,D,VS1,0.71,IGI,1440.0
522,Knox Diamonds,2,Round,1,1,0,13.05,346.0,487.32,341.0,-61.0,635.0157,18.0,18.0,Ideal,D,VS1,0.71,IGI,1440.0
522,Marble Arch,2,Round,1,1,0,14.77,352.0,495.77,347.0,-60.0,622.6354,18.0,18.0,Ideal,D,VS1,0.71,IGI,1440.0
522,Marlowe & Co,2,Round,1,1,0,22.82,394.02,554.96,388.0,-53.0,605.4977,18.0,18.0,Ideal,D,VS1,0.71,IGI,1440.0
522,Mei & Co,2,Round,1,1,0,23.57,343.28,483.49,338.0,-59.0,600.139,18.0,18.0,Ideal,D,VS1,0.71,IGI,1440.0
522,Meridian Crafts,2,Round,1,1,0,13.7,356.0,501.41,351.0,-58.0,610.8638,18.0,18.0,Ideal,D,VS1,0.71,IGI,1440.0
522,Michelle Kennedy,2,Round,1,1,0,26.55,389.92,549.18,384.0,-55.0,617.2111,18.0,18.0,Ideal,D,VS1,0.71,IGI,1440.0
522,Nova Stars,2,Round,1,1,0,12.9,338.3,476.48,333.0,-62.0,634.5826,18.0,18.0,Ideal,D,VS1,0.71,IGI,1440.0
522,Promenade Jewelry,2,Round,1,1,0,21.47,348.0,490.14,343.0,-60.0,627.2502,18.0,18.0,Ideal,D,VS1,0.71,IGI,1440.0
522,Riviera Jewels,2,Round,1,1,0,12.85,352.0,495.77,347.0,-61.0,644.4326,18.0,18.0,Ideal,D,VS1,0.71,IGI,1440.0
522,Rosella,2,Round,2,2,0,15.44,332.0,467.61,327.0,-62.0,627.7219,18.0,18.0,Ideal,D,VS1,0.71,IGI,1440.0
522,Simetría,2,Round,1,1,0,24.2,328.15,462.18,323.0,-62.0,621.3733,18.0,18.0,Ideal,D,VS1,0.71,IGI,1440.0
522,Temperley,2,Round,1,1,0,12.72,370.0,521.13,364.0,-56.0,602.8903,18.0,18.0,Ideal,D,VS1,0.71,IGI,1440.0
522,White Lily,2,Round,1,1,0,21.99,366.16,515.72,361.0,-57.0,614.3073,18.0,18.0,Ideal,D,VS1,0.71,IGI,1440.0
526,Fabiola,2,Round,1,1,0,13.77,704.0,657.94,693.0,-60.0,1264.3186,18.0,18.0,Ideal,G,VS1,1.07,IGI,2325.0
526,Iris Diamonds,2,Round,1,1,0,91.35,711.0,664.49,700.0,-58.0,1201.6854,18.0,18.0,Ideal,G,VS1,1.07,IGI,2325.0
526,Jane Brear,2,Round,1,1,0,12.33,725.0,677.57,714.0,-57.0,1194.576,17.0,18.0,Ideal,G,VS1,1.07,IGI,2325.0
526,Nova Stars,2,Round,1,1,0,15.51,699.0,653.27,689.0,-58.0,1180.9231,18.0,18.0,Ideal,G,VS1,1.07,IGI,2325.0
526,Temperley,2,Round,1,1,0,10.6,728.0,680.37,717.0,-58.0,1227.472,18.0,18.0,Ideal,G,VS1,1.07,IGI,2325.0
528,Blackbird Gems,2,Round,1,1,0,11.6,739.28,717.75,728.0,-67.0,1624.275,18.0,18.0,Super Ideal,D,VS1,1.03,IGI,2702.0
528,Clermont Diamonds,2,Round,1,1,0,12.73,729.0,707.77,718.0,-68.0,1650.0593,18.0,18.0,Super Ideal,D,VS1,1.03,IGI,2702.0
528,Dagenham Diamonds,2,Round,1,1,0,15.04,730.0,708.74,719.0,-67.0,1596.6111,18.0,18.0,Super Ideal,D,VS1,1.03,IGI,2702.0
528,Emilia Sterling,2,Round,1,1,0,11.12,714.0,693.2,703.0,-69.0,1675.5325,18.0,18.0,Super Ideal,D,VS1,1.03,IGI,2702.0
528,Eternity Fine Jewelers,2,Round,1,1,0,12.23,726.0,704.85,715.0,-68.0,1619.1722,18.0,18.0,Super Ideal,D,VS1,1.03,IGI,2702.0
528,Fabiola,2,Round,1,1,0,13.85,722.0,700.97,711.0,-67.0,1576.9407,18.0,18.0,Super Ideal,D,VS1,1.03,IGI,2702.0
528,Hazel Diamonds,2,Round,1,1,0,12.8,714.0,693.2,703.0,-69.0,1642.2339,18.0,18.0,Super Ideal,D,VS1,1.03,IGI,2702.0
528,Hoseki,2,Round,1,1,0,12.24,737.0,715.53,726.0,-68.0,1639.9589,18.0,18.0,Super Ideal,D,VS1,1.03,IGI,2702.0
528,Infinity Diamonds,2,Round,1,1,0,17.9,735.0,713.59,724.0,-69.0,1691.6427,18.0,18.0,Super Ideal,D,VS1,1.03,IGI,2702.0
528,Iris Diamonds,2,Round,1,1,0,93.69,716.0,695.15,705.0,-69.0,1675.9645,18.0,18.0,Super Ideal,D,VS1,1.03,IGI,2702.0
528,Jane Brear,2,Round,1,1,0,14.52,738.0,716.5,727.0,-69.0,1680.719,18.0,18.0,Super Ideal,D,VS1,1.03,IGI,2702.0
528,Knox Diamonds,2,Round,1,1,0,13.96,717.0,696.12,706.0,-69.0,1638.9896,18.0,18.0,Super Ideal,D,VS1,1.03,IGI,2702.0
528,Marlowe & Co,2,Round,1,1,0,45.33,740.0,718.45,729.0,-67.0,1610.5487,18.0,18.0,Super Ideal,D,VS1,1.03,IGI,2702.0
528,Michelle Kennedy,2,Round,1,1,0,11.64,724.0,702.91,713.0,-68.0,1625.6715,18.0,18.0,Super Ideal,D,VS1,1.03,IGI,2702.0
528,Nebula Stones,2,Round,1,1,0,14.09,736.0,714.56,725.0,-68.0,1640.5731,18.0,18.0,Super Ideal,D,VS1,1.03,IGI,2702.0
528,Raelynn Jewels,2,Round,1,1,0,12.11,724.0,702.91,713.0,-69.0,1676.9005,18.0,18.0,Super Ideal,D,VS1,1.03,IGI,2702.0
528,Riley Stones,2,Round,1,1,0,10.16,737.0,715.53,726.0,-68.0,1654.6827,18.0,18.0,Super Ideal,D,VS1,1.03,IGI,2702.0
528,Riviera Jewels,2,Round,1,1,0,11.64,720.0,699.03,709.0,-69.0,1679.0535,18.0,18.0,Super Ideal,D,VS1,1.03,IGI,2702.0
528,Serenade Diamonds,2,Round,1,1,0,15.01,720.0,699.03,709.0,-68.0,1614.3572,18.0,18.0,Super Ideal,D,VS1,1.03,IGI,2702.0
528,Sigma Diamonds,2,Round,1,1,0,13.64,714.0,693.2,703.0,-69.0,1643.2882,18.0,18.0,Super Ideal,D,VS1,1.03,IGI,2702.0
528,Simetría,2,Round,1,1,0,15.24,731.32,710.02,720.0,-68.0,1636.3605,18.0,18.0,Super Ideal,D,VS1,1.03,IGI,2702.0
528,Starlight Crafts,2,Round,1,1,0,14.47,724.0,702.91,713.0,-69.0,1693.4883,18.0,18.0,Super Ideal,D,VS1,1.03,IGI,2702.0
528,Temperley,2,Round,1,1,0,12.38,738.0,716.5,727.0,-68.0,1651.4149,18.0,18.0,Super Ideal,D,VS1,1.03,IGI,2702.0
528,Thalassa Gems,2,Round,1,1,0,13.83,722.0,700.97,711.0,-69.0,1647.5376,18.0,18.0,Super Ideal,D,VS1,1.03,IGI,2702.0
528,White Lily,2,Round,1,1,0,14.64,738.0,716.5,727.0,-68.0,1667.408,18.0,18.0,Super Ideal,D,VS1,1.03,IGI,2702.0
530,Diamonds by Zoya,2,Pear,1,2,0,88.28,355.0,479.73,350.0,-52.0,483.9186,14.0,15.0,Very Good,F,VS1,0.74,IGI,1200.0
535,Jane Brear,2,Round,1,1,0,14.35,914.96,762.47,901.0,-62.0,1711.8298,18.0,18.0,Ideal,G,VVS2,1.2,IGI,2850.0
535,N. B. Diamonds,2,Round,1,1,0,14.22,899.0,749.17,886.0,-63.0,1754.8098,18.0,18.0,Ideal,G,VVS2,1.2,IGI,2850.0
535,Roma Diamonds,2,Round,1,1,0,12.07,1612.0,1343.33,1588.0,-34.0,1761.0928,18.0,18.0,Ideal,G,VVS2,1.2,IGI,2850.0
535,Silva Diamonds,2,Round,1,1,0,12.16,890.0,741.67,877.0,-64.0,1774.8363,18.0,18.0,Ideal,G,VVS2,1.2,IGI,2850.0
535,Sunset Gems,2,Round,1,1,0,18.42,886.01,738.34,873.0,-63.0,1736.6484,18.0,18.0,Ideal,G,VVS2,1.2,IGI,2850.0
535,Temperley,2,Round,1,1,0,16.33,959.0,799.17,945.0,-61.0,1742.724,18.0,18.0,Ideal,G,VVS2,1.2,IGI,2850.0
535,White Lily,2,Round,1,1,0,12.95,917.0,764.17,903.0,-60.0,1656.4105,18.0,18.0,Ideal,G,VVS2,1.2,IGI,2850.0
537,Elmwood Diamonds,2,Cushion,2,3,0,16.57,898.55,855.76,885.0,-61.0,1471.3542,14.0,15.0,Very Good,E,VS2,1.05,IGI,2223.33
537,Fabiola,2,Cushion,1,1,0,15.06,793.0,755.24,781.0,-66.0,1450.7703,14.0,15.0,Very Good,E,VS2,1.05,IGI,2223.33
537,Temperley,2,Cushion,1,1,0,18.85,845.0,804.76,832.0,-64.0,1498.5594,15.0,15.0,Very Good,E,VS2,1.05,IGI,2223.33
537,The Diamond Source,2,Cushion,2,2,0,17.14,793.02,755.26,781.0,-65.0,1441.9078,14.0,15.0,Very Good,E,VS2,1.05,IGI,2223.33
539,Ember Star,2,Oval,1,1,0,11.28,1446.73,915.65,1425.0,-58.0,2329.0583,15.0,15.0,Super Ideal,G,VS1,1.58,IGI,4240.0
539,Fabiola,2,Oval,1,1,0,14.93,1445.74,915.03,1424.0,-59.0,2366.1543,15.0,15.0,Super Ideal,G,VS1,1.58,IGI,4240.0
539,Genesis Stones,2,Oval,1,1,0,13.5,1508.53,954.77,1486.0,-57.0,2339.4785,15.0,15.0,Super Ideal,G,VS1,1.58,IGI,4240.0
539,Hoseki,2,Oval,1,1,0,11.6,1482.55,938.32,1460.0,-58.0,2366.4114,15.0,15.0,Super Ideal,G,VS1,1.58,IGI,4240.0
539,Jane Brear,2,Oval,1,1,0,12.05,1509.42,955.33,1487.0,-57.0,2345.1445,15.0,15.0,Super Ideal,G,VS1,1.58,IGI,4240.0
539,KIYO,2,Oval,1,1,0,17.27,1417.81,897.35,1397.0,-59.0,2351.4519,15.0,15.0,Super Ideal,G,VS1,1.58,IGI,4240.0
539,Michelle Kennedy,2,Oval,1,1,0,12.43,1521.36,962.89,1499.0,-57.0,2377.9773,15.0,15.0,Super Ideal,G,VS1,1.58,IGI,4240.0
539,Periwinkle Stones,2,Oval,1,1,0,12.14,1494.49,945.88,1472.0,-57.0,2365.8938,15.0,15.0,Super Ideal,G,VS1,1.58,IGI,4240.0
539,Serene Peaks Diamonds,2,Oval,1,1,0,14.5,1486.0,940.51,1464.0,-58.0,2367.3323,15.0,15.0,Super Ideal,G,VS1,1.58,IGI,4240.0
539,Taiga Gems,2,Oval,1,1,0,13.96,1481.0,937.34,1459.0,-57.0,2318.4902,15.0,15.0,Super Ideal,G,VS1,1.58,IGI,4240.0
539,Temperley,2,Oval,1,1,0,11.26,1504.44,952.18,1482.0,-57.0,2330.873,15.0,15.0,Super Ideal,G,VS1,1.58,IGI,4240.0
539,White Lily,2,Oval,1,1,0,12.73,1521.36,962.89,1499.0,-57.0,2363.6384,15.0,15.0,Super Ideal,G,VS1,1.58,IGI,4240.0
543,Albert's Creations,2,Emerald,1,1,0,14.55,812.0,803.96,800.0,-65.0,1481.5756,15.0,15.0,Super Ideal,E,VS1,1.01,IGI,2280.0
543,Avignon Diamonds,2,Emerald,1,1,0,13.61,805.9,797.92,794.0,-65.0,1480.579,15.0,15.0,Super Ideal,E,VS1,1.01,IGI,2280.0
543,Bayside Gems,2,Emerald,1,1,0,15.07,816.9,808.81,805.0,-65.0,1494.1816,15.0,15.0,Super Ideal,E,VS1,1.01,IGI,2280.0
543,Cirrus Gems,2,Emerald,1,1,0,16.77,804.94,796.97,793.0,-63.0,1409.974,15.0,15.0,Super Ideal,E,VS1,1.01,IGI,2280.0
543,Diamonds by Zoya,2,Emerald,1,1,0,89.84,811.0,802.97,799.0,-65.0,1505.2834,15.0,15.0,Super Ideal,E,VS1,1.01,IGI,2280.0
543,Eternal Flame,2,Emerald,1,1,0,14.93,826.0,817.82,814.0,-65.0,1497.0122,15.0,15.0,Super Ideal,E,VS1,1.01,IGI,2280.0
543,Eternity Fine Jewelers,2,Emerald,1,1,0,11.34,831.82,823.58,819.0,-62.0,1403.9586,15.0,15.0,Super Ideal,E,VS1,1.01,IGI,2280.0
543,Fuji Diamonds,2,Emerald,1,1,0,14.53,813.0,804.95,801.0,-64.0,1462.7,15.0,15.0,Super Ideal,E,VS1,1.01,IGI,2280.0
543,Hoseki,2,Emerald,1,1,0,14.92,839.78,831.47,827.0,-63.0,1472.4854,15.0,15.0,Super Ideal,E,VS1,1.01,IGI,2280.0
543,Infinity Diamonds,2,Emerald,1,1,0,18.75,802.0,794.06,790.0,-66.0,1495.1116,15.0,15.0,Super Ideal,E,VS1,1.01,IGI,2280.0
543,Jane Brear,2,Emerald,1,1,0,13.8,827.0,818.81,815.0,-62.0,1396.0432,15.0,15.0,Super Ideal,E,VS1,1.01,IGI,2280.0
543,Kara,2,Emerald,1,1,0,12.25,840.78,832.46,828.0,-63.0,1469.9244,15.0,15.0,Super Ideal,E,VS1,1.01,IGI,2280.0
543,Lotus Creation,2,Emerald,1,1,0,17.12,811.69,803.65,800.0,-65.0,1495.427,15.0,15.0,Super Ideal,E,VS1,1.01,IGI,2280.0
543,Marlowe & Co,2,Emerald,1,1,0,12.31,829.0,820.79,817.0,-63.0,1435.1749,15.0,15.0,Super Ideal,E,VS1,1.01,IGI,2280.0
543,Michelle Kennedy,2,Emerald,1,1,0,14.49,827.0,818.81,815.0,-64.0,1478.1974,15.0,15.0,Super Ideal,E,VS1,1.01,IGI,2280.0
543,Periwinkle Stones,2,Emerald,1,1,0,11.29,829.0,820.79,817.0,-63.0,1454.369,15.0,15.0,Super Ideal,E,VS1,1.01,IGI,2280.0
543,Serene Peaks Diamonds,2,Emerald,1,1,0,14.36,818.88,810.77,807.0,-60.0,1313.4995,15.0,15.0,Super Ideal,E,VS1,1.01,IGI,2280.0
543,Sigma Diamonds,2,Emerald,1,1,0,12.9,817.0,808.91,805.0,-64.0,1469.8954,15.0,15.0,Super Ideal,E,VS1,1.01,IGI,2280.0
543,Simetría,2,Emerald,1,1,0,15.15,824.86,816.69,812.0,-65.0,1521.2694,15.0,15.0,Super Ideal,E,VS1,1.01,IGI,2280.0
543,Sonata Gems,2,Emerald,1,1,0,12.51,829.0,820.79,817.0,-64.0,1482.4884,15.0,15.0,Super Ideal,E,VS1,1.01,IGI,2280.0
543,Taiga Gems,2,Emerald,1,1,0,15.42,818.0,809.9,806.0,-66.0,1527.6464,15.0,15.0,Super Ideal,E,VS1,1.01,IGI,2280.0
543,Tamara,2,Emerald,1,1,0,12.09,836.8,828.51,824.0,-64.0,1511.8994,15.0,15.0,Super Ideal,E,VS1,1.01,IGI,2280.0
543,Temperley,2,Emerald,1,1,0,19.22,827.0,818.81,815.0,-65.0,1512.7107,15.0,15.0,Super Ideal,E,VS1,1.01,IGI,2280.0
543,United Diam,2,Emerald,1,1,0,15.43,792.0,784.16,780.0,-64.0,1409.974,15.0,15.0,Super Ideal,E,VS1,1.01,IGI,2280.0
543,Vespera Gems,2,Emerald,1,1,0,17.04,810.0,801.98,798.0,-63.0,1400.1112,15.0,15.0,Super Ideal,E,VS1,1.01,IGI,2280.0
543,Westport Jewelry,2,Emerald,1,1,0,14.77,792.0,784.16,780.0,-65.0,1468.1818,15.0,15.0,Super Ideal,E,VS1,1.01,IGI,2280.0
543,White Lily,2,Emerald,1,1,0,20.24,827.0,818.81,815.0,-65.0,1498.5979,15.0,15.0,Super Ideal,E,VS1,1.01,IGI,2280.0
546,Elmwood Diamonds,2,Oval,1,1,0,13.8,2651.0,1312.38,2611.0,-51.0,3640.7336,15.0,15.0,Very Good,G,VS2,2.02,IGI,6260.0
546,Mei & Co,2,Oval,1,1,0,14.82,1908.41,944.76,1880.0,-66.0,3747.3276,15.0,15.0,Very Good,G,VS2,2.02,IGI,6260.0
546,Nebula Stones,2,Oval,1,1,0,14.76,1983.0,981.68,1953.0,-63.0,3607.0803,15.0,15.0,Very Good,G,VS2,2.02,IGI,6260.0
546,Serene Peaks Diamonds,2,Oval,1,1,0,14.32,1940.0,960.4,1911.0,-64.0,3668.1707,14.0,15.0,Very Good,G,VS2,2.02,IGI,6260.0
546,Taiga Gems,2,Oval,1,1,0,11.35,1909.0,945.05,1880.0,-65.0,3674.4868,15.0,15.0,Very Good,G,VS2,2.02,IGI,6260.0
546,Temperley,2,Oval,1,1,0,12.9,2033.0,1006.44,2003.0,-64.0,3754.0283,15.0,15.0,Very Good,G,VS2,2.02,IGI,6260.0
546,White Lily,2,Oval,1,1,0,14.77,1949.2,964.95,1920.0,-65.0,3749.3027,14.0,15.0,Very Good,G,VS2,2.02,IGI,6260.0
548,Albert's Creations,2,Oval,2,1,0,23.83,320.39,562.09,316.0,-39.0,355.1524,15.0,15.0,Very Good,E,VS2,0.57,IGI,690.0
548,Vega Diamonds,2,Oval,2,1,0,28.57,310.78,545.23,306.0,-44.0,374.6706,15.0,15.0,Very Good,E,VS2,0.57,IGI,690.0
551,Cirrus Gems,2,Round,1,1,0,20.93,1402.0,796.59,1381.0,-52.0,2103.4365,18.0,18.0,Super Ideal,H,VS1,1.76,IGI,4230.0
551,Jane Brear,2,Round,1,1,0,16.94,1463.64,831.61,1442.0,-50.0,2112.9949,18.0,18.0,Super Ideal,H,VS1,1.76,IGI,4230.0
559,Cornerstone,2,Round,1,1,0,11.06,303.0,531.58,298.0,-55.0,477.9049,18.0,18.0,Super Ideal,E,VS1,0.57,IGI,825.0
559,Jane Brear,2,Round,1,1,0,21.67,317.0,556.14,312.0,-54.0,490.0499,18.0,18.0,Super Ideal,E,VS1,0.57,IGI,825.0
559,Lotus Creation,2,Round,1,1,0,23.76,303.0,531.58,298.0,-55.0,484.5428,18.0,18.0,Super Ideal,E,VS1,0.57,IGI,825.0
559,Marlowe & Co,2,Round,1,1,0,10.94,306.0,536.84,301.0,-57.0,508.9083,18.0,18.0,Super Ideal,E,VS1,0.57,IGI,825.0
559,Michelle Kennedy,2,Round,1,1,0,19.49,317.0,556.14,312.0,-56.0,513.4458,18.0,18.0,Super Ideal,E,VS1,0.57,IGI,825.0
559,Temperley,2,Round,1,1,0,22.68,317.0,556.14,312.0,-52.0,474.4828,18.0,18.0,Super Ideal,E,VS1,0.57,IGI,825.0
559,White Lily,2,Round,1,1,0,21.65,317.0,556.14,312.0,-54.0,495.5722,18.0,18.0,Super Ideal,E,VS1,0.57,IGI,825.0
562,Jane Brear,2,Pear,1,1,0,12.42,1131.0,1131.0,1114.0,-33.0,1089.9636,13.0,15.0,Very Good,I,SI1,1.0,IGI,1266.67
562,Temperley,2,Pear,1,2,0,13.67,1131.0,1131.0,1114.0,-30.0,1052.149,14.0,15.0,Very Good,I,SI1,1.0,IGI,1266.67
562,White Lily,2,Pear,1,2,0,15.88,1131.0,1131.0,1114.0,-26.0,984.5464,15.0,15.0,Very Good,I,SI1,1.0,IGI,1266.67
563,Clermont Diamonds,2,Round,1,1,0,14.66,1812.0,892.61,1785.0,-61.0,3326.0344,18.0,18.0,Super Ideal,G,VS2,2.03,IGI,6860.0
563,Hoseki,2,Round,1,1,0,19.45,1851.0,911.82,1823.0,-59.0,3246.7283,18.0,18.0,Super Ideal,G,VS2,2.03,IGI,6860.0
563,Jane Brear,2,Round,1,1,0,18.69,1859.84,916.18,1832.0,-59.0,3259.3774,18.0,18.0,Super Ideal,G,VS2,2.03,IGI,6860.0
563,Meridian Crafts,2,Round,1,1,0,14.11,1794.0,883.74,1767.0,-60.0,3242.3521,18.0,18.0,Super Ideal,G,VS2,2.03,IGI,6860.0
563,Michelle Kennedy,2,Round,1,1,0,20.3,1821.0,897.04,1794.0,-61.0,3324.8223,18.0,18.0,Super Ideal,G,VS2,2.03,IGI,6860.0
563,Nova Stars,2,Round,1,1,0,13.56,1802.0,887.68,1775.0,-61.0,3300.7253,18.0,18.0,Super Ideal,G,VS2,2.03,IGI,6860.0
563,Roma Diamonds,2,Round,1,1,0,11.9,3021.0,1488.18,2976.0,-34.0,3252.8499,18.0,18.0,Super Ideal,G,VS2,2.03,IGI,6860.0
563,Serene Peaks Diamonds,2,Round,1,1,0,19.73,1823.0,898.03,1796.0,-59.0,3203.2048,18.0,18.0,Super Ideal,G,VS2,2.03,IGI,6860.0
563,Temperley,2,Round,1,1,0,18.66,2705.0,1332.51,2664.0,-40.0,3246.6443,18.0,18.0,Super Ideal,G,VS2,2.03,IGI,6860.0
563,Vespera Gems,2,Round,1,1,0,10.01,1795.0,884.24,1768.0,-61.0,3269.7332,18.0,18.0,Super Ideal,G,VS2,2.03,IGI,6860.0
563,White Lily,2,Round,1,1,0,19.89,1818.0,895.57,1791.0,-61.0,3301.708,18.0,18.0,Super Ideal,G,VS2,2.03,IGI,6860.0
566,Temperley,2,Round,1,1,0,15.03,1400.0,777.78,1379.0,-57.0,2340.2593,18.0,18.0,Ideal,J,VS1,1.8,IGI,3178.57
569,Diamonds by Zoya,2,Pear,2,2,0,19.57,348.25,497.5,343.0,-59.0,548.7062,14.0,15.0,Very Good,E,VVS2,0.7,IGI,1210.0
569,Westminster Diamonds,2,Pear,2,2,0,17.96,341.28,487.54,336.0,-58.0,523.5546,14.0,15.0,Very Good,E,VVS2,0.7,IGI,1210.0
576,Albert's Creations,2,Round,1,1,0,14.99,1403.0,905.16,1382.0,-59.0,2461.01,18.0,18.0,Ideal,E,VS1,1.55,IGI,5620.0
576,Avignon Diamonds,2,Round,1,1,0,12.82,1408.0,908.39,1387.0,-58.0,2376.0344,18.0,18.0,Ideal,E,VS1,1.55,IGI,5620.0
576,Camden Gems,2,Round,1,1,0,12.2,1382.0,891.61,1361.0,-59.0,2403.4417,18.0,18.0,Ideal,E,VS1,1.55,IGI,5620.0
576,Clermont Diamonds,2,Round,1,1,0,11.89,1409.0,909.03,1388.0,-60.0,2493.1433,18.0,18.0,Ideal,E,VS1,1.55,IGI,5620.0
576,Diamonds by Zoya,2,Round,1,1,0,93.9,1397.0,901.29,1376.0,-58.0,2375.6555,18.0,18.0,Ideal,E,VS1,1.55,IGI,5620.0
576,Ember Star,2,Round,1,1,0,10.81,1397.0,901.29,1376.0,-58.0,2390.0007,18.0,18.0,Ideal,E,VS1,1.55,IGI,5620.0
576,Eternity Fine Jewelers,2,Round,1,1,0,12.84,1399.0,902.58,1378.0,-60.0,2478.6204,18.0,18.0,Ideal,E,VS1,1.55,IGI,5620.0
576,Gemstone Harmony,2,Round,1,1,0,13.0,1392.0,898.06,1371.0,-59.0,2407.9036,18.0,18.0,Ideal,E,VS1,1.55,IGI,5620.0
576,Hazel Diamonds,2,Round,1,1,0,13.62,1371.0,884.52,1350.0,-59.0,2392.9575,18.0,18.0,Ideal,E,VS1,1.55,IGI,5620.0
576,Jane Brear,2,Round,1,1,0,10.17,1379.0,889.68,1358.0,-60.0,2466.5737,18.0,18.0,Ideal,E,VS1,1.55,IGI,5620.0
576,Mei & Co,2,Round,2,1,0,16.71,1386.0,894.19,1365.0,-59.0,2439.6414,18.0,18.0,Ideal,E,VS1,1.55,IGI,5620.0
576,Michelle Kennedy,2,Round,1,1,0,10.04,1420.0,916.13,1399.0,-58.0,2430.2097,18.0,18.0,Ideal,E,VS1,1.55,IGI,5620.0
576,Periwinkle Stones,2,Round,1,1,0,13.79,1424.0,918.71,1403.0,-58.0,2448.0186,18.0,18.0,Ideal,E,VS1,1.55,IGI,5620.0
576,Riviera Jewels,2,Round,1,1,0,11.66,1407.92,908.34,1387.0,-59.0,2430.2932,18.0,18.0,Ideal,E,VS1,1.55,IGI,5620.0
576,Silva Diamonds,2,Round,1,1,0,12.4,1386.0,894.19,1365.0,-59.0,2434.9575,18.0,18.0,Ideal,E,VS1,1.55,IGI,5620.0
576,Temperley,2,Round,1,1,0,11.62,1416.0,913.55,1395.0,-59.0,2465.2798,18.0,18.0,Ideal,E,VS1,1.55,IGI,5620.0
576,Thalassa Gems,2,Round,1,1,0,13.1,1394.0,899.35,1373.0,-59.0,2443.5522,18.0,18.0,Ideal,E,VS1,1.55,IGI,5620.0
576,Vega Diamonds,2,Round,1,1,0,13.9,1361.0,878.06,1341.0,-60.0,2415.3765,18.0,18.0,Ideal,E,VS1,1.55,IGI,5620.0
576,Vespera Gems,2,Round,1,1,0,14.17,1388.85,896.03,1368.0,-61.0,2527.4751,18.0,18.0,Ideal,E,VS1,1.55,IGI,5620.0
576,White Lily,2,Round,1,1,0,11.88,1415.0,912.9,1394.0,-58.0,2409.1348,18.0,18.0,Ideal,E,VS1,1.55,IGI,5620.0
579,Jane Brear,2,Round,1,1,0,11.44,1569.12,1005.85,1546.0,-23.0,1452.9171,18.0,18.0,Super Ideal,I,SI2,1.56,IGI,2274.0
580,Clermont Diamonds,2,Round,1,1,0,10.64,838.0,675.81,825.0,-63.0,1629.9139,18.0,18.0,Super Ideal,F,VS1,1.24,IGI,2750.0
580,Eterna Luxe,2,Round,1,1,0,11.59,855.0,689.52,842.0,-63.0,1645.0421,18.0,18.0,Super Ideal,F,VS1,1.24,IGI,2750.0
580,Jane Brear,2,Round,1,1,0,18.51,843.54,680.27,831.0,-64.0,1663.8499,18.0,18.0,Super Ideal,F,VS1,1.24,IGI,2750.0
580,Lotus Creation,2,Round,1,1,0,16.9,847.0,683.06,834.0,-63.0,1633.8739,18.0,18.0,Super Ideal,F,VS1,1.24,IGI,2750.0
580,Marlowe & Co,2,Round,1,1,0,16.78,851.0,686.29,838.0,-63.0,1657.6633,18.0,18.0,Super Ideal,F,VS1,1.24,IGI,2750.0
580,Oasis Diamonds,2,Round,2,1,0,15.55,875.6,706.13,862.0,-62.0,1665.3307,18.0,18.0,Super Ideal,F,VS1,1.24,IGI,2750.0
580,Roma Diamonds,2,Round,1,1,0,14.94,1578.0,1272.58,1554.0,-30.0,1618.1604,18.0,18.0,Super Ideal,F,VS1,1.24,IGI,2750.0
580,Serene Peaks Diamonds,2,Round,1,1,0,17.83,844.76,681.26,832.0,-62.0,1580.6045,18.0,18.0,Super Ideal,F,VS1,1.24,IGI,2750.0
580,Starlight Crafts,2,Round,1,1,0,13.26,831.0,670.16,819.0,-64.0,1656.7362,18.0,18.0,Super Ideal,F,VS1,1.24,IGI,2750.0
580,Temperley,2,Round,1,1,0,15.84,847.0,683.06,834.0,-61.0,1567.2595,18.0,18.0,Super Ideal,F,VS1,1.24,IGI,2750.0
580,Vega Diamonds,2,Round,1,1,0,14.91,823.0,663.71,811.0,-64.0,1626.7859,18.0,18.0,Super Ideal,F,VS1,1.24,IGI,2750.0
580,White Lily,2,Round,1,1,0,13.67,865.0,697.58,852.0,-63.0,1676.3199,18.0,18.0,Super Ideal,F,VS1,1.24,IGI,2750.0
583,Eccles Diamonds,2,Round,1,1,0,15.53,2170.0,1053.4,2137.0,-60.0,3849.7688,18.0,18.0,Super Ideal,E,VS2,2.06,IGI,8190.0
583,Ember Star,2,Round,1,1,0,16.33,2133.95,1035.9,2102.0,-60.0,3807.8394,18.0,18.0,Super Ideal,E,VS2,2.06,IGI,8190.0
583,Hill & Holland,2,Round,1,1,0,17.16,2230.0,1082.52,2197.0,-59.0,3929.2114,18.0,18.0,Super Ideal,E,VS2,2.06,IGI,8190.0
583,Jane Brear,2,Round,1,1,0,11.03,2199.0,1067.48,2166.0,-60.0,3970.292,18.0,18.0,Super Ideal,E,VS2,2.06,IGI,8190.0
583,Mei & Co,2,Round,1,1,0,14.02,2155.0,1046.12,2123.0,-60.0,3820.9038,18.0,18.0,Super Ideal,E,VS2,2.06,IGI,8190.0
583,Michelle Kennedy,2,Round,1,1,0,12.52,2195.0,1065.53,2162.0,-60.0,3940.8191,18.0,18.0,Super Ideal,E,VS2,2.06,IGI,8190.0
583,N. B. Diamonds,2,Round,1,1,0,10.08,2162.0,1049.51,2130.0,-60.0,3882.7385,18.0,18.0,Super Ideal,E,VS2,2.06,IGI,8190.0
583,Periwinkle Stones,2,Round,1,1,0,14.52,2221.0,1078.16,2188.0,-59.0,3906.0127,18.0,18.0,Super Ideal,E,VS2,2.06,IGI,8190.0
583,Starlight Crafts,2,Round,1,1,0,11.62,2152.0,1044.66,2120.0,-59.0,3748.5864,18.0,18.0,Super Ideal,E,VS2,2.06,IGI,8190.0
583,Starlit Stones,2,Round,1,1,0,66.02,2264.0,1099.03,2230.0,-57.0,3789.4517,18.0,18.0,Super Ideal,E,VS2,2.06,IGI,8190.0
583,Taiga Gems,2,Round,1,1,0,15.51,2169.0,1052.91,2136.0,-59.0,3823.9761,18.0,18.0,Super Ideal,E,VS2,2.06,IGI,8190.0
583,Temperley,2,Round,1,1,0,15.67,2199.0,1067.48,2166.0,-58.0,3748.1758,18.0,18.0,Super Ideal,E,VS2,2.06,IGI,8190.0
583,Thalassa Gems,2,Round,1,1,0,12.63,2174.08,1055.38,2141.0,-60.0,3845.4419,18.0,18.0,Super Ideal,E,VS2,2.06,IGI,8190.0
583,Tierra Mia Diamonds,2,Round,1,1,0,12.29,2140.0,1038.83,2108.0,-59.0,3740.1274,18.0,18.0,Super Ideal,E,VS2,2.06,IGI,8190.0
583,Verve Jewels,2,Round,1,1,0,94.76,2137.0,1037.38,2105.0,-61.0,3911.6873,18.0,18.0,Super Ideal,E,VS2,2.06,IGI,8190.0
583,Westport Jewelry,2,Round,1,1,0,13.98,2133.0,1035.44,2101.0,-60.0,3816.2615,18.0,18.0,Super Ideal,E,VS2,2.06,IGI,8190.0
583,White Lily,2,Round,1,1,0,11.35,2187.0,1061.65,2154.0,-59.0,3842.4072,18.0,18.0,Super Ideal,E,VS2,2.06,IGI,8190.0
584,Avignon Diamonds,2,Round,1,1,0,12.74,1828.0,1075.29,1801.0,-47.0,2478.7144,18.0,18.0,Ideal,F,VS1,1.7,IGI,5446.67
584,Camden Gems,2,Round,1,1,0,14.58,1776.0,1044.71,1749.0,-48.0,2430.3374,18.0,18.0,Ideal,F,VS1,1.7,IGI,5446.67
584,Cirrus Gems,2,Round,1,1,0,15.71,1792.28,1054.28,1765.0,-48.0,2447.9138,17.0,18.0,Ideal,F,VS1,1.7,IGI,5446.67
584,Clermont Diamonds,2,Round,1,1,0,14.94,1842.74,1083.96,1815.0,-46.0,2452.2048,18.0,18.0,Ideal,F,VS1,1.7,IGI,5446.67
584,Ember Star,2,Round,1,1,0,16.5,1723.0,1013.53,1697.0,-50.0,2484.8364,18.0,18.0,Ideal,F,VS1,1.7,IGI,5446.67
584,Eterna Luxe,2,Round,1,1,0,12.61,1856.0,1091.76,1828.0,-46.0,2479.4341,18.0,18.0,Ideal,F,VS1,1.7,IGI,5446.67
584,Eternity Fine Jewelers,2,Round,1,1,0,14.63,1859.66,1093.92,1832.0,-46.0,2467.6033,18.0,18.0,Ideal,F,VS1,1.7,IGI,5446.67
584,Fiona Clément,2,Round,1,1,0,10.79,1855.68,1091.58,1828.0,-46.0,2462.7742,18.0,18.0,Ideal,F,VS1,1.7,IGI,5446.67
584,Genesis Stones,2,Round,1,1,0,13.83,1959.25,1152.5,1930.0,-44.0,2505.3669,18.0,18.0,Ideal,F,VS1,1.7,IGI,5446.67
584,Jane Brear,2,Round,1,1,0,12.2,1876.57,1103.86,1848.0,-46.0,2499.0061,18.0,18.0,Ideal,F,VS1,1.7,IGI,5446.67
584,Michelle Kennedy,2,Round,1,1,0,11.66,1859.0,1093.53,1831.0,-47.0,2489.5906,18.0,18.0,Ideal,F,VS1,1.7,IGI,5446.67
584,Periwinkle Stones,2,Round,1,1,0,13.23,1906.42,1121.42,1878.0,-45.0,2484.4832,18.0,18.0,Ideal,F,VS1,1.7,IGI,5446.67
584,Riviera Jewels,2,Round,1,1,0,10.79,1843.74,1084.55,1816.0,-45.0,2411.1357,18.0,18.0,Ideal,F,VS1,1.7,IGI,5446.67
584,Roma Diamonds,2,Round,1,1,0,14.98,1850.0,1088.24,1822.0,-46.0,2464.9219,18.0,18.0,Ideal,F,VS1,1.7,IGI,5446.67
584,Serenade Diamonds,2,Round,1,1,0,10.33,1776.0,1044.71,1749.0,-48.0,2446.2732,18.0,18.0,Ideal,F,VS1,1.7,IGI,5446.67
584,Tamara,2,Round,1,1,0,10.82,1851.7,1089.24,1824.0,-46.0,2472.4575,18.0,18.0,Ideal,F,VS1,1.7,IGI,5446.67
584,Temperley,2,Round,1,1,0,10.91,1876.57,1103.86,1848.0,-46.0,2465.7139,18.0,18.0,Ideal,F,VS1,1.7,IGI,5446.67
584,White Lily,2,Round,1,1,0,12.77,1874.0,1102.35,1846.0,-45.0,2455.4753,18.0,18.0,Ideal,F,VS1,1.7,IGI,5446.67
588,Ember Star,2,Round,1,1,0,12.7,740.0,649.12,729.0,-58.0,1271.3256,18.0,18.0,Ideal,G,VS1,1.14,IGI,2631.43
591,Cornerstone,2,Pear,1,2,0,17.19,320.0,551.72,315.0,-49.0,410.1339,15.0,15.0,Super Ideal,G,VS1,0.58,IGI,640.0
592,Thalassa Gems,2,Round,1,1,0,18.37,787.04,639.87,775.0,-61.0,1439.2743,18.0,18.0,Ideal,F,SI1,1.23,IGI,2270.0
596,Michelle Kennedy,2,Round,1,1,0,14.62,905.45,742.17,892.0,-60.0,1620.7111,18.0,18.0,Super Ideal,G,VS1,1.22,IGI,2598.75
596,Taiga Gems,2,Round,1,1,0,11.07,854.7,700.57,842.0,-61.0,1572.6692,18.0,18.0,Super Ideal,G,VS1,1.22,IGI,2598.75
596,Temperley,2,Round,1,1,0,51.21,872.0,714.75,859.0,-60.0,1551.6903,18.0,18.0,Super Ideal,G,VS1,1.22,IGI,2598.75
596,White Lily,2,Round,1,1,0,53.13,871.0,713.93,858.0,-60.0,1571.1978,18.0,18.0,Super Ideal,G,VS1,1.22,IGI,2598.75
598,Artemis Stones,2,Round,1,1,0,21.44,2076.0,930.94,2045.0,-64.0,4124.333,18.0,18.0,Super Ideal,G,VS1,2.23,IGI,7750.0
598,Cirrus Gems,2,Round,1,1,0,21.5,2069.28,927.93,2038.0,-64.0,4139.0547,18.0,18.0,Super Ideal,G,VS1,2.23,IGI,7750.0
598,Diamonds by Zoya,2,Round,1,1,0,13.29,2041.0,915.25,2010.0,-65.0,4231.6465,18.0,18.0,Super Ideal,G,VS1,2.23,IGI,7750.0
598,Eternity Fine Jewelers,2,Round,1,1,0,17.89,2134.0,956.95,2102.0,-63.0,4113.0947,18.0,18.0,Super Ideal,G,VS1,2.23,IGI,7750.0
598,Jane Brear,2,Round,1,1,0,20.19,2146.0,962.33,2114.0,-62.0,4077.843,18.0,18.0,Super Ideal,G,VS1,2.23,IGI,7750.0
598,Michelle Kennedy,2,Round,1,1,0,20.41,2141.24,960.2,2109.0,-64.0,4200.0557,18.0,18.0,Super Ideal,G,VS1,2.23,IGI,7750.0
598,N. B. Diamonds,2,Round,1,1,0,23.96,2088.0,936.32,2057.0,-64.0,4200.0156,18.0,18.0,Super Ideal,G,VS1,2.23,IGI,7750.0
598,Temperley,2,Round,1,1,0,19.22,2214.87,993.22,2182.0,-62.0,4209.5332,18.0,18.0,Super Ideal,G,VS1,2.23,IGI,7750.0
598,White Lily,2,Round,1,1,0,17.64,2139.0,959.19,2107.0,-63.0,4148.7227,18.0,18.0,Super Ideal,G,VS1,2.23,IGI,7750.0
599,BonDiam,2,Round,1,1,0,12.15,338.0,463.01,333.0,-61.0,623.6317,18.0,18.0,Ideal,E,VVS2,0.73,IGI,1360.0
599,Jane Brear,2,Round,1,1,0,26.89,347.0,475.34,342.0,-61.0,635.9182,18.0,18.0,Ideal,E,VVS2,0.73,IGI,1360.0
599,Knox Diamonds,2,Round,1,1,0,14.32,307.0,420.55,302.0,-64.0,607.3456,18.0,18.0,Ideal,E,VVS2,0.73,IGI,1360.0
599,Lotus Creation,2,Round,1,1,0,26.39,327.19,448.21,322.0,-58.0,562.5024,18.0,18.0,Ideal,E,VVS2,0.73,IGI,1360.0
599,Marlowe & Co,2,Round,1,1,0,24.03,328.35,449.79,323.0,-60.0,589.6484,18.0,18.0,Ideal,E,VVS2,0.73,IGI,1360.0
599,Michelle Kennedy,2,Round,1,1,0,16.55,323.0,442.47,318.0,-61.0,594.6141,18.0,18.0,Ideal,E,VVS2,0.73,IGI,1360.0
599,Nova Stars,2,Round,1,1,0,18.8,311.0,426.03,306.0,-64.0,615.9996,18.0,18.0,Ideal,E,VVS2,0.73,IGI,1360.0
599,Riviera Jewels,2,Round,1,1,0,12.17,316.0,432.88,311.0,-63.0,605.9998,18.0,18.0,Ideal,E,VVS2,0.73,IGI,1360.0
599,Temperley,2,Round,1,1,0,11.2,343.0,469.86,338.0,-60.0,618.761,18.0,18.0,Ideal,E,VVS2,0.73,IGI,1360.0
599,White Lily,2,Round,1,1,0,24.62,374.12,512.49,369.0,-56.0,610.3622,18.0,18.0,Ideal,E,VVS2,0.73,IGI,1360.0
608,Jane Brear,2,Pear,1,1,0,11.78,1138.0,1126.73,1121.0,-28.0,1021.9375,15.0,15.0,Very Good,I,SI1,1.01,IGI,1310.0
608,Serenity Stones,2,Pear,1,2,0,14.4,599.98,594.04,591.0,-65.0,1108.9716,15.0,15.0,Very Good,I,SI1,1.01,IGI,1310.0
608,White Lily,2,Pear,2,2,0,13.7,1138.0,1126.73,1121.0,-35.0,1139.7389,15.0,15.0,Very Good,I,SI1,1.01,IGI,1310.0
610,Bayside Gems,2,Round,1,1,0,14.85,1073.25,1041.99,1057.0,-70.0,2560.7075,18.0,18.0,Ideal,D,VVS1,1.03,IGI,4150.0
610,Eternity Fine Jewelers,2,Round,1,1,0,12.82,1109.42,1077.11,1093.0,-68.0,2466.3733,18.0,18.0,Ideal,D,VVS1,1.03,IGI,4150.0
610,Infinity Diamonds,2,Round,1,1,0,20.16,1110.0,1077.67,1093.0,-69.0,2543.7246,18.0,18.0,Ideal,D,VVS1,1.03,IGI,4150.0
610,Jane Brear,2,Round,1,1,0,16.56,1116.68,1084.16,1100.0,-68.0,2510.7444,18.0,18.0,Ideal,D,VVS1,1.03,IGI,4150.0
610,Joan Cooper,2,Round,1,1,0,10.48,1118.0,1085.44,1101.0,-69.0,2542.2629,18.0,18.0,Ideal,D,VVS1,1.03,IGI,4150.0
610,Marlowe & Co,2,Round,1,1,0,11.62,1121.0,1088.35,1104.0,-68.0,2544.2627,18.0,18.0,Ideal,D,VVS1,1.03,IGI,4150.0
610,Michelle Kennedy,2,Round,1,1,0,93.36,1116.0,1083.5,1099.0,-69.0,2546.9138,18.0,18.0,Ideal,D,VVS1,1.03,IGI,4150.0
610,Riviera Jewels,2,Round,1,1,0,10.46,1107.0,1074.76,1090.0,-68.0,2497.4204,18.0,18.0,Ideal,D,VVS1,1.03,IGI,4150.0
610,Rosella,2,Round,1,1,0,11.16,1121.0,1088.35,1104.0,-68.0,2532.4807,18.0,18.0,Ideal,D,VVS1,1.03,IGI,4150.0
610,Sara's Diamonds,2,Round,1,1,0,61.96,1071.0,1039.81,1055.0,-70.0,2598.8228,18.0,18.0,Ideal,D,VVS1,1.03,IGI,4150.0
610,Serenade Diamonds,2,Round,1,1,0,17.77,1092.55,1060.73,1076.0,-69.0,2564.218,18.0,18.0,Ideal,D,VVS1,1.03,IGI,4150.0
610,Simetría,2,Round,1,1,0,93.11,1107.0,1074.76,1090.0,-68.0,2473.1167,18.0,18.0,Ideal,D,VVS1,1.03,IGI,4150.0
610,Starlit Stones,2,Round,1,1,0,10.83,1105.0,1072.82,1088.0,-69.0,2566.6707,18.0,18.0,Ideal,D,VVS1,1.03,IGI,4150.0
610,Temperley,2,Round,1,1,0,10.35,1122.0,1089.32,1105.0,-68.0,2544.7466,18.0,18.0,Ideal,D,VVS1,1.03,IGI,4150.0
610,Tilia Diamonds,2,Round,1,1,0,12.75,1115.0,1082.52,1098.0,-69.0,2558.2932,18.0,18.0,Ideal,D,VVS1,1.03,IGI,4150.0
610,White Lily,2,Round,1,1,0,11.75,1124.0,1091.26,1107.0,-67.0,2461.2571,18.0,18.0,Ideal,D,VVS1,1.03,IGI,4150.0
615,Avignon Diamonds,2,Round,1,1,0,11.33,672.0,665.35,662.0,-62.0,1264.7655,18.0,18.0,Ideal,E,VS2,1.01,IGI,2092.0
615,CV Diamonds,2,Round,1,1,0,13.69,671.62,664.97,662.0,-62.0,1261.2565,18.0,18.0,Ideal,E,VS2,1.01,IGI,2092.0
615,Clermont Diamonds,2,Round,1,1,0,14.46,666.0,659.41,656.0,-62.0,1244.5472,18.0,18.0,Ideal,E,VS2,1.01,IGI,2092.0
615,Hazel Diamonds,2,Round,1,1,0,11.66,655.0,648.51,645.0,-63.0,1265.3777,18.0,18.0,Ideal,E,VS2,1.01,IGI,2092.0
615,Jane Brear,2,Round,1,1,0,12.79,682.0,675.25,672.0,-62.0,1284.2867,18.0,18.0,Ideal,E,VS2,1.01,IGI,2092.0
615,Marlowe & Co,2,Round,1,1,0,16.06,680.0,673.27,670.0,-62.0,1297.7129,18.0,18.0,Ideal,E,VS2,1.01,IGI,2092.0
615,Meridian Crafts,2,Round,1,2,0,12.09,666.0,659.41,656.0,-62.0,1255.2958,0.0,0.0,Ideal,E,VS2,1.01,IGI,2092.0
615,Michelle Kennedy,2,Round,1,1,0,14.27,699.0,692.08,689.0,-60.0,1241.0959,18.0,18.0,Ideal,E,VS2,1.01,IGI,2092.0
615,Nebula Stones,2,Round,1,1,0,13.72,673.0,666.34,663.0,-61.0,1228.5844,18.0,18.0,Ideal,E,VS2,1.01,IGI,2092.0
615,Nova Stars,2,Round,1,1,0,13.28,662.0,655.45,652.0,-62.0,1248.6731,18.0,18.0,Ideal,E,VS2,1.01,IGI,2092.0
615,Raelynn Jewels,2,Round,1,1,0,10.13,665.0,658.42,655.0,-62.0,1262.7659,18.0,18.0,Ideal,E,VS2,1.01,IGI,2092.0
615,Roma Diamonds,2,Round,1,1,0,12.52,1271.0,1258.42,1252.0,-29.0,1283.4465,18.0,18.0,Ideal,E,VS2,1.01,IGI,2092.0
615,Rosella,2,Round,1,1,0,13.13,665.0,658.42,655.0,-63.0,1288.8054,18.0,18.0,Ideal,E,VS2,1.01,IGI,2092.0
615,Serenade Diamonds,2,Round,1,1,0,11.45,662.0,655.45,652.0,-62.0,1238.6416,18.0,18.0,Ideal,E,VS2,1.01,IGI,2092.0
615,Sigma Diamonds,2,Round,1,1,0,13.48,662.0,655.45,652.0,-63.0,1286.5413,18.0,18.0,Ideal,E,VS2,1.01,IGI,2092.0
615,Starlit Stones,2,Round,1,1,0,13.06,666.0,659.41,656.0,-63.0,1275.3424,18.0,18.0,Ideal,E,VS2,1.01,IGI,2092.0
615,Taiga Gems,2,Round,1,1,0,12.76,685.0,678.22,675.0,-60.0,1212.657,18.0,18.0,Ideal,E,VS2,1.01,IGI,2092.0
615,Temperley,2,Round,1,1,0,15.06,701.48,694.53,691.0,-61.0,1278.8685,18.0,18.0,Ideal,E,VS2,1.01,IGI,2092.0
615,Thalassa Gems,2,Round,1,1,0,14.74,669.0,662.38,659.0,-63.0,1285.5857,18.0,18.0,Ideal,E,VS2,1.01,IGI,2092.0
615,Tilia Diamonds,2,Round,1,1,0,15.27,677.6,670.89,667.0,-62.0,1263.3822,18.0,18.0,Ideal,E,VS2,1.01,IGI,2092.0
615,White Lily,2,Round,1,1,0,14.29,691.0,684.16,681.0,-60.0,1222.0232,18.0,18.0,Ideal,E,VS2,1.01,IGI,2092.0
617,Felicity Diamonds,2,Round,1,1,0,23.27,385.06,663.9,379.0,-62.0,718.0037,18.0,18.0,Ideal,D,VVS1,0.58,IGI,1160.0
617,Jane Brear,2,Round,1,1,0,23.0,393.0,677.59,387.0,-62.0,735.7574,18.0,18.0,Ideal,D,VVS1,0.58,IGI,1160.0
617,Marlowe & Co,2,Round,1,1,0,21.27,379.1,653.62,373.0,-64.0,745.9442,18.0,18.0,Ideal,D,VVS1,0.58,IGI,1160.0
617,Meadow & Co,2,Round,1,1,0,11.7,380.0,655.17,374.0,-61.0,690.8601,18.0,18.0,Ideal,D,VVS1,0.58,IGI,1160.0
617,Mei & Co,2,Round,1,1,0,22.7,370.0,637.93,364.0,-64.0,727.5854,18.0,18.0,Ideal,D,VVS1,0.58,IGI,1160.0
617,Promenade Jewelry,2,Round,1,1,0,29.2,361.0,622.41,356.0,-63.0,705.952,18.0,18.0,Ideal,D,VVS1,0.58,IGI,1160.0
617,Rosella,2,Round,1,1,0,13.96,359.0,618.97,354.0,-64.0,708.2201,17.0,18.0,Ideal,D,VVS1,0.58,IGI,1160.0
617,Sara's Diamonds,2,Round,1,1,0,25.1,360.0,620.69,355.0,-66.0,760.3564,18.0,18.0,Ideal,D,VVS1,0.58,IGI,1160.0
617,Seraphina Gems,2,Round,1,1,0,12.35,381.08,657.03,375.0,-64.0,755.3633,18.0,18.0,Ideal,D,VVS1,0.58,IGI,1160.0
617,Tilia Diamonds,2,Round,1,1,0,20.84,375.12,646.76,369.0,-63.0,723.6688,18.0,18.0,Ideal,D,VVS1,0.58,IGI,1160.0
617,White Lily,2,Round,1,1,0,20.36,396.01,682.78,390.0,-62.0,748.6583,18.0,18.0,Ideal,D,VVS1,0.58,IGI,1160.0
619,Michelle Kennedy,2,Round,1,1,0,16.31,1362.0,845.96,1342.0,-50.0,1952.3197,18.0,18.0,Super Ideal,G,SI1,1.61,IGI,4073.33
625,Roma Diamonds,2,Princess,1,1,0,17.77,5188.0,1572.12,5110.0,-61.0,8525.5713,15.0,15.0,Super Ideal,G,VVS2,3.3,IGI,16220.0
626,Artemis Stones,2,Round,1,1,0,20.68,1226.0,738.55,1208.0,-47.0,1665.9814,18.0,18.0,Ideal,I,VS2,1.66,IGI,2970.0
626,Sunset Gems,2,Round,1,1,0,18.49,1050.08,632.58,1034.0,-52.0,1570.9825,18.0,18.0,Ideal,I,VS2,1.66,IGI,2970.0
629,White Lily,2,Oval,1,1,0,18.88,3201.0,1538.94,3153.0,-16.0,2566.9626,15.0,15.0,Super Ideal,I,SI1,2.08,IGI,4660.0
630,Temperley,2,Pear,1,1,0,13.76,1558.0,1005.16,1535.0,-62.0,2651.6248,15.0,15.0,Very Good,G,VVS2,1.55,IGI,4490.0
630,White Lily,2,Pear,1,1,0,15.6,1600.96,1032.88,1577.0,-61.0,2659.4626,15.0,15.0,Very Good,G,VVS2,1.55,IGI,4490.0
634,Taiga Gems,2,Round,1,1,0,10.95,1443.74,788.93,1422.0,-58.0,2483.5127,18.0,18.0,Super Ideal,I,VS1,1.83,IGI,3785.0
634,Temperley,2,Round,1,1,0,13.95,1373.0,750.27,1352.0,-59.0,2420.7434,18.0,18.0,Super Ideal,I,VS1,1.83,IGI,3785.0
639,White Lily,2,Princess,1,1,0,21.12,1389.82,1069.09,1369.0,-39.0,1440.8213,15.0,15.0,Super Ideal,H,VS2,1.3,IGI,2410.0
644,Adalyn Jewelry,2,Round,1,1,0,12.57,631.0,685.87,622.0,-57.0,1050.6445,18.0,18.0,Super Ideal,E,VS1,0.92,IGI,1980.0
644,Cascade Diamonds,2,Round,1,1,0,11.33,635.0,690.22,625.0,-55.0,1018.045,18.0,18.0,Super Ideal,E,VS1,0.92,IGI,1980.0
644,Eternity Fine Jewelers,2,Round,1,1,0,11.77,642.77,698.66,633.0,-56.0,1040.2523,18.0,18.0,Super Ideal,E,VS1,0.92,IGI,1980.0
644,Hill & Holland,2,Round,1,2,0,10.82,655.7,712.72,646.0,-52.0,986.2851,18.0,18.0,Super Ideal,E,VS1,0.92,IGI,1980.0
644,Jane Brear,2,Round,1,1,0,15.36,654.0,710.87,644.0,-53.0,993.3336,18.0,18.0,Super Ideal,E,VS1,0.92,IGI,1980.0
644,Lotus Creation,2,Round,1,1,0,15.62,642.0,697.83,632.0,-57.0,1056.6669,18.0,18.0,Super Ideal,E,VS1,0.92,IGI,1980.0
644,Meridian Crafts,2,Round,1,1,0,11.99,635.0,690.22,625.0,-58.0,1076.3948,18.0,18.0,Super Ideal,E,VS1,0.92,IGI,1980.0
644,Michelle Kennedy,2,Round,1,1,0,13.6,657.0,714.13,647.0,-54.0,1015.9789,18.0,18.0,Super Ideal,E,VS1,0.92,IGI,1980.0
644,Nova Stars,2,Round,1,1,0,43.65,626.85,681.36,617.0,-57.0,1035.3907,18.0,18.0,Super Ideal,E,VS1,0.92,IGI,1980.0
644,Tamara,2,Round,1,1,0,12.66,642.0,697.83,632.0,-56.0,1042.5367,18.0,18.0,Super Ideal,E,VS1,0.92,IGI,1980.0
644,Temperley,2,Round,1,1,0,14.01,715.0,777.17,704.0,-51.0,1042.2546,18.0,18.0,Super Ideal,E,VS1,0.92,IGI,1980.0
644,White Lily,2,Round,1,1,0,14.84,712.42,774.37,702.0,-50.0,1028.5763,18.0,18.0,Super Ideal,E,VS1,0.92,IGI,1980.0
648,Ember Star,2,Marquise,1,1,0,11.09,1176.0,904.62,1158.0,-60.0,1866.9908,15.0,15.0,Super Ideal,G,VVS2,1.3,IGI,3380.0
648,Sonata Gems,2,Marquise,1,1,0,14.88,1206.0,927.69,1188.0,-59.0,1880.0514,15.0,15.0,Super Ideal,G,VVS2,1.3,IGI,3380.0
648,Taiga Gems,2,Marquise,1,1,0,15.38,1180.0,907.69,1162.0,-59.0,1858.847,15.0,15.0,Super Ideal,G,VVS2,1.3,IGI,3380.0
651,White Lily,2,Round,1,1,0,15.25,1907.42,840.27,1879.0,-60.0,3380.3889,18.0,18.0,Super Ideal,H,VS2,2.27,IGI,5860.0
653,White Lily,2,Round,1,1,0,14.24,731.0,664.55,720.0,-52.0,1098.6974,18.0,18.0,Super Ideal,I,VS1,1.1,IGI,1864.5
655,Camden Gems,2,Round,1,1,0,11.43,666.0,652.94,656.0,-63.0,1301.6743,18.0,18.0,Ideal,E,VS2,1.02,IGI,2210.0
655,Fabiola,2,Round,1,1,0,14.75,667.0,653.92,657.0,-62.0,1257.6422,18.0,18.0,Ideal,E,VS2,1.02,IGI,2210.0
655,Hazel Diamonds,2,Round,1,1,0,13.12,656.0,643.14,646.0,-61.0,1212.5255,18.0,18.0,Ideal,E,VS2,1.02,IGI,2210.0
655,Hoseki,2,Round,1,1,0,14.42,688.54,675.04,678.0,-60.0,1232.1649,18.0,18.0,Ideal,E,VS2,1.02,IGI,2210.0
655,Jane Brear,2,Round,1,1,0,13.44,688.0,674.51,678.0,-59.0,1214.5818,18.0,18.0,Ideal,E,VS2,1.02,IGI,2210.0
655,Marlowe & Co,2,Round,1,1,0,14.77,675.0,661.76,665.0,-61.0,1253.0626,18.0,18.0,Ideal,E,VS2,1.02,IGI,2210.0
655,Meridian Crafts,2,Round,1,1,0,14.17,666.0,652.94,656.0,-61.0,1217.8048,18.0,18.0,Ideal,E,VS2,1.02,IGI,2210.0
655,Michelle Kennedy,2,Round,1,1,0,9.22,691.0,677.45,681.0,-60.0,1241.1295,18.0,18.0,Ideal,E,VS2,1.02,IGI,2210.0
655,Nebula Stones,2,Round,1,1,0,12.45,674.0,660.78,664.0,-59.0,1169.458,18.0,18.0,Ideal,E,VS2,1.02,IGI,2210.0
655,Riviera Jewels,2,Round,1,1,0,13.98,664.0,650.98,654.0,-62.0,1267.2922,18.0,18.0,Ideal,E,VS2,1.02,IGI,2210.0
655,Roma Diamonds,2,Round,1,1,0,10.86,1278.0,1252.94,1259.0,-28.0,1267.1876,18.0,18.0,Ideal,E,VS2,1.02,IGI,2210.0
655,Sigma Diamonds,2,Round,1,1,0,14.42,668.0,654.9,658.0,-62.0,1249.5001,18.0,18.0,Ideal,E,VS2,1.02,IGI,2210.0
655,Silva Diamonds,2,Round,1,1,0,13.41,666.0,652.94,656.0,-63.0,1290.4136,18.0,18.0,Ideal,E,VS2,1.02,IGI,2210.0
655,Simetría,2,Round,1,1,0,,8908.0,8733.33,8774.0,424.0,1217.7034,18.0,18.0,Ideal,E,VS2,1.02,IGI,2210.0
655,Taiga Gems,2,Round,1,1,0,13.06,687.0,673.53,677.0,-62.0,1280.0494,18.0,18.0,Ideal,E,VS2,1.02,IGI,2210.0
655,Tamara,2,Round,1,1,0,15.03,682.0,668.63,672.0,-62.0,1280.5179,18.0,18.0,Ideal,E,VS2,1.02,IGI,2210.0
655,Temperley,2,Round,1,1,0,15.08,718.39,704.3,708.0,-60.0,1289.2644,18.0,18.0,Ideal,E,VS2,1.02,IGI,2210.0
655,Thalassa Gems,2,Round,1,1,0,11.1,670.0,656.86,660.0,-62.0,1261.834,18.0,18.0,Ideal,E,VS2,1.02,IGI,2210.0
655,White Lily,2,Round,1,1,0,10.51,695.0,681.37,685.0,-61.0,1262.9308,18.0,18.0,Ideal,E,VS2,1.02,IGI,2210.0
660,Diamonds by Zoya,2,Pear,2,2,0,15.14,328.35,631.44,323.0,-52.0,447.6179,15.0,15.0,Super Ideal,E,VVS2,0.52,IGI,700.0
660,Eternal Flame,2,Pear,1,2,0,10.58,340.29,654.4,335.0,-58.0,525.0995,15.0,15.0,Super Ideal,E,VVS2,0.52,IGI,700.0
660,Hoseki,2,Pear,1,2,0,15.27,340.29,654.4,335.0,-51.0,451.8084,15.0,15.0,Super Ideal,E,VVS2,0.52,IGI,700.0
660,Michelle Kennedy,2,Pear,2,2,0,14.35,375.0,721.15,369.0,-43.0,425.8091,15.0,15.0,Super Ideal,E,VVS2,0.52,IGI,700.0
660,Rosella,2,Pear,2,2,0,10.65,319.0,613.46,314.0,-56.0,467.4386,15.0,15.0,Super Ideal,E,VVS2,0.52,IGI,700.0
660,Sunset Gems,2,Pear,2,1,0,17.53,326.22,627.35,321.0,-55.0,473.4034,15.0,15.0,Super Ideal,E,VVS2,0.52,IGI,700.0
660,Temperley,2,Pear,1,1,0,18.67,376.11,723.29,370.0,-48.0,470.1794,15.0,15.0,Super Ideal,E,VVS2,0.52,IGI,700.0
660,White Lily,2,Pear,1,2,0,12.67,396.0,761.54,390.0,-46.0,478.2521,15.0,15.0,Super Ideal,E,VVS2,0.52,IGI,700.0
661,Temperley,2,Oval,2,2,0,14.39,304.0,921.21,299.0,-34.0,312.6149,15.0,15.0,Super Ideal,D,VS2,0.33,IGI,340.0
662,Michelle Kennedy,2,Round,1,2,0,14.97,787.04,787.04,775.0,-55.0,1244.6296,16.0,18.0,Very Good,F,VS2,1.0,IGI,1930.0
667,Clermont Diamonds,2,Round,1,1,0,14.54,1055.0,805.34,1039.0,-54.0,1651.3403,18.0,18.0,Ideal,E,VS1,1.31,IGI,3510.0
667,Emilia Sterling,2,Round,1,1,0,11.55,1034.0,789.31,1018.0,-56.0,1695.5928,18.0,18.0,Ideal,E,VS1,1.31,IGI,3510.0
667,Eterna Luxe,2,Round,1,1,0,13.32,1071.0,817.56,1055.0,-54.0,1682.0809,18.0,18.0,Ideal,E,VS1,1.31,IGI,3510.0
667,Eternity Fine Jewelers,2,Round,1,1,0,14.71,1057.68,807.39,1042.0,-55.0,1673.1268,18.0,18.0,Ideal,E,VS1,1.31,IGI,3510.0
667,Genesis Stones,2,Round,1,1,0,14.76,1134.0,865.65,1117.0,-51.0,1663.9698,18.0,18.0,Ideal,E,VS1,1.31,IGI,3510.0
667,Jane Brear,2,Round,1,1,0,15.17,1103.17,842.11,1087.0,-53.0,1693.5845,18.0,18.0,Ideal,E,VS1,1.31,IGI,3510.0
667,Magnolia,2,Round,1,1,0,10.83,1049.72,801.31,1034.0,-54.0,1638.8508,18.0,18.0,Ideal,E,VS1,1.31,IGI,3510.0
667,Marlowe & Co,2,Round,1,1,0,15.12,1074.6,820.31,1058.0,-54.0,1682.535,18.0,18.0,Ideal,E,VS1,1.31,IGI,3510.0
667,Michelle Kennedy,2,Round,1,1,0,14.08,1103.17,842.11,1087.0,-54.0,1703.0421,18.0,18.0,Ideal,E,VS1,1.31,IGI,3510.0
667,Montmartre Gems,2,Round,1,1,0,13.11,1014.0,774.05,999.0,-56.0,1652.611,18.0,18.0,Ideal,E,VS1,1.31,IGI,3510.0
667,Nebula Stones,2,Round,1,1,0,12.49,1063.66,811.95,1048.0,-55.0,1675.6241,18.0,18.0,Ideal,E,VS1,1.31,IGI,3510.0
667,Oasis Diamonds,2,Round,1,1,0,13.06,1097.48,837.77,1081.0,-53.0,1682.7267,18.0,18.0,Ideal,E,VS1,1.31,IGI,3510.0
667,Periwinkle Stones,2,Round,1,1,0,13.75,1079.0,823.66,1063.0,-54.0,1678.1736,18.0,18.0,Ideal,E,VS1,1.31,IGI,3510.0
667,Serene Peaks Diamonds,2,Round,1,1,0,12.62,1057.68,807.39,1042.0,-54.0,1659.5963,18.0,18.0,Ideal,E,VS1,1.31,IGI,3510.0
667,Sigma Diamonds,2,Round,1,1,0,12.63,1045.0,797.71,1029.0,-55.0,1657.5449,18.0,18.0,Ideal,E,VS1,1.31,IGI,3510.0
667,Silva Diamonds,2,Round,1,1,0,14.64,1014.0,774.05,999.0,-57.0,1677.3619,18.0,18.0,Ideal,E,VS1,1.31,IGI,3510.0
667,Simetría,2,Round,1,1,0,14.84,1024.99,782.44,1010.0,-55.0,1647.8259,18.0,18.0,Ideal,E,VS1,1.31,IGI,3510.0
667,Starlight Crafts,2,Round,1,1,0,13.99,1014.0,774.05,999.0,-57.0,1700.495,18.0,18.0,Ideal,E,VS1,1.31,IGI,3510.0
667,Taiga Gems,2,Round,1,1,0,11.87,1066.0,813.74,1050.0,-53.0,1620.8701,18.0,18.0,Ideal,E,VS1,1.31,IGI,3510.0
667,Tamara,2,Round,1,1,0,10.37,1057.0,806.87,1041.0,-55.0,1678.345,18.0,18.0,Ideal,E,VS1,1.31,IGI,3510.0
667,Temperley,2,Round,1,1,0,15.17,1088.69,831.06,1072.0,-53.0,1657.4957,18.0,18.0,Ideal,E,VS1,1.31,IGI,3510.0
667,Verve Jewels,2,Round,1,1,0,92.32,1053.0,803.82,1037.0,-55.0,1664.7683,18.0,18.0,Ideal,E,VS1,1.31,IGI,3510.0
667,White Lily,2,Round,1,1,0,17.7,1103.17,842.11,1087.0,-53.0,1683.8804,18.0,18.0,Ideal,E,VS1,1.31,IGI,3510.0
668,Emilia Sterling,2,Oval,1,1,0,20.95,841.61,725.53,829.0,-61.0,1445.9908,15.0,15.0,Super Ideal,G,VS1,1.16,IGI,2365.0
668,Jane Brear,2,Oval,1,1,0,17.35,886.54,764.26,873.0,-57.0,1381.708,15.0,15.0,Super Ideal,G,VS1,1.16,IGI,2365.0
668,Silva Diamonds,2,Oval,1,1,0,17.36,850.72,733.38,838.0,-59.0,1402.696,15.0,15.0,Super Ideal,G,VS1,1.16,IGI,2365.0
668,Temperley,2,Oval,1,1,0,19.17,879.0,757.76,866.0,-58.0,1416.5322,15.0,15.0,Super Ideal,G,VS1,1.16,IGI,2365.0
681,White Lily,2,Round,1,1,0,18.39,619.63,680.91,610.0,-53.0,946.8495,17.0,18.0,Very Good,E,SI2,0.91,IGI,1440.0
682,Dahlia Diamonds,2,Round,1,1,0,95.49,3158.0,1045.7,3111.0,-66.0,6707.5303,18.0,18.0,Ideal,F,SI1,3.02,IGI,11660.0
682,Jane Brear,2,Round,1,1,0,14.67,3206.88,1061.88,3159.0,-65.0,6548.9976,18.0,18.0,Ideal,F,SI1,3.02,IGI,11660.0
682,Michelle Kennedy,2,Round,1,1,0,14.53,3200.92,1059.91,3153.0,-66.0,6767.1118,18.0,18.0,Ideal,F,SI1,3.02,IGI,11660.0
682,Taiga Gems,2,Round,1,1,0,15.62,3182.01,1053.65,3134.0,-66.0,6687.3242,17.0,18.0,Ideal,F,SI1,3.02,IGI,11660.0
682,Temperley,2,Round,1,1,0,15.43,3161.0,1046.69,3114.0,-66.0,6751.5601,18.0,18.0,Ideal,F,SI1,3.02,IGI,11660.0
682,Thalassa Gems,2,Round,1,1,0,16.86,3158.0,1045.7,3111.0,-66.0,6693.4717,18.0,18.0,Ideal,F,SI1,3.02,IGI,11660.0
683,Oasis Diamonds,2,Pear,1,1,0,13.95,780.08,764.78,768.0,-53.0,1087.1866,15.0,15.0,Very Good,I,VS1,1.02,IGI,1540.0
683,Taiga Gems,2,Pear,1,1,0,15.2,735.3,720.88,724.0,-55.0,1061.7268,15.0,15.0,Very Good,I,VS1,1.02,IGI,1540.0
684,Taiga Gems,2,Asscher,1,1,0,16.83,691.0,677.45,681.0,-66.0,1273.2859,13.0,15.0,Very Good,F,SI1,1.02,IGI,1680.0
692,Alicia & Juno,2,Round,1,1,0,12.13,1722.0,1031.14,1696.0,-59.0,3023.4639,18.0,18.0,Super Ideal,E,VVS2,1.67,IGI,6330.0
692,Eterna Luxe,2,Round,1,1,0,13.01,1737.0,1040.12,1711.0,-60.0,3075.8901,18.0,18.0,Super Ideal,E,VVS2,1.67,IGI,6330.0
692,Jane Brear,2,Round,1,1,0,16.64,1878.0,1124.55,1850.0,-56.0,3059.0908,18.0,18.0,Super Ideal,E,VVS2,1.67,IGI,6330.0
692,Michelle Kennedy,2,Round,1,1,0,13.35,1878.0,1124.55,1850.0,-55.0,2997.3379,18.0,18.0,Super Ideal,E,VVS2,1.67,IGI,6330.0
692,Oasis Diamonds,2,Round,1,1,0,14.07,1793.98,1074.24,1767.0,-58.0,3066.2495,18.0,18.0,Super Ideal,E,VVS2,1.67,IGI,6330.0
692,Summit Gems,2,Round,1,1,0,10.45,1743.24,1043.86,1717.0,-58.0,2998.7163,18.0,18.0,Super Ideal,E,VVS2,1.67,IGI,6330.0
692,Tamara,2,Round,1,1,0,14.07,1742.0,1043.11,1716.0,-58.0,2981.1382,18.0,18.0,Super Ideal,E,VVS2,1.67,IGI,6330.0
692,Temperley,2,Round,1,1,0,15.61,1878.0,1124.55,1850.0,-56.0,3037.6821,18.0,18.0,Super Ideal,E,VVS2,1.67,IGI,6330.0
692,White Lily,2,Round,1,1,0,10.52,1779.06,1065.31,1752.0,-58.0,3012.3425,18.0,18.0,Super Ideal,E,VVS2,1.67,IGI,6330.0
697,Jane Brear,2,Round,1,1,0,16.44,1560.16,843.33,1537.0,-60.0,2811.8081,18.0,18.0,Super Ideal,E,SI1,1.85,IGI,4670.0
697,Michelle Kennedy,2,Round,1,1,0,17.13,1584.0,856.22,1560.0,-60.0,2818.3931,18.0,18.0,Super Ideal,E,SI1,1.85,IGI,4670.0
697,Taiga Gems,2,Round,1,1,0,14.82,1539.26,832.03,1516.0,-61.0,2807.1746,18.0,18.0,Super Ideal,E,SI1,1.85,IGI,4670.0
697,Temperley,2,Round,1,1,0,16.88,1560.16,843.33,1537.0,-61.0,2853.5671,18.0,18.0,Super Ideal,E,SI1,1.85,IGI,4670.0
702,Michelle Kennedy,2,Round,1,1,0,13.09,433.82,834.27,427.0,-19.0,384.9557,18.0,18.0,Ideal,I,VS1,0.52,IGI,560.0
703,Meridian Crafts,2,Round,1,1,0,10.06,624.0,617.82,615.0,-61.0,1134.7778,18.0,18.0,Super Ideal,I,VS1,1.01,IGI,1736.67
706,Avignon Diamonds,2,Princess,1,1,0,18.17,4655.64,1546.72,4586.0,-66.0,8673.3398,15.0,15.0,Super Ideal,F,VS1,3.01,IGI,15470.0
706,Clermont Diamonds,2,Princess,1,1,0,13.52,4821.0,1601.66,4749.0,-64.0,8392.5439,15.0,15.0,Super Ideal,F,VS1,3.01,IGI,15470.0
706,Diamonds by Zoya,2,Princess,1,1,0,15.6,4588.0,1524.25,4519.0,-65.0,8225.0449,15.0,15.0,Super Ideal,F,VS1,3.01,IGI,15470.0
706,Ember Star,2,Princess,1,1,0,18.86,4610.0,1531.56,4541.0,-65.0,8282.3564,15.0,15.0,Super Ideal,F,VS1,3.01,IGI,15470.0
706,Hoseki,2,Princess,1,1,0,13.25,4853.0,1612.29,4780.0,-63.0,8306.8662,15.0,15.0,Super Ideal,F,VS1,3.01,IGI,15470.0
706,Jane Brear,2,Princess,1,1,0,14.53,4798.0,1594.02,4726.0,-63.0,8282.5752,15.0,15.0,Super Ideal,F,VS1,3.01,IGI,15470.0
706,Marlowe & Co,2,Princess,1,1,0,12.4,4840.68,1608.2,4768.0,-63.0,8394.8691,15.0,15.0,Super Ideal,F,VS1,3.01,IGI,15470.0
706,Mei & Co,2,Princess,1,1,0,13.8,4781.0,1588.37,4709.0,-64.0,8431.1377,15.0,15.0,Super Ideal,F,VS1,3.01,IGI,15470.0
706,Michelle Kennedy,2,Princess,1,2,0,15.02,4795.0,1593.02,4723.0,-63.0,8314.2998,15.0,15.0,Super Ideal,F,VS1,3.01,IGI,15470.0
706,Periwinkle Stones,2,Princess,1,1,0,12.37,4843.0,1608.97,4770.0,-63.0,8376.1309,15.0,15.0,Super Ideal,F,VS1,3.01,IGI,15470.0
706,Temperley,2,Princess,1,1,0,13.21,4815.0,1599.67,4743.0,-63.0,8351.8467,15.0,15.0,Super Ideal,F,VS1,3.01,IGI,15470.0
706,Thalassa Gems,2,Princess,1,1,0,13.94,4781.0,1588.37,4709.0,-64.0,8373.8447,15.0,15.0,Super Ideal,F,VS1,3.01,IGI,15470.0
706,The Diamond Source,2,Princess,1,1,0,12.86,4781.0,1588.37,4709.0,-63.0,8306.8662,15.0,15.0,Super Ideal,F,VS1,3.01,IGI,15470.0
706,Vega Diamonds,2,Princess,1,1,0,17.31,4618.0,1534.22,4549.0,-65.0,8398.3457,15.0,15.0,Super Ideal,F,VS1,3.01,IGI,15470.0
706,Vespera Gems,2,Princess,1,1,0,16.83,4628.0,1537.54,4559.0,-65.0,8391.4521,15.0,15.0,Super Ideal,F,VS1,3.01,IGI,15470.0
706,White Lily,2,Princess,1,1,0,13.79,4815.0,1599.67,4743.0,-63.0,8339.583,15.0,15.0,Super Ideal,F,VS1,3.01,IGI,15470.0
709,Lunar Diamonds,2,Round,1,1,0,94.01,3706.0,1518.85,3650.0,-61.0,6719.9233,18.0,18.0,Super Ideal,E,VVS2,2.44,IGI,14040.0
709,Michelle Kennedy,2,Round,1,1,0,15.18,3708.36,1519.82,3653.0,-59.0,6543.8057,18.0,18.0,Super Ideal,E,VVS2,2.44,IGI,14040.0
709,Nebula Stones,2,Round,1,1,0,16.43,3728.26,1527.98,3672.0,-59.0,6558.4141,18.0,18.0,Super Ideal,E,VVS2,2.44,IGI,14040.0
709,White Lily,2,Round,1,1,0,13.86,3674.0,1505.74,3619.0,-61.0,6782.7188,18.0,18.0,Super Ideal,E,VVS2,2.44,IGI,14040.0
713,Diamonds by Zoya,2,Radiant,2,2,0,14.32,351.24,481.15,346.0,-71.0,782.9589,14.0,15.0,Very Good,D,VS1,0.73,IGI,1340.0
713,Promenade Jewelry,2,Radiant,1,1,0,21.77,342.0,468.49,337.0,-67.0,676.0024,14.0,15.0,Very Good,D,VS1,0.73,IGI,1340.0
714,Periwinkle Stones,2,Cushion,1,1,0,15.14,736.3,681.76,725.0,-63.0,1248.1925,15.0,15.0,Very Good,F,SI1,1.08,IGI,1780.0
715,Diamonds by Zoya,2,Oval,2,2,0,74.64,310.0,756.1,305.0,-48.0,400.1545,15.0,15.0,Super Ideal,E,VS1,0.41,IGI,430.0
721,Bayside Gems,2,Oval,1,1,0,16.47,2183.17,1059.79,2150.0,-63.0,3940.1748,15.0,15.0,Super Ideal,G,VS1,2.06,IGI,7420.0
721,Diamonds by Zoya,2,Oval,1,1,0,15.55,2158.16,1047.65,2126.0,-63.0,3950.5496,15.0,15.0,Super Ideal,G,VS1,2.06,IGI,7420.0
721,Jane Brear,2,Oval,1,1,0,12.33,2169.0,1052.91,2136.0,-63.0,3919.3643,15.0,15.0,Super Ideal,G,VS1,2.06,IGI,7420.0
721,Mei & Co,2,Oval,1,1,0,13.37,2176.0,1056.31,2143.0,-62.0,3905.3252,15.0,15.0,Super Ideal,G,VS1,2.06,IGI,7420.0
721,Michelle Kennedy,2,Oval,1,1,0,15.22,2157.0,1047.09,2125.0,-62.0,3821.0024,15.0,15.0,Super Ideal,G,VS1,2.06,IGI,7420.0
721,Periwinkle Stones,2,Oval,1,1,0,17.12,2187.0,1061.65,2154.0,-62.0,3913.5393,15.0,15.0,Super Ideal,G,VS1,2.06,IGI,7420.0
721,Taiga Gems,2,Oval,1,1,0,10.84,2157.0,1047.09,2125.0,-63.0,3882.2705,15.0,15.0,Super Ideal,G,VS1,2.06,IGI,7420.0
721,Tamara,2,Oval,1,1,0,11.3,2211.0,1073.3,2178.0,-61.0,3838.0828,15.0,15.0,Super Ideal,G,VS1,2.06,IGI,7420.0
721,Temperley,2,Oval,1,1,0,17.34,2165.0,1050.97,2133.0,-63.0,3960.8762,15.0,15.0,Super Ideal,G,VS1,2.06,IGI,7420.0
721,White Lily,2,Oval,1,1,0,13.26,2157.0,1047.09,2125.0,-62.0,3866.7222,15.0,15.0,Super Ideal,G,VS1,2.06,IGI,7420.0
724,Dagenham Diamonds,2,Radiant,1,1,0,24.09,5656.0,1879.07,5571.0,-67.0,10981.499,15.0,15.0,Super Ideal,D,VS1,3.01,IGI,18380.0
724,Grace Brooks,2,Radiant,1,1,0,25.14,5556.0,1845.85,5473.0,-68.0,11290.6416,15.0,15.0,Super Ideal,D,VS1,3.01,IGI,18380.0
724,Jane Brear,2,Radiant,1,1,0,18.78,5620.0,1867.11,5536.0,-67.0,10983.9932,15.0,15.0,Super Ideal,D,VS1,3.01,IGI,18380.0
724,Kenmare Diamonds,2,Radiant,1,1,0,19.91,6116.0,2031.89,6024.0,-64.0,11119.2744,15.0,15.0,Super Ideal,D,VS1,3.01,IGI,18380.0
724,Michelle Kennedy,2,Radiant,1,1,0,20.28,5620.0,1867.11,5536.0,-67.0,11127.6592,15.0,15.0,Super Ideal,D,VS1,3.01,IGI,18380.0
724,Periwinkle Stones,2,Radiant,1,1,0,14.63,5648.0,1876.41,5563.0,-67.0,11123.8086,15.0,15.0,Super Ideal,D,VS1,3.01,IGI,18380.0
724,Taiga Gems,2,Radiant,1,1,0,17.34,5623.0,1868.11,5539.0,-68.0,11374.7285,15.0,15.0,Super Ideal,D,VS1,3.01,IGI,18380.0
724,Temperley,2,Radiant,1,1,0,20.25,5620.0,1867.11,5536.0,-67.0,11089.6807,15.0,15.0,Super Ideal,D,VS1,3.01,IGI,18380.0
724,The Diamond Source,2,Radiant,1,1,0,18.93,5612.0,1864.45,5528.0,-67.0,11053.7383,15.0,15.0,Super Ideal,D,VS1,3.01,IGI,18380.0
724,White Lily,2,Radiant,1,1,0,16.38,5620.0,1867.11,5536.0,-67.0,11220.3857,15.0,15.0,Super Ideal,D,VS1,3.01,IGI,18380.0
725,Jane Brear,2,Round,1,1,0,10.99,1300.46,849.97,1281.0,-33.0,1391.7922,18.0,18.0,Super Ideal,J,SI1,1.53,IGI,2060.0
725,White Lily,2,Round,1,1,0,11.74,1300.46,849.97,1281.0,-34.0,1410.1348,18.0,18.0,Super Ideal,J,SI1,1.53,IGI,2060.0
731,Clermont Diamonds,2,Round,1,1,0,14.68,660.0,622.64,650.0,-63.0,1269.8909,18.0,18.0,Ideal,F,VS2,1.06,IGI,2060.0
731,Jane Brear,2,Round,1,1,0,11.52,678.0,639.62,668.0,-61.0,1254.3676,18.0,18.0,Ideal,F,VS2,1.06,IGI,2060.0
731,Meridian Crafts,2,Round,1,1,0,13.12,669.0,631.13,659.0,-62.0,1270.6864,18.0,18.0,Ideal,F,VS2,1.06,IGI,2060.0
731,Nova Stars,2,Round,1,1,0,13.08,657.0,619.81,647.0,-63.0,1287.5385,18.0,18.0,Ideal,F,VS2,1.06,IGI,2060.0
731,Taiga Gems,2,Round,1,1,0,11.47,682.0,643.4,672.0,-60.0,1218.8219,18.0,18.0,Ideal,F,VS2,1.06,IGI,2060.0
731,Thalassa Gems,2,Round,1,1,0,11.77,668.0,630.19,658.0,-61.0,1220.3679,18.0,18.0,Ideal,F,VS2,1.06,IGI,2060.0
731,White Lily,2,Round,1,1,0,9.16,686.0,647.17,676.0,-61.0,1256.8113,18.0,18.0,Ideal,F,VS2,1.06,IGI,2060.0
732,Michelle Kennedy,2,Round,1,1,0,19.39,736.3,714.85,725.0,-54.0,1152.8867,18.0,18.0,Super Ideal,D,SI2,1.03,IGI,1950.0
735,Mei & Co,2,Princess,1,1,0,9.49,2799.93,1393.0,2758.0,-62.0,4665.1528,15.0,15.0,Super Ideal,G,VVS1,2.01,IGI,7680.0
741,Temperley,2,Round,1,1,0,13.31,310.0,607.84,305.0,-52.0,465.3738,18.0,18.0,Ideal,F,VS1,0.51,IGI,880.0
753,Emilia Sterling,2,Round,1,1,0,10.26,813.0,666.39,801.0,-64.0,1618.3535,18.0,18.0,Super Ideal,E,VS2,1.22,IGI,2547.5
753,Grace Brooks,2,Round,1,1,0,19.49,836.79,685.89,824.0,-62.0,1591.3003,18.0,18.0,Super Ideal,E,VS2,1.22,IGI,2547.5
753,Jane Brear,2,Round,1,1,0,20.23,871.62,714.44,859.0,-61.0,1612.7926,18.0,18.0,Super Ideal,E,VS2,1.22,IGI,2547.5
753,Michelle Kennedy,2,Round,1,1,0,14.85,859.0,704.1,846.0,-61.0,1563.345,18.0,18.0,Super Ideal,E,VS2,1.22,IGI,2547.5
753,Nebula Stones,2,Round,1,1,0,17.92,834.8,684.26,822.0,-62.0,1564.2218,18.0,18.0,Super Ideal,E,VS2,1.22,IGI,2547.5
753,Roma Diamonds,2,Round,1,1,0,52.56,821.0,672.95,809.0,-64.0,1629.2389,18.0,18.0,Super Ideal,E,VS2,1.22,IGI,2547.5
753,Silva Diamonds,2,Round,1,1,0,11.29,819.0,671.31,807.0,-64.0,1607.4285,18.0,18.0,Super Ideal,E,VS2,1.22,IGI,2547.5
753,Taiga Gems,2,Round,1,1,0,14.58,814.0,667.21,802.0,-63.0,1574.6024,18.0,18.0,Super Ideal,E,VS2,1.22,IGI,2547.5
753,Temperley,2,Round,1,1,0,13.7,848.37,695.39,836.0,-62.0,1578.7515,18.0,18.0,Super Ideal,E,VS2,1.22,IGI,2547.5
753,White Lily,2,Round,1,1,0,10.72,853.0,699.18,840.0,-62.0,1591.4211,18.0,18.0,Super Ideal,E,VS2,1.22,IGI,2547.5
755,Roma Diamonds,2,Round,1,1,0,45.05,755.0,662.28,744.0,-55.0,1203.4124,18.0,18.0,Ideal,H,VVS2,1.14,IGI,2274.0
756,Michelle Kennedy,2,Round,1,1,0,19.38,3097.0,1025.5,3051.0,-67.0,6636.064,18.0,18.0,Ideal,G,SI1,3.02,IGI,12260.0
756,Taiga Gems,2,Round,1,1,0,19.87,3096.0,1025.17,3050.0,-67.0,6705.1338,18.0,18.0,Ideal,G,SI1,3.02,IGI,12260.0
756,Temperley,2,Round,1,1,0,18.97,3097.0,1025.5,3051.0,-66.0,6556.2363,18.0,18.0,Ideal,G,SI1,3.02,IGI,12260.0
756,Thalassa Gems,2,Round,1,1,0,19.14,3063.0,1014.24,3017.0,-67.0,6682.6807,18.0,18.0,Ideal,G,SI1,3.02,IGI,12260.0
757,Jane Brear,2,Oval,1,1,0,15.8,396.0,565.71,390.0,-46.0,497.1057,14.0,15.0,Very Good,E,VS1,0.7,IGI,1187.14
757,Meridian Crafts,2,Oval,1,1,0,15.0,383.0,547.14,377.0,-44.0,464.8193,15.0,15.0,Very Good,E,VS1,0.7,IGI,1187.14
757,Rosella,2,Oval,2,2,0,14.34,338.0,482.86,333.0,-53.0,480.732,14.0,15.0,Very Good,E,VS1,0.7,IGI,1187.14
757,Silva Diamonds,2,Oval,1,2,0,13.28,352.0,502.86,347.0,-55.0,521.9214,14.0,15.0,Very Good,E,VS1,0.7,IGI,1187.14
757,Temperley,2,Oval,2,2,0,20.7,344.56,492.23,339.0,-55.0,512.7909,14.0,15.0,Very Good,E,VS1,0.7,IGI,1187.14
758,Atkinson Crafts,2,Round,1,1,0,14.2,2818.0,1280.91,2776.0,-63.0,5473.8184,18.0,18.0,Ideal,E,VS1,2.2,IGI,10450.0
758,Dahlia Diamonds,2,Round,1,1,0,94.78,2622.0,1191.82,2583.0,-65.0,5336.4028,18.0,18.0,Ideal,E,VS1,2.2,IGI,10450.0
758,Eccles Diamonds,2,Round,1,1,0,13.52,2682.0,1219.09,2642.0,-64.0,5369.0029,18.0,18.0,Ideal,E,VS1,2.2,IGI,10450.0
758,Ember Star,2,Round,1,1,0,12.66,2671.0,1214.09,2631.0,-65.0,5541.8433,18.0,18.0,Ideal,E,VS1,2.2,IGI,10450.0
758,Eternal Flame,2,Round,1,1,0,10.54,2677.54,1217.06,2637.0,-64.0,5356.3169,18.0,18.0,Ideal,E,VS1,2.2,IGI,10450.0
758,Jane Brear,2,Round,1,1,0,11.65,2688.0,1221.82,2648.0,-65.0,5423.728,18.0,18.0,Ideal,E,VS1,2.2,IGI,10450.0
758,Lunar Diamonds,2,Round,1,1,0,10.31,2622.0,1191.82,2583.0,-64.0,5259.0508,17.0,18.0,Ideal,E,VS1,2.2,IGI,10450.0
758,Lyra Stones,2,Round,1,1,0,13.01,2680.53,1218.42,2640.0,-65.0,5528.7256,18.0,18.0,Ideal,E,VS1,2.2,IGI,10450.0
758,Marlowe & Co,2,Round,1,1,0,12.34,2709.0,1231.36,2668.0,-64.0,5441.1108,18.0,18.0,Ideal,E,VS1,2.2,IGI,10450.0
758,Michelle Kennedy,2,Round,1,1,0,14.8,2754.16,1251.89,2713.0,-63.0,5376.2319,18.0,18.0,Ideal,E,VS1,2.2,IGI,10450.0
758,Nebula Stones,2,Round,1,1,0,10.8,2746.0,1248.18,2705.0,-63.0,5375.0693,18.0,18.0,Ideal,E,VS1,2.2,IGI,10450.0
758,Oasis Diamonds,2,Round,1,1,0,10.25,2770.0,1259.09,2728.0,-63.0,5410.3677,18.0,18.0,Ideal,E,VS1,2.2,IGI,10450.0
758,Periwinkle Stones,2,Round,1,1,0,14.83,2719.0,1235.91,2678.0,-64.0,5479.3286,18.0,18.0,Ideal,E,VS1,2.2,IGI,10450.0
758,Rosella,2,Round,1,1,0,13.29,2624.0,1192.73,2585.0,-66.0,5552.6309,18.0,18.0,Ideal,E,VS1,2.2,IGI,10450.0
758,Sigma Diamonds,2,Round,1,1,0,11.05,2681.0,1218.64,2641.0,-65.0,5491.5479,18.0,18.0,Ideal,E,VS1,2.2,IGI,10450.0
758,Tamara,2,Round,1,1,0,14.0,2622.0,1191.82,2583.0,-65.0,5344.356,18.0,18.0,Ideal,E,VS1,2.2,IGI,10450.0
758,Temperley,2,Round,1,1,0,10.86,2724.31,1238.32,2683.0,-64.0,5403.168,18.0,18.0,Ideal,E,VS1,2.2,IGI,10450.0
758,Tierra Mia Diamonds,2,Round,1,1,0,16.59,2660.0,1209.09,2620.0,-65.0,5502.8945,18.0,18.0,Ideal,E,VS1,2.2,IGI,10450.0
758,White Lily,2,Round,1,1,0,13.13,2688.0,1221.82,2648.0,-64.0,5417.1514,18.0,18.0,Ideal,E,VS1,2.2,IGI,10450.0
761,Michelle Kennedy,2,Round,1,1,0,14.2,652.0,645.54,642.0,-56.0,1071.1842,18.0,18.0,Ideal,F,SI1,1.01,IGI,1861.43
761,Oasis Diamonds,2,Round,1,1,0,15.99,604.96,598.97,596.0,-60.0,1077.8915,18.0,18.0,Ideal,F,SI1,1.01,IGI,1861.43
761,Roma Diamonds,2,Round,1,1,0,11.02,1234.0,1221.78,1215.0,-21.0,1121.4766,18.0,18.0,Ideal,F,SI1,1.01,IGI,1861.43
761,Temperley,2,Round,1,1,0,16.41,818.88,810.77,807.0,-47.0,1101.228,18.0,18.0,Ideal,F,SI1,1.01,IGI,1861.43
762,Sunset Gems,2,Round,1,1,0,14.27,352.28,496.17,347.0,-54.0,542.6976,18.0,18.0,Super Ideal,H,VVS2,0.71,IGI,990.0
765,Clermont Diamonds,2,Emerald,1,1,0,12.99,1930.0,919.05,1901.0,-61.0,3164.8882,14.0,15.0,Very Good,H,VS1,2.1,IGI,5520.0
765,White Lily,2,Emerald,1,2,0,14.62,1937.0,922.38,1908.0,-59.0,3038.4319,14.0,15.0,Very Good,H,VS1,2.1,IGI,5520.0
771,Jane Brear,2,Pear,1,2,0,14.08,1131.0,1131.0,1114.0,-29.0,1027.556,15.0,15.0,Super Ideal,I,SI1,1.0,IGI,1280.0
771,Michelle Kennedy,2,Pear,2,2,0,15.14,1131.0,1131.0,1114.0,-31.0,1059.9166,15.0,15.0,Super Ideal,I,SI1,1.0,IGI,1280.0
771,Serenity Stones,2,Pear,1,1,0,13.85,599.0,599.0,590.0,-62.0,1017.3508,15.0,15.0,Super Ideal,I,SI1,1.0,IGI,1280.0
771,White Lily,2,Pear,1,2,0,15.47,1131.0,1131.0,1114.0,-31.0,1061.3669,15.0,15.0,Super Ideal,I,SI1,1.0,IGI,1280.0
773,Cornerstone,2,Oval,2,3,0,21.85,314.64,542.48,310.0,-48.0,410.1874,13.0,15.0,Very Good,E,VS1,0.58,IGI,755.0
773,Diamonds by Zoya,2,Oval,2,2,0,19.61,318.4,548.97,314.0,-42.0,369.5177,15.0,15.0,Very Good,E,VS1,0.58,IGI,755.0
773,Promenade Jewelry,2,Oval,1,1,0,21.31,308.85,532.5,304.0,-43.0,365.7984,15.0,15.0,Very Good,E,VS1,0.58,IGI,755.0
773,Rosella,2,Oval,2,2,0,17.87,304.02,524.17,299.0,-50.0,406.5372,15.0,15.0,Very Good,E,VS1,0.58,IGI,755.0
773,Vega Diamonds,2,Oval,1,2,0,20.73,308.85,532.5,304.0,-46.0,383.6525,15.0,15.0,Very Good,E,VS1,0.58,IGI,755.0
777,Camden Gems,2,Round,1,1,0,10.37,2305.0,1042.99,2270.0,-63.0,4513.5317,18.0,18.0,Super Ideal,F,VS1,2.21,IGI,9025.71
777,Diamonds by Zoya,2,Round,1,1,0,14.72,2297.0,1039.37,2263.0,-64.0,4519.1548,18.0,18.0,Super Ideal,F,VS1,2.21,IGI,9025.71
777,Eccles Diamonds,2,Round,1,1,0,12.42,2324.32,1051.73,2289.0,-63.0,4488.3359,18.0,18.0,Super Ideal,F,VS1,2.21,IGI,9025.71
777,Emilia Sterling,2,Round,1,1,0,11.74,2279.0,1031.22,2245.0,-64.0,4480.1562,18.0,18.0,Super Ideal,F,VS1,2.21,IGI,9025.71
777,Fabiola,2,Round,1,1,0,12.26,2306.0,1043.44,2271.0,-64.0,4544.8086,18.0,18.0,Super Ideal,F,VS1,2.21,IGI,9025.71
777,Genesis Stones,2,Round,1,1,0,13.91,2473.0,1119.0,2436.0,-61.0,4563.2466,18.0,18.0,Super Ideal,F,VS1,2.21,IGI,9025.71
777,Jane Brear,2,Round,1,1,0,14.07,2337.26,1057.58,2302.0,-63.0,4483.5205,18.0,18.0,Super Ideal,F,VS1,2.21,IGI,9025.71
777,La Marquise,2,Round,1,1,0,17.46,2528.0,1143.89,2490.0,-61.0,4679.8286,18.0,18.0,Super Ideal,F,VS1,2.21,IGI,9025.71
777,Michelle Kennedy,2,Round,1,1,0,13.8,2351.0,1063.8,2316.0,-62.0,4455.2178,18.0,18.0,Super Ideal,F,VS1,2.21,IGI,9025.71
777,Oasis Diamonds,2,Round,1,1,0,11.73,2392.98,1082.8,2357.0,-62.0,4491.314,18.0,18.0,Super Ideal,F,VS1,2.21,IGI,9025.71
777,Periwinkle Stones,2,Round,1,1,0,13.6,2351.0,1063.8,2316.0,-63.0,4513.1963,18.0,18.0,Super Ideal,F,VS1,2.21,IGI,9025.71
777,Sigma Diamonds,2,Round,1,1,0,11.83,2323.32,1051.28,2288.0,-64.0,4611.5205,18.0,18.0,Super Ideal,F,VS1,2.21,IGI,9025.71
777,Tamara,2,Round,1,1,0,14.37,2327.0,1052.94,2292.0,-64.0,4610.4858,18.0,18.0,Super Ideal,F,VS1,2.21,IGI,9025.71
777,Temperley,2,Round,1,1,0,10.62,2416.86,1093.6,2381.0,-62.0,4593.4937,18.0,18.0,Super Ideal,F,VS1,2.21,IGI,9025.71
777,White Lily,2,Round,1,1,0,15.32,2335.0,1056.56,2300.0,-63.0,4500.6973,18.0,18.0,Super Ideal,F,VS1,2.21,IGI,9025.71
779,Emilia Sterling,2,Pear,1,1,0,20.38,829.06,820.85,817.0,-59.0,1326.5176,14.0,15.0,Very Good,I,VVS2,1.01,IGI,1900.0
779,Serenity Stones,2,Pear,1,1,0,17.75,857.69,849.2,845.0,-56.0,1254.6116,15.0,15.0,Very Good,I,VVS2,1.01,IGI,1900.0
783,Ember Star,2,Round,1,1,0,12.03,745.0,626.05,734.0,-56.0,1217.2911,14.0,18.0,Very Good,G,VS1,1.19,IGI,2480.0
786,Artemis Stones,2,Round,1,1,0,20.68,1550.03,895.97,1527.0,-54.0,2417.4661,18.0,18.0,Super Ideal,G,VS1,1.73,IGI,4806.67
786,Cirrus Gems,2,Round,1,1,0,19.78,1540.38,890.39,1517.0,-55.0,2444.2524,18.0,18.0,Super Ideal,G,VS1,1.73,IGI,4806.67
786,Ember Star,2,Round,1,1,0,20.9,1519.15,878.12,1496.0,-56.0,2475.3242,18.0,18.0,Super Ideal,G,VS1,1.73,IGI,4806.67
786,Eternity Fine Jewelers,2,Round,1,1,0,15.51,1603.94,927.13,1580.0,-53.0,2446.4441,18.0,18.0,Super Ideal,G,VS1,1.73,IGI,4806.67
786,Jane Brear,2,Round,2,1,0,14.47,1601.95,925.98,1578.0,-54.0,2470.8948,18.0,18.0,Super Ideal,G,VS1,1.73,IGI,4806.67
786,Taiga Gems,2,Round,1,1,0,12.86,1546.0,893.64,1523.0,-56.0,2491.0461,18.0,18.0,Super Ideal,G,VS1,1.73,IGI,4806.67
786,Westport Jewelry,2,Round,1,1,0,14.47,1531.0,884.97,1508.0,-55.0,2453.4492,18.0,18.0,Super Ideal,G,VS1,1.73,IGI,4806.67
786,White Lily,2,Round,1,1,0,16.71,1598.96,924.25,1575.0,-53.0,2424.5891,18.0,18.0,Super Ideal,G,VS1,1.73,IGI,4806.67
792,Equinox Jewels,2,Princess,1,1,0,14.71,1274.0,1019.2,1255.0,-66.0,2406.8403,15.0,15.0,Super Ideal,D,VVS2,1.25,IGI,3720.0
792,Periwinkle Stones,2,Princess,1,1,0,17.05,1306.0,1044.8,1286.0,-67.0,2482.97,15.0,15.0,Super Ideal,D,VVS2,1.25,IGI,3720.0
792,Promenade Jewelry,2,Princess,1,1,0,12.08,1255.0,1004.0,1236.0,-68.0,2455.9907,15.0,15.0,Super Ideal,D,VVS2,1.25,IGI,3720.0
792,Roma Diamonds,2,Princess,1,1,0,46.46,1267.0,1013.6,1248.0,-67.0,2414.335,15.0,15.0,Super Ideal,D,VVS2,1.25,IGI,3720.0
792,Sunset Gems,2,Princess,1,1,0,12.39,1254.0,1003.2,1235.0,-68.0,2510.2664,15.0,15.0,Super Ideal,D,VVS2,1.25,IGI,3720.0
795,Fabiola,2,Round,1,1,0,12.8,1383.0,853.7,1362.0,-56.0,2268.4128,18.0,18.0,Super Ideal,E,VS2,1.62,IGI,4770.0
795,Jane Brear,2,Round,1,1,0,11.55,1433.0,884.57,1412.0,-55.0,2279.0068,18.0,18.0,Super Ideal,E,VS2,1.62,IGI,4770.0
795,Silva Diamonds,2,Round,1,1,0,13.42,1381.0,852.47,1360.0,-57.0,2306.6304,18.0,18.0,Super Ideal,E,VS2,1.62,IGI,4770.0
795,Temperley,2,Round,1,1,0,18.48,1434.0,885.19,1412.0,-55.0,2270.2061,18.0,18.0,Super Ideal,E,VS2,1.62,IGI,4770.0
795,Vega Diamonds,2,Round,1,1,0,23.6,1363.0,841.36,1343.0,-58.0,2297.1248,18.0,18.0,Super Ideal,E,VS2,1.62,IGI,4770.0
798,Cirrus Gems,2,Round,1,1,0,13.62,1994.0,866.96,1964.0,-58.0,3399.1311,18.0,18.0,Ideal,H,VS2,2.3,IGI,6725.0
798,Taiga Gems,2,Round,1,1,0,19.6,2042.0,887.83,2011.0,-58.0,3491.1431,18.0,18.0,Ideal,H,VS2,2.3,IGI,6725.0
798,Vega Diamonds,2,Round,1,1,0,21.3,2015.0,876.09,1985.0,-59.0,3532.655,18.0,18.0,Ideal,H,VS2,2.3,IGI,6725.0
801,Hill & Holland,2,Round,1,1,0,19.54,311.44,479.14,307.0,-62.0,582.8401,18.0,18.0,Super Ideal,F,VVS2,0.65,IGI,930.0
801,Jane Brear,2,Round,1,1,0,17.0,324.37,499.03,320.0,-59.0,570.0314,18.0,18.0,Super Ideal,F,VVS2,0.65,IGI,930.0
808,Cirrus Gems,2,Round,1,1,0,15.54,1039.47,758.74,1024.0,-61.0,1898.696,18.0,18.0,Super Ideal,F,VVS2,1.37,IGI,3870.0
808,Clermont Diamonds,2,Round,1,1,0,11.5,1052.0,767.88,1036.0,-60.0,1868.0073,18.0,18.0,Super Ideal,F,VVS2,1.37,IGI,3870.0
808,Emilia Sterling,2,Round,1,1,0,14.17,1034.0,754.74,1018.0,-61.0,1881.5583,18.0,18.0,Super Ideal,F,VVS2,1.37,IGI,3870.0
808,Fabiola,2,Round,1,1,0,14.44,1037.0,756.93,1021.0,-60.0,1840.5016,18.0,18.0,Super Ideal,F,VVS2,1.37,IGI,3870.0
808,Marlowe & Co,2,Round,1,1,0,14.68,1075.0,784.67,1059.0,-60.0,1905.7047,18.0,18.0,Super Ideal,F,VVS2,1.37,IGI,3870.0
808,Michelle Kennedy,2,Round,1,1,0,15.03,1066.0,778.1,1050.0,-60.0,1893.073,18.0,18.0,Super Ideal,F,VVS2,1.37,IGI,3870.0
808,Promenade Jewelry,2,Round,1,1,0,12.46,1026.0,748.91,1011.0,-62.0,1910.6538,18.0,18.0,Super Ideal,F,VVS2,1.37,IGI,3870.0
808,Silva Diamonds,2,Round,1,1,0,10.74,1040.0,759.12,1024.0,-60.0,1882.1438,18.0,18.0,Super Ideal,F,VVS2,1.37,IGI,3870.0
808,Simetría,2,Round,1,1,0,14.51,1057.68,772.03,1042.0,-60.0,1875.9137,18.0,18.0,Super Ideal,F,VVS2,1.37,IGI,3870.0
808,Starlight Crafts,2,Round,1,1,0,13.18,1040.0,759.12,1024.0,-59.0,1831.9769,18.0,18.0,Super Ideal,F,VVS2,1.37,IGI,3870.0
808,Tamara,2,Round,1,1,0,10.61,1075.0,784.67,1059.0,-59.0,1891.4382,18.0,18.0,Super Ideal,F,VVS2,1.37,IGI,3870.0
808,Temperley,2,Round,1,1,0,13.54,1093.0,797.81,1077.0,-59.0,1893.6797,18.0,18.0,Super Ideal,F,VVS2,1.37,IGI,3870.0
815,Temperley,2,Round,1,1,0,12.36,346.0,576.67,341.0,-55.0,551.74,18.0,18.0,Ideal,F,VVS2,0.6,IGI,910.0
819,Cirrus Gems,2,Emerald,2,1,0,16.62,1930.0,897.67,1901.0,-60.0,3122.0208,15.0,15.0,Super Ideal,H,VS1,2.15,IGI,5940.0
819,Taiga Gems,2,Emerald,1,1,0,13.06,1976.0,919.07,1946.0,-61.0,3238.9956,15.0,15.0,Super Ideal,H,VS1,2.15,IGI,5940.0
819,Tamara,2,Emerald,1,1,0,14.06,1999.0,929.77,1969.0,-59.0,3161.8523,15.0,15.0,Super Ideal,H,VS1,2.15,IGI,5940.0
822,Jane Brear,2,Pear,1,2,0,15.55,685.0,901.32,675.0,57.0,282.5796,14.0,15.0,Very Good,I,VS1,0.76,IGI,820.0
824,Jane Brear,2,Round,1,1,0,18.46,1839.76,1218.38,1812.0,-19.0,1620.684,18.0,18.0,Super Ideal,I,VS2,1.51,IGI,2801.11
824,White Lily,2,Round,1,1,0,14.19,1839.76,1218.38,1812.0,-20.0,1649.5776,18.0,18.0,Super Ideal,I,VS2,1.51,IGI,2801.11
827,Diamonds by Zoya,2,Oval,1,1,0,12.08,320.0,653.06,315.0,-43.0,375.7915,15.0,15.0,Very Good,E,VS1,0.49,IGI,570.0
827,Michelle Kennedy,2,Oval,2,2,0,13.34,341.0,695.92,336.0,-37.0,365.321,14.0,15.0,Very Good,E,VS1,0.49,IGI,570.0
827,Promenade Jewelry,2,Oval,1,1,0,11.68,320.39,653.86,316.0,-38.0,350.2499,15.0,15.0,Very Good,E,VS1,0.49,IGI,570.0
828,White Lily,2,Pear,2,2,0,12.53,352.23,704.46,347.0,-33.0,338.9108,14.0,15.0,Very Good,E,VS2,0.5,IGI,610.0
829,White Lily,2,Cushion,1,1,0,21.2,1379.0,851.23,1358.0,-59.0,2126.9043,15.0,15.0,Super Ideal,H,VS2,1.62,IGI,3520.0
839,Cirrus Gems,2,Round,1,1,0,94.91,2645.0,1207.76,2605.0,-64.0,5204.2476,18.0,18.0,Ideal,F,VVS2,2.19,IGI,10980.0
839,Jane Brear,2,Round,1,1,0,13.94,2751.18,1256.25,2710.0,-61.0,4994.251,18.0,18.0,Ideal,F,VVS2,2.19,IGI,10980.0
839,Michelle Kennedy,2,Round,1,1,0,10.39,2742.0,1252.05,2701.0,-62.0,5181.0308,18.0,18.0,Ideal,F,VVS2,2.19,IGI,10980.0
839,Pegasus Diamonds,2,Round,1,1,0,14.06,2834.0,1294.06,2791.0,-59.0,4994.0703,18.0,18.0,Ideal,F,VVS2,2.19,IGI,10980.0
839,Roma Diamonds,2,Round,1,1,0,13.9,2729.0,1246.12,2688.0,-62.0,5166.6816,18.0,18.0,Ideal,F,VVS2,2.19,IGI,10980.0
839,Temperley,2,Round,1,1,0,18.57,2753.0,1257.08,2712.0,-61.0,5100.4458,18.0,18.0,Ideal,F,VVS2,2.19,IGI,10980.0
839,Tierra Mia Diamonds,2,Round,1,1,0,18.22,2704.35,1234.86,2664.0,-62.0,5132.9663,18.0,18.0,Ideal,F,VVS2,2.19,IGI,10980.0
839,White Lily,2,Round,1,1,0,10.27,2755.0,1257.99,2714.0,-60.0,4987.7964,18.0,18.0,Ideal,F,VVS2,2.19,IGI,10980.0
840,Michelle Kennedy,2,Round,1,1,0,19.59,2289.0,1122.06,2255.0,-73.0,6053.2871,18.0,18.0,Ideal,H,VVS1,2.04,IGI,7530.0
840,White Lily,2,Round,1,1,0,17.83,2289.0,1122.06,2255.0,-62.0,4308.9072,18.0,18.0,Ideal,H,VVS1,2.04,IGI,7530.0
845,Rosella,2,Round,2,3,0,10.95,799.0,799.0,787.0,-56.0,1298.4935,14.0,18.0,Good,E,VVS2,1.0,IGI,2810.0
849,Michelle Kennedy,2,Round,1,1,0,14.98,1356.0,1279.25,1336.0,-11.0,1090.9939,18.0,18.0,Ideal,J,VVS2,1.06,IGI,1553.33
850,Cirrus Gems,2,Cushion,1,1,0,15.39,1779.0,889.5,1752.0,-64.0,3103.5227,14.0,15.0,Very Good,H,VS1,2.0,IGI,5020.0
850,Fuji Diamonds,2,Cushion,1,1,0,16.78,1781.67,890.84,1755.0,-66.0,3272.1528,14.0,15.0,Very Good,H,VS1,2.0,IGI,5020.0
850,United Diam,2,Cushion,1,1,0,16.18,1722.79,861.39,1697.0,-66.0,3220.4011,14.0,15.0,Very Good,H,VS1,2.0,IGI,5020.0
850,White Lily,2,Cushion,2,3,0,11.73,1864.63,932.32,1837.0,-63.0,3135.5217,14.0,15.0,Very Good,H,VS1,2.0,IGI,5020.0
852,Jane Brear,2,Round,2,1,0,19.53,3265.0,1306.0,3216.0,-28.0,3237.1394,15.0,18.0,Very Good,J,VS1,2.5,IGI,5480.0
852,Temperley,2,Round,1,1,0,16.03,3750.0,1500.0,3694.0,-19.0,3326.8643,14.0,18.0,Very Good,J,VS1,2.5,IGI,5480.0
852,White Lily,2,Round,1,1,0,17.51,1999.95,799.98,1970.0,-55.0,3212.0266,17.0,18.0,Very Good,J,VS1,2.5,IGI,5480.0
853,CV Diamonds,2,Round,1,1,0,14.92,757.2,647.18,746.0,-58.0,1293.3469,18.0,18.0,Super Ideal,E,VS2,1.17,IGI,2410.0
853,Emilia Sterling,2,Round,1,1,0,12.01,734.0,627.35,723.0,-60.0,1298.8354,18.0,18.0,Super Ideal,E,VS2,1.17,IGI,2410.0
853,Eterna Luxe,2,Round,1,1,0,11.59,749.0,640.17,738.0,-58.0,1282.97,18.0,18.0,Super Ideal,E,VS2,1.17,IGI,2410.0
853,Eternity Fine Jewelers,2,Round,1,1,0,17.06,748.0,639.32,737.0,-57.0,1243.1147,18.0,18.0,Super Ideal,E,VS2,1.17,IGI,2410.0
853,Fabiola,2,Round,1,1,0,15.26,752.22,642.92,741.0,-59.0,1299.7893,18.0,18.0,Super Ideal,E,VS2,1.17,IGI,2410.0
853,Irene Jewelry,2,Round,1,1,0,17.27,750.0,641.03,739.0,-59.0,1303.5973,18.0,18.0,Super Ideal,E,VS2,1.17,IGI,2410.0
853,Iris Diamonds,2,Round,1,1,0,16.52,741.28,633.57,730.0,-59.0,1283.6096,18.0,18.0,Super Ideal,E,VS2,1.17,IGI,2410.0
853,Jane Brear,2,Round,1,1,0,13.57,765.0,653.85,754.0,-56.0,1242.8378,18.0,18.0,Super Ideal,E,VS2,1.17,IGI,2410.0
853,Roma Diamonds,2,Round,1,1,0,45.8,747.0,638.46,736.0,-59.0,1297.8718,18.0,18.0,Super Ideal,E,VS2,1.17,IGI,2410.0
853,Silva Diamonds,2,Round,1,1,0,11.66,744.0,635.9,733.0,-59.0,1310.8113,18.0,18.0,Super Ideal,E,VS2,1.17,IGI,2410.0
853,Sunset Gems,2,Round,1,1,0,10.59,743.0,635.04,732.0,-60.0,1317.8567,18.0,18.0,Super Ideal,E,VS2,1.17,IGI,2410.0
853,Temperley,2,Round,1,1,0,62.43,796.0,680.34,784.0,-57.0,1310.8583,18.0,18.0,Super Ideal,E,VS2,1.17,IGI,2410.0
853,Vega Diamonds,2,Round,1,1,0,13.87,732.0,625.64,721.0,-60.0,1319.6476,18.0,18.0,Super Ideal,E,VS2,1.17,IGI,2410.0
853,White Lily,2,Round,1,1,0,17.85,775.0,662.39,763.0,-58.0,1334.9656,18.0,18.0,Super Ideal,E,VS2,1.17,IGI,2410.0
854,Artemis Stones,2,Round,1,1,0,15.56,1906.0,948.26,1877.0,-58.0,3225.0874,18.0,18.0,Super Ideal,G,VS2,2.01,IGI,6503.0
854,Avignon Diamonds,2,Round,1,1,0,13.17,1790.0,890.55,1763.0,-60.0,3235.9607,18.0,18.0,Super Ideal,G,VS2,2.01,IGI,6503.0
854,Clermont Diamonds,2,Round,1,1,0,15.3,1806.0,898.51,1779.0,-61.0,3336.0303,18.0,18.0,Super Ideal,G,VS2,2.01,IGI,6503.0
854,Jane Brear,2,Round,1,1,0,21.39,1840.75,915.8,1813.0,-59.0,3216.698,18.0,18.0,Super Ideal,G,VS2,2.01,IGI,6503.0
854,Marlowe & Co,2,Round,1,1,0,20.64,1820.0,905.47,1793.0,-61.0,3326.3992,18.0,18.0,Super Ideal,G,VS2,2.01,IGI,6503.0
854,Mei & Co,2,Round,1,1,0,15.89,1785.0,888.06,1758.0,-60.0,3216.1968,18.0,18.0,Super Ideal,G,VS2,2.01,IGI,6503.0
854,Michelle Kennedy,2,Round,1,1,0,14.67,1819.0,904.98,1792.0,-60.0,3215.9282,18.0,18.0,Super Ideal,G,VS2,2.01,IGI,6503.0
854,Serene Peaks Diamonds,2,Round,1,1,0,20.12,1821.0,905.97,1794.0,-62.0,3414.5823,18.0,18.0,Super Ideal,G,VS2,2.01,IGI,6503.0
854,Westport Jewelry,2,Round,1,1,0,11.77,1776.0,883.58,1749.0,-61.0,3244.6428,18.0,18.0,Super Ideal,G,VS2,2.01,IGI,6503.0
854,White Lily,2,Round,1,1,0,16.11,1832.0,911.44,1805.0,-59.0,3168.1724,18.0,18.0,Super Ideal,G,VS2,2.01,IGI,6503.0
855,Michelle Kennedy,2,Emerald,2,2,0,18.78,1390.0,879.75,1369.0,-57.0,2092.3088,15.0,15.0,Super Ideal,H,VS2,1.58,IGI,4160.0
855,Oasis Diamonds,2,Emerald,1,1,0,15.05,1278.0,808.86,1259.0,-61.0,2105.821,15.0,15.0,Super Ideal,H,VS2,1.58,IGI,4160.0
855,Serene Peaks Diamonds,2,Emerald,1,1,0,18.77,1220.0,772.15,1202.0,-63.0,2105.6904,15.0,15.0,Super Ideal,H,VS2,1.58,IGI,4160.0
855,Taiga Gems,2,Emerald,1,1,0,19.99,1199.0,758.86,1181.0,-63.0,2064.4268,15.0,15.0,Super Ideal,H,VS2,1.58,IGI,4160.0
855,Temperley,2,Emerald,2,2,0,19.9,1215.0,768.99,1197.0,-64.0,2141.1345,15.0,15.0,Super Ideal,H,VS2,1.58,IGI,4160.0
855,White Lily,2,Emerald,1,1,0,20.28,1207.0,763.92,1189.0,-65.0,2186.0154,15.0,15.0,Super Ideal,H,VS2,1.58,IGI,4160.0
856,Avignon Diamonds,2,Round,1,1,0,19.91,2682.0,1259.15,2642.0,-63.0,5123.6348,18.0,18.0,Super Ideal,F,VVS2,2.13,IGI,10600.0
856,Camden Gems,2,Round,1,1,0,12.66,2715.0,1274.65,2674.0,-62.0,5103.5156,18.0,18.0,Super Ideal,F,VVS2,2.13,IGI,10600.0
856,Cirrus Gems,2,Round,1,1,0,94.89,2638.0,1238.5,2598.0,-64.0,5212.854,18.0,18.0,Super Ideal,F,VVS2,2.13,IGI,10600.0
856,Ember Star,2,Round,1,1,0,16.06,2708.39,1271.54,2668.0,-63.0,5209.2354,18.0,18.0,Super Ideal,F,VVS2,2.13,IGI,10600.0
856,Jane Brear,2,Round,1,1,0,16.07,2743.22,1287.9,2702.0,-61.0,5031.0986,18.0,18.0,Super Ideal,F,VVS2,2.13,IGI,10600.0
856,Michelle Kennedy,2,Round,1,1,0,14.97,2756.15,1293.97,2715.0,-61.0,5032.978,18.0,18.0,Super Ideal,F,VVS2,2.13,IGI,10600.0
856,Oasis Diamonds,2,Round,1,1,0,13.19,2797.94,1313.59,2756.0,-61.0,5094.2363,18.0,18.0,Super Ideal,F,VVS2,2.13,IGI,10600.0
856,Tamara,2,Round,1,1,0,10.36,2730.0,1281.69,2689.0,-61.0,5023.4438,18.0,18.0,Super Ideal,F,VVS2,2.13,IGI,10600.0
856,Temperley,2,Round,1,1,0,17.99,2743.22,1287.9,2702.0,-62.0,5175.0166,18.0,18.0,Super Ideal,F,VVS2,2.13,IGI,10600.0
856,Vespera Gems,2,Round,1,1,0,13.74,2665.0,1251.17,2625.0,-62.0,5047.2036,18.0,18.0,Super Ideal,F,VVS2,2.13,IGI,10600.0
856,White Lily,2,Round,1,1,0,13.93,2757.0,1294.37,2716.0,-61.0,5074.9272,18.0,18.0,Super Ideal,F,VVS2,2.13,IGI,10600.0
857,BonDiam,2,Round,1,1,0,13.87,656.7,729.67,647.0,-52.0,971.2405,18.0,18.0,Super Ideal,E,VS1,0.9,IGI,1890.0
857,Clara Belle Gems,2,Round,1,1,0,11.27,624.0,693.33,615.0,-54.0,979.9756,18.0,18.0,Super Ideal,E,VS1,0.9,IGI,1890.0
857,Eccles Diamonds,2,Round,1,1,0,13.36,633.0,703.33,624.0,-53.0,970.7324,18.0,18.0,Super Ideal,E,VS1,0.9,IGI,1890.0
857,I & M Designs,2,Round,1,1,0,12.41,685.56,761.73,675.0,-49.0,961.3024,18.0,18.0,Super Ideal,E,VS1,0.9,IGI,1890.0
857,Jane Brear,2,Round,1,1,0,15.01,675.0,750.0,665.0,-50.0,970.0037,18.0,18.0,Super Ideal,E,VS1,0.9,IGI,1890.0
857,Marlowe & Co,2,Round,1,1,0,13.3,657.0,730.0,647.0,-53.0,1000.6333,18.0,18.0,Super Ideal,E,VS1,0.9,IGI,1890.0
857,Michelle Kennedy,2,Round,1,1,0,12.17,643.0,714.44,633.0,-52.0,960.7449,18.0,18.0,Super Ideal,E,VS1,0.9,IGI,1890.0
857,Nova Stars,2,Round,1,1,0,14.09,624.0,693.33,615.0,-53.0,957.2526,18.0,18.0,Super Ideal,E,VS1,0.9,IGI,1890.0
857,Temperley,2,Round,1,1,0,12.85,656.0,728.89,646.0,-52.0,969.7286,18.0,18.0,Super Ideal,E,VS1,0.9,IGI,1890.0
857,Verve Jewels,2,Round,1,1,0,90.17,619.0,687.78,610.0,-53.0,934.6877,18.0,18.0,Super Ideal,E,VS1,0.9,IGI,1890.0
857,Westminster Diamonds,2,Round,1,1,0,11.56,636.0,706.67,626.0,-54.0,999.837,18.0,18.0,Super Ideal,E,VS1,0.9,IGI,1890.0
857,White Lily,2,Round,1,1,0,13.71,660.68,734.09,651.0,-49.0,923.6995,18.0,18.0,Super Ideal,E,VS1,0.9,IGI,1890.0
860,Temperley,2,Round,1,1,0,10.71,1844.73,1072.52,1817.0,-4.0,1380.7347,18.0,18.0,Super Ideal,J,VS2,1.72,IGI,2940.0
862,Avignon Diamonds,2,Princess,1,1,0,21.37,5031.74,1666.14,4956.0,-65.0,9067.833,15.0,15.0,Super Ideal,F,VVS2,3.02,IGI,16600.0
862,Clermont Diamonds,2,Princess,1,1,0,19.14,5181.0,1715.56,5103.0,-64.0,9125.5361,15.0,15.0,Super Ideal,F,VVS2,3.02,IGI,16600.0
862,Ember Star,2,Princess,1,1,0,20.77,5031.74,1666.14,4956.0,-65.0,9067.833,15.0,15.0,Super Ideal,F,VVS2,3.02,IGI,16600.0
862,Genesis Stones,2,Princess,1,1,0,21.57,5636.0,1866.23,5551.0,-61.0,9174.1113,15.0,15.0,Super Ideal,F,VVS2,3.02,IGI,16600.0
862,Hoseki,2,Princess,1,1,0,19.85,5270.18,1745.09,5191.0,-63.0,9018.6035,15.0,15.0,Super Ideal,F,VVS2,3.02,IGI,16600.0
862,Jane Brear,2,Princess,1,1,0,18.97,4998.0,1654.97,4923.0,-65.0,9100.8184,15.0,15.0,Super Ideal,F,VVS2,3.02,IGI,16600.0
862,Marlowe & Co,2,Princess,1,1,0,20.31,5245.0,1736.75,5166.0,-64.0,9207.3027,15.0,15.0,Super Ideal,F,VVS2,3.02,IGI,16600.0
862,Michelle Kennedy,2,Princess,1,1,0,16.93,5165.0,1710.26,5088.0,-64.0,9180.2109,15.0,15.0,Super Ideal,F,VVS2,3.02,IGI,16600.0
862,Periwinkle Stones,2,Princess,1,1,0,20.88,5208.0,1724.5,5130.0,-64.0,9188.2217,15.0,15.0,Super Ideal,F,VVS2,3.02,IGI,16600.0
862,Serenade Diamonds,2,Princess,1,1,0,19.09,4958.44,1641.87,4884.0,-65.0,9087.2393,15.0,15.0,Super Ideal,F,VVS2,3.02,IGI,16600.0
862,Simetría,2,Princess,1,1,0,17.92,5180.85,1715.51,5103.0,-65.0,9277.7939,15.0,15.0,Super Ideal,F,VVS2,3.02,IGI,16600.0
862,Temperley,2,Princess,1,1,0,17.04,5165.0,1710.26,5088.0,-65.0,9454.1562,15.0,15.0,Super Ideal,F,VVS2,3.02,IGI,16600.0
862,White Lily,2,Princess,1,1,0,22.79,5100.34,1688.85,5024.0,-64.0,9108.9229,15.0,15.0,Super Ideal,F,VVS2,3.02,IGI,16600.0
866,Artemis Stones,2,Round,1,1,0,19.45,1923.0,1086.44,1894.0,-46.0,2553.8455,18.0,18.0,Super Ideal,E,VS1,1.77,IGI,6400.0
866,Avignon Diamonds,2,Round,1,1,0,11.78,1911.0,1079.66,1882.0,-48.0,2620.2234,18.0,18.0,Super Ideal,E,VS1,1.77,IGI,6400.0
866,Camden Gems,2,Round,1,1,0,14.67,1905.0,1076.27,1876.0,-47.0,2586.0989,18.0,18.0,Super Ideal,E,VS1,1.77,IGI,6400.0
866,Cascade Diamonds,2,Round,1,1,0,13.64,1915.0,1081.92,1886.0,-47.0,2573.2556,18.0,18.0,Super Ideal,E,VS1,1.77,IGI,6400.0
866,Eterna Luxe,2,Round,1,1,0,11.93,1932.0,1091.53,1903.0,-45.0,2529.9067,18.0,18.0,Super Ideal,E,VS1,1.77,IGI,6400.0
866,Eternity Fine Jewelers,2,Round,1,1,0,16.1,1953.18,1103.49,1924.0,-46.0,2572.3528,18.0,18.0,Super Ideal,E,VS1,1.77,IGI,6400.0
866,Genesis Stones,2,Round,1,1,0,10.66,2060.0,1163.84,2029.0,-43.0,2597.3562,18.0,18.0,Super Ideal,E,VS1,1.77,IGI,6400.0
866,Jane Brear,2,Round,1,1,0,12.51,1988.0,1123.16,1958.0,-46.0,2638.6917,18.0,18.0,Super Ideal,E,VS1,1.77,IGI,6400.0
866,Michelle Kennedy,2,Round,1,1,0,17.14,1961.0,1107.91,1932.0,-46.0,2595.3699,18.0,18.0,Super Ideal,E,VS1,1.77,IGI,6400.0
866,Periwinkle Stones,2,Round,1,1,0,13.97,2001.94,1131.04,1972.0,-46.0,2640.9673,18.0,18.0,Super Ideal,E,VS1,1.77,IGI,6400.0
866,Promenade Jewelry,2,Round,1,1,0,11.44,1923.0,1086.44,1894.0,-47.0,2599.677,18.0,18.0,Super Ideal,E,VS1,1.77,IGI,6400.0
866,Simetría,2,Round,1,1,0,14.63,1913.0,1080.79,1884.0,-47.0,2565.1118,18.0,18.0,Super Ideal,E,VS1,1.77,IGI,6400.0
866,Starlit Stones,2,Round,1,1,0,58.92,1974.0,1115.25,1944.0,-45.0,2572.825,18.0,18.0,Super Ideal,E,VS1,1.77,IGI,6400.0
866,Taiga Gems,2,Round,1,1,0,10.29,1930.0,1090.4,1901.0,-47.0,2610.1082,18.0,18.0,Super Ideal,E,VS1,1.77,IGI,6400.0
866,Temperley,2,Round,1,1,0,13.95,1981.0,1119.21,1951.0,-44.0,2540.4373,18.0,18.0,Super Ideal,E,VS1,1.77,IGI,6400.0
866,Vespera Gems,2,Round,1,1,0,16.28,1890.73,1068.21,1862.0,-48.0,2611.7544,18.0,18.0,Super Ideal,E,VS1,1.77,IGI,6400.0
866,White Lily,2,Round,1,1,0,15.99,2072.58,1170.95,2041.0,-43.0,2590.1851,18.0,18.0,Super Ideal,E,VS1,1.77,IGI,6400.0
866,Zimmerman Diamonds,2,Round,1,1,0,12.69,1930.3,1090.56,1901.0,-46.0,2555.5178,18.0,18.0,Super Ideal,E,VS1,1.77,IGI,6400.0
870,Artemis Stones,2,Round,1,1,0,19.17,2147.0,1047.32,2115.0,-65.0,4385.373,18.0,18.0,Super Ideal,G,VVS2,2.05,IGI,8280.0
870,Camden Gems,2,Round,1,1,0,14.54,2191.0,1068.78,2158.0,-64.0,4411.4336,18.0,18.0,Super Ideal,G,VVS2,2.05,IGI,8280.0
870,Cirrus Gems,2,Round,1,1,0,19.74,2126.0,1037.07,2094.0,-65.0,4400.4067,18.0,18.0,Super Ideal,G,VVS2,2.05,IGI,8280.0
870,Clermont Diamonds,2,Round,1,1,0,14.55,2182.0,1064.39,2149.0,-65.0,4411.3755,18.0,18.0,Super Ideal,G,VVS2,2.05,IGI,8280.0
870,Ember Star,2,Round,1,1,0,11.19,2174.0,1060.49,2141.0,-64.0,4379.4648,18.0,18.0,Super Ideal,G,VVS2,2.05,IGI,8280.0
870,Hazel Diamonds,2,Round,1,1,0,14.28,2115.0,1031.71,2083.0,-66.0,4399.6421,18.0,18.0,Super Ideal,G,VVS2,2.05,IGI,8280.0
870,Jane Brear,2,Round,1,1,0,17.17,2257.0,1100.98,2223.0,-63.0,4395.4922,18.0,18.0,Super Ideal,G,VVS2,2.05,IGI,8280.0
870,Marlowe & Co,2,Round,1,1,0,16.99,2183.0,1064.88,2150.0,-64.0,4350.1128,18.0,18.0,Super Ideal,G,VVS2,2.05,IGI,8280.0
870,Michelle Kennedy,2,Round,1,1,0,14.66,2213.0,1079.51,2180.0,-64.0,4373.0552,18.0,18.0,Super Ideal,G,VVS2,2.05,IGI,8280.0
870,Nebula Stones,2,Round,1,1,0,14.16,2230.0,1087.8,2197.0,-64.0,4420.3037,18.0,18.0,Super Ideal,G,VVS2,2.05,IGI,8280.0
870,Sigma Diamonds,2,Round,1,1,0,16.22,2181.0,1063.9,2148.0,-65.0,4423.1704,18.0,18.0,Super Ideal,G,VVS2,2.05,IGI,8280.0
870,Sonata Gems,2,Round,1,1,0,12.98,2174.0,1060.49,2141.0,-65.0,4417.2954,18.0,18.0,Super Ideal,G,VVS2,2.05,IGI,8280.0
870,Taiga Gems,2,Round,1,1,0,14.69,2149.0,1048.29,2117.0,-64.0,4326.8271,18.0,18.0,Super Ideal,G,VVS2,2.05,IGI,8280.0
870,Tamara,2,Round,1,1,0,17.99,2210.0,1078.05,2177.0,-64.0,4377.7539,18.0,18.0,Super Ideal,G,VVS2,2.05,IGI,8280.0
870,Temperley,2,Round,1,1,0,14.81,2210.0,1078.05,2177.0,-64.0,4396.2695,18.0,18.0,Super Ideal,G,VVS2,2.05,IGI,8280.0
870,Westport Jewelry,2,Round,1,1,0,16.83,2131.0,1039.51,2099.0,-67.0,4588.7827,18.0,18.0,Super Ideal,G,VVS2,2.05,IGI,8280.0
870,White Lily,2,Round,1,1,0,12.0,2197.0,1071.71,2164.0,-64.0,4364.5493,18.0,18.0,Super Ideal,G,VVS2,2.05,IGI,8280.0
875,Jane Brear,2,Round,1,1,0,12.12,1295.0,846.41,1276.0,-59.0,2287.6355,18.0,18.0,Super Ideal,F,VS2,1.53,IGI,4193.33
875,Marlowe & Co,2,Round,1,1,0,10.63,1285.0,839.87,1266.0,-59.0,2224.4375,18.0,18.0,Super Ideal,F,VS2,1.53,IGI,4193.33
875,Mei & Co,2,Round,1,1,0,12.48,1258.0,822.22,1239.0,-60.0,2268.6289,18.0,18.0,Super Ideal,F,VS2,1.53,IGI,4193.33
875,Meridian Crafts,2,Round,1,1,0,11.79,1272.0,831.37,1253.0,-60.0,2258.4055,18.0,18.0,Super Ideal,F,VS2,1.53,IGI,4193.33
875,Michelle Kennedy,2,Round,1,1,0,13.51,1295.0,846.41,1276.0,-59.0,2267.1272,18.0,18.0,Super Ideal,F,VS2,1.53,IGI,4193.33
875,Periwinkle Stones,2,Round,1,1,0,8.85,1288.0,841.83,1269.0,-59.0,2244.7173,18.0,18.0,Super Ideal,F,VS2,1.53,IGI,4193.33
875,Rosella,2,Round,1,1,0,10.16,1253.0,818.95,1234.0,-59.0,2214.2498,18.0,18.0,Super Ideal,F,VS2,1.53,IGI,4193.33
875,Temperley,2,Round,1,1,0,12.8,1305.0,852.94,1285.0,-58.0,2218.6189,18.0,18.0,Super Ideal,F,VS2,1.53,IGI,4193.33
875,Thalassa Gems,2,Round,1,1,0,16.8,1267.0,828.1,1248.0,-59.0,2216.5947,18.0,18.0,Super Ideal,F,VS2,1.53,IGI,4193.33
875,White Lily,2,Round,1,1,0,93.45,1292.0,844.44,1273.0,-59.0,2240.7751,18.0,18.0,Super Ideal,F,VS2,1.53,IGI,4193.33
883,Taiga Gems,2,Round,1,1,0,15.75,1353.0,735.33,1333.0,-55.0,2164.9746,18.0,18.0,Super Ideal,H,VS2,1.84,IGI,4250.0
883,Temperley,2,Round,1,1,0,17.79,1352.0,734.78,1332.0,-56.0,2178.2988,18.0,18.0,Super Ideal,H,VS2,1.84,IGI,4250.0
885,Taiga Gems,2,Round,1,1,0,14.73,1027.0,703.42,1012.0,-54.0,1595.5389,18.0,18.0,Super Ideal,H,VS1,1.46,IGI,3240.0
885,Temperley,2,Round,1,1,0,12.51,1024.0,701.37,1009.0,-55.0,1615.5385,18.0,18.0,Super Ideal,H,VS1,1.46,IGI,3240.0
892,Meridian Crafts,2,Round,1,1,0,10.56,931.0,716.15,917.0,-56.0,1525.9642,18.0,18.0,Super Ideal,G,VS2,1.3,IGI,2620.0
892,Michelle Kennedy,2,Round,1,1,0,21.24,961.0,739.23,947.0,-55.0,1527.6095,18.0,18.0,Super Ideal,G,VS2,1.3,IGI,2620.0
892,Serene Peaks Diamonds,2,Round,1,1,0,20.25,931.0,716.15,917.0,-57.0,1551.2312,18.0,18.0,Super Ideal,G,VS2,1.3,IGI,2620.0
892,White Lily,2,Round,1,1,0,17.0,969.0,745.38,954.0,-57.0,1603.9045,18.0,18.0,Super Ideal,G,VS2,1.3,IGI,2620.0
893,Avignon Diamonds,2,Oval,1,1,0,12.52,934.0,915.69,920.0,-59.0,1521.5956,15.0,15.0,Super Ideal,D,VS1,1.02,IGI,2520.0
893,Bayside Gems,2,Oval,1,1,0,13.61,954.2,935.49,940.0,-58.0,1532.1503,15.0,15.0,Super Ideal,D,VS1,1.02,IGI,2520.0
893,Clermont Diamonds,2,Oval,1,1,0,12.57,960.18,941.35,946.0,-58.0,1541.1862,15.0,15.0,Super Ideal,D,VS1,1.02,IGI,2520.0
893,Diamonds by Zoya,2,Oval,1,1,0,13.71,949.0,930.39,935.0,-58.0,1539.0012,15.0,15.0,Super Ideal,D,VS1,1.02,IGI,2520.0
893,Ember Star,2,Oval,1,1,0,14.76,925.58,907.43,912.0,-58.0,1493.3529,15.0,15.0,Super Ideal,D,VS1,1.02,IGI,2520.0
893,Eternal Flame,2,Oval,1,2,0,13.51,950.0,931.37,936.0,-61.0,1627.3873,15.0,15.0,Super Ideal,D,VS1,1.02,IGI,2520.0
893,Hoseki,2,Oval,1,2,0,11.06,958.0,939.22,944.0,-57.0,1509.885,15.0,15.0,Super Ideal,D,VS1,1.02,IGI,2520.0
893,Infinity Diamonds,2,Oval,1,1,0,20.78,946.0,927.45,932.0,-58.0,1501.3416,15.0,15.0,Super Ideal,D,VS1,1.02,IGI,2520.0
893,Jane Brear,2,Oval,1,2,0,17.87,961.29,942.44,947.0,-58.0,1539.024,15.0,15.0,Super Ideal,D,VS1,1.02,IGI,2520.0
893,Knox Diamonds,2,Oval,1,1,0,12.14,945.0,926.47,931.0,-60.0,1578.9719,15.0,15.0,Super Ideal,D,VS1,1.02,IGI,2520.0
893,Lotus Creation,2,Oval,1,1,0,15.92,942.95,924.46,929.0,-59.0,1539.0012,15.0,15.0,Super Ideal,D,VS1,1.02,IGI,2520.0
893,Marlowe & Co,2,Oval,1,1,0,14.73,958.0,939.22,944.0,-57.0,1509.1787,15.0,15.0,Super Ideal,D,VS1,1.02,IGI,2520.0
893,Michelle Kennedy,2,Oval,1,1,0,16.96,943.0,924.51,929.0,-58.0,1514.4979,15.0,15.0,Super Ideal,D,VS1,1.02,IGI,2520.0
893,Roma Diamonds,2,Oval,1,2,0,13.64,948.0,929.41,934.0,-58.0,1528.4414,15.0,15.0,Super Ideal,D,VS1,1.02,IGI,2520.0
893,Rosella,2,Oval,1,1,0,17.61,917.0,899.02,903.0,-62.0,1609.5842,15.0,15.0,Super Ideal,D,VS1,1.02,IGI,2520.0
893,Taiga Gems,2,Oval,1,1,0,13.23,958.18,939.39,944.0,-58.0,1523.8181,15.0,15.0,Super Ideal,D,VS1,1.02,IGI,2520.0
893,Temperley,2,Oval,1,1,0,11.01,949.0,930.39,935.0,-59.0,1577.0905,15.0,15.0,Super Ideal,D,VS1,1.02,IGI,2520.0
893,Thalassa Gems,2,Oval,1,1,0,14.84,938.0,919.61,924.0,-59.0,1524.0421,15.0,15.0,Super Ideal,D,VS1,1.02,IGI,2520.0
893,Tierra Mia Diamonds,2,Oval,1,1,0,17.01,945.85,927.3,932.0,-59.0,1560.8483,15.0,15.0,Super Ideal,D,VS1,1.02,IGI,2520.0
893,Vega Diamonds,2,Oval,1,1,0,11.84,920.0,901.96,906.0,-59.0,1493.3529,15.0,15.0,Super Ideal,D,VS1,1.02,IGI,2520.0
893,Verve Jewels,2,Oval,1,1,0,15.08,936.0,917.65,922.0,-59.0,1551.5098,15.0,15.0,Super Ideal,D,VS1,1.02,IGI,2520.0
893,White Lily,2,Oval,1,1,0,15.17,956.46,937.71,942.0,-58.0,1531.8059,15.0,15.0,Super Ideal,D,VS1,1.02,IGI,2520.0
895,Jane Brear,2,Round,1,1,0,12.12,1295.0,846.41,1276.0,-59.0,2287.6355,18.0,18.0,Ideal,F,VS2,1.53,IGI,4120.0
895,Marlowe & Co,2,Round,1,1,0,10.63,1285.0,839.87,1266.0,-59.0,2224.4375,18.0,18.0,Ideal,F,VS2,1.53,IGI,4120.0
895,Mei & Co,2,Round,1,1,0,12.48,1258.0,822.22,1239.0,-60.0,2268.6289,18.0,18.0,Ideal,F,VS2,1.53,IGI,4120.0
895,Meridian Crafts,2,Round,1,1,0,11.79,1272.0,831.37,1253.0,-60.0,2258.4055,18.0,18.0,Ideal,F,VS2,1.53,IGI,4120.0
895,Michelle Kennedy,2,Round,1,1,0,13.51,1295.0,846.41,1276.0,-59.0,2267.1272,18.0,18.0,Ideal,F,VS2,1.53,IGI,4120.0
895,Periwinkle Stones,2,Round,1,1,0,8.85,1288.0,841.83,1269.0,-59.0,2244.7173,18.0,18.0,Ideal,F,VS2,1.53,IGI,4120.0
895,Rosella,2,Round,1,1,0,10.16,1253.0,818.95,1234.0,-59.0,2214.2498,18.0,18.0,Ideal,F,VS2,1.53,IGI,4120.0
895,Temperley,2,Round,1,1,0,12.8,1305.0,852.94,1285.0,-58.0,2218.6189,18.0,18.0,Ideal,F,VS2,1.53,IGI,4120.0
895,Thalassa Gems,2,Round,1,1,0,16.8,1267.0,828.1,1248.0,-59.0,2216.5947,18.0,18.0,Ideal,F,VS2,1.53,IGI,4120.0
895,White Lily,2,Round,1,1,0,93.45,1292.0,844.44,1273.0,-59.0,2240.7751,18.0,18.0,Ideal,F,VS2,1.53,IGI,4120.0
896,Cirrus Gems,2,Round,2,2,0,21.32,3038.0,1012.67,2992.0,-62.0,5743.5752,17.0,18.0,Very Good,I,VS1,3.0,IGI,10710.0
900,Jane Brear,2,Round,3,2,0,24.83,312.43,548.12,308.0,-58.0,531.1965,14.0,18.0,Very Good,E,VVS2,0.57,IGI,920.0
900,Temperley,2,Round,2,2,0,12.75,312.0,547.37,307.0,-62.0,589.085,17.0,18.0,Very Good,E,VVS2,0.57,IGI,920.0
902,Jane Brear,2,Round,1,1,0,15.4,3164.1,1444.79,3117.0,-15.0,2665.614,18.0,18.0,Ideal,J,VS1,2.19,IGI,4300.0
903,Cirrus Gems,2,Round,1,1,0,20.7,1812.0,906.0,1785.0,-52.0,2711.8916,18.0,18.0,Super Ideal,H,VS1,2.0,IGI,6446.0
903,Fabiola,2,Round,1,1,0,13.61,1797.0,898.5,1770.0,-52.0,2661.2693,18.0,18.0,Super Ideal,H,VS1,2.0,IGI,6446.0
903,Jane Brear,2,Round,1,1,0,12.69,1831.0,915.5,1804.0,-52.0,2726.3992,18.0,18.0,Super Ideal,H,VS1,2.0,IGI,6446.0
903,Michelle Kennedy,2,Round,1,1,0,19.72,1828.81,914.4,1801.0,-52.0,2750.6345,18.0,18.0,Super Ideal,H,VS1,2.0,IGI,6446.0
903,Nova Stars,2,Round,1,1,0,11.62,1770.0,885.0,1743.0,-53.0,2704.7424,18.0,18.0,Super Ideal,H,VS1,2.0,IGI,6446.0
903,Periwinkle Stones,2,Round,1,1,0,22.53,1817.0,908.5,1790.0,-52.0,2682.7783,18.0,18.0,Super Ideal,H,VS1,2.0,IGI,6446.0
903,Roma Diamonds,2,Round,1,1,0,11.36,1807.0,903.5,1780.0,-50.0,2612.5125,18.0,18.0,Super Ideal,H,VS1,2.0,IGI,6446.0
903,Temperley,2,Round,2,1,0,13.67,1845.0,922.5,1817.0,-52.0,2752.6831,18.0,18.0,Super Ideal,H,VS1,2.0,IGI,6446.0
903,White Lily,2,Round,1,1,0,14.38,1845.0,922.5,1817.0,-51.0,2675.2815,18.0,18.0,Super Ideal,H,VS1,2.0,IGI,6446.0
904,Eternity Fine Jewelers,2,Round,1,1,0,23.66,321.38,459.11,317.0,-63.0,615.6769,18.0,18.0,Ideal,E,VVS2,0.7,IGI,1306.25
904,Hoseki,2,Round,1,1,0,14.72,321.0,458.57,316.0,-62.0,599.5262,18.0,18.0,Ideal,E,VVS2,0.7,IGI,1306.25
904,Jane Brear,2,Round,1,1,0,13.38,338.0,482.86,333.0,-61.0,626.2278,18.0,18.0,Ideal,E,VVS2,0.7,IGI,1306.25
904,Lotus Creation,2,Round,1,1,0,27.43,323.33,461.9,318.0,-63.0,624.0287,18.0,18.0,Ideal,E,VVS2,0.7,IGI,1306.25
904,Marble Arch,2,Round,1,1,0,18.96,313.0,447.14,308.0,-63.0,600.2063,18.0,18.0,Ideal,E,VVS2,0.7,IGI,1306.25
904,Marlowe & Co,2,Round,1,1,0,23.29,328.35,469.07,323.0,-60.0,592.6754,18.0,18.0,Ideal,E,VVS2,0.7,IGI,1306.25
904,Michelle Kennedy,2,Round,1,1,0,26.27,329.0,470.0,324.0,-62.0,624.9167,18.0,18.0,Ideal,E,VVS2,0.7,IGI,1306.25
904,Nova Stars,2,Round,1,1,0,15.37,310.0,442.86,305.0,-64.0,621.6401,18.0,18.0,Ideal,E,VVS2,0.7,IGI,1306.25
904,Riviera Jewels,2,Round,1,1,0,10.59,313.0,447.14,308.0,-64.0,620.3376,18.0,18.0,Ideal,E,VVS2,0.7,IGI,1306.25
904,Temperley,2,Round,1,1,0,10.19,333.0,475.71,328.0,-61.0,612.3458,18.0,18.0,Ideal,E,VVS2,0.7,IGI,1306.25
904,Thalassa Gems,2,Round,2,2,0,10.22,307.0,438.57,302.0,-65.0,622.1031,18.0,18.0,Ideal,E,VVS2,0.7,IGI,1306.25
904,White Lily,2,Round,1,1,0,12.21,321.0,458.57,316.0,-63.0,626.608,18.0,18.0,Ideal,E,VVS2,0.7,IGI,1306.25
905,Jane Brear,2,Round,1,1,0,10.32,697.0,670.19,687.0,-57.0,1158.1682,18.0,18.0,Super Ideal,H,VS1,1.04,IGI,2060.0
905,Temperley,2,Round,1,1,0,17.48,697.0,670.19,687.0,-60.0,1248.3557,18.0,18.0,Super Ideal,H,VS1,1.04,IGI,2060.0
905,White Lily,2,Round,1,1,0,15.8,755.0,725.96,744.0,-52.0,1130.6324,18.0,18.0,Super Ideal,H,VS1,1.04,IGI,2060.0
908,Michelle Kennedy,2,Cushion,1,2,1,19.78,1259.52,728.05,1241.0,-52.0,1667.9368,13.0,15.0,Very Good,I,SI2,1.73,IGI,3050.0
910,Jane Brear,2,Round,1,1,0,22.21,825.85,598.44,813.0,-57.0,1377.3716,18.0,18.0,Super Ideal,I,VS1,1.38,IGI,2405.0
910,Michelle Kennedy,2,Round,1,1,0,13.85,928.34,672.71,914.0,-51.0,1364.4166,18.0,18.0,Super Ideal,I,VS1,1.38,IGI,2405.0
911,Avignon Diamonds,2,Heart,1,1,0,11.22,831.0,822.77,819.0,-64.0,1376.582,14.0,15.0,Good,E,VS2,1.01,IGI,2170.0
912,Clermont Diamonds,2,Oval,1,1,0,11.92,1407.0,925.66,1386.0,-60.0,2344.6545,15.0,15.0,Super Ideal,F,VS2,1.52,IGI,4220.0
912,Hill & Holland,2,Oval,1,1,0,12.98,1443.74,949.83,1422.0,-59.0,2344.6545,15.0,15.0,Super Ideal,F,VS2,1.52,IGI,4220.0
912,Jane Brear,2,Oval,1,2,0,14.59,1419.0,933.55,1398.0,-59.0,2316.3608,15.0,15.0,Super Ideal,F,VS2,1.52,IGI,4220.0
912,Marlowe & Co,2,Oval,1,1,0,16.55,1418.0,932.89,1397.0,-59.0,2310.6174,15.0,15.0,Super Ideal,F,VS2,1.52,IGI,4220.0
912,Michelle Kennedy,2,Oval,1,1,0,12.67,1411.0,928.29,1390.0,-59.0,2292.2205,15.0,15.0,Super Ideal,F,VS2,1.52,IGI,4220.0
912,Serene Peaks Diamonds,2,Oval,1,1,0,10.99,1412.0,928.95,1391.0,-59.0,2325.9268,15.0,15.0,Super Ideal,F,VS2,1.52,IGI,4220.0
912,Taiga Gems,2,Oval,1,1,0,15.76,1401.0,921.71,1380.0,-60.0,2366.5271,15.0,15.0,Super Ideal,F,VS2,1.52,IGI,4220.0
912,Temperley,2,Oval,1,1,0,13.15,1411.0,928.29,1390.0,-59.0,2310.782,15.0,15.0,Super Ideal,F,VS2,1.52,IGI,4220.0
912,White Lily,2,Oval,1,1,0,16.13,1406.0,925.0,1385.0,-60.0,2342.7681,15.0,15.0,Super Ideal,F,VS2,1.52,IGI,4220.0
920,Cirrus Gems,2,Round,1,1,0,18.44,1821.24,875.6,1794.0,-57.0,2998.2532,18.0,18.0,Super Ideal,H,VS1,2.08,IGI,6591.25
920,Clermont Diamonds,2,Round,1,1,0,14.39,1811.0,870.67,1784.0,-58.0,3103.4045,18.0,18.0,Super Ideal,H,VS1,2.08,IGI,6591.25
920,Jane Brear,2,Round,1,1,0,19.38,1825.0,877.4,1798.0,-58.0,3081.238,18.0,18.0,Super Ideal,H,VS1,2.08,IGI,6591.25
920,Mei & Co,2,Round,1,1,0,11.53,1793.0,862.02,1766.0,-56.0,2908.3416,18.0,18.0,Super Ideal,H,VS1,2.08,IGI,6591.25
920,Michelle Kennedy,2,Round,1,1,0,19.86,1829.0,879.33,1802.0,-56.0,2993.8936,18.0,18.0,Super Ideal,H,VS1,2.08,IGI,6591.25
920,N. B. Diamonds,2,Round,1,1,0,20.04,1820.0,875.0,1793.0,-55.0,2887.1333,18.0,18.0,Super Ideal,H,VS1,2.08,IGI,6591.25
920,Serene Peaks Diamonds,2,Round,1,1,0,16.91,1851.0,889.9,1823.0,-54.0,2891.7749,18.0,18.0,Super Ideal,H,VS1,2.08,IGI,6591.25
920,Taiga Gems,2,Round,1,1,0,19.33,1792.0,861.54,1765.0,-56.0,2930.0615,18.0,18.0,Super Ideal,H,VS1,2.08,IGI,6591.25
920,White Lily,2,Round,1,1,0,18.92,1825.0,877.4,1798.0,-57.0,3042.5454,18.0,18.0,Super Ideal,H,VS1,2.08,IGI,6591.25
927,Michelle Kennedy,2,Round,1,1,0,14.27,523.0,747.14,515.0,-18.0,456.1952,18.0,18.0,Super Ideal,E,SI2,0.7,IGI,930.0
927,White Lily,2,Round,1,1,0,13.7,523.0,747.14,515.0,-28.0,519.4575,18.0,18.0,Super Ideal,E,SI2,0.7,IGI,930.0
928,Taiga Gems,2,Round,1,1,0,13.61,625.0,600.96,616.0,-62.0,1178.1034,18.0,18.0,Ideal,I,VS1,1.04,IGI,1830.95
928,Temperley,2,Round,1,1,0,17.22,634.0,609.62,624.0,-60.0,1139.2632,18.0,18.0,Ideal,I,VS1,1.04,IGI,1830.95
928,White Lily,2,Round,1,1,0,15.21,653.0,627.88,643.0,-59.0,1148.9871,18.0,18.0,Ideal,I,VS1,1.04,IGI,1830.95
931,Albert's Creations,2,Round,1,1,0,12.87,3318.0,1228.89,3268.0,-61.0,6046.5171,18.0,18.0,Super Ideal,G,VS1,2.7,IGI,12960.0
931,Artemis Stones,2,Round,1,1,0,19.28,3167.0,1172.96,3119.0,-61.0,5838.1147,18.0,18.0,Super Ideal,G,VS1,2.7,IGI,12960.0
931,Cirrus Gems,2,Round,1,1,0,20.89,3132.0,1160.0,3085.0,-62.0,5968.7534,18.0,18.0,Super Ideal,G,VS1,2.7,IGI,12960.0
931,Cornerstone,2,Round,1,1,0,17.48,3285.89,1217.0,3237.0,-61.0,5987.7402,18.0,18.0,Super Ideal,G,VS1,2.7,IGI,12960.0
931,Genesis Stones,2,Round,1,1,0,16.73,3337.47,1236.1,3287.0,-60.0,5990.2959,18.0,18.0,Super Ideal,G,VS1,2.7,IGI,12960.0
931,Infinity Diamonds,2,Round,1,1,0,19.27,3356.57,1243.17,3306.0,-59.0,5925.7051,18.0,18.0,Super Ideal,G,VS1,2.7,IGI,12960.0
931,Jane Brear,2,Round,1,1,0,11.02,3270.56,1211.32,3222.0,-60.0,5850.3569,18.0,18.0,Super Ideal,G,VS1,2.7,IGI,12960.0
931,Kaylin Crafts,2,Round,1,1,0,21.05,3154.0,1168.15,3107.0,-61.0,5842.0879,18.0,18.0,Super Ideal,G,VS1,2.7,IGI,12960.0
931,Mei & Co,2,Round,1,1,0,13.59,3251.66,1204.32,3203.0,-61.0,5902.3286,18.0,18.0,Super Ideal,G,VS1,2.7,IGI,12960.0
931,Michelle Kennedy,2,Round,1,1,0,17.6,3286.0,1217.04,3237.0,-60.0,5942.0195,18.0,18.0,Super Ideal,G,VS1,2.7,IGI,12960.0
931,Pegasus Diamonds,2,Round,1,1,0,16.76,3249.0,1203.33,3200.0,-61.0,6007.625,18.0,18.0,Super Ideal,G,VS1,2.7,IGI,12960.0
931,Periwinkle Stones,2,Round,1,1,0,18.42,3293.0,1219.63,3244.0,-60.0,5897.8022,18.0,18.0,Super Ideal,G,VS1,2.7,IGI,12960.0
931,Roma Diamonds,2,Round,1,1,0,11.52,3264.0,1208.89,3215.0,-60.0,5862.7036,18.0,18.0,Super Ideal,G,VS1,2.7,IGI,12960.0
931,Taiga Gems,2,Round,1,1,0,14.4,3147.0,1165.56,3100.0,-62.0,5919.1396,18.0,18.0,Super Ideal,G,VS1,2.7,IGI,12960.0
931,Temperley,2,Round,1,1,0,22.07,3183.0,1178.89,3135.0,-61.0,5892.5117,18.0,18.0,Super Ideal,G,VS1,2.7,IGI,12960.0
931,White Lily,2,Round,1,1,0,16.28,3305.0,1224.07,3255.0,-60.0,5957.2002,18.0,18.0,Super Ideal,G,VS1,2.7,IGI,12960.0
936,Bella Gems,2,Oval,1,1,0,11.78,995.0,1105.56,980.0,-36.0,1048.6974,15.0,15.0,Very Good,D,VVS2,0.9,IGI,2170.0
936,Eternal Flame,2,Oval,1,2,0,10.9,987.0,1096.67,972.0,-59.0,1636.9943,15.0,15.0,Very Good,D,VVS2,0.9,IGI,2170.0
936,Marlowe & Co,2,Oval,1,1,0,14.64,1003.96,1115.51,989.0,-55.0,1511.6127,14.0,15.0,Very Good,D,VVS2,0.9,IGI,2170.0
936,Periwinkle Stones,2,Oval,2,1,0,15.59,1001.0,1112.22,986.0,-54.0,1469.1365,14.0,15.0,Very Good,D,VVS2,0.9,IGI,2170.0
936,Promenade Jewelry,2,Oval,1,1,0,16.98,951.0,1056.67,937.0,-57.0,1494.1243,15.0,15.0,Very Good,D,VVS2,0.9,IGI,2170.0
936,Rosella,2,Oval,2,2,0,15.52,926.0,1028.89,912.0,-58.0,1496.0015,14.0,15.0,Very Good,D,VVS2,0.9,IGI,2170.0
936,Temperley,2,Oval,1,1,0,13.86,1021.0,1134.44,1006.0,-53.0,1473.8751,14.0,15.0,Very Good,D,VVS2,0.9,IGI,2170.0
936,Vega Diamonds,2,Oval,1,1,0,14.0,958.39,1064.88,944.0,-56.0,1469.1365,14.0,15.0,Very Good,D,VVS2,0.9,IGI,2170.0
936,White Lily,2,Oval,1,1,0,15.27,1012.91,1125.46,998.0,-55.0,1516.6831,14.0,15.0,Very Good,D,VVS2,0.9,IGI,2170.0
938,Roma Diamonds,2,Round,1,1,0,47.0,654.0,647.52,644.0,-54.0,1007.2733,18.0,18.0,Super Ideal,G,SI1,1.01,IGI,1667.5
938,Temperley,2,Round,1,1,0,10.49,854.7,846.24,842.0,-40.0,1018.1973,18.0,18.0,Super Ideal,G,SI1,1.01,IGI,1667.5
944,Promenade Jewelry,2,Oval,1,2,0,16.29,302.0,686.36,297.0,-49.0,401.4595,15.0,15.0,Very Good,E,VS1,0.44,IGI,510.0
948,Magnolia,2,Round,1,1,0,19.12,739.28,648.49,728.0,-47.0,1001.9783,18.0,18.0,Super Ideal,E,SI2,1.14,IGI,1670.0
956,55 E Diamonds,2,Round,2,1,0,11.88,736.0,728.71,725.0,-68.0,1663.4452,18.0,18.0,Super Ideal,D,VS1,1.01,IGI,2665.0
956,Avignon Diamonds,2,Round,1,1,0,12.7,722.0,714.85,711.0,-68.0,1598.478,18.0,18.0,Super Ideal,D,VS1,1.01,IGI,2665.0
956,Bella Gems,2,Round,1,1,0,10.2,721.0,713.86,710.0,-68.0,1618.6068,18.0,18.0,Super Ideal,D,VS1,1.01,IGI,2665.0
956,CV Diamonds,2,Round,1,1,0,91.62,732.0,724.75,721.0,-68.0,1613.4824,18.0,18.0,Super Ideal,D,VS1,1.01,IGI,2665.0
956,Cascade Diamonds,2,Round,1,1,0,11.6,718.0,710.89,707.0,-68.0,1631.6105,18.0,18.0,Super Ideal,D,VS1,1.01,IGI,2665.0
956,Clara Belle Gems,2,Round,1,1,0,11.92,723.36,716.2,713.0,-68.0,1625.749,18.0,18.0,Super Ideal,D,VS1,1.01,IGI,2665.0
956,Emilia Sterling,2,Round,1,1,0,10.29,711.0,703.96,700.0,-69.0,1637.0571,18.0,18.0,Super Ideal,D,VS1,1.01,IGI,2665.0
956,Gemstone Harmony,2,Round,1,1,0,12.45,719.0,711.88,708.0,-69.0,1644.0383,18.0,18.0,Super Ideal,D,VS1,1.01,IGI,2665.0
956,Hazel Diamonds,2,Round,1,1,0,12.84,711.0,703.96,700.0,-69.0,1649.1328,18.0,18.0,Super Ideal,D,VS1,1.01,IGI,2665.0
956,Hoseki,2,Round,1,1,0,14.07,736.0,728.71,725.0,-68.0,1643.2804,18.0,18.0,Super Ideal,D,VS1,1.01,IGI,2665.0
956,Infinity Diamonds,2,Round,1,1,0,19.35,732.0,724.75,721.0,-69.0,1691.8096,18.0,18.0,Super Ideal,D,VS1,1.01,IGI,2665.0
956,Iris Diamonds,2,Round,1,1,0,73.1,721.0,713.86,710.0,-68.0,1611.0188,18.0,18.0,Super Ideal,D,VS1,1.01,IGI,2665.0
956,Jane Brear,2,Round,1,1,0,11.99,735.0,727.72,724.0,-68.0,1625.197,18.0,18.0,Super Ideal,D,VS1,1.01,IGI,2665.0
956,Knox Diamonds,2,Round,1,1,0,12.14,714.0,706.93,703.0,-69.0,1627.8585,18.0,18.0,Super Ideal,D,VS1,1.01,IGI,2665.0
956,Marlowe & Co,2,Round,1,1,0,14.86,736.0,728.71,725.0,-68.0,1624.8785,18.0,18.0,Super Ideal,D,VS1,1.01,IGI,2665.0
956,Michelle Kennedy,2,Round,1,1,0,13.89,737.0,729.7,726.0,-68.0,1665.5253,18.0,18.0,Super Ideal,D,VS1,1.01,IGI,2665.0
956,Nebula Stones,2,Round,1,1,0,13.26,733.0,725.74,722.0,-67.0,1597.0981,18.0,18.0,Super Ideal,D,VS1,1.01,IGI,2665.0
956,Orlov's,2,Round,1,1,0,16.09,715.0,707.92,704.0,-69.0,1648.5645,18.0,18.0,Super Ideal,D,VS1,1.01,IGI,2665.0
956,Raelynn Jewels,2,Round,1,1,0,14.13,722.0,714.85,711.0,-68.0,1625.0149,18.0,18.0,Super Ideal,D,VS1,1.01,IGI,2665.0
956,Riviera Jewels,2,Round,1,1,0,10.1,717.0,709.9,706.0,-69.0,1630.8394,18.0,18.0,Super Ideal,D,VS1,1.01,IGI,2665.0
956,Sara's Diamonds,2,Round,1,1,0,63.15,696.0,689.11,686.0,-70.0,1635.4897,18.0,18.0,Super Ideal,D,VS1,1.01,IGI,2665.0
956,Sigma Diamonds,2,Round,1,1,0,13.77,721.0,713.86,710.0,-68.0,1628.1111,18.0,18.0,Super Ideal,D,VS1,1.01,IGI,2665.0
956,Starlight Crafts,2,Round,1,1,0,11.72,721.0,713.86,710.0,-69.0,1648.7411,18.0,18.0,Super Ideal,D,VS1,1.01,IGI,2665.0
956,Starlit Stones,2,Round,1,1,0,13.4,715.0,707.92,704.0,-69.0,1638.9237,18.0,18.0,Super Ideal,D,VS1,1.01,IGI,2665.0
956,Temperley,2,Round,1,1,0,11.69,736.0,728.71,725.0,-68.0,1621.9149,18.0,18.0,Super Ideal,D,VS1,1.01,IGI,2665.0
956,Thalassa Gems,2,Round,1,1,0,10.92,719.0,711.88,708.0,-69.0,1637.6693,18.0,18.0,Super Ideal,D,VS1,1.01,IGI,2665.0
956,Westport Jewelry,2,Round,1,1,0,13.48,714.0,706.93,703.0,-68.0,1595.7224,18.0,18.0,Super Ideal,D,VS1,1.01,IGI,2665.0
956,White Lily,2,Round,1,1,0,11.55,738.0,730.69,727.0,-68.0,1656.2869,18.0,18.0,Super Ideal,D,VS1,1.01,IGI,2665.0
957,Jane Brear,2,Marquise,1,1,0,14.35,2699.0,1342.79,2659.0,-55.0,3846.1235,15.0,15.0,Very Good,F,VS2,2.01,IGI,7990.0
957,Taiga Gems,2,Marquise,1,1,0,14.67,2106.0,1047.76,2074.0,-66.0,3905.4814,15.0,15.0,Very Good,F,VS2,2.01,IGI,7990.0
957,White Lily,2,Marquise,1,2,0,13.58,2106.0,1047.76,2074.0,-65.0,3877.564,14.0,15.0,Very Good,F,VS2,2.01,IGI,7990.0
966,Avignon Diamonds,2,Princess,1,1,0,17.39,2518.0,1259.0,2480.0,-65.0,4586.2798,15.0,15.0,Super Ideal,E,VS1,2.0,IGI,7810.0
966,Eternity Fine Jewelers,2,Princess,1,1,0,13.73,2544.0,1272.0,2506.0,-64.0,4491.7681,15.0,15.0,Super Ideal,E,VS1,2.0,IGI,7810.0
966,Fuji Diamonds,2,Princess,1,1,0,16.36,2532.55,1266.28,2495.0,-64.0,4461.6895,15.0,15.0,Super Ideal,E,VS1,2.0,IGI,7810.0
966,Hoseki,2,Princess,1,2,0,17.55,2596.95,1298.47,2558.0,-64.0,4527.0112,15.0,15.0,Super Ideal,E,VS1,2.0,IGI,7810.0
966,Jane Brear,2,Princess,1,1,0,14.22,2583.0,1291.5,2544.0,-65.0,4623.4634,15.0,15.0,Super Ideal,E,VS1,2.0,IGI,7810.0
966,La Marquise,2,Princess,1,1,0,17.95,2703.39,1351.69,2663.0,-62.0,4463.7173,15.0,15.0,Super Ideal,E,VS1,2.0,IGI,7810.0
966,Mei & Co,2,Princess,2,2,0,14.32,2529.29,1264.64,2491.0,-64.0,4451.8662,15.0,15.0,Super Ideal,E,VS1,2.0,IGI,7810.0
966,Michelle Kennedy,2,Princess,1,1,0,14.57,2548.0,1274.0,2510.0,-64.0,4463.7173,15.0,15.0,Super Ideal,E,VS1,2.0,IGI,7810.0
966,Periwinkle Stones,2,Princess,1,1,0,15.2,2568.0,1284.0,2529.0,-64.0,4506.96,15.0,15.0,Super Ideal,E,VS1,2.0,IGI,7810.0
966,Taiga Gems,2,Princess,1,1,0,14.61,2540.0,1270.0,2502.0,-64.0,4523.7847,15.0,15.0,Super Ideal,E,VS1,2.0,IGI,7810.0
966,Temperley,2,Princess,1,1,0,12.21,2583.0,1291.5,2544.0,-63.0,4443.5439,15.0,15.0,Super Ideal,E,VS1,2.0,IGI,7810.0
966,Vega Diamonds,2,Princess,1,1,0,14.83,2466.0,1233.0,2429.0,-65.0,4474.6167,15.0,15.0,Super Ideal,E,VS1,2.0,IGI,7810.0
966,Vespera Gems,2,Princess,1,1,0,17.25,2474.0,1237.0,2437.0,-66.0,4648.8159,15.0,15.0,Super Ideal,E,VS1,2.0,IGI,7810.0
966,White Lily,2,Princess,1,1,0,13.43,2476.0,1238.0,2439.0,-65.0,4476.1577,15.0,15.0,Super Ideal,E,VS1,2.0,IGI,7810.0
980,Avignon Diamonds,2,Round,2,2,0,25.49,332.98,616.63,328.0,-59.0,586.1027,15.0,18.0,Very Good,D,VS1,0.54,IGI,850.0
980,Jane Brear,2,Round,2,3,0,22.3,334.32,619.11,329.0,-64.0,662.4327,15.0,18.0,Very Good,D,VS1,0.54,IGI,850.0
980,Marlowe & Co,2,Round,2,3,0,15.28,342.28,633.85,337.0,-55.0,540.6501,16.0,18.0,Very Good,D,VS1,0.54,IGI,850.0
980,Michelle Kennedy,2,Round,2,3,0,24.93,334.32,619.11,329.0,-56.0,547.471,16.0,18.0,Very Good,D,VS1,0.54,IGI,850.0
980,Rosella,2,Round,2,2,0,15.81,318.5,589.81,314.0,-61.0,586.9086,16.0,18.0,Very Good,D,VS1,0.54,IGI,850.0
980,Thalassa Gems,2,Round,2,3,0,25.94,317.4,587.78,313.0,-59.0,557.0505,15.0,18.0,Very Good,D,VS1,0.54,IGI,850.0
985,Cirrus Gems,2,Round,1,1,0,13.29,890.83,680.02,877.0,-52.0,1336.025,18.0,18.0,Ideal,I,VS1,1.31,IGI,2181.67
988,Fabiola,2,Princess,1,1,0,10.38,668.0,648.54,658.0,-63.0,1146.1068,15.0,15.0,Super Ideal,F,SI1,1.03,IGI,2000.0
988,Roma Diamonds,2,Princess,1,1,0,12.95,678.0,658.25,668.0,-62.0,1130.9364,15.0,15.0,Super Ideal,F,SI1,1.03,IGI,2000.0
988,White Lily,2,Princess,1,1,0,20.12,692.52,672.35,682.0,-62.0,1161.9985,15.0,15.0,Super Ideal,F,SI1,1.03,IGI,2000.0
989,Michelle Kennedy,2,Oval,1,2,0,17.28,311.74,890.69,307.0,-12.0,237.9379,15.0,15.0,Super Ideal,D,SI1,0.35,IGI,360.0
989,Temperley,2,Oval,1,2,0,16.36,311.74,890.69,307.0,-14.0,244.1333,15.0,15.0,Super Ideal,D,SI1,0.35,IGI,360.0
989,White Lily,2,Oval,1,1,0,15.92,311.74,890.69,307.0,-24.0,276.845,15.0,15.0,Super Ideal,D,SI1,0.35,IGI,360.0
993,Temperley,2,Round,1,1,0,13.87,943.0,719.85,929.0,-44.0,1197.5717,18.0,18.0,Ideal,I,SI2,1.31,IGI,1790.0
1003,Jane Brear,2,Oval,1,1,0,11.61,2093.0,1182.49,2062.0,-47.0,2683.3765,15.0,15.0,Super Ideal,F,VS1,1.77,IGI,5560.0
1003,Michelle Kennedy,2,Oval,1,1,0,14.15,1980.0,1118.64,1950.0,-50.0,2646.3889,15.0,15.0,Super Ideal,F,VS1,1.77,IGI,5560.0
1003,Pegasus Diamonds,2,Oval,1,1,0,12.63,2033.0,1148.59,2003.0,-48.0,2634.9619,15.0,15.0,Super Ideal,F,VS1,1.77,IGI,5560.0
1006,Bayside Gems,2,Oval,1,1,0,12.04,3609.86,1787.06,3556.0,-54.0,5315.8403,15.0,15.0,Super Ideal,E,VVS1,2.02,IGI,9540.0
1006,Bonsai Gems,2,Oval,1,1,0,12.25,3452.0,1708.91,3400.0,-57.0,5444.9126,15.0,15.0,Super Ideal,E,VVS1,2.02,IGI,9540.0
1006,Emilia Sterling,2,Oval,1,1,0,12.48,3247.0,1607.43,3198.0,-61.0,5541.4282,15.0,15.0,Super Ideal,E,VVS1,2.02,IGI,9540.0
1006,Jane Brear,2,Oval,1,1,0,11.34,3247.0,1607.43,3198.0,-60.0,5488.1528,15.0,15.0,Super Ideal,E,VVS1,2.02,IGI,9540.0
1006,Marlowe & Co,2,Oval,1,1,0,10.96,3630.0,1797.03,3576.0,-56.0,5556.9907,15.0,15.0,Super Ideal,E,VVS1,2.02,IGI,9540.0
1006,Meadow & Co,2,Oval,1,1,0,15.16,3470.0,1717.82,3418.0,-58.0,5501.564,15.0,15.0,Super Ideal,E,VVS1,2.02,IGI,9540.0
1006,Taiga Gems,2,Oval,1,1,0,14.79,3247.0,1607.43,3198.0,-60.0,5506.8237,15.0,15.0,Super Ideal,E,VVS1,2.02,IGI,9540.0
1006,Temperley,2,Oval,1,1,0,11.65,3247.0,1607.43,3198.0,-59.0,5394.9092,15.0,15.0,Super Ideal,E,VVS1,2.02,IGI,9540.0
1009,Temperley,2,Round,1,1,0,18.7,1651.7,927.92,1627.0,-54.0,2549.4893,18.0,18.0,Super Ideal,H,VVS2,1.78,IGI,4670.0
1009,White Lily,2,Round,1,1,0,18.16,1614.88,907.24,1591.0,-54.0,2512.3271,18.0,18.0,Super Ideal,H,VVS2,1.78,IGI,4670.0
1015,The Diamond Source,2,Round,1,1,0,19.8,764.0,596.88,753.0,-55.0,1210.3823,18.0,18.0,Ideal,G,SI2,1.28,IGI,1995.0
1017,Roma Diamonds,2,Princess,1,1,0,14.24,1395.0,930.0,1374.0,-56.0,2022.6833,15.0,15.0,Super Ideal,H,VS2,1.5,IGI,3317.5
1017,Serene Peaks Diamonds,2,Princess,1,1,0,16.23,1434.0,956.0,1412.0,-55.0,2019.3358,15.0,15.0,Super Ideal,H,VS2,1.5,IGI,3317.5
1018,Artemis Stones,2,Round,1,1,0,22.79,976.73,800.6,962.0,-62.0,1854.2672,18.0,18.0,Ideal,F,VVS2,1.22,IGI,3200.0
1018,Emilia Sterling,2,Round,1,1,0,15.35,941.0,771.31,927.0,-64.0,1879.1174,18.0,18.0,Ideal,F,VVS2,1.22,IGI,3200.0
1018,Eternity Fine Jewelers,2,Round,1,1,0,20.95,963.16,789.48,949.0,-62.0,1838.7937,18.0,18.0,Ideal,F,VVS2,1.22,IGI,3200.0
1018,Jane Brear,2,Round,1,1,0,17.53,997.98,818.02,983.0,-61.0,1825.5699,18.0,18.0,Ideal,F,VVS2,1.22,IGI,3200.0
1018,Marlowe & Co,2,Round,1,1,0,14.13,983.0,805.74,968.0,-61.0,1790.1737,18.0,18.0,Ideal,F,VVS2,1.22,IGI,3200.0
1018,Periwinkle Stones,2,Round,1,1,0,8.94,1005.0,823.77,990.0,-61.0,1840.4176,18.0,18.0,Ideal,F,VVS2,1.22,IGI,3200.0
1018,Roma Diamonds,2,Round,1,1,0,37.67,1205.0,987.7,1187.0,-53.0,1846.4414,18.0,18.0,Ideal,F,VVS2,1.22,IGI,3200.0
1018,Rosella,2,Round,1,1,0,14.78,962.0,788.52,948.0,-63.0,1842.864,18.0,18.0,Ideal,F,VVS2,1.22,IGI,3200.0
1018,Temperley,2,Round,1,1,0,17.24,997.98,818.02,983.0,-61.0,1849.9022,18.0,18.0,Ideal,F,VVS2,1.22,IGI,3200.0
1018,Tilia Diamonds,2,Round,1,1,0,17.37,965.15,791.11,951.0,-63.0,1860.9625,18.0,18.0,Ideal,F,VVS2,1.22,IGI,3200.0
1018,White Lily,2,Round,1,1,0,20.28,989.03,810.68,974.0,-62.0,1859.4016,18.0,18.0,Ideal,F,VVS2,1.22,IGI,3200.0
1021,Jane Brear,2,Pear,1,2,0,15.94,5712.0,1904.0,5626.0,-65.0,10697.0986,15.0,15.0,Very Good,E,VVS2,3.0,IGI,19800.0
1021,Michelle Kennedy,2,Pear,1,1,0,17.14,5712.0,1904.0,5626.0,-66.0,10952.3965,14.0,15.0,Very Good,E,VVS2,3.0,IGI,19800.0
1021,Temperley,2,Pear,1,1,0,17.94,6263.0,2087.67,6169.0,-66.0,12019.251,14.0,15.0,Very Good,E,VVS2,3.0,IGI,19800.0
1021,White Lily,2,Pear,1,1,0,17.52,5712.0,1904.0,5626.0,-66.0,10774.9023,15.0,15.0,Very Good,E,VVS2,3.0,IGI,19800.0
1022,Cornerstone,2,Round,2,2,0,14.39,711.0,703.96,700.0,-62.0,1328.9307,18.0,18.0,Super Ideal,D,SI1,1.01,IGI,1975.83
1022,Equinox Jewels,2,Round,1,1,0,12.46,676.0,669.31,666.0,-64.0,1345.5104,18.0,18.0,Super Ideal,D,SI1,1.01,IGI,1975.83
1022,Hoseki,2,Round,1,1,0,12.34,697.0,690.1,687.0,-63.0,1340.5466,18.0,18.0,Super Ideal,D,SI1,1.01,IGI,1975.83
1022,Jane Brear,2,Round,1,2,0,12.69,707.0,700.0,696.0,-62.0,1338.3256,18.0,18.0,Super Ideal,D,SI1,1.01,IGI,1975.83
1022,Marlowe & Co,2,Round,1,1,0,12.59,696.0,689.11,686.0,-62.0,1323.1796,18.0,18.0,Super Ideal,D,SI1,1.01,IGI,1975.83
1022,Michelle Kennedy,2,Round,1,1,0,16.42,703.0,696.04,692.0,-63.0,1375.9205,18.0,18.0,Super Ideal,D,SI1,1.01,IGI,1975.83
1022,Nova Stars,2,Round,1,1,0,11.12,678.0,671.29,668.0,-64.0,1338.0698,18.0,18.0,Super Ideal,D,SI1,1.01,IGI,1975.83
1022,Oasis Diamonds,2,Round,1,1,0,14.0,694.0,687.13,684.0,-62.0,1318.2831,18.0,18.0,Super Ideal,D,SI1,1.01,IGI,1975.83
1022,Periwinkle Stones,2,Round,1,1,0,16.72,702.0,695.05,691.0,-62.0,1337.4736,18.0,18.0,Super Ideal,D,SI1,1.01,IGI,1975.83
1022,Roma Diamonds,2,Round,1,1,0,11.33,682.0,675.25,672.0,-62.0,1270.2141,18.0,18.0,Super Ideal,D,SI1,1.01,IGI,1975.83
1022,Rosella,2,Round,1,1,0,17.75,684.0,677.23,674.0,-63.0,1311.1257,18.0,18.0,Super Ideal,D,SI1,1.01,IGI,1975.83
1022,Taiga Gems,2,Round,1,1,0,15.94,705.46,698.48,695.0,-60.0,1261.6891,18.0,18.0,Super Ideal,D,SI1,1.01,IGI,1975.83
1022,Temperley,2,Round,1,1,0,16.68,732.0,724.75,721.0,-61.0,1329.2501,18.0,18.0,Super Ideal,D,SI1,1.01,IGI,1975.83
1022,White Lily,2,Round,1,1,0,15.34,707.0,700.0,696.0,-62.0,1322.8588,18.0,18.0,Super Ideal,D,SI1,1.01,IGI,1975.83
1023,Michelle Kennedy,2,Pear,1,1,0,20.17,649.55,636.81,640.0,-63.0,1131.2413,15.0,15.0,Super Ideal,H,SI1,1.02,IGI,1630.0
1024,Eternity Fine Jewelers,2,Round,1,1,0,21.84,353.0,526.87,348.0,-61.0,640.0239,18.0,18.0,Ideal,D,VVS2,0.67,IGI,1200.0
1024,Jane Brear,2,Round,1,1,0,22.61,379.1,565.82,373.0,-57.0,632.1838,18.0,18.0,Ideal,D,VVS2,0.67,IGI,1200.0
1024,Marlowe & Co,2,Round,1,2,0,19.45,371.0,553.73,365.0,-60.0,656.6931,18.0,18.0,Ideal,D,VVS2,0.67,IGI,1200.0
1024,Mei & Co,2,Round,1,1,0,25.52,342.0,510.45,337.0,-62.0,647.7221,18.0,18.0,Ideal,D,VVS2,0.67,IGI,1200.0
1024,Meridian Crafts,2,Round,2,2,0,12.97,341.0,508.96,336.0,-63.0,663.2362,18.0,18.0,Ideal,D,VVS2,0.67,IGI,1200.0
1024,Michelle Kennedy,2,Round,1,1,0,10.87,370.0,552.24,364.0,-60.0,661.0677,18.0,18.0,Ideal,D,VVS2,0.67,IGI,1200.0
1024,Promenade Jewelry,2,Round,1,1,0,16.05,398.61,594.94,393.0,-55.0,635.0046,18.0,18.0,Ideal,D,VVS2,0.67,IGI,1200.0
1024,Sara's Diamonds,2,Round,1,1,0,46.45,334.0,498.51,329.0,-64.0,658.4635,18.0,18.0,Ideal,D,VVS2,0.67,IGI,1200.0
1024,Simetría,2,Round,1,1,0,19.49,347.0,517.91,342.0,-61.0,640.4088,18.0,18.0,Ideal,D,VVS2,0.67,IGI,1200.0
1024,Temperley,2,Round,1,1,0,24.21,372.0,555.22,366.0,-58.0,641.308,18.0,18.0,Ideal,D,VVS2,0.67,IGI,1200.0
1024,White Lily,2,Round,1,1,0,25.14,356.0,531.34,351.0,-61.0,649.4211,18.0,18.0,Ideal,D,VVS2,0.67,IGI,1200.0
1026,Taiga Gems,2,Asscher,1,1,0,18.72,794.0,735.19,782.0,-68.0,1545.7772,15.0,15.0,Very Good,E,VS2,1.08,IGI,2290.0
1026,Vega Diamonds,2,Asscher,1,1,0,13.19,775.0,717.59,763.0,-69.0,1553.8973,15.0,15.0,Very Good,E,VS2,1.08,IGI,2290.0
1027,Clermont Diamonds,2,Round,1,1,0,15.23,1617.87,908.92,1594.0,-49.0,2259.1785,18.0,18.0,Super Ideal,F,VS2,1.78,IGI,5720.0
1027,Eternity Fine Jewelers,2,Round,1,1,0,15.49,1634.78,918.42,1610.0,-47.0,2191.2625,18.0,18.0,Super Ideal,F,VS2,1.78,IGI,5720.0
1027,Jane Brear,2,Round,1,1,0,11.02,1866.0,1048.31,1838.0,-41.0,2278.2351,18.0,18.0,Super Ideal,F,VS2,1.78,IGI,5720.0
1027,Michelle Kennedy,2,Round,1,1,0,12.22,1643.74,923.45,1619.0,-46.0,2189.521,18.0,18.0,Super Ideal,F,VS2,1.78,IGI,5720.0
1027,Roma Diamonds,2,Round,1,1,0,10.42,1676.0,941.57,1651.0,-48.0,2306.1702,18.0,18.0,Super Ideal,F,VS2,1.78,IGI,5720.0
1027,White Lily,2,Round,1,1,0,15.71,1657.67,931.28,1633.0,-46.0,2188.8293,18.0,18.0,Super Ideal,F,VS2,1.78,IGI,5720.0
1031,Hoseki,2,Oval,1,1,0,10.48,740.0,804.35,729.0,-53.0,1054.6262,15.0,15.0,Super Ideal,G,VS1,0.92,IGI,1450.0
1031,KIYO,2,Oval,1,1,0,18.98,719.0,781.52,708.0,-52.0,1003.049,15.0,15.0,Super Ideal,G,VS1,0.92,IGI,1450.0
1031,Mei & Co,2,Oval,1,1,0,17.87,761.18,827.37,750.0,-47.0,976.3572,15.0,15.0,Super Ideal,G,VS1,0.92,IGI,1450.0
1031,Promenade Jewelry,2,Oval,1,1,0,26.89,653.0,709.78,643.0,-56.0,989.1695,15.0,15.0,Super Ideal,G,VS1,0.92,IGI,1450.0
1037,55 E Diamonds,2,Round,1,1,0,27.4,1054.0,994.34,1038.0,-49.0,1486.4404,18.0,18.0,Super Ideal,F,VVS1,1.06,IGI,3240.0
1037,Avignon Diamonds,2,Round,1,1,0,12.58,1022.0,964.15,1007.0,-51.0,1505.2472,18.0,18.0,Super Ideal,F,VVS1,1.06,IGI,3240.0
1037,Clermont Diamonds,2,Round,1,1,0,13.5,1047.0,987.74,1031.0,-52.0,1561.077,18.0,18.0,Super Ideal,F,VVS1,1.06,IGI,3240.0
1037,Gemstone Harmony,2,Round,1,1,0,13.74,1040.0,981.13,1024.0,-52.0,1537.6594,18.0,18.0,Super Ideal,F,VVS1,1.06,IGI,3240.0
1037,Hill & Holland,2,Round,1,1,0,18.28,1098.0,1035.85,1082.0,-49.0,1545.2266,18.0,18.0,Super Ideal,F,VVS1,1.06,IGI,3240.0
1037,Hoseki,2,Round,1,1,0,17.69,1041.0,982.08,1025.0,-52.0,1553.7073,18.0,18.0,Super Ideal,F,VVS1,1.06,IGI,3240.0
1037,Marlowe & Co,2,Round,1,1,0,13.34,1052.0,992.45,1036.0,-52.0,1561.3777,18.0,18.0,Super Ideal,F,VVS1,1.06,IGI,3240.0
1037,Roma Diamonds,2,Round,1,1,0,34.7,1230.0,1160.38,1212.0,-43.0,1550.2739,18.0,18.0,Super Ideal,F,VVS1,1.06,IGI,3240.0
1037,Simetría,2,Round,1,1,0,16.19,1042.0,983.02,1026.0,-54.0,1617.2588,18.0,18.0,Super Ideal,F,VVS1,1.06,IGI,3240.0
1037,Taiga Gems,2,Round,1,1,0,14.99,1036.0,977.36,1020.0,-51.0,1519.5283,18.0,18.0,Super Ideal,F,VVS1,1.06,IGI,3240.0
1037,Temperley,2,Round,1,1,0,19.93,1067.0,1006.6,1051.0,-50.0,1540.1022,18.0,18.0,Super Ideal,F,VVS1,1.06,IGI,3240.0
1037,Tilia Diamonds,2,Round,1,1,0,19.23,1045.0,985.85,1029.0,-52.0,1572.4746,18.0,18.0,Super Ideal,F,VVS1,1.06,IGI,3240.0
1037,White Lily,2,Round,1,1,0,11.15,1065.0,1004.72,1049.0,-52.0,1580.6537,18.0,18.0,Super Ideal,F,VVS1,1.06,IGI,3240.0
1039,Marlowe & Co,2,Oval,1,1,0,10.01,308.0,716.28,303.0,-48.0,397.323,14.0,15.0,Very Good,D,VS2,0.43,IGI,450.0
1040,Vega Diamonds,2,Oval,1,1,0,15.84,326.22,459.46,321.0,-39.0,362.9517,15.0,15.0,Super Ideal,F,SI1,0.71,IGI,940.0
1043,White Lily,2,Round,1,1,0,13.07,527.35,742.75,519.0,-21.0,475.2044,18.0,18.0,Ideal,E,SI2,0.71,IGI,856.67
1047,Fuji Diamonds,5,Oval,2,2,0,15.11,1551.96,1034.64,1529.0,-59.0,2576.0544,15.0,15.0,Very Good,E,VS2,1.5,GCAL,4340.0
1052,Atkinson Crafts,2,Round,1,1,0,14.1,1582.85,936.6,1559.0,-57.0,2635.3325,18.0,18.0,Super Ideal,E,VS1,1.69,IGI,5640.0
1052,Cirrus Gems,2,Round,1,1,0,16.2,1487.3,880.06,1465.0,-59.0,2567.4663,18.0,18.0,Super Ideal,E,VS1,1.69,IGI,5640.0
1052,Eterna Luxe,2,Round,1,1,0,11.45,1534.0,907.69,1511.0,-58.0,2586.1133,18.0,18.0,Super Ideal,E,VS1,1.69,IGI,5640.0
1052,Jane Brear,2,Round,1,1,0,13.76,1759.47,1041.11,1733.0,-51.0,2585.1155,18.0,18.0,Super Ideal,E,VS1,1.69,IGI,5640.0
1052,Michelle Kennedy,2,Round,1,1,0,17.33,1759.47,1041.11,1733.0,-51.0,2571.6987,18.0,18.0,Super Ideal,E,VS1,1.69,IGI,5640.0
1052,Oasis Diamonds,2,Round,1,1,0,11.21,1586.03,938.48,1562.0,-56.0,2560.3767,18.0,18.0,Super Ideal,E,VS1,1.69,IGI,5640.0
1052,Riley Stones,2,Round,1,1,0,29.86,1515.0,896.45,1492.0,-58.0,2601.4783,18.0,18.0,Super Ideal,E,VS1,1.69,IGI,5640.0
1052,Temperley,2,Round,1,1,0,17.51,1759.47,1041.11,1733.0,-52.0,2618.3701,18.0,18.0,Super Ideal,E,VS1,1.69,IGI,5640.0
1052,White Lily,2,Round,1,1,0,15.09,1637.0,968.64,1612.0,-54.0,2572.5793,18.0,18.0,Super Ideal,E,VS1,1.69,IGI,5640.0
1054,Temperley,2,Round,1,1,0,82.92,341.0,631.48,336.0,-53.0,522.645,18.0,18.0,Ideal,G,VVS2,0.54,IGI,650.0
1056,Diamonds by Zoya,2,Pear,2,2,0,87.61,351.0,501.43,346.0,-55.0,503.8757,15.0,15.0,Very Good,F,VS1,0.7,IGI,1140.0
1056,Kasai,2,Pear,3,2,0,16.99,525.0,750.0,517.0,-19.0,419.4313,13.0,15.0,Very Good,F,VS1,0.7,IGI,1140.0
1056,Nebula Stones,2,Pear,1,1,0,15.1,356.21,508.87,351.0,-53.0,487.1606,15.0,15.0,Very Good,F,VS1,0.7,IGI,1140.0
1056,Sunset Gems,2,Pear,1,1,0,17.07,352.0,502.86,347.0,-52.0,478.4993,14.0,15.0,Very Good,F,VS1,0.7,IGI,1140.0
1059,Jane Brear,2,Round,1,1,0,24.3,355.18,500.25,350.0,-41.0,431.0071,18.0,18.0,Super Ideal,E,SI1,0.71,IGI,1042.5
1059,Michelle Kennedy,2,Round,1,1,0,21.88,346.0,487.32,341.0,-44.0,439.521,18.0,18.0,Super Ideal,E,SI1,0.71,IGI,1042.5
1059,Sunset Gems,2,Round,1,1,0,24.4,327.0,460.56,322.0,-51.0,474.1301,18.0,18.0,Super Ideal,E,SI1,0.71,IGI,1042.5
1059,Temperley,2,Round,1,1,0,25.17,355.0,500.0,350.0,-46.0,472.2698,18.0,18.0,Super Ideal,E,SI1,0.71,IGI,1042.5
1060,Taiga Gems,2,Radiant,1,1,0,14.98,925.35,881.29,911.0,-69.0,1931.5803,15.0,15.0,Good,E,VVS2,1.05,IGI,2680.0
1063,Jane Brear,2,Round,1,1,0,17.48,1229.0,744.85,1211.0,-47.0,1658.6871,18.0,18.0,Ideal,H,VS2,1.65,IGI,3440.0
1065,Diamonds by Zoya,2,Oval,2,2,0,81.97,313.0,626.0,308.0,-58.0,507.7267,15.0,15.0,Super Ideal,D,VS1,0.5,IGI,750.0
1065,Eternal Flame,2,Oval,2,2,0,17.64,323.0,646.0,318.0,-47.0,407.5521,15.0,15.0,Super Ideal,D,VS1,0.5,IGI,750.0
1065,Hoseki,2,Oval,1,2,0,12.3,324.0,648.0,319.0,-50.0,438.6541,15.0,15.0,Super Ideal,D,VS1,0.5,IGI,750.0
1065,Magnolia,2,Oval,2,2,0,11.58,313.0,626.0,308.0,-47.0,401.4337,15.0,15.0,Super Ideal,D,VS1,0.5,IGI,750.0
1065,Promenade Jewelry,2,Oval,1,1,0,13.19,313.0,626.0,308.0,-48.0,408.8483,15.0,15.0,Super Ideal,D,VS1,0.5,IGI,750.0
1065,White Lily,2,Oval,1,1,0,11.01,390.0,780.0,384.0,-33.0,392.8095,15.0,15.0,Super Ideal,D,VS1,0.5,IGI,750.0
1078,Clermont Diamonds,2,Round,1,1,0,11.58,1811.0,866.51,1784.0,-60.0,3259.0217,18.0,18.0,Super Ideal,G,VS2,2.09,IGI,6451.67
1078,Jane Brear,2,Round,1,1,0,20.6,1827.0,874.16,1800.0,-60.0,3308.093,18.0,18.0,Super Ideal,G,VS2,2.09,IGI,6451.67
1078,Meridian Crafts,2,Round,1,1,0,13.12,1792.0,857.42,1765.0,-61.0,3250.2559,18.0,18.0,Super Ideal,G,VS2,2.09,IGI,6451.67
1078,Michelle Kennedy,2,Round,1,1,0,13.11,1831.0,876.08,1804.0,-60.0,3259.0881,18.0,18.0,Super Ideal,G,VS2,2.09,IGI,6451.67
1078,Roma Diamonds,2,Round,1,1,0,13.44,1807.0,864.59,1780.0,-60.0,3252.9312,18.0,18.0,Super Ideal,G,VS2,2.09,IGI,6451.67
1078,Temperley,2,Round,1,1,0,14.5,1806.0,864.11,1779.0,-60.0,3262.5103,18.0,18.0,Super Ideal,G,VS2,2.09,IGI,6451.67
1078,Thalassa Gems,2,Round,1,1,0,23.77,1795.0,858.85,1768.0,-59.0,3168.3049,18.0,18.0,Super Ideal,G,VS2,2.09,IGI,6451.67
1080,Fabiola,2,Round,1,1,0,12.96,1850.0,920.4,1822.0,-61.0,3390.5024,18.0,18.0,Super Ideal,E,SI1,2.01,IGI,6530.0
1080,Michelle Kennedy,2,Round,1,1,0,15.58,1937.26,963.81,1908.0,-59.0,3378.7683,18.0,18.0,Super Ideal,E,SI1,2.01,IGI,6530.0
1080,Periwinkle Stones,2,Round,1,1,0,14.61,1902.0,946.27,1873.0,-60.0,3434.4299,18.0,18.0,Super Ideal,E,SI1,2.01,IGI,6530.0
1080,Rosella,2,Round,1,1,0,13.1,1849.0,919.9,1821.0,-61.0,3406.3281,18.0,18.0,Super Ideal,E,SI1,2.01,IGI,6530.0
1080,Sonata Gems,2,Round,1,1,0,12.05,1866.0,928.36,1838.0,-61.0,3452.8306,18.0,18.0,Super Ideal,E,SI1,2.01,IGI,6530.0
1080,Starlight Crafts,2,Round,1,1,0,10.64,1853.0,921.89,1825.0,-62.0,3457.1912,18.0,18.0,Super Ideal,E,SI1,2.01,IGI,6530.0
1080,Taiga Gems,2,Round,1,1,0,15.29,1852.0,921.39,1824.0,-61.0,3367.9883,18.0,18.0,Super Ideal,E,SI1,2.01,IGI,6530.0
1080,Temperley,2,Round,1,1,0,15.52,1904.43,947.48,1876.0,-61.0,3480.8977,18.0,18.0,Super Ideal,E,SI1,2.01,IGI,6530.0
1080,Thalassa Gems,2,Round,1,1,0,17.35,1856.67,923.72,1829.0,-61.0,3376.2568,18.0,18.0,Super Ideal,E,SI1,2.01,IGI,6530.0
1080,White Lily,2,Round,1,1,0,18.03,1924.51,957.47,1896.0,-59.0,3365.9878,18.0,18.0,Super Ideal,E,SI1,2.01,IGI,6530.0
1083,Clermont Diamonds,2,Emerald,1,1,0,19.72,2236.0,1096.08,2202.0,-63.0,3911.7698,15.0,15.0,Super Ideal,E,VS2,2.04,IGI,7050.0
1083,Jane Brear,2,Emerald,1,1,0,21.91,2231.0,1093.63,2198.0,-63.0,3824.6296,15.0,15.0,Super Ideal,E,VS2,2.04,IGI,7050.0
1083,Marlowe & Co,2,Emerald,1,1,0,21.4,2305.0,1129.9,2270.0,-61.0,3822.1963,15.0,15.0,Super Ideal,E,VS2,2.04,IGI,7050.0
1083,Mei & Co,2,Emerald,2,1,0,17.04,2252.0,1103.92,2218.0,-62.0,3783.2905,15.0,15.0,Super Ideal,E,VS2,2.04,IGI,7050.0
1083,Michelle Kennedy,2,Emerald,1,1,0,12.22,2229.0,1092.65,2196.0,-63.0,3824.6296,15.0,15.0,Super Ideal,E,VS2,2.04,IGI,7050.0
1083,Periwinkle Stones,2,Emerald,1,1,0,10.66,2273.0,1114.22,2239.0,-62.0,3876.6179,15.0,15.0,Super Ideal,E,VS2,2.04,IGI,7050.0
1083,Rosella,2,Emerald,1,1,0,15.47,2173.0,1065.2,2140.0,-64.0,3869.011,15.0,15.0,Super Ideal,E,VS2,2.04,IGI,7050.0
1083,Taiga Gems,2,Emerald,1,1,0,20.45,2252.0,1103.92,2218.0,-63.0,3927.012,15.0,15.0,Super Ideal,E,VS2,2.04,IGI,7050.0
1083,Temperley,2,Emerald,1,1,0,18.96,2231.0,1093.63,2198.0,-62.0,3806.3496,15.0,15.0,Super Ideal,E,VS2,2.04,IGI,7050.0
1083,Vega Diamonds,2,Emerald,1,1,0,12.18,2173.0,1065.2,2140.0,-63.0,3812.6616,15.0,15.0,Super Ideal,E,VS2,2.04,IGI,7050.0
1083,White Lily,2,Emerald,1,1,0,17.73,2231.0,1093.63,2198.0,-63.0,3872.9521,15.0,15.0,Super Ideal,E,VS2,2.04,IGI,7050.0
1086,Cirrus Gems,2,Round,1,1,0,22.49,1146.0,801.4,1129.0,-51.0,1684.7455,18.0,18.0,Super Ideal,F,VS1,1.43,IGI,3500.0
1086,Clermont Diamonds,2,Round,1,1,0,14.77,1179.0,824.48,1161.0,-50.0,1698.9579,18.0,18.0,Super Ideal,F,VS1,1.43,IGI,3500.0
1086,Diamonds by Zoya,2,Round,1,1,0,15.03,1195.99,836.36,1178.0,-48.0,1645.2736,18.0,18.0,Super Ideal,F,VS1,1.43,IGI,3500.0
1086,Ember Star,2,Round,1,1,0,13.58,1149.0,803.5,1132.0,-52.0,1721.8638,18.0,18.0,Super Ideal,F,VS1,1.43,IGI,3500.0
1086,Jane Brear,2,Round,1,1,0,21.25,1215.0,849.65,1197.0,-48.0,1670.4125,18.0,18.0,Super Ideal,F,VS1,1.43,IGI,3500.0
1086,Meridian Crafts,2,Round,1,1,0,11.16,1187.0,830.07,1169.0,-49.0,1682.5309,18.0,18.0,Super Ideal,F,VS1,1.43,IGI,3500.0
1086,Michelle Kennedy,2,Round,1,1,0,21.48,1215.0,849.65,1197.0,-48.0,1687.2726,18.0,18.0,Super Ideal,F,VS1,1.43,IGI,3500.0
1086,Nova Stars,2,Round,1,1,0,48.79,1179.08,824.53,1161.0,-50.0,1700.3741,18.0,18.0,Super Ideal,F,VS1,1.43,IGI,3500.0
1086,Serene Peaks Diamonds,2,Round,1,1,0,15.23,1191.0,832.87,1173.0,-48.0,1635.0375,18.0,18.0,Super Ideal,F,VS1,1.43,IGI,3500.0
1086,Silva Diamonds,2,Round,1,1,0,14.1,1177.0,823.08,1159.0,-50.0,1694.6096,18.0,18.0,Super Ideal,F,VS1,1.43,IGI,3500.0
1086,Temperley,2,Round,1,1,0,18.47,1215.0,849.65,1197.0,-48.0,1686.1667,18.0,18.0,Super Ideal,F,VS1,1.43,IGI,3500.0
1086,White Lily,2,Round,1,1,0,19.09,1215.0,849.65,1197.0,-50.0,1725.6742,18.0,18.0,Super Ideal,F,VS1,1.43,IGI,3500.0
1089,Tamara,2,Round,1,1,0,20.03,628.0,668.09,619.0,-56.0,1018.8654,18.0,18.0,Super Ideal,F,VS2,0.94,IGI,1730.0
1089,Temperley,2,Round,1,1,0,11.73,670.0,712.77,660.0,-54.0,1049.0341,18.0,18.0,Super Ideal,F,VS2,0.94,IGI,1730.0
1089,White Lily,2,Round,1,1,0,13.77,622.0,661.7,613.0,-57.0,1028.6478,18.0,18.0,Super Ideal,F,VS2,0.94,IGI,1730.0
1091,Jane Brear,2,Round,1,1,0,13.99,1763.14,860.07,1737.0,-61.0,3268.7388,18.0,18.0,Super Ideal,I,VVS2,2.05,IGI,5410.0
1091,Michelle Kennedy,2,Round,1,1,0,13.75,1696.48,827.55,1671.0,-63.0,3322.9065,18.0,18.0,Super Ideal,I,VVS2,2.05,IGI,5410.0
1091,White Lily,2,Round,1,1,0,13.78,3791.94,1849.73,3735.0,-16.0,3238.1863,18.0,18.0,Super Ideal,I,VVS2,2.05,IGI,5410.0
1100,Clermont Diamonds,2,Round,1,1,0,12.18,1367.0,854.38,1346.0,-56.0,2218.4807,18.0,18.0,Ideal,F,VS2,1.6,IGI,4320.0
1100,Equinox Jewels,2,Round,1,1,0,13.18,1356.0,847.5,1336.0,-58.0,2295.4153,18.0,18.0,Ideal,F,VS2,1.6,IGI,4320.0
1100,Hoseki,2,Round,1,1,0,16.65,1397.98,873.74,1377.0,-55.0,2233.1423,18.0,18.0,Ideal,F,VS2,1.6,IGI,4320.0
1100,Lyra Stones,2,Round,1,1,0,15.74,1382.06,863.79,1361.0,-56.0,2255.2327,18.0,18.0,Ideal,F,VS2,1.6,IGI,4320.0
1100,Mei & Co,2,Round,1,1,0,13.39,1353.0,845.62,1333.0,-58.0,2305.6565,18.0,18.0,Ideal,F,VS2,1.6,IGI,4320.0
1100,Michelle Kennedy,2,Round,1,1,0,15.52,1394.99,871.87,1374.0,-55.0,2216.5449,18.0,18.0,Ideal,F,VS2,1.6,IGI,4320.0
1100,Periwinkle Stones,2,Round,1,1,0,16.42,1430.81,894.26,1409.0,-54.0,2250.9031,18.0,18.0,Ideal,F,VS2,1.6,IGI,4320.0
1100,Verve Jewels,2,Round,1,1,0,93.53,1335.0,834.38,1315.0,-57.0,2209.603,18.0,18.0,Ideal,F,VS2,1.6,IGI,4320.0
1100,White Lily,2,Round,1,1,0,16.18,1408.92,880.58,1388.0,-56.0,2304.8352,18.0,18.0,Ideal,F,VS2,1.6,IGI,4320.0
1101,Michelle Kennedy,2,Round,1,1,0,19.96,423.87,565.16,418.0,-45.0,547.5221,18.0,18.0,Super Ideal,D,VS2,0.75,IGI,1400.0
1101,Nova Stars,2,Round,1,1,0,15.33,324.0,432.0,319.0,-57.0,539.1502,18.0,18.0,Super Ideal,D,VS2,0.75,IGI,1400.0
1105,CV Diamonds,2,Round,1,1,0,13.98,925.0,818.58,911.0,-64.0,1815.9569,18.0,18.0,Super Ideal,D,VVS2,1.13,IGI,3383.33
1105,Cirrus Gems,2,Round,1,1,0,93.69,901.0,797.35,887.0,-64.0,1800.5229,18.0,18.0,Super Ideal,D,VVS2,1.13,IGI,3383.33
1105,Emilia Sterling,2,Round,1,1,0,11.73,888.0,785.84,875.0,-64.0,1777.6115,18.0,18.0,Super Ideal,D,VVS2,1.13,IGI,3383.33
1105,Eternity Fine Jewelers,2,Round,1,1,0,13.26,919.0,813.27,905.0,-64.0,1826.4633,18.0,18.0,Super Ideal,D,VVS2,1.13,IGI,3383.33
1105,Grace Brooks,2,Round,1,1,0,15.11,925.58,819.1,912.0,-64.0,1829.2365,18.0,18.0,Super Ideal,D,VVS2,1.13,IGI,3383.33
1105,Hoseki,2,Round,1,1,0,15.65,919.0,813.27,905.0,-64.0,1840.9503,18.0,18.0,Super Ideal,D,VVS2,1.13,IGI,3383.33
1105,Infinity Diamonds,2,Round,1,1,0,10.82,926.0,819.47,912.0,-63.0,1800.8204,18.0,18.0,Super Ideal,D,VVS2,1.13,IGI,3383.33
1105,Jane Brear,2,Round,1,1,0,11.19,915.0,809.73,901.0,-64.0,1828.0129,18.0,18.0,Super Ideal,D,VVS2,1.13,IGI,3383.33
1105,Knox Diamonds,2,Round,1,1,0,14.69,907.44,803.04,894.0,-64.0,1814.6652,18.0,18.0,Super Ideal,D,VVS2,1.13,IGI,3383.33
1105,Marlowe & Co,2,Round,1,1,0,12.62,930.0,823.01,916.0,-64.0,1838.9625,18.0,18.0,Super Ideal,D,VVS2,1.13,IGI,3383.33
1105,Mei & Co,2,Round,1,1,0,10.45,902.0,798.23,888.0,-66.0,1878.4418,18.0,18.0,Super Ideal,D,VVS2,1.13,IGI,3383.33
1105,Michelle Kennedy,2,Round,1,1,0,12.82,906.28,802.02,893.0,-65.0,1836.173,18.0,18.0,Super Ideal,D,VVS2,1.13,IGI,3383.33
1105,Raelynn Jewels,2,Round,1,1,0,10.7,912.0,807.08,898.0,-64.0,1828.4147,18.0,18.0,Super Ideal,D,VVS2,1.13,IGI,3383.33
1105,Silva Diamonds,2,Round,1,1,0,15.32,908.0,803.54,894.0,-64.0,1812.6204,18.0,18.0,Super Ideal,D,VVS2,1.13,IGI,3383.33
1105,Simetría,2,Round,1,1,0,15.01,903.0,799.12,889.0,-64.0,1784.3514,18.0,18.0,Super Ideal,D,VVS2,1.13,IGI,3383.33
1105,Starlight Crafts,2,Round,1,1,0,13.11,914.0,808.85,900.0,-64.0,1818.687,18.0,18.0,Super Ideal,D,VVS2,1.13,IGI,3383.33
1105,Tamara,2,Round,1,1,0,10.99,931.0,823.89,917.0,-63.0,1792.8258,18.0,18.0,Super Ideal,D,VVS2,1.13,IGI,3383.33
1105,Temperley,2,Round,1,1,0,14.51,930.0,823.01,916.0,-63.0,1787.6003,18.0,18.0,Super Ideal,D,VVS2,1.13,IGI,3383.33
1105,Tilia Diamonds,2,Round,1,1,0,10.97,912.42,807.45,899.0,-64.0,1824.3872,18.0,18.0,Super Ideal,D,VVS2,1.13,IGI,3383.33
1105,Vespera Gems,2,Round,1,1,0,11.75,932.33,825.07,918.0,-63.0,1824.8215,18.0,18.0,Super Ideal,D,VVS2,1.13,IGI,3383.33
1105,White Lily,2,Round,1,1,0,17.82,926.54,819.95,913.0,-63.0,1813.4341,18.0,18.0,Super Ideal,D,VVS2,1.13,IGI,3383.33
1105,Zimmerman Diamonds,2,Round,1,1,0,11.45,908.0,803.54,894.0,-63.0,1764.3013,18.0,18.0,Super Ideal,D,VVS2,1.13,IGI,3383.33
1109,Taiga Gems,2,Round,1,1,0,14.94,851.72,630.9,839.0,-57.0,1425.7823,18.0,18.0,Ideal,G,SI1,1.35,IGI,2500.0
1111,Clermont Diamonds,2,Round,1,1,0,13.31,839.0,671.2,826.0,-63.0,1604.2484,18.0,18.0,Ideal,F,VS1,1.25,IGI,2760.0
1111,Fabiola,2,Round,1,1,0,12.61,833.0,666.4,821.0,-64.0,1643.9517,18.0,18.0,Ideal,F,VS1,1.25,IGI,2760.0
1111,Jane Brear,2,Round,1,1,0,13.52,848.0,678.4,835.0,-62.0,1615.5961,18.0,18.0,Ideal,F,VS1,1.25,IGI,2760.0
1111,Meridian Crafts,2,Round,1,1,0,14.1,847.0,677.6,834.0,-63.0,1621.4894,18.0,18.0,Ideal,F,VS1,1.25,IGI,2760.0
1111,Michelle Kennedy,2,Round,1,1,0,17.02,848.0,678.4,835.0,-63.0,1628.9868,18.0,18.0,Ideal,F,VS1,1.25,IGI,2760.0
1111,Roma Diamonds,2,Round,1,1,0,41.24,1083.0,866.4,1067.0,-53.0,1648.2815,18.0,18.0,Ideal,F,VS1,1.25,IGI,2760.0
1111,Rosella,2,Round,1,1,0,14.01,828.0,662.4,816.0,-64.0,1624.2902,18.0,18.0,Ideal,F,VS1,1.25,IGI,2760.0
1111,Starlight Crafts,2,Round,1,1,0,12.81,832.0,665.6,820.0,-63.0,1626.6022,18.0,18.0,Ideal,F,VS1,1.25,IGI,2760.0
1111,Taiga Gems,2,Round,1,1,0,13.07,849.0,679.2,836.0,-62.0,1578.9172,18.0,18.0,Ideal,F,VS1,1.25,IGI,2760.0
1111,Temperley,2,Round,1,1,0,18.04,882.56,706.05,869.0,-62.0,1648.2307,18.0,18.0,Ideal,F,VS1,1.25,IGI,2760.0
1111,White Lily,2,Round,1,1,0,12.69,848.0,678.4,835.0,-64.0,1675.4874,18.0,18.0,Ideal,F,VS1,1.25,IGI,2760.0
1114,Bayside Gems,2,Emerald,1,1,0,11.71,822.86,791.21,811.0,-62.0,1375.5012,15.0,15.0,Super Ideal,F,VS1,1.04,IGI,2240.0
1114,Cirrus Gems,2,Emerald,1,1,0,17.43,801.07,770.26,789.0,-63.0,1377.7572,15.0,15.0,Super Ideal,F,VS1,1.04,IGI,2240.0
1114,Hoseki,2,Emerald,1,1,0,14.95,822.0,790.38,810.0,-60.0,1333.0793,15.0,15.0,Super Ideal,F,VS1,1.04,IGI,2240.0
1114,Jane Brear,2,Emerald,1,1,0,20.45,806.0,775.0,794.0,-64.0,1428.2438,15.0,15.0,Super Ideal,F,VS1,1.04,IGI,2240.0
1114,La Marquise,2,Emerald,1,1,0,13.62,859.95,826.88,847.0,-59.0,1360.7147,15.0,15.0,Super Ideal,F,VS1,1.04,IGI,2240.0
1114,Marlowe & Co,2,Emerald,1,1,0,13.52,823.0,791.35,811.0,-62.0,1381.2408,15.0,15.0,Super Ideal,F,VS1,1.04,IGI,2240.0
1114,N. B. Diamonds,2,Emerald,1,1,0,17.28,783.0,752.88,771.0,-63.0,1360.098,15.0,15.0,Super Ideal,F,VS1,1.04,IGI,2240.0
1114,Serene Peaks Diamonds,2,Emerald,1,1,0,11.61,807.0,775.96,795.0,-62.0,1375.8961,15.0,15.0,Super Ideal,F,VS1,1.04,IGI,2240.0
1114,Taiga Gems,2,Emerald,1,1,0,14.86,809.0,777.88,797.0,-63.0,1401.156,15.0,15.0,Super Ideal,F,VS1,1.04,IGI,2240.0
1114,Temperley,2,Emerald,1,1,0,11.2,911.0,875.96,897.0,-57.0,1375.6534,15.0,15.0,Super Ideal,F,VS1,1.04,IGI,2240.0
1114,Westport Jewelry,2,Emerald,1,1,0,13.11,799.0,768.27,787.0,-60.0,1273.8859,15.0,15.0,Super Ideal,F,VS1,1.04,IGI,2240.0
1114,White Lily,2,Emerald,1,1,0,15.7,865.0,831.73,852.0,-60.0,1400.8406,15.0,15.0,Super Ideal,F,VS1,1.04,IGI,2240.0
1120,Adalyn Jewelry,2,Oval,1,1,0,13.96,364.17,520.24,359.0,-29.0,345.9909,15.0,15.0,Very Good,D,SI1,0.7,IGI,1093.75
1120,Vega Diamonds,2,Oval,1,1,0,18.95,335.87,479.81,331.0,-35.0,348.4578,15.0,15.0,Very Good,D,SI1,0.7,IGI,1093.75
1121,Jane Brear,2,Round,1,1,0,14.35,914.96,762.47,901.0,-62.0,1711.8298,18.0,18.0,Super Ideal,G,VVS2,1.2,IGI,2850.0
1121,N. B. Diamonds,2,Round,1,1,0,14.22,899.0,749.17,886.0,-63.0,1754.8098,18.0,18.0,Super Ideal,G,VVS2,1.2,IGI,2850.0
1121,Roma Diamonds,2,Round,1,1,0,38.31,1131.0,942.5,1114.0,-54.0,1761.0928,18.0,18.0,Super Ideal,G,VVS2,1.2,IGI,2850.0
1121,Silva Diamonds,2,Round,1,1,0,12.16,890.0,741.67,877.0,-64.0,1774.8363,18.0,18.0,Super Ideal,G,VVS2,1.2,IGI,2850.0
1121,Sunset Gems,2,Round,1,1,0,18.42,886.01,738.34,873.0,-63.0,1736.6484,18.0,18.0,Super Ideal,G,VVS2,1.2,IGI,2850.0
1121,Temperley,2,Round,1,1,0,16.33,959.0,799.17,945.0,-61.0,1742.724,18.0,18.0,Super Ideal,G,VVS2,1.2,IGI,2850.0
1121,White Lily,2,Round,1,1,0,12.95,917.0,764.17,903.0,-60.0,1656.4105,18.0,18.0,Super Ideal,G,VVS2,1.2,IGI,2850.0
1123,Cirrus Gems,2,Round,1,1,0,19.52,943.92,786.6,930.0,-62.0,1773.7881,18.0,18.0,Ideal,F,VVS2,1.2,IGI,3186.67
1123,Fabiola,2,Round,1,1,0,13.75,946.0,788.33,932.0,-62.0,1764.0947,18.0,18.0,Ideal,F,VVS2,1.2,IGI,3186.67
1123,Jane Brear,2,Round,1,1,0,21.24,981.07,817.56,966.0,-61.0,1789.8102,18.0,18.0,Ideal,F,VVS2,1.2,IGI,3186.67
1123,Magnolia,2,Round,1,1,0,14.99,946.0,788.33,932.0,-61.0,1753.785,18.0,18.0,Ideal,F,VVS2,1.2,IGI,3186.67
1123,Marlowe & Co,2,Round,1,1,0,14.14,982.0,818.33,967.0,-60.0,1747.9836,18.0,18.0,Ideal,F,VVS2,1.2,IGI,3186.67
1123,Michelle Kennedy,2,Round,1,1,0,16.45,1012.91,844.09,998.0,-59.0,1751.4475,18.0,18.0,Ideal,F,VVS2,1.2,IGI,3186.67
1123,Periwinkle Stones,2,Round,1,1,0,14.01,1002.0,835.0,987.0,-60.0,1782.1698,18.0,18.0,Ideal,F,VVS2,1.2,IGI,3186.67
1123,Roma Diamonds,2,Round,1,1,0,38.42,1199.0,999.17,1181.0,-51.0,1747.3329,18.0,18.0,Ideal,F,VVS2,1.2,IGI,3186.67
1123,Silva Diamonds,2,Round,1,1,0,14.51,946.0,788.33,932.0,-61.0,1744.2792,18.0,18.0,Ideal,F,VVS2,1.2,IGI,3186.67
1123,Temperley,2,Round,1,1,0,13.87,1003.0,835.83,988.0,-60.0,1773.64,18.0,18.0,Ideal,F,VVS2,1.2,IGI,3186.67
1123,White Lily,2,Round,1,1,0,13.96,994.0,828.33,979.0,-59.0,1755.7882,18.0,18.0,Ideal,F,VVS2,1.2,IGI,3186.67
1126,Artemis Stones,2,Emerald,1,1,0,12.83,781.0,743.81,769.0,-62.0,1331.2511,15.0,15.0,Super Ideal,G,VS1,1.05,IGI,2150.0
1126,Cirrus Gems,2,Emerald,1,1,0,16.33,798.0,760.0,786.0,-63.0,1377.5767,15.0,15.0,Super Ideal,G,VS1,1.05,IGI,2150.0
1126,Elmwood Diamonds,2,Emerald,1,1,0,17.75,942.0,897.14,928.0,-55.0,1344.3214,15.0,15.0,Super Ideal,G,VS1,1.05,IGI,2150.0
1126,Jane Brear,2,Emerald,1,1,0,15.03,806.94,768.51,795.0,-60.0,1290.7781,15.0,15.0,Super Ideal,G,VS1,1.05,IGI,2150.0
1126,Michelle Kennedy,2,Emerald,1,1,0,13.37,809.0,770.48,797.0,-61.0,1326.8145,15.0,15.0,Super Ideal,G,VS1,1.05,IGI,2150.0
1126,N. B. Diamonds,2,Emerald,1,1,0,16.99,803.0,764.76,791.0,-62.0,1343.5463,15.0,15.0,Super Ideal,G,VS1,1.05,IGI,2150.0
1126,Nebula Stones,2,Emerald,1,1,0,13.51,800.0,761.9,788.0,-61.0,1326.2334,15.0,15.0,Super Ideal,G,VS1,1.05,IGI,2150.0
1126,Serene Peaks Diamonds,2,Emerald,1,1,0,16.43,789.0,751.43,777.0,-62.0,1342.2177,15.0,15.0,Super Ideal,G,VS1,1.05,IGI,2150.0
1126,Sunset Gems,2,Emerald,1,1,0,18.84,785.63,748.22,774.0,-62.0,1342.2177,15.0,15.0,Super Ideal,G,VS1,1.05,IGI,2150.0
1126,Temperley,2,Emerald,2,2,0,17.11,837.79,797.9,825.0,-61.0,1398.5938,15.0,15.0,Super Ideal,G,VS1,1.05,IGI,2150.0
1126,White Lily,2,Emerald,1,1,0,17.17,809.0,770.48,797.0,-61.0,1347.5564,15.0,15.0,Super Ideal,G,VS1,1.05,IGI,2150.0
1130,55 E Diamonds,2,Oval,1,1,0,22.98,1200.0,1153.85,1182.0,-61.0,2089.5122,15.0,15.0,Super Ideal,E,VVS1,1.04,IGI,3110.0
1130,Adalyn Jewelry,2,Oval,1,1,0,19.07,1222.86,1175.83,1205.0,-61.0,2128.5459,15.0,15.0,Super Ideal,E,VVS1,1.04,IGI,3110.0
1130,Bayside Gems,2,Oval,1,1,0,19.85,1220.86,1173.9,1203.0,-62.0,2160.1357,15.0,15.0,Super Ideal,E,VVS1,1.04,IGI,3110.0
1130,Ember Star,2,Oval,1,1,0,18.84,1196.79,1150.76,1179.0,-63.0,2152.0691,15.0,15.0,Super Ideal,E,VVS1,1.04,IGI,3110.0
1130,Everstar,2,Oval,1,1,0,22.02,1193.89,1147.97,1176.0,-62.0,2096.5825,15.0,15.0,Super Ideal,E,VVS1,1.04,IGI,3110.0
1130,Hoseki,2,Oval,1,1,0,19.15,1253.7,1205.48,1235.0,-61.0,2146.4253,15.0,15.0,Super Ideal,E,VVS1,1.04,IGI,3110.0
1130,Infinity Diamonds,2,Oval,1,1,0,20.3,1247.94,1199.94,1229.0,-60.0,2125.437,15.0,15.0,Super Ideal,E,VVS1,1.04,IGI,3110.0
1130,Ithaca Diamonds,2,Oval,1,1,0,13.6,1230.0,1182.69,1212.0,-62.0,2158.2053,15.0,15.0,Super Ideal,E,VVS1,1.04,IGI,3110.0
1130,Jane Brear,2,Oval,1,1,0,15.93,1347.23,1295.41,1327.0,-55.0,2034.2336,15.0,15.0,Super Ideal,E,VVS1,1.04,IGI,3110.0
1130,Kenmare Diamonds,2,Oval,1,1,0,19.34,1236.78,1189.21,1218.0,-62.0,2176.988,15.0,15.0,Super Ideal,E,VVS1,1.04,IGI,3110.0
1130,Mei & Co,2,Oval,1,1,0,19.92,1228.82,1181.56,1210.0,-62.0,2157.5884,15.0,15.0,Super Ideal,E,VVS1,1.04,IGI,3110.0
1130,Michelle Kennedy,2,Oval,1,1,0,13.94,1288.0,1238.46,1269.0,-60.0,2171.0586,15.0,15.0,Super Ideal,E,VVS1,1.04,IGI,3110.0
1130,Periwinkle Stones,2,Oval,1,1,0,18.39,1294.0,1244.23,1275.0,-59.0,2102.9265,15.0,15.0,Super Ideal,E,VVS1,1.04,IGI,3110.0
1130,Roma Diamonds,2,Oval,1,1,0,14.73,1227.0,1179.81,1209.0,-63.0,2234.4629,15.0,15.0,Super Ideal,E,VVS1,1.04,IGI,3110.0
1130,Rosella,2,Oval,1,1,0,10.84,1190.0,1144.23,1172.0,-62.0,2102.8921,15.0,15.0,Super Ideal,E,VVS1,1.04,IGI,3110.0
1130,Simetría,2,Oval,1,1,0,18.13,1228.82,1181.56,1210.0,-62.0,2167.6653,15.0,15.0,Super Ideal,E,VVS1,1.04,IGI,3110.0
1130,Starlight Crafts,2,Oval,1,1,0,13.77,1216.0,1169.23,1198.0,-61.0,2103.5994,15.0,15.0,Super Ideal,E,VVS1,1.04,IGI,3110.0
1130,Taiga Gems,2,Oval,1,1,0,13.99,1228.0,1180.77,1210.0,-62.0,2158.0649,15.0,15.0,Super Ideal,E,VVS1,1.04,IGI,3110.0
1130,Temperley,2,Oval,1,1,0,17.41,1254.7,1206.44,1236.0,-60.0,2139.4111,15.0,15.0,Super Ideal,E,VVS1,1.04,IGI,3110.0
1130,White Lily,2,Oval,1,1,0,16.93,1255.69,1207.39,1237.0,-60.0,2125.6191,15.0,15.0,Super Ideal,E,VVS1,1.04,IGI,3110.0
1136,Emilia Sterling,2,Radiant,1,1,0,15.88,894.69,894.69,881.0,-69.0,1900.3834,15.0,15.0,Very Good,E,VVS2,1.0,IGI,2560.0
1136,Fuji Diamonds,2,Radiant,1,1,0,15.6,915.0,915.0,901.0,-69.0,1905.6858,14.0,15.0,Very Good,E,VVS2,1.0,IGI,2560.0
1136,Jane Brear,2,Radiant,1,1,0,11.48,968.14,968.14,954.0,-65.0,1805.8923,15.0,15.0,Very Good,E,VVS2,1.0,IGI,2560.0
1136,Mei & Co,2,Radiant,1,1,0,15.27,909.43,909.43,896.0,-68.0,1871.9103,13.0,15.0,Very Good,E,VVS2,1.0,IGI,2560.0
1136,Michelle Kennedy,2,Radiant,1,1,0,13.62,942.26,942.26,928.0,-66.0,1815.4397,15.0,15.0,Very Good,E,VVS2,1.0,IGI,2560.0
1136,Oasis Diamonds,2,Radiant,1,1,0,10.68,967.0,967.0,952.0,-67.0,1921.3519,15.0,15.0,Very Good,E,VVS2,1.0,IGI,2560.0
1136,Periwinkle Stones,2,Radiant,1,1,0,16.79,931.0,931.0,917.0,-68.0,1869.238,15.0,15.0,Very Good,E,VVS2,1.0,IGI,2560.0
1136,Promenade Jewelry,2,Radiant,1,2,0,14.79,890.0,890.0,877.0,-69.0,1877.54,15.0,15.0,Very Good,E,VVS2,1.0,IGI,2560.0
1136,Roma Diamonds,2,Radiant,1,2,0,11.03,918.0,918.0,904.0,-68.0,1868.3029,15.0,15.0,Very Good,E,VVS2,1.0,IGI,2560.0
1136,Rosella,2,Radiant,1,1,0,13.49,891.0,891.0,878.0,-71.0,1977.0734,15.0,15.0,Very Good,E,VVS2,1.0,IGI,2560.0
1136,Silva Diamonds,2,Radiant,2,1,0,15.9,904.0,904.0,890.0,-68.0,1842.2146,14.0,15.0,Very Good,E,VVS2,1.0,IGI,2560.0
1136,Simetría,2,Radiant,1,1,0,14.37,923.0,923.0,909.0,-69.0,1939.7257,15.0,15.0,Very Good,E,VVS2,1.0,IGI,2560.0
1136,Taiga Gems,2,Radiant,1,1,0,13.97,922.36,922.36,909.0,-69.0,1946.7396,15.0,15.0,Very Good,E,VVS2,1.0,IGI,2560.0
1136,Tamara,2,Radiant,1,1,0,12.75,936.0,936.0,922.0,-66.0,1795.1766,14.0,15.0,Very Good,E,VVS2,1.0,IGI,2560.0
1136,Temperley,2,Radiant,1,1,0,14.71,943.26,943.26,929.0,-65.0,1768.1803,15.0,15.0,Very Good,E,VVS2,1.0,IGI,2560.0
1136,White Lily,2,Radiant,1,1,0,15.07,938.0,938.0,924.0,-65.0,1739.9038,14.0,15.0,Very Good,E,VVS2,1.0,IGI,2560.0
1137,Blackbird Gems,2,Round,1,1,0,13.18,765.0,689.19,754.0,-57.0,1288.5186,18.0,18.0,Super Ideal,F,VS1,1.11,IGI,2612.5
1137,Jane Brear,2,Round,1,1,0,13.96,790.0,711.71,778.0,-56.0,1288.8463,18.0,18.0,Super Ideal,F,VS1,1.11,IGI,2612.5
1137,Michelle Kennedy,2,Round,1,1,0,12.57,795.0,716.22,783.0,-56.0,1301.4266,18.0,18.0,Super Ideal,F,VS1,1.11,IGI,2612.5
1137,Silva Diamonds,2,Round,1,1,0,10.22,759.0,683.78,748.0,-58.0,1301.8766,18.0,18.0,Super Ideal,F,VS1,1.11,IGI,2612.5
1137,Temperley,2,Round,1,1,0,13.9,790.0,711.71,778.0,-56.0,1288.1511,18.0,18.0,Super Ideal,F,VS1,1.11,IGI,2612.5
1137,White Lily,2,Round,1,1,0,14.19,790.0,711.71,778.0,-57.0,1309.4387,18.0,18.0,Super Ideal,F,VS1,1.11,IGI,2612.5
1139,Clermont Diamonds,2,Round,1,1,0,12.45,2164.0,1082.0,2132.0,-58.0,3686.4319,16.0,18.0,Very Good,E,VS2,2.0,IGI,8050.0
1139,Roma Diamonds,2,Round,1,2,0,32.32,2552.0,1276.0,2514.0,-51.0,3720.0898,17.0,18.0,Very Good,E,VS2,2.0,IGI,8050.0
1139,Thalassa Gems,2,Round,1,1,0,13.49,2152.0,1076.0,2120.0,-58.0,3683.0044,17.0,18.0,Very Good,E,VS2,2.0,IGI,8050.0
1141,Camden Gems,2,Round,1,1,0,14.93,1179.0,842.14,1161.0,-50.0,1680.9258,18.0,18.0,Ideal,E,VS1,1.4,IGI,3600.0
1141,Cascade Diamonds,2,Round,1,1,0,18.45,1197.98,855.7,1180.0,-49.0,1685.9547,18.0,18.0,Ideal,E,VS1,1.4,IGI,3600.0
1141,Cirrus Gems,2,Round,2,2,0,22.39,1157.0,826.43,1140.0,-53.0,1769.0144,18.0,18.0,Ideal,E,VS1,1.4,IGI,3600.0
1141,Clermont Diamonds,2,Round,1,1,0,14.29,1190.0,850.0,1172.0,-50.0,1703.4314,18.0,18.0,Ideal,E,VS1,1.4,IGI,3600.0
1141,Emilia Sterling,2,Round,1,1,0,12.28,1174.0,838.57,1156.0,-51.0,1703.6462,18.0,18.0,Ideal,E,VS1,1.4,IGI,3600.0
1141,Fiona Clément,2,Round,1,1,0,13.2,1169.0,835.0,1151.0,-49.0,1639.3469,18.0,18.0,Ideal,E,VS1,1.4,IGI,3600.0
1141,I & M Designs,2,Round,1,2,0,16.27,1410.0,1007.14,1389.0,-39.0,1660.7991,18.0,18.0,Ideal,E,VS1,1.4,IGI,3600.0
1141,Jane Brear,2,Round,1,1,0,18.52,1246.0,890.0,1227.0,-49.0,1734.1752,18.0,18.0,Ideal,E,VS1,1.4,IGI,3600.0
1141,Lotus Creation,2,Round,1,1,0,20.52,1190.03,850.02,1172.0,-49.0,1683.6744,18.0,18.0,Ideal,E,VS1,1.4,IGI,3600.0
1141,Mei & Co,2,Round,1,1,0,17.45,1186.04,847.17,1168.0,-50.0,1714.434,18.0,18.0,Ideal,E,VS1,1.4,IGI,3600.0
1141,Michelle Kennedy,2,Round,1,1,0,18.66,1240.0,885.71,1221.0,-47.0,1687.8608,18.0,18.0,Ideal,E,VS1,1.4,IGI,3600.0
1141,Nebula Stones,2,Round,1,1,0,19.06,1207.0,862.14,1189.0,-49.0,1689.8561,18.0,18.0,Ideal,E,VS1,1.4,IGI,3600.0
1141,Oasis Diamonds,2,Round,1,1,0,18.32,1242.76,887.69,1224.0,-47.0,1688.9266,18.0,18.0,Ideal,E,VS1,1.4,IGI,3600.0
1141,Periwinkle Stones,2,Round,1,1,0,9.27,1215.0,867.86,1197.0,-49.0,1707.1342,18.0,18.0,Ideal,E,VS1,1.4,IGI,3600.0
1141,Roma Diamonds,2,Round,1,1,0,35.09,1460.0,1042.86,1438.0,-40.0,1752.7373,18.0,18.0,Ideal,E,VS1,1.4,IGI,3600.0
1141,Serene Peaks Diamonds,2,Round,1,1,0,16.0,1199.97,857.12,1182.0,-50.0,1726.3829,18.0,18.0,Ideal,E,VS1,1.4,IGI,3600.0
1141,Sigma Diamonds,2,Round,1,1,0,12.53,1179.0,842.14,1161.0,-51.0,1731.5292,18.0,18.0,Ideal,E,VS1,1.4,IGI,3600.0
1141,Silva Diamonds,2,Round,1,1,0,14.7,1169.0,835.0,1151.0,-50.0,1679.4351,18.0,18.0,Ideal,E,VS1,1.4,IGI,3600.0
1141,Starlight Crafts,2,Round,1,1,0,11.88,1169.0,835.0,1151.0,-50.0,1690.6212,18.0,18.0,Ideal,E,VS1,1.4,IGI,3600.0
1141,Summit Gems,2,Round,1,1,0,18.34,1191.02,850.73,1173.0,-50.0,1699.3481,18.0,18.0,Ideal,E,VS1,1.4,IGI,3600.0
1141,Taiga Gems,2,Round,1,1,0,14.27,1191.0,850.71,1173.0,-50.0,1722.4609,18.0,18.0,Ideal,E,VS1,1.4,IGI,3600.0
1141,Temperley,2,Round,1,1,0,20.67,1230.57,878.98,1212.0,-48.0,1693.6456,18.0,18.0,Ideal,E,VS1,1.4,IGI,3600.0
1141,White Lily,2,Round,1,1,0,15.8,1236.78,883.41,1218.0,-48.0,1717.0131,18.0,18.0,Ideal,E,VS1,1.4,IGI,3600.0
1143,Jane Brear,2,Round,1,1,0,13.18,1414.89,827.42,1394.0,-51.0,2054.5432,18.0,18.0,Ideal,J,VVS2,1.71,IGI,3135.0
1147,Rosella,2,Round,1,1,0,13.33,359.0,618.97,354.0,-64.0,710.8671,17.0,18.0,Very Good,D,VVS1,0.58,IGI,1160.0
1150,Temperley,2,Round,1,1,0,16.52,5749.0,2499.57,5663.0,-62.0,10779.5918,18.0,18.0,Ideal,E,IF,2.3,IGI,16450.0
1153,Clermont Diamonds,2,Round,1,1,0,11.58,1811.0,866.51,1784.0,-60.0,3259.0217,18.0,18.0,Ideal,G,VS2,2.09,IGI,6810.0
1153,Jane Brear,2,Round,1,1,0,20.6,1827.0,874.16,1800.0,-60.0,3308.093,18.0,18.0,Ideal,G,VS2,2.09,IGI,6810.0
1153,Meridian Crafts,2,Round,1,1,0,13.12,1792.0,857.42,1765.0,-61.0,3250.2559,18.0,18.0,Ideal,G,VS2,2.09,IGI,6810.0
1153,Michelle Kennedy,2,Round,1,1,0,13.11,1831.0,876.08,1804.0,-60.0,3259.0881,18.0,18.0,Ideal,G,VS2,2.09,IGI,6810.0
1153,Roma Diamonds,2,Round,1,1,0,13.44,1807.0,864.59,1780.0,-60.0,3252.9312,18.0,18.0,Ideal,G,VS2,2.09,IGI,6810.0
1153,Temperley,2,Round,1,1,0,14.5,1806.0,864.11,1779.0,-60.0,3262.5103,18.0,18.0,Ideal,G,VS2,2.09,IGI,6810.0
1153,Thalassa Gems,2,Round,1,1,0,23.77,1795.0,858.85,1768.0,-59.0,3168.3049,18.0,18.0,Ideal,G,VS2,2.09,IGI,6810.0
1160,Serene Peaks Diamonds,2,Round,2,3,0,14.35,657.0,663.64,647.0,-66.0,1399.6893,16.0,18.0,Very Good,E,VS2,0.99,IGI,1920.0
1162,Michelle Kennedy,2,Oval,1,1,0,16.11,2093.0,1006.25,2062.0,-63.0,3791.1392,15.0,15.0,Very Good,F,VS2,2.08,IGI,7075.0
1162,Oasis Diamonds,2,Oval,1,1,0,13.0,2210.0,1062.5,2177.0,-60.0,3684.1423,15.0,15.0,Very Good,F,VS2,2.08,IGI,7075.0
1162,Taiga Gems,2,Oval,1,1,0,15.08,2149.0,1033.17,2117.0,-62.0,3851.0645,15.0,15.0,Very Good,F,VS2,2.08,IGI,7075.0
1166,Adalyn Jewelry,2,Round,1,1,0,13.47,331.34,460.19,326.0,-52.0,490.5843,18.0,18.0,Super Ideal,E,VS2,0.72,IGI,1083.33
1166,Hoseki,2,Round,1,1,0,11.95,344.27,478.15,339.0,-51.0,499.8502,18.0,18.0,Super Ideal,E,VS2,0.72,IGI,1083.33
1166,Jane Brear,2,Round,1,1,0,17.37,354.21,491.96,349.0,-48.0,486.6506,18.0,18.0,Super Ideal,E,VS2,0.72,IGI,1083.33
1166,Meridian Crafts,2,Round,1,1,0,13.5,347.0,481.94,342.0,-49.0,487.5541,18.0,18.0,Super Ideal,E,VS2,0.72,IGI,1083.33
1166,Promenade Jewelry,2,Round,1,1,0,14.82,331.0,459.72,326.0,-55.0,522.303,18.0,18.0,Super Ideal,E,VS2,0.72,IGI,1083.33
1166,Temperley,2,Round,1,1,0,11.68,365.0,506.94,360.0,-48.0,498.0324,18.0,18.0,Super Ideal,E,VS2,0.72,IGI,1083.33
1166,White Lily,2,Round,1,1,0,15.87,364.0,505.56,359.0,-50.0,526.0313,18.0,18.0,Super Ideal,E,VS2,0.72,IGI,1083.33
1168,Kasai,2,Asscher,1,1,0,15.74,728.0,728.0,717.0,-67.0,1388.7791,14.0,15.0,Very Good,E,SI1,1.0,IGI,1720.0
1168,Michelle Kennedy,2,Asscher,1,1,0,16.41,750.23,750.23,739.0,-65.0,1317.4912,14.0,15.0,Very Good,E,SI1,1.0,IGI,1720.0
1168,Taiga Gems,2,Asscher,1,1,0,14.44,698.0,698.0,688.0,-67.0,1315.0127,14.0,15.0,Very Good,E,SI1,1.0,IGI,1720.0
1168,Vega Diamonds,2,Asscher,1,1,0,11.98,695.0,695.0,685.0,-66.0,1270.4219,14.0,15.0,Very Good,E,SI1,1.0,IGI,1720.0
1168,Vespera Gems,2,Asscher,1,1,0,16.49,716.14,716.14,705.0,-65.0,1289.0421,14.0,15.0,Very Good,E,SI1,1.0,IGI,1720.0
1168,White Lily,2,Asscher,3,1,0,13.0,750.23,750.23,739.0,-64.0,1307.1018,13.0,15.0,Very Good,E,SI1,1.0,IGI,1720.0
1170,Jane Brear,2,Round,1,1,0,26.04,316.41,597.0,312.0,-59.0,552.2547,18.0,18.0,Super Ideal,E,VVS2,0.53,IGI,760.0
1170,La Marquise,2,Round,1,1,0,15.19,320.0,603.77,315.0,-56.0,521.7882,18.0,18.0,Super Ideal,E,VVS2,0.53,IGI,760.0
1170,Meadow & Co,2,Round,1,1,0,13.63,300.0,566.04,296.0,-61.0,547.5636,18.0,18.0,Super Ideal,E,VVS2,0.53,IGI,760.0
1170,Michelle Kennedy,2,Round,1,1,0,11.04,317.0,598.11,312.0,-58.0,543.8455,18.0,18.0,Super Ideal,E,VVS2,0.53,IGI,760.0
1170,Temperley,2,Round,1,1,0,13.73,317.0,598.11,312.0,-58.0,542.4302,18.0,18.0,Super Ideal,E,VVS2,0.53,IGI,760.0
1170,White Lily,2,Round,1,1,0,13.82,318.0,600.0,313.0,-59.0,548.7404,18.0,18.0,Super Ideal,E,VVS2,0.53,IGI,760.0
1172,Clermont Diamonds,2,Round,1,1,0,12.37,2328.3,927.61,2293.0,-65.0,4814.8887,18.0,18.0,Ideal,H,VS2,2.51,IGI,7680.0
1175,Michelle Kennedy,2,Oval,1,1,0,15.24,2518.0,1176.64,2480.0,-59.0,4108.6094,15.0,15.0,Super Ideal,F,VS1,2.14,IGI,8040.0
1175,Oasis Diamonds,2,Oval,1,1,0,14.59,2554.16,1193.53,2516.0,-59.0,4177.6274,15.0,15.0,Super Ideal,F,VS1,2.14,IGI,8040.0
1175,Periwinkle Stones,2,Oval,1,1,0,15.14,2508.0,1171.96,2470.0,-59.0,4088.8518,15.0,15.0,Super Ideal,F,VS1,2.14,IGI,8040.0
1175,Temperley,2,Oval,1,1,0,14.23,2602.0,1215.89,2563.0,-56.0,3989.0552,15.0,15.0,Super Ideal,F,VS1,2.14,IGI,8040.0
1175,White Lily,2,Oval,1,1,0,14.79,2495.0,1165.89,2458.0,-58.0,4042.803,15.0,15.0,Super Ideal,F,VS1,2.14,IGI,8040.0
1176,Temperley,2,Oval,1,1,0,21.03,702.0,695.05,691.0,-57.0,1089.7074,15.0,15.0,Very Good,H,SI1,1.01,IGI,1560.0
1180,Albert's Creations,2,Round,1,1,0,14.52,1123.0,774.48,1106.0,-52.0,1679.3641,18.0,18.0,Ideal,E,VS2,1.45,IGI,3480.0
1180,Jane Brear,2,Round,1,1,0,10.94,1143.0,788.28,1126.0,-50.0,1650.0044,18.0,18.0,Ideal,E,VS2,1.45,IGI,3480.0
1180,Lotus Creation,2,Round,1,1,0,15.66,1103.17,760.81,1087.0,-54.0,1700.7281,18.0,18.0,Ideal,E,VS2,1.45,IGI,3480.0
1180,Michelle Kennedy,2,Round,1,1,0,18.65,1135.0,782.76,1118.0,-55.0,1819.3345,16.0,18.0,Ideal,E,VS2,1.45,IGI,3480.0
1180,Roma Diamonds,2,Round,1,1,0,14.09,1123.0,774.48,1106.0,-52.0,1666.5055,18.0,18.0,Ideal,E,VS2,1.45,IGI,3480.0
1180,Temperley,2,Round,1,1,0,18.5,1144.0,788.97,1127.0,-51.0,1667.9594,18.0,18.0,Ideal,E,VS2,1.45,IGI,3480.0
1180,White Lily,2,Round,1,1,0,10.13,1122.0,773.79,1105.0,-52.0,1676.2102,18.0,18.0,Ideal,E,VS2,1.45,IGI,3480.0
1181,Cornerstone,2,Princess,1,1,0,11.8,790.0,731.48,778.0,-64.0,1405.9316,15.0,15.0,Super Ideal,G,VS1,1.08,IGI,2203.33
1181,Eterna Luxe,2,Princess,1,1,0,14.66,772.0,714.81,760.0,-65.0,1391.6787,15.0,15.0,Super Ideal,G,VS1,1.08,IGI,2203.33
1181,Marble Arch,2,Princess,1,1,0,11.82,780.0,722.22,768.0,-65.0,1399.4335,15.0,15.0,Super Ideal,G,VS1,1.08,IGI,2203.33
1181,Serene Peaks Diamonds,2,Princess,1,1,0,11.69,786.0,727.78,774.0,-64.0,1382.371,15.0,15.0,Super Ideal,G,VS1,1.08,IGI,2203.33
1181,Temperley,2,Princess,1,1,0,14.71,806.0,746.3,794.0,-63.0,1386.4938,15.0,15.0,Super Ideal,G,VS1,1.08,IGI,2203.33
1185,Michelle Kennedy,2,Pear,1,1,0,15.45,993.01,662.01,978.0,-56.0,1469.4613,14.0,15.0,Super Ideal,I,SI2,1.5,IGI,2510.0
1189,Jane Brear,2,Round,1,1,0,21.73,4221.0,1039.66,4158.0,-70.0,10094.7998,18.0,18.0,Super Ideal,G,SI1,4.06,IGI,17390.0
1189,Taiga Gems,2,Round,1,1,0,23.7,4221.0,1039.66,4158.0,-70.0,10058.3682,18.0,18.0,Super Ideal,G,SI1,4.06,IGI,17390.0
1195,Cornerstone,2,Round,1,1,0,21.28,4239.18,1508.6,4176.0,-62.0,7945.0078,18.0,18.0,Super Ideal,E,VS1,2.81,IGI,18550.0
1195,Michelle Kennedy,2,Round,1,1,0,10.15,4399.0,1565.48,4333.0,-62.0,8228.2217,18.0,18.0,Super Ideal,E,VS1,2.81,IGI,18550.0
1195,Periwinkle Stones,2,Round,1,1,0,14.43,4329.0,1540.57,4264.0,-63.0,8318.2754,18.0,18.0,Super Ideal,E,VS1,2.81,IGI,18550.0
1195,Riley Stones,2,Round,1,1,0,9.63,4205.0,1496.44,4142.0,-64.0,8278.752,18.0,18.0,Super Ideal,E,VS1,2.81,IGI,18550.0
1195,Tamara,2,Round,1,1,0,15.54,4292.43,1527.56,4228.0,-62.0,8096.0806,18.0,18.0,Super Ideal,E,VS1,2.81,IGI,18550.0
1195,Vega Diamonds,2,Round,1,1,0,11.67,4135.0,1471.53,4073.0,-64.0,8258.9775,18.0,18.0,Super Ideal,E,VS1,2.81,IGI,18550.0
1195,White Lily,2,Round,1,1,0,10.07,4399.0,1565.48,4333.0,-62.0,8277.9375,18.0,18.0,Super Ideal,E,VS1,2.81,IGI,18550.0
1197,Jane Brear,2,Oval,1,2,0,12.16,710.0,657.41,699.0,-66.0,1408.4125,15.0,15.0,Super Ideal,G,VS2,1.08,IGI,2010.0
1197,Periwinkle Stones,2,Oval,1,1,0,16.39,716.0,662.96,705.0,-64.0,1328.6541,15.0,15.0,Super Ideal,G,VS2,1.08,IGI,2010.0
1197,Temperley,2,Oval,1,1,0,20.49,709.0,656.48,698.0,-65.0,1379.8025,15.0,15.0,Super Ideal,G,VS2,1.08,IGI,2010.0
1198,Jane Brear,2,Round,1,1,0,10.42,1185.0,774.51,1167.0,-57.0,1989.8043,18.0,18.0,Ideal,F,SI1,1.53,IGI,3520.0
1198,Michelle Kennedy,2,Round,1,1,0,14.48,1202.96,786.25,1185.0,-56.0,1977.5693,18.0,18.0,Ideal,F,SI1,1.53,IGI,3520.0
1198,Periwinkle Stones,2,Round,1,1,0,20.37,1176.0,768.63,1158.0,-58.0,2006.7258,18.0,18.0,Ideal,F,SI1,1.53,IGI,3520.0
1198,Serene Peaks Diamonds,2,Round,1,1,0,11.72,1174.0,767.32,1156.0,-58.0,2008.5804,18.0,18.0,Ideal,F,SI1,1.53,IGI,3520.0
1198,Silva Diamonds,2,Round,1,1,0,10.75,1158.0,756.86,1141.0,-58.0,1995.1312,18.0,18.0,Ideal,F,SI1,1.53,IGI,3520.0
1198,White Lily,2,Round,1,1,0,19.69,1180.38,771.49,1163.0,-57.0,1950.038,18.0,18.0,Ideal,F,SI1,1.53,IGI,3520.0
1202,Fuji Diamonds,2,Asscher,1,1,0,15.54,844.51,836.15,832.0,-66.0,1534.9772,14.0,15.0,Very Good,E,VS1,1.01,IGI,2306.67
1202,Michelle Kennedy,2,Asscher,1,1,0,13.98,1019.88,1009.78,1005.0,-62.0,1670.1549,15.0,15.0,Very Good,E,VS1,1.01,IGI,2306.67
1202,Roma Diamonds,2,Asscher,1,1,0,14.88,813.0,804.95,801.0,-66.0,1498.5725,14.0,15.0,Very Good,E,VS1,1.01,IGI,2306.67
1202,Vega Diamonds,2,Asscher,1,1,0,18.57,789.0,781.19,777.0,-69.0,1574.9231,15.0,15.0,Very Good,E,VS1,1.01,IGI,2306.67
1204,Michelle Kennedy,2,Round,1,1,0,27.08,387.0,569.12,381.0,-38.0,444.7167,18.0,18.0,Super Ideal,F,SI1,0.68,IGI,820.0
1204,White Lily,2,Round,1,1,0,25.31,351.0,516.18,346.0,-43.0,437.5366,18.0,18.0,Super Ideal,F,SI1,0.68,IGI,820.0
1205,Bayside Gems,2,Emerald,1,1,0,19.73,773.0,750.49,761.0,-62.0,1320.7585,15.0,15.0,Super Ideal,D,SI1,1.03,IGI,1980.0
1205,Eternity Fine Jewelers,2,Emerald,1,1,0,15.3,770.0,747.57,758.0,-62.0,1301.8292,15.0,15.0,Super Ideal,D,SI1,1.03,IGI,1980.0
1205,Hazel Diamonds,2,Emerald,1,1,0,18.87,760.0,737.86,749.0,-63.0,1319.0753,15.0,15.0,Super Ideal,D,SI1,1.03,IGI,1980.0
1205,Michelle Kennedy,2,Emerald,1,1,0,17.82,779.0,756.31,767.0,-62.0,1300.7511,15.0,15.0,Super Ideal,D,SI1,1.03,IGI,1980.0
1205,Taiga Gems,2,Emerald,1,1,0,16.34,779.08,756.39,767.0,-63.0,1345.985,15.0,15.0,Super Ideal,D,SI1,1.03,IGI,1980.0
1205,White Lily,2,Emerald,1,1,0,14.06,801.97,778.61,790.0,-61.0,1312.2972,15.0,15.0,Super Ideal,D,SI1,1.03,IGI,1980.0
1208,I & M Designs,2,Round,1,1,0,19.22,3669.56,1595.46,3615.0,-57.0,6101.5557,18.0,18.0,Ideal,E,VVS2,2.3,IGI,13220.0
1208,Jane Brear,2,Round,1,1,0,14.74,3523.0,1531.74,3470.0,-60.0,6373.5625,18.0,18.0,Ideal,E,VVS2,2.3,IGI,13220.0
1208,Michelle Kennedy,2,Round,1,1,0,14.04,3521.0,1530.87,3468.0,-59.0,6175.1919,18.0,18.0,Ideal,E,VVS2,2.3,IGI,13220.0
1208,Periwinkle Stones,2,Round,1,1,0,13.85,3542.0,1540.0,3489.0,-59.0,6227.7969,18.0,18.0,Ideal,E,VVS2,2.3,IGI,13220.0
1208,Seraphina Gems,2,Round,1,1,0,14.86,4381.98,1905.21,4316.0,-50.0,6325.0068,18.0,18.0,Ideal,E,VVS2,2.3,IGI,13220.0
1208,Temperley,2,Round,1,1,0,14.91,3498.0,1520.87,3446.0,-59.0,6182.9614,18.0,18.0,Ideal,E,VVS2,2.3,IGI,13220.0
1208,Verve Jewels,2,Round,1,1,0,21.5,3374.0,1466.96,3323.0,-61.0,6235.0151,18.0,18.0,Ideal,E,VVS2,2.3,IGI,13220.0
1208,White Lily,2,Round,1,1,0,14.51,3502.0,1522.61,3449.0,-59.0,6185.1558,18.0,18.0,Ideal,E,VVS2,2.3,IGI,13220.0
1210,Emilia Sterling,2,Pear,1,2,0,13.01,1390.0,920.53,1369.0,-62.0,2363.7004,14.0,15.0,Very Good,F,VS2,1.51,IGI,4270.0
1210,Jane Brear,2,Pear,1,1,0,17.28,1427.0,945.03,1406.0,-61.0,2380.7422,15.0,15.0,Very Good,F,VS2,1.51,IGI,4270.0
1210,Taiga Gems,2,Pear,1,1,0,16.01,1414.0,936.42,1393.0,-61.0,2375.9258,15.0,15.0,Very Good,F,VS2,1.51,IGI,4270.0
1211,Riviera Jewels,2,Oval,1,1,0,15.61,2499.0,1115.62,2462.0,-61.0,4320.7295,15.0,15.0,Very Good,G,VS1,2.24,IGI,8120.0
1214,Michelle Kennedy,2,Round,1,1,0,19.17,354.0,621.05,349.0,-43.0,445.7248,18.0,18.0,Ideal,E,SI1,0.57,IGI,695.0
1216,Cirrus Gems,2,Round,1,1,0,23.69,1251.0,735.88,1232.0,-47.0,1690.757,18.0,18.0,Super Ideal,H,VS2,1.7,IGI,4095.0
1216,Jane Brear,2,Round,1,1,0,19.52,1272.0,748.24,1253.0,-45.0,1657.173,18.0,18.0,Super Ideal,H,VS2,1.7,IGI,4095.0
1216,Taiga Gems,2,Round,1,1,0,18.58,1251.0,735.88,1232.0,-48.0,1730.6569,18.0,18.0,Super Ideal,H,VS2,1.7,IGI,4095.0
1216,Temperley,2,Round,1,1,0,19.35,1293.0,760.59,1274.0,-44.0,1666.0664,18.0,18.0,Super Ideal,H,VS2,1.7,IGI,4095.0
1216,White Lily,2,Round,1,1,0,18.17,1335.0,785.29,1315.0,-43.0,1674.8673,18.0,18.0,Super Ideal,H,VS2,1.7,IGI,4095.0
1217,Temperley,2,Round,1,1,0,14.41,456.7,570.88,450.0,-41.0,550.1074,18.0,18.0,Ideal,D,SI1,0.8,IGI,1180.0
1217,White Lily,2,Round,1,1,0,14.2,456.7,570.88,450.0,-38.0,531.4073,18.0,18.0,Ideal,D,SI1,0.8,IGI,1180.0
1219,Jane Brear,2,Princess,1,1,0,11.69,792.0,740.19,780.0,-60.0,1272.1721,15.0,15.0,Super Ideal,H,VS1,1.07,IGI,1910.0
1219,Thalassa Gems,2,Princess,1,1,0,13.05,752.0,702.8,741.0,-60.0,1194.3361,15.0,15.0,Super Ideal,H,VS1,1.07,IGI,1910.0
1219,The Diamond Source,2,Princess,1,2,0,20.0,718.39,671.39,708.0,-63.0,1237.5841,15.0,15.0,Super Ideal,H,VS1,1.07,IGI,1910.0
1219,White Lily,2,Princess,1,1,0,20.76,741.28,692.79,730.0,-61.0,1208.8322,15.0,15.0,Super Ideal,H,VS1,1.07,IGI,1910.0
1220,Jane Brear,2,Round,1,1,0,16.53,305.95,650.96,301.0,-50.0,435.3197,18.0,18.0,Ideal,D,VVS1,0.47,IGI,1120.0
1220,Michelle Kennedy,2,Round,1,1,0,16.77,305.0,648.94,300.0,-52.0,452.2288,18.0,18.0,Ideal,D,VVS1,0.47,IGI,1120.0
1220,Temperley,2,Round,1,1,0,14.22,305.95,650.96,301.0,-50.0,440.5672,18.0,18.0,Ideal,D,VVS1,0.47,IGI,1120.0
1220,White Lily,2,Round,1,1,0,13.93,305.95,650.96,301.0,-55.0,484.997,18.0,18.0,Ideal,D,VVS1,0.47,IGI,1120.0
1221,Pegasus Diamonds,2,Princess,1,1,0,16.14,2049.0,1198.25,2018.0,-45.0,2345.9697,15.0,15.0,Very Good,F,VS2,1.71,IGI,4690.0
1221,Serene Peaks Diamonds,2,Princess,1,1,0,20.31,1751.0,1023.98,1725.0,-53.0,2378.5806,14.0,15.0,Very Good,F,VS2,1.71,IGI,4690.0
1224,I & M Designs,2,Round,1,1,0,14.35,1960.0,907.41,1931.0,-56.0,3209.9871,18.0,18.0,Super Ideal,G,VS2,2.16,IGI,7130.0
1224,Temperley,2,Round,1,1,0,17.16,1879.0,869.91,1851.0,-59.0,3306.144,18.0,18.0,Super Ideal,G,VS2,2.16,IGI,7130.0
1226,55 E Diamonds,2,Round,1,1,0,19.83,813.0,688.98,801.0,-64.0,1614.0671,18.0,18.0,Super Ideal,D,VS2,1.18,IGI,2610.0
1226,Eternity Fine Jewelers,2,Round,1,1,0,12.05,783.06,663.61,771.0,-65.0,1613.1962,18.0,18.0,Super Ideal,D,VS2,1.18,IGI,2610.0
1226,Mei & Co,2,Round,1,1,0,14.24,772.12,654.34,761.0,-65.0,1563.395,18.0,18.0,Super Ideal,D,VS2,1.18,IGI,2610.0
1226,Michelle Kennedy,2,Round,1,1,0,16.14,797.21,675.6,785.0,-64.0,1607.2007,18.0,18.0,Super Ideal,D,VS2,1.18,IGI,2610.0
1226,Roma Diamonds,2,Round,1,1,0,16.83,777.0,658.47,765.0,-65.0,1608.0243,18.0,18.0,Super Ideal,D,VS2,1.18,IGI,2610.0
1226,Silva Diamonds,2,Round,1,1,0,12.85,770.0,652.54,758.0,-65.0,1562.7098,18.0,18.0,Super Ideal,D,VS2,1.18,IGI,2610.0
1226,Temperley,2,Round,1,1,0,10.89,801.97,679.64,790.0,-64.0,1573.3204,18.0,18.0,Super Ideal,D,VS2,1.18,IGI,2610.0
1226,Tilia Diamonds,2,Round,1,1,0,11.52,774.11,656.03,762.0,-65.0,1599.1343,18.0,18.0,Super Ideal,D,VS2,1.18,IGI,2610.0
1226,Vega Diamonds,2,Round,1,1,0,14.67,758.61,642.89,747.0,-67.0,1622.3007,18.0,18.0,Super Ideal,D,VS2,1.18,IGI,2610.0
1226,Vespera Gems,2,Round,1,1,0,9.3,805.0,682.2,793.0,-64.0,1584.0009,18.0,18.0,Super Ideal,D,VS2,1.18,IGI,2610.0
1226,White Lily,2,Round,1,1,0,15.26,808.94,685.54,797.0,-63.0,1586.682,18.0,18.0,Super Ideal,D,VS2,1.18,IGI,2610.0
1227,CV Diamonds,2,Round,1,1,0,17.6,2186.0,1082.18,2153.0,-65.0,4417.5312,18.0,18.0,Super Ideal,G,VVS2,2.02,IGI,8455.0
1227,Cirrus Gems,2,Round,1,1,0,16.5,2123.0,1050.99,2091.0,-65.0,4390.8921,18.0,18.0,Super Ideal,G,VVS2,2.02,IGI,8455.0
1227,Clermont Diamonds,2,Round,1,1,0,10.76,2176.0,1077.23,2143.0,-65.0,4443.9995,18.0,18.0,Super Ideal,G,VVS2,2.02,IGI,8455.0
1227,Ember Star,2,Round,1,1,0,10.51,2170.0,1074.26,2137.0,-65.0,4391.4692,18.0,18.0,Super Ideal,G,VVS2,2.02,IGI,8455.0
1227,Hazel Diamonds,2,Round,1,1,0,10.51,2112.0,1045.54,2080.0,-66.0,4396.7974,18.0,18.0,Super Ideal,G,VVS2,2.02,IGI,8455.0
1227,Jane Brear,2,Round,1,1,0,10.56,2149.0,1063.86,2117.0,-65.0,4452.1611,18.0,18.0,Super Ideal,G,VVS2,2.02,IGI,8455.0
1227,Meridian Crafts,2,Round,1,1,0,11.62,2161.0,1069.8,2129.0,-65.0,4433.022,18.0,18.0,Super Ideal,G,VVS2,2.02,IGI,8455.0
1227,Michelle Kennedy,2,Round,1,1,0,17.75,2220.0,1099.01,2187.0,-64.0,4390.2529,18.0,18.0,Super Ideal,G,VVS2,2.02,IGI,8455.0
1227,N. B. Diamonds,2,Round,1,1,0,13.27,2150.0,1064.36,2118.0,-65.0,4413.3452,18.0,18.0,Super Ideal,G,VVS2,2.02,IGI,8455.0
1227,Sigma Diamonds,2,Round,1,1,0,15.83,2177.0,1077.72,2144.0,-65.0,4400.7451,18.0,18.0,Super Ideal,G,VVS2,2.02,IGI,8455.0
1227,Sonata Gems,2,Round,1,1,0,10.42,2179.0,1078.71,2146.0,-64.0,4387.4844,18.0,18.0,Super Ideal,G,VVS2,2.02,IGI,8455.0
1227,Taiga Gems,2,Round,1,1,0,13.61,2145.0,1061.88,2113.0,-65.0,4343.9546,18.0,18.0,Super Ideal,G,VVS2,2.02,IGI,8455.0
1227,Temperley,2,Round,1,1,0,10.81,2175.0,1076.73,2142.0,-65.0,4423.521,18.0,18.0,Super Ideal,G,VVS2,2.02,IGI,8455.0
1227,Westport Jewelry,2,Round,1,1,0,14.79,2129.0,1053.96,2097.0,-65.0,4339.9546,18.0,18.0,Super Ideal,G,VVS2,2.02,IGI,8455.0
1227,White Lily,2,Round,1,1,0,14.84,2203.0,1090.59,2170.0,-63.0,4278.2461,18.0,18.0,Super Ideal,G,VVS2,2.02,IGI,8455.0
1233,Artemis Stones,2,Round,1,1,0,21.44,2079.9,916.26,2049.0,-63.0,4048.5496,18.0,18.0,Super Ideal,G,VS1,2.27,IGI,7810.0
1233,Cirrus Gems,2,Round,1,1,0,21.38,2050.0,903.08,2019.0,-64.0,4121.0112,18.0,18.0,Super Ideal,G,VS1,2.27,IGI,7810.0
1233,Clermont Diamonds,2,Round,1,1,0,12.95,2100.0,925.11,2068.0,-63.0,4091.0254,18.0,18.0,Super Ideal,G,VS1,2.27,IGI,7810.0
1233,Ember Star,2,Round,1,1,0,13.68,2048.0,902.2,2017.0,-65.0,4168.4209,18.0,18.0,Super Ideal,G,VS1,2.27,IGI,7810.0
1233,Fuji Diamonds,2,Round,1,1,0,40.94,2124.0,935.68,2092.0,-63.0,4118.6924,18.0,18.0,Super Ideal,G,VS1,2.27,IGI,7810.0
1233,N. B. Diamonds,2,Round,1,1,0,19.97,2115.61,931.99,2084.0,-64.0,4166.5615,18.0,18.0,Super Ideal,G,VS1,2.27,IGI,7810.0
1233,Periwinkle Stones,2,Round,1,1,0,16.88,2139.0,942.29,2107.0,-63.0,4186.4785,18.0,18.0,Super Ideal,G,VS1,2.27,IGI,7810.0
1233,Tamara,2,Round,1,1,0,19.47,2145.0,944.93,2113.0,-63.0,4161.0581,18.0,18.0,Super Ideal,G,VS1,2.27,IGI,7810.0
1233,Temperley,2,Round,1,1,0,20.69,2221.0,978.41,2188.0,-62.0,4178.0664,18.0,18.0,Super Ideal,G,VS1,2.27,IGI,7810.0
1233,White Lily,2,Round,1,1,0,17.38,2137.0,941.41,2105.0,-63.0,4120.3633,18.0,18.0,Super Ideal,G,VS1,2.27,IGI,7810.0
1235,Avignon Diamonds,2,Round,1,1,0,77.39,330.0,471.43,325.0,-57.0,551.0511,18.0,18.0,Super Ideal,E,VS1,0.7,IGI,1194.29
1235,BonDiam,2,Round,1,1,0,10.51,351.24,501.77,346.0,-51.0,513.9043,18.0,18.0,Super Ideal,E,VS1,0.7,IGI,1194.29
1235,Jane Brear,2,Round,1,1,0,11.69,340.0,485.71,335.0,-55.0,539.442,18.0,18.0,Super Ideal,E,VS1,0.7,IGI,1194.29
1235,Meridian Crafts,2,Round,1,1,0,11.44,318.0,454.29,313.0,-57.0,533.6995,18.0,18.0,Super Ideal,E,VS1,0.7,IGI,1194.29
1235,Michelle Kennedy,2,Round,1,1,0,13.32,391.04,558.63,385.0,-49.0,545.3372,18.0,18.0,Super Ideal,E,VS1,0.7,IGI,1194.29
1235,Nova Stars,2,Round,1,1,0,12.1,310.0,442.86,305.0,-60.0,557.4421,18.0,18.0,Super Ideal,E,VS1,0.7,IGI,1194.29
1235,Riviera Jewels,2,Round,1,1,0,11.67,311.0,444.29,306.0,-59.0,538.9711,18.0,18.0,Super Ideal,E,VS1,0.7,IGI,1194.29
1235,Starlight Crafts,2,Round,1,1,0,10.64,305.0,435.71,300.0,-60.0,548.6207,18.0,18.0,Super Ideal,E,VS1,0.7,IGI,1194.29
1235,Temperley,2,Round,1,1,0,11.17,336.0,480.0,331.0,-57.0,560.7677,18.0,18.0,Super Ideal,E,VS1,0.7,IGI,1194.29
1235,White Lily,2,Round,1,1,0,12.19,336.0,480.0,331.0,-54.0,519.7173,18.0,18.0,Super Ideal,E,VS1,0.7,IGI,1194.29
1237,BonDiam,2,Radiant,1,1,0,18.52,358.2,504.51,353.0,-68.0,733.2104,15.0,15.0,Very Good,D,VS2,0.71,IGI,1250.0
1237,Jane Brear,2,Radiant,1,1,0,11.66,383.08,539.55,377.0,-62.0,652.9517,15.0,15.0,Very Good,D,VS2,0.71,IGI,1250.0
1237,Promenade Jewelry,2,Radiant,1,2,0,17.1,344.56,485.3,339.0,-68.0,708.1828,14.0,15.0,Very Good,D,VS2,0.71,IGI,1250.0
1243,Eterna Luxe,2,Round,1,1,0,13.71,761.0,784.54,750.0,-54.0,1195.178,18.0,18.0,Ideal,E,VVS2,0.97,IGI,2395.0
1243,Jane Brear,2,Round,1,1,0,12.54,768.0,791.75,756.0,-53.0,1158.8749,18.0,18.0,Ideal,E,VVS2,0.97,IGI,2395.0
1243,Mei & Co,2,Round,1,1,0,17.31,759.18,782.66,748.0,-54.0,1187.3013,18.0,18.0,Ideal,E,VVS2,0.97,IGI,2395.0
1243,Meridian Gems,2,Round,1,1,0,15.4,762.17,785.74,751.0,-51.0,1119.4652,18.0,18.0,Ideal,E,VVS2,0.97,IGI,2395.0
1243,Michelle Kennedy,2,Round,1,1,0,17.46,791.02,815.48,779.0,-51.0,1152.0238,18.0,18.0,Ideal,E,VVS2,0.97,IGI,2395.0
1243,Nova Stars,2,Round,1,1,0,14.89,744.26,767.28,733.0,-56.0,1204.6536,18.0,18.0,Ideal,E,VVS2,0.97,IGI,2395.0
1243,Roma Diamonds,2,Round,1,1,0,15.65,745.0,768.04,734.0,-55.0,1180.9772,18.0,18.0,Ideal,E,VVS2,0.97,IGI,2395.0
1243,Taiga Gems,2,Round,1,1,0,13.98,758.0,781.44,747.0,-55.0,1196.2719,18.0,18.0,Ideal,E,VVS2,0.97,IGI,2395.0
1243,Tamara,2,Round,1,1,0,17.5,756.0,779.38,745.0,-53.0,1146.9806,18.0,18.0,Ideal,E,VVS2,0.97,IGI,2395.0
1243,Temperley,2,Round,1,1,0,11.44,732.0,754.64,721.0,-53.0,1104.7922,18.0,18.0,Ideal,E,VVS2,0.97,IGI,2395.0
1243,White Lily,2,Round,1,1,0,19.22,742.27,765.23,731.0,-54.0,1165.6602,17.0,18.0,Ideal,E,VVS2,0.97,IGI,2395.0
1247,Jane Brear,2,Round,1,1,0,15.97,1115.0,684.05,1098.0,-49.0,1576.7026,18.0,18.0,Ideal,I,VS2,1.63,IGI,2895.0
1247,Temperley,2,Round,1,1,0,13.74,1969.1,1208.04,1940.0,-15.0,1667.5233,18.0,18.0,Ideal,I,VS2,1.63,IGI,2895.0
1255,Cirrus Gems,2,Round,2,1,0,19.79,2391.0,952.59,2355.0,-57.0,3971.3713,17.0,18.0,Very Good,I,VVS2,2.51,IGI,7230.0
1257,Michelle Kennedy,2,Round,1,1,0,15.84,1075.0,746.53,1059.0,-49.0,1516.7108,18.0,18.0,Ideal,E,SI1,1.44,IGI,2990.0
1257,Roma Diamonds,2,Round,1,1,0,40.58,1343.0,932.64,1323.0,-35.0,1480.9413,18.0,18.0,Ideal,E,SI1,1.44,IGI,2990.0
1257,Taiga Gems,2,Round,1,1,0,16.34,1049.0,728.47,1033.0,-50.0,1490.1018,18.0,18.0,Ideal,E,SI1,1.44,IGI,2990.0
1257,Temperley,2,Round,1,1,0,18.91,1050.0,729.17,1034.0,-48.0,1437.5862,18.0,18.0,Ideal,E,SI1,1.44,IGI,2990.0
1257,The Diamond Source,2,Round,1,1,0,15.96,1043.76,724.83,1028.0,-48.0,1439.2323,18.0,18.0,Ideal,E,SI1,1.44,IGI,2990.0
1257,Vega Diamonds,2,Round,1,1,0,14.88,1036.0,719.44,1020.0,-51.0,1529.153,18.0,18.0,Ideal,E,SI1,1.44,IGI,2990.0
1258,Cirrus Gems,2,Round,1,1,0,19.67,1269.0,725.14,1250.0,-53.0,1947.7349,18.0,18.0,Super Ideal,I,VS1,1.75,IGI,3560.0
1258,Jane Brear,2,Round,1,1,0,13.64,1273.6,727.77,1254.0,-53.0,1930.3477,18.0,18.0,Super Ideal,I,VS1,1.75,IGI,3560.0
1258,Michelle Kennedy,2,Round,1,1,0,15.28,2321.34,1326.48,2287.0,-15.0,1953.796,18.0,18.0,Super Ideal,I,VS1,1.75,IGI,3560.0
1261,Jane Brear,2,Round,1,1,0,13.84,919.0,729.37,905.0,-61.0,1675.6022,18.0,18.0,Super Ideal,D,SI1,1.26,IGI,2410.0
1261,Silva Diamonds,2,Round,1,1,0,13.1,875.0,694.44,862.0,-61.0,1590.7047,18.0,18.0,Super Ideal,D,SI1,1.26,IGI,2410.0
1261,Taiga Gems,2,Round,1,1,0,12.59,884.0,701.59,871.0,-61.0,1638.7831,18.0,18.0,Super Ideal,D,SI1,1.26,IGI,2410.0
1261,Temperley,2,Round,1,2,0,13.29,1032.0,819.05,1017.0,-56.0,1663.8538,18.0,18.0,Super Ideal,D,SI1,1.26,IGI,2410.0
1262,Irene Jewelry,2,Pear,1,2,0,16.12,343.0,423.46,338.0,-52.0,460.1581,15.0,15.0,Very Good,F,VS2,0.81,IGI,1220.0
1265,Bayside Gems,2,Round,1,1,0,21.88,819.0,671.31,807.0,-68.0,1842.791,18.0,18.0,Super Ideal,D,VS2,1.22,IGI,2688.0
1265,Emilia Sterling,2,Round,1,1,0,10.71,836.0,685.25,823.0,-67.0,1827.3383,18.0,18.0,Super Ideal,D,VS2,1.22,IGI,2688.0
1265,Eternity Fine Jewelers,2,Round,1,1,0,20.25,854.7,700.57,842.0,-67.0,1835.8296,18.0,18.0,Super Ideal,D,VS2,1.22,IGI,2688.0
1265,Genesis Stones,2,Round,1,1,0,14.42,927.0,759.84,913.0,-63.0,1810.892,18.0,18.0,Super Ideal,D,VS2,1.22,IGI,2688.0
1265,Jane Brear,2,Round,1,1,0,11.32,864.0,708.2,851.0,-66.0,1843.0212,18.0,18.0,Super Ideal,D,VS2,1.22,IGI,2688.0
1265,Magnolia,2,Round,1,1,0,17.2,838.0,686.89,825.0,-66.0,1765.8574,18.0,18.0,Super Ideal,D,VS2,1.22,IGI,2688.0
1265,Mei & Co,2,Round,1,1,0,20.44,835.0,684.43,822.0,-66.0,1774.757,18.0,18.0,Super Ideal,D,VS2,1.22,IGI,2688.0
1265,Oasis Diamonds,2,Round,1,1,0,19.09,894.0,732.79,881.0,-65.0,1812.0311,18.0,18.0,Super Ideal,D,VS2,1.22,IGI,2688.0
1265,Periwinkle Stones,2,Round,1,1,0,7.03,870.0,713.11,857.0,-66.0,1818.7802,18.0,18.0,Super Ideal,D,VS2,1.22,IGI,2688.0
1265,Roma Diamonds,2,Round,1,1,0,16.61,837.0,686.07,824.0,-68.0,1850.7914,18.0,18.0,Super Ideal,D,VS2,1.22,IGI,2688.0
1265,Sigma Diamonds,2,Round,1,1,0,16.1,838.0,686.89,825.0,-67.0,1830.8295,18.0,18.0,Super Ideal,D,VS2,1.22,IGI,2688.0
1265,Silva Diamonds,2,Round,1,1,0,11.4,841.0,689.34,828.0,-67.0,1806.0632,18.0,18.0,Super Ideal,D,VS2,1.22,IGI,2688.0
1265,Starlight Crafts,2,Round,1,1,0,11.35,849.0,695.9,836.0,-65.0,1756.3345,18.0,18.0,Super Ideal,D,VS2,1.22,IGI,2688.0
1265,Taiga Gems,2,Round,1,1,0,13.01,831.0,681.15,819.0,-67.0,1827.2257,18.0,18.0,Super Ideal,D,VS2,1.22,IGI,2688.0
1265,Temperley,2,Round,1,1,0,18.16,889.53,729.12,876.0,-65.0,1843.2115,18.0,18.0,Super Ideal,D,VS2,1.22,IGI,2688.0
1265,Tilia Diamonds,2,Round,1,1,0,20.11,848.74,695.69,836.0,-66.0,1801.7783,18.0,18.0,Super Ideal,D,VS2,1.22,IGI,2688.0
1265,Vega Diamonds,2,Round,1,1,0,11.09,828.0,678.69,816.0,-68.0,1869.6821,18.0,18.0,Super Ideal,D,VS2,1.22,IGI,2688.0
1265,White Lily,2,Round,1,1,0,20.01,868.64,712.0,856.0,-66.0,1833.5956,18.0,18.0,Super Ideal,D,VS2,1.22,IGI,2688.0
1271,Promenade Jewelry,2,Emerald,2,2,0,11.57,323.0,556.9,318.0,-41.0,351.3308,14.0,15.0,Very Good,E,VS1,0.58,IGI,740.0
1276,Thalassa Gems,2,Round,1,1,0,14.38,1059.0,687.66,1043.0,-52.0,1574.2607,18.0,18.0,Super Ideal,H,SI1,1.54,IGI,2923.33
1278,Taiga Gems,2,Oval,1,1,0,12.27,2101.44,913.67,2070.0,-64.0,3957.6431,15.0,15.0,Super Ideal,G,SI1,2.3,IGI,6330.0
1285,Temperley,2,Round,1,1,0,13.49,1427.0,1385.44,1406.0,-9.0,1121.4108,18.0,18.0,Super Ideal,I,VS1,1.03,IGI,1744.44
1291,Albert's Creations,2,Round,1,1,0,11.5,345.0,492.86,340.0,-64.0,690.0482,18.0,18.0,Super Ideal,D,VVS2,0.7,IGI,1520.0
1291,Ember Star,2,Round,1,1,0,13.9,339.0,484.29,334.0,-64.0,682.336,18.0,18.0,Super Ideal,D,VVS2,0.7,IGI,1520.0
1291,Eternity Fine Jewelers,2,Round,1,1,0,21.85,356.0,508.57,351.0,-62.0,676.411,18.0,18.0,Super Ideal,D,VVS2,0.7,IGI,1520.0
1291,Hoseki,2,Round,2,1,0,15.03,405.96,579.94,400.0,-58.0,688.8265,18.0,18.0,Super Ideal,D,VVS2,0.7,IGI,1520.0
1291,Infinity Diamonds,2,Round,1,1,0,21.18,356.0,508.57,351.0,-60.0,629.7495,18.0,18.0,Super Ideal,D,VVS2,0.7,IGI,1520.0
1291,Jane Brear,2,Round,1,1,0,90.89,386.0,551.43,380.0,-59.0,675.0929,18.0,18.0,Super Ideal,D,VVS2,0.7,IGI,1520.0
1291,Lotus Creation,2,Round,1,1,0,17.04,398.61,569.44,393.0,-57.0,664.0388,18.0,18.0,Super Ideal,D,VVS2,0.7,IGI,1520.0
1291,Meadow & Co,2,Round,1,1,0,14.91,360.0,514.29,355.0,-63.0,687.4302,18.0,18.0,Super Ideal,D,VVS2,0.7,IGI,1520.0
1291,Mei & Co,2,Round,1,1,0,25.48,346.0,494.29,341.0,-65.0,711.4213,18.0,18.0,Super Ideal,D,VVS2,0.7,IGI,1520.0
1291,Meridian Gems,2,Round,1,1,0,21.71,352.0,502.86,347.0,-60.0,635.5187,18.0,18.0,Super Ideal,D,VVS2,0.7,IGI,1520.0
1291,Michelle Kennedy,2,Round,1,1,0,14.59,377.0,538.57,371.0,-60.0,674.9112,18.0,18.0,Super Ideal,D,VVS2,0.7,IGI,1520.0
1291,Nova Stars,2,Round,1,1,0,18.24,347.0,495.71,342.0,-64.0,687.342,18.0,18.0,Super Ideal,D,VVS2,0.7,IGI,1520.0
1291,Sara's Diamonds,2,Round,1,1,0,53.83,347.0,495.71,342.0,-64.0,689.5976,18.0,18.0,Super Ideal,D,VVS2,0.7,IGI,1520.0
1291,Temperley,2,Round,1,1,0,10.38,377.0,538.57,371.0,-58.0,639.8215,18.0,18.0,Super Ideal,D,VVS2,0.7,IGI,1520.0
1291,White Lily,2,Round,1,1,0,12.92,388.0,554.29,382.0,-60.0,698.1675,18.0,18.0,Super Ideal,D,VVS2,0.7,IGI,1520.0
1292,Lotus Creation,2,Round,1,1,0,13.96,1011.0,639.87,996.0,-62.0,1920.8993,18.0,18.0,Super Ideal,I,VS1,1.58,IGI,3246.0
1292,White Lily,2,Round,1,1,0,18.6,1059.68,670.68,1044.0,-60.0,1893.39,18.0,18.0,Super Ideal,I,VS1,1.58,IGI,3246.0
1293,55 E Diamonds,2,Round,1,1,0,14.49,1081.0,825.19,1065.0,-59.0,1870.0031,18.0,18.0,Ideal,F,VVS2,1.31,IGI,3670.0
1293,Cirrus Gems,2,Round,1,1,0,17.55,1019.0,777.86,1004.0,-62.0,1920.4974,18.0,18.0,Ideal,F,VVS2,1.31,IGI,3670.0
1293,Ember Star,2,Round,1,1,0,13.25,1004.0,766.41,989.0,-62.0,1875.3105,18.0,18.0,Ideal,F,VVS2,1.31,IGI,3670.0
1293,Emilia Sterling,2,Round,1,1,0,15.42,1011.0,771.76,996.0,-61.0,1857.4662,18.0,18.0,Ideal,F,VVS2,1.31,IGI,3670.0
1293,Eterna Luxe,2,Round,1,1,0,12.61,1059.0,808.4,1043.0,-59.0,1866.7367,18.0,18.0,Ideal,F,VVS2,1.31,IGI,3670.0
1293,Iris Diamonds,2,Round,1,1,0,13.71,1039.78,793.73,1024.0,-60.0,1861.8068,18.0,18.0,Ideal,F,VVS2,1.31,IGI,3670.0
1293,Jane Brear,2,Round,1,1,0,16.66,1083.86,827.37,1068.0,-59.0,1883.2251,18.0,18.0,Ideal,F,VVS2,1.31,IGI,3670.0
1293,Marlowe & Co,2,Round,1,1,0,15.76,1056.0,806.11,1040.0,-60.0,1889.454,18.0,18.0,Ideal,F,VVS2,1.31,IGI,3670.0
1293,Roma Diamonds,2,Round,1,1,0,14.78,1047.0,799.24,1031.0,-60.0,1887.6559,18.0,18.0,Ideal,F,VVS2,1.31,IGI,3670.0
1293,Simetría,2,Round,1,1,0,14.56,1050.72,802.08,1035.0,-60.0,1893.9103,18.0,18.0,Ideal,F,VVS2,1.31,IGI,3670.0
1293,Starlight Crafts,2,Round,1,1,0,12.22,1034.0,789.31,1018.0,-61.0,1890.2644,18.0,18.0,Ideal,F,VVS2,1.31,IGI,3670.0
1293,Voyage Diamonds,2,Round,1,1,0,16.05,1138.0,868.7,1121.0,-57.0,1885.5459,18.0,18.0,Ideal,F,VVS2,1.31,IGI,3670.0
1293,White Lily,2,Round,1,1,0,11.44,1119.0,854.2,1102.0,-58.0,1915.199,18.0,18.0,Ideal,F,VVS2,1.31,IGI,3670.0
1296,Albert's Creations,2,Oval,1,1,0,10.66,1626.0,1062.75,1602.0,-59.0,2647.3127,15.0,15.0,Super Ideal,E,VS1,1.53,IGI,6020.0
1296,Avignon Diamonds,2,Oval,1,1,0,17.23,1627.24,1063.56,1603.0,-60.0,2727.2607,15.0,15.0,Super Ideal,E,VS1,1.53,IGI,6020.0
1296,Ember Star,2,Oval,1,1,0,14.9,1623.0,1060.78,1599.0,-60.0,2728.1262,15.0,15.0,Super Ideal,E,VS1,1.53,IGI,6020.0
1296,Fuji Diamonds,2,Oval,1,1,0,18.37,1616.0,1056.21,1592.0,-59.0,2652.7073,15.0,15.0,Super Ideal,E,VS1,1.53,IGI,6020.0
1296,Jane Brear,2,Oval,1,1,0,12.49,1627.0,1063.4,1603.0,-59.0,2679.6226,15.0,15.0,Super Ideal,E,VS1,1.53,IGI,6020.0
1296,Knox Diamonds,2,Oval,1,2,0,11.98,1616.0,1056.21,1592.0,-60.0,2694.8462,15.0,15.0,Super Ideal,E,VS1,1.53,IGI,6020.0
1296,Michelle Kennedy,2,Oval,1,1,0,11.77,1627.0,1063.4,1603.0,-59.0,2668.301,15.0,15.0,Super Ideal,E,VS1,1.53,IGI,6020.0
1296,Periwinkle Stones,2,Oval,1,1,0,16.29,1643.0,1073.86,1618.0,-59.0,2684.2976,15.0,15.0,Super Ideal,E,VS1,1.53,IGI,6020.0
1296,Roma Diamonds,2,Oval,1,1,0,15.09,1609.0,1051.63,1585.0,-60.0,2696.9114,15.0,15.0,Super Ideal,E,VS1,1.53,IGI,6020.0
1296,Rosella,2,Oval,1,1,0,13.05,1565.0,1022.88,1542.0,-62.0,2757.1426,15.0,15.0,Super Ideal,E,VS1,1.53,IGI,6020.0
1296,Serenade Diamonds,2,Oval,1,1,0,18.08,1563.0,1021.57,1540.0,-62.0,2743.0872,15.0,15.0,Super Ideal,E,VS1,1.53,IGI,6020.0
1296,Taiga Gems,2,Oval,1,1,0,12.11,1617.0,1056.86,1593.0,-60.0,2722.272,15.0,15.0,Super Ideal,E,VS1,1.53,IGI,6020.0
1296,Tamara,2,Oval,1,1,0,14.29,1623.0,1060.78,1599.0,-59.0,2668.301,15.0,15.0,Super Ideal,E,VS1,1.53,IGI,6020.0
1296,Temperley,2,Oval,1,1,0,13.73,1627.0,1063.4,1603.0,-59.0,2665.9148,15.0,15.0,Super Ideal,E,VS1,1.53,IGI,6020.0
1296,United Diam,2,Oval,1,1,0,19.24,1580.0,1032.68,1556.0,-60.0,2690.345,15.0,15.0,Super Ideal,E,VS1,1.53,IGI,6020.0
1296,Vega Diamonds,2,Oval,1,1,0,13.83,1577.0,1030.72,1553.0,-60.0,2678.3035,15.0,15.0,Super Ideal,E,VS1,1.53,IGI,6020.0
1296,White Lily,2,Oval,1,1,0,15.25,1624.0,1061.44,1600.0,-59.0,2686.8577,15.0,15.0,Super Ideal,E,VS1,1.53,IGI,6020.0
1297,Michelle Kennedy,2,Pear,2,2,0,16.65,550.24,917.07,542.0,52.0,235.0973,15.0,15.0,Very Good,I,VS2,0.6,IGI,586.67
1300,Cirrus Gems,2,Oval,1,1,0,16.35,913.03,903.99,899.0,-65.0,1758.83,15.0,15.0,Very Good,F,VVS2,1.01,IGI,2420.0
1300,Clermont Diamonds,2,Oval,1,1,0,10.99,939.0,929.7,925.0,-63.0,1711.3115,15.0,15.0,Very Good,F,VVS2,1.01,IGI,2420.0
1300,Diamonds by Zoya,2,Oval,1,1,0,14.64,899.52,890.61,886.0,-65.0,1747.8419,14.0,15.0,Very Good,F,VVS2,1.01,IGI,2420.0
1300,Infinity Diamonds,2,Oval,1,2,0,13.68,942.95,933.61,929.0,-63.0,1705.2048,14.0,15.0,Very Good,F,VVS2,1.01,IGI,2420.0
1300,Kaylin Crafts,2,Oval,1,1,0,16.93,925.58,916.42,912.0,-65.0,1767.5902,14.0,15.0,Very Good,F,VVS2,1.01,IGI,2420.0
1300,Marlowe & Co,2,Oval,1,1,0,11.16,961.0,951.49,947.0,-63.0,1754.8054,15.0,15.0,Very Good,F,VVS2,1.01,IGI,2420.0
1300,Roma Diamonds,2,Oval,1,1,0,36.29,1133.0,1121.78,1116.0,-56.0,1750.7488,14.0,15.0,Very Good,F,VVS2,1.01,IGI,2420.0
1300,Rosella,2,Oval,1,1,0,12.07,904.0,895.05,890.0,-64.0,1710.4368,14.0,15.0,Very Good,F,VVS2,1.01,IGI,2420.0
1300,Tamara,2,Oval,1,1,0,14.51,958.18,948.69,944.0,-63.0,1723.0123,15.0,15.0,Very Good,F,VVS2,1.01,IGI,2420.0
1300,Westport Jewelry,2,Oval,1,1,0,14.19,916.0,906.93,902.0,-64.0,1728.7003,15.0,15.0,Very Good,F,VVS2,1.01,IGI,2420.0
1304,Avignon Diamonds,2,Cushion,1,1,0,16.87,4321.32,1435.65,4257.0,-61.0,7060.4692,15.0,15.0,Super Ideal,G,VS1,3.01,IGI,15280.0
1304,Cirrus Gems,2,Cushion,1,1,0,15.79,4285.03,1423.6,4221.0,-62.0,7106.3062,15.0,15.0,Super Ideal,G,VS1,3.01,IGI,15280.0
1304,Cornerstone,2,Cushion,1,1,0,11.38,4318.0,1434.55,4253.0,-61.0,7061.958,15.0,15.0,Super Ideal,G,VS1,3.01,IGI,15280.0
1304,Diamonds by Zoya,2,Cushion,1,1,0,19.69,4225.8,1403.92,4162.0,-62.0,7084.1821,15.0,15.0,Super Ideal,G,VS1,3.01,IGI,15280.0
1304,Ember Star,2,Cushion,1,1,0,14.09,4405.0,1463.46,4339.0,-61.0,7137.5083,15.0,15.0,Super Ideal,G,VS1,3.01,IGI,15280.0
1304,Fabiola,2,Cushion,1,1,0,14.73,4311.0,1432.23,4246.0,-62.0,7080.291,15.0,15.0,Super Ideal,G,VS1,3.01,IGI,15280.0
1304,Genesis Stones,2,Cushion,1,1,0,18.56,4424.0,1469.77,4358.0,-60.0,7058.3267,15.0,15.0,Super Ideal,G,VS1,3.01,IGI,15280.0
1304,Hazel Diamonds,2,Cushion,1,1,0,17.76,4368.13,1451.21,4303.0,-61.0,7041.1973,15.0,15.0,Super Ideal,G,VS1,3.01,IGI,15280.0
1304,Jane Brear,2,Cushion,1,1,0,16.92,4311.0,1432.23,4246.0,-62.0,7071.4448,15.0,15.0,Super Ideal,G,VS1,3.01,IGI,15280.0
1304,Kenmare Diamonds,2,Cushion,1,1,0,12.4,4665.56,1550.02,4596.0,-59.0,7232.1328,15.0,15.0,Super Ideal,G,VS1,3.01,IGI,15280.0
1304,Lotus Creation,2,Cushion,1,1,0,16.32,4321.32,1435.65,4257.0,-61.0,7071.5054,15.0,15.0,Super Ideal,G,VS1,3.01,IGI,15280.0
1304,Mei & Co,2,Cushion,1,1,0,14.52,4311.0,1432.23,4246.0,-62.0,7094.8745,15.0,15.0,Super Ideal,G,VS1,3.01,IGI,15280.0
1304,Michelle Kennedy,2,Cushion,1,2,0,18.27,4322.28,1435.97,4257.0,-61.0,7044.3462,15.0,15.0,Super Ideal,G,VS1,3.01,IGI,15280.0
1304,Promenade Jewelry,2,Cushion,1,1,0,14.63,4479.49,1488.2,4412.0,-61.0,7246.3374,15.0,15.0,Super Ideal,G,VS1,3.01,IGI,15280.0
1304,Taiga Gems,2,Cushion,1,1,0,17.0,4232.0,1405.98,4169.0,-62.0,7017.1221,15.0,15.0,Super Ideal,G,VS1,3.01,IGI,15280.0
1304,Temperley,2,Cushion,1,1,0,14.32,4496.4,1493.82,4429.0,-60.0,7085.8423,15.0,15.0,Super Ideal,G,VS1,3.01,IGI,15280.0
1304,Thalassa Gems,2,Cushion,2,2,0,12.36,4430.0,1471.76,4364.0,-60.0,6964.9673,15.0,15.0,Super Ideal,G,VS1,3.01,IGI,15280.0
1304,Tierra Mia Diamonds,2,Cushion,1,1,0,15.6,4270.7,1418.84,4207.0,-62.0,7025.001,15.0,15.0,Super Ideal,G,VS1,3.01,IGI,15280.0
1304,United Diam,2,Cushion,1,1,0,11.84,4138.0,1374.75,4076.0,-63.0,7113.063,15.0,15.0,Super Ideal,G,VS1,3.01,IGI,15280.0
1304,Verve Jewels,2,Cushion,1,1,0,19.07,4302.0,1429.24,4237.0,-62.0,7048.5537,15.0,15.0,Super Ideal,G,VS1,3.01,IGI,15280.0
1304,White Lily,2,Cushion,1,1,0,11.2,4514.32,1499.77,4447.0,-60.0,7061.958,15.0,15.0,Super Ideal,G,VS1,3.01,IGI,15280.0
1311,Cirrus Gems,2,Round,1,2,0,16.95,1615.66,1055.99,1591.0,-63.0,3099.6047,15.0,18.0,Very Good,E,VVS2,1.53,IGI,5690.0
1316,Avignon Diamonds,2,Oval,1,1,0,18.86,1714.0,1112.99,1688.0,-58.0,2735.9026,15.0,15.0,Super Ideal,D,VS1,1.54,IGI,5350.0
1316,Bayside Gems,2,Oval,1,1,0,19.23,1719.9,1116.82,1694.0,-58.0,2769.1409,15.0,15.0,Super Ideal,D,VS1,1.54,IGI,5350.0
1316,Fuji Diamonds,2,Oval,1,1,0,16.03,1729.55,1123.08,1704.0,-57.0,2723.4082,15.0,15.0,Super Ideal,D,VS1,1.54,IGI,5350.0
1316,Jane Brear,2,Oval,1,1,0,11.48,1733.0,1125.32,1707.0,-57.0,2736.5195,15.0,15.0,Super Ideal,D,VS1,1.54,IGI,5350.0
1316,Marlene Crafts,2,Oval,1,1,0,16.58,1718.0,1115.58,1692.0,-58.0,2774.6565,15.0,15.0,Super Ideal,D,VS1,1.54,IGI,5350.0
1316,Mei & Co,2,Oval,1,1,0,16.72,1724.34,1119.7,1698.0,-59.0,2824.9153,15.0,15.0,Super Ideal,D,VS1,1.54,IGI,5350.0
1316,Michelle Kennedy,2,Oval,1,1,0,13.09,1731.0,1124.03,1705.0,-59.0,2843.8462,15.0,15.0,Super Ideal,D,VS1,1.54,IGI,5350.0
1316,Rosella,2,Oval,1,1,0,13.74,1672.0,1085.71,1647.0,-60.0,2819.1438,15.0,15.0,Super Ideal,D,VS1,1.54,IGI,5350.0
1316,Serenade Diamonds,2,Oval,1,1,0,12.29,1666.0,1081.82,1641.0,-59.0,2744.5081,15.0,15.0,Super Ideal,D,VS1,1.54,IGI,5350.0
1316,Taiga Gems,2,Oval,1,1,0,12.52,1722.0,1118.18,1696.0,-58.0,2789.7153,15.0,15.0,Super Ideal,D,VS1,1.54,IGI,5350.0
1316,Temperley,2,Oval,1,1,0,16.51,1686.0,1094.81,1661.0,-59.0,2802.8396,15.0,15.0,Super Ideal,D,VS1,1.54,IGI,5350.0
1316,The Diamond Source,2,Oval,1,1,0,14.67,1711.0,1111.04,1685.0,-58.0,2740.6555,15.0,15.0,Super Ideal,D,VS1,1.54,IGI,5350.0
1316,Tierra Mia Diamonds,2,Oval,1,1,0,10.87,1682.0,1092.21,1657.0,-59.0,2765.7332,15.0,15.0,Super Ideal,D,VS1,1.54,IGI,5350.0
1316,United Diam,2,Oval,1,1,0,18.26,1699.63,1103.66,1674.0,-58.0,2758.1558,15.0,15.0,Super Ideal,D,VS1,1.54,IGI,5350.0
1316,White Lily,2,Oval,1,1,0,13.36,1733.0,1125.32,1707.0,-57.0,2746.458,15.0,15.0,Super Ideal,D,VS1,1.54,IGI,5350.0
1316,Zimmerman Diamonds,2,Oval,1,1,0,16.65,1722.0,1118.18,1696.0,-58.0,2773.3669,15.0,15.0,Super Ideal,D,VS1,1.54,IGI,5350.0
1317,Artemis Stones,2,Emerald,1,1,0,12.25,801.0,748.6,789.0,-63.0,1388.47,15.0,15.0,Super Ideal,F,VS1,1.07,IGI,2300.0
1317,Cirrus Gems,2,Emerald,1,1,0,13.29,803.97,751.37,792.0,-63.0,1379.2958,15.0,15.0,Super Ideal,F,VS1,1.07,IGI,2300.0
1317,Diamonds by Zoya,2,Emerald,1,1,0,17.23,781.77,730.63,770.0,-64.0,1387.3046,15.0,15.0,Super Ideal,F,VS1,1.07,IGI,2300.0
1317,Emilia Sterling,2,Emerald,1,1,0,16.44,787.0,735.51,775.0,-63.0,1354.4093,15.0,15.0,Super Ideal,F,VS1,1.07,IGI,2300.0
1317,Jane Brear,2,Emerald,1,1,0,16.79,840.0,785.05,827.0,-60.0,1360.098,15.0,15.0,Super Ideal,F,VS1,1.07,IGI,2300.0
1317,Lotus Creation,2,Emerald,1,1,0,17.53,805.0,752.34,793.0,-62.0,1363.9379,15.0,15.0,Super Ideal,F,VS1,1.07,IGI,2300.0
1317,Marlowe & Co,2,Emerald,1,1,0,12.63,858.68,802.5,846.0,-59.0,1332.4205,15.0,15.0,Super Ideal,F,VS1,1.07,IGI,2300.0
1317,Michelle Kennedy,2,Emerald,1,1,0,11.65,830.0,775.7,818.0,-61.0,1382.7285,15.0,15.0,Super Ideal,F,VS1,1.07,IGI,2300.0
1317,Periwinkle Stones,2,Emerald,1,1,0,11.69,821.0,767.29,809.0,-61.0,1360.098,15.0,15.0,Super Ideal,F,VS1,1.07,IGI,2300.0
1317,Serene Peaks Diamonds,2,Emerald,1,1,0,12.18,810.0,757.01,798.0,-61.0,1327.4224,15.0,15.0,Super Ideal,F,VS1,1.07,IGI,2300.0
1317,Sonata Gems,2,Emerald,1,1,0,13.9,826.84,772.75,814.0,-62.0,1391.2932,15.0,15.0,Super Ideal,F,VS1,1.07,IGI,2300.0
1317,Tamara,2,Emerald,1,1,0,12.48,829.83,775.54,817.0,-62.0,1402.0144,15.0,15.0,Super Ideal,F,VS1,1.07,IGI,2300.0
1317,Temperley,2,Emerald,1,1,0,12.89,815.0,761.68,803.0,-62.0,1365.6543,15.0,15.0,Super Ideal,F,VS1,1.07,IGI,2300.0
1317,Vespera Gems,2,Emerald,1,1,0,17.66,804.0,751.4,792.0,-63.0,1402.0144,15.0,15.0,Super Ideal,F,VS1,1.07,IGI,2300.0
1323,Diamonds by Zoya,2,Pear,2,2,0,81.85,327.0,628.85,322.0,-45.0,388.6294,15.0,15.0,Super Ideal,E,VS1,0.52,IGI,680.0
1323,Eternal Flame,2,Pear,2,2,0,13.3,342.0,657.69,337.0,-52.0,466.4035,15.0,15.0,Super Ideal,E,VS1,0.52,IGI,680.0
1323,Hoseki,2,Pear,1,2,0,13.54,338.0,650.0,333.0,-44.0,388.6294,15.0,15.0,Super Ideal,E,VS1,0.52,IGI,680.0
1323,Jane Brear,2,Pear,1,2,0,81.06,346.0,665.38,341.0,-37.0,357.4055,15.0,15.0,Super Ideal,E,VS1,0.52,IGI,680.0
1323,Michelle Kennedy,2,Pear,2,1,0,15.15,347.26,667.81,342.0,-42.0,388.3625,15.0,15.0,Super Ideal,E,VS1,0.52,IGI,680.0
1323,White Lily,2,Pear,1,2,0,16.75,347.26,667.81,342.0,-49.0,437.8296,15.0,15.0,Super Ideal,E,VS1,0.52,IGI,680.0
1324,Marlowe & Co,2,Pear,1,1,0,17.75,758.19,743.32,747.0,-64.0,1348.1593,15.0,15.0,Super Ideal,G,VS2,1.02,IGI,2020.0
1324,Mei & Co,2,Pear,1,1,0,11.56,741.0,726.47,730.0,-66.0,1407.288,15.0,15.0,Super Ideal,G,VS2,1.02,IGI,2020.0
1324,N. B. Diamonds,2,Pear,1,1,0,17.08,778.0,762.75,766.0,-64.0,1398.4193,15.0,15.0,Super Ideal,G,VS2,1.02,IGI,2020.0
1324,Periwinkle Stones,2,Pear,1,1,0,10.11,741.0,726.47,730.0,-65.0,1386.4636,15.0,15.0,Super Ideal,G,VS2,1.02,IGI,2020.0
1324,Serene Peaks Diamonds,2,Pear,1,1,0,14.9,743.26,728.69,732.0,-66.0,1425.4775,15.0,15.0,Super Ideal,G,VS2,1.02,IGI,2020.0
1324,Temperley,2,Pear,1,1,0,13.91,766.15,751.13,755.0,-65.0,1430.771,15.0,15.0,Super Ideal,G,VS2,1.02,IGI,2020.0
1324,Tierra Mia Diamonds,2,Pear,2,1,0,17.82,719.0,704.9,708.0,-66.0,1377.1915,15.0,15.0,Super Ideal,G,VS2,1.02,IGI,2020.0
1324,White Lily,2,Pear,1,2,0,16.85,760.18,745.27,749.0,-64.0,1359.9885,15.0,15.0,Super Ideal,G,VS2,1.02,IGI,2020.0
1326,Cirrus Gems,2,Princess,1,1,0,24.06,1376.3,911.46,1356.0,-65.0,2517.6836,15.0,15.0,Super Ideal,G,VS1,1.51,IGI,3996.67
1326,Eterna Luxe,2,Princess,1,1,0,14.95,1382.0,915.23,1361.0,-64.0,2432.5098,15.0,15.0,Super Ideal,G,VS1,1.51,IGI,3996.67
1326,Fiona Clément,2,Princess,1,2,0,23.46,1383.0,915.89,1362.0,-64.0,2452.6045,15.0,15.0,Super Ideal,G,VS1,1.51,IGI,3996.67
1326,Jane Brear,2,Princess,1,1,0,20.85,1413.9,936.36,1393.0,-63.0,2435.2852,15.0,15.0,Super Ideal,G,VS1,1.51,IGI,3996.67
1326,La Marquise,2,Princess,1,1,0,24.82,1509.0,999.34,1486.0,-61.0,2478.1743,15.0,15.0,Super Ideal,G,VS1,1.51,IGI,3996.67
1326,Magnolia,2,Princess,2,2,0,12.73,1484.54,983.14,1462.0,-62.0,2451.1755,15.0,15.0,Super Ideal,G,VS1,1.51,IGI,3996.67
1326,Michelle Kennedy,2,Princess,1,1,0,25.16,1408.0,932.45,1387.0,-63.0,2434.5842,15.0,15.0,Super Ideal,G,VS1,1.51,IGI,3996.67
1326,Nebula Stones,2,Princess,1,1,0,22.7,1410.91,934.38,1390.0,-64.0,2478.4719,15.0,15.0,Super Ideal,G,VS1,1.51,IGI,3996.67
1326,Nova Stars,2,Princess,1,1,0,15.0,1382.0,915.23,1361.0,-64.0,2461.0225,15.0,15.0,Super Ideal,G,VS1,1.51,IGI,3996.67
1326,Serene Peaks Diamonds,2,Princess,1,1,0,21.9,1408.0,932.45,1387.0,-63.0,2415.4651,15.0,15.0,Super Ideal,G,VS1,1.51,IGI,3996.67
1326,Sigma Diamonds,2,Princess,1,1,0,23.1,1432.8,948.87,1411.0,-63.0,2433.7261,15.0,15.0,Super Ideal,G,VS1,1.51,IGI,3996.67
1326,Sunset Gems,2,Princess,1,1,0,23.58,1394.0,923.18,1373.0,-64.0,2467.0085,15.0,15.0,Super Ideal,G,VS1,1.51,IGI,3996.67
1326,Taiga Gems,2,Princess,1,1,0,17.15,1340.0,887.42,1320.0,-65.0,2408.0317,15.0,15.0,Super Ideal,G,VS1,1.51,IGI,3996.67
1326,Temperley,2,Princess,1,1,0,22.37,1384.99,917.21,1364.0,-64.0,2445.1321,15.0,15.0,Super Ideal,G,VS1,1.51,IGI,3996.67
1326,Thalassa Gems,2,Princess,1,1,0,13.86,1377.0,911.92,1356.0,-64.0,2425.011,15.0,15.0,Super Ideal,G,VS1,1.51,IGI,3996.67
1326,White Lily,2,Princess,1,1,0,24.63,1421.67,941.5,1400.0,-64.0,2494.0017,15.0,15.0,Super Ideal,G,VS1,1.51,IGI,3996.67
1334,Fabiola,2,Round,1,1,0,12.39,1405.0,851.52,1384.0,-56.0,2297.1284,18.0,18.0,Ideal,G,VS1,1.65,IGI,4280.0
1334,Michelle Kennedy,2,Round,1,1,0,13.19,1417.0,858.79,1396.0,-57.0,2366.6072,18.0,18.0,Ideal,G,VS1,1.65,IGI,4280.0
1334,White Lily,2,Round,1,1,0,15.72,1453.0,880.61,1431.0,-57.0,2397.3477,18.0,18.0,Ideal,G,VS1,1.65,IGI,4280.0
1342,Michelle Kennedy,2,Round,1,1,0,11.76,2205.0,1185.48,2172.0,-24.0,2063.741,18.0,18.0,Ideal,I,SI1,1.86,IGI,3240.0
1343,Artemis Stones,2,Round,1,1,0,14.57,3973.0,1324.33,3913.0,-67.0,8611.8057,18.0,18.0,Ideal,G,VS1,3.0,IGI,16330.0
1343,Diamonds by Zoya,2,Round,1,1,0,95.56,4074.0,1358.0,4013.0,-65.0,8327.7949,18.0,18.0,Ideal,G,VS1,3.0,IGI,16330.0
1343,Jane Brear,2,Round,1,1,0,13.65,4078.0,1359.33,4017.0,-66.0,8588.2607,18.0,18.0,Ideal,G,VS1,3.0,IGI,16330.0
1343,Mei & Co,2,Round,1,1,0,11.55,4060.0,1353.33,3999.0,-66.0,8558.585,18.0,18.0,Ideal,G,VS1,3.0,IGI,16330.0
1343,Michelle Kennedy,2,Round,1,1,0,14.65,4432.72,1477.57,4366.0,-63.0,8576.5469,17.0,18.0,Ideal,G,VS1,3.0,IGI,16330.0
1343,Nova Stars,2,Round,1,1,0,12.11,4060.0,1353.33,3999.0,-66.0,8630.082,18.0,18.0,Ideal,G,VS1,3.0,IGI,16330.0
1343,Roma Diamonds,2,Round,1,1,0,10.45,4070.0,1356.67,4009.0,-67.0,8755.1455,18.0,18.0,Ideal,G,VS1,3.0,IGI,16330.0
1343,Sonata Gems,2,Round,1,1,0,15.84,4060.0,1353.33,3999.0,-66.0,8671.8291,18.0,18.0,Ideal,G,VS1,3.0,IGI,16330.0
1343,Temperley,2,Round,1,1,0,18.57,4137.21,1379.07,4075.0,-66.0,8813.249,18.0,18.0,Ideal,G,VS1,3.0,IGI,16330.0
1343,Thalassa Gems,2,Round,1,1,0,14.82,4070.0,1356.67,4009.0,-66.0,8475.3994,18.0,18.0,Ideal,G,VS1,3.0,IGI,16330.0
1343,White Lily,2,Round,1,1,0,14.05,4100.0,1366.67,4038.0,-65.0,8418.0312,18.0,18.0,Ideal,G,VS1,3.0,IGI,16330.0
1349,55 E Diamonds,2,Cushion,1,1,0,18.19,2190.0,1052.88,2157.0,-63.0,3767.4001,15.0,15.0,Super Ideal,G,VS1,2.08,IGI,7360.0
1349,Cirrus Gems,2,Cushion,1,1,0,15.64,2059.63,990.21,2029.0,-65.0,3716.1401,15.0,15.0,Super Ideal,G,VS1,2.08,IGI,7360.0
1349,Diamonds by Zoya,2,Cushion,1,1,0,94.13,2062.0,991.35,2031.0,-66.0,3841.0188,15.0,15.0,Super Ideal,G,VS1,2.08,IGI,7360.0
1349,Eterna Luxe,2,Cushion,1,1,0,14.97,2087.0,1003.37,2056.0,-65.0,3790.0977,15.0,15.0,Super Ideal,G,VS1,2.08,IGI,7360.0
1349,Fabiola,2,Cushion,1,1,0,13.84,2103.0,1011.06,2071.0,-65.0,3811.2781,15.0,15.0,Super Ideal,G,VS1,2.08,IGI,7360.0
1349,Jane Brear,2,Cushion,1,1,0,12.49,2143.0,1030.29,2111.0,-65.0,3881.1685,15.0,15.0,Super Ideal,G,VS1,2.08,IGI,7360.0
1349,Michelle Kennedy,2,Cushion,1,1,0,8.99,2142.0,1029.81,2110.0,-65.0,3871.6208,15.0,15.0,Super Ideal,G,VS1,2.08,IGI,7360.0
1349,Periwinkle Stones,2,Cushion,1,1,0,13.28,2101.0,1010.1,2069.0,-65.0,3798.6614,15.0,15.0,Super Ideal,G,VS1,2.08,IGI,7360.0
1349,Taiga Gems,2,Cushion,1,1,0,11.13,2078.0,999.04,2047.0,-66.0,3806.6941,15.0,15.0,Super Ideal,G,VS1,2.08,IGI,7360.0
1349,Temperley,2,Cushion,1,1,0,14.81,2103.43,1011.26,2072.0,-64.0,3690.5002,15.0,15.0,Super Ideal,G,VS1,2.08,IGI,7360.0
1349,Vega Diamonds,2,Cushion,1,1,0,15.08,2038.4,980.0,2008.0,-67.0,3867.8765,15.0,15.0,Super Ideal,G,VS1,2.08,IGI,7360.0
1349,White Lily,2,Cushion,1,1,0,13.92,2298.99,1105.28,2265.0,-65.0,4201.4526,15.0,15.0,Super Ideal,G,VS1,2.08,IGI,7360.0
1351,Cirrus Gems,2,Round,1,1,0,19.02,1822.0,880.19,1795.0,-48.0,2495.2844,18.0,18.0,Ideal,H,VS2,2.07,IGI,5400.0
1351,Clermont Diamonds,2,Round,1,1,0,11.36,1792.0,865.7,1765.0,-49.0,2512.9424,18.0,18.0,Ideal,H,VS2,2.07,IGI,5400.0
1351,Mei & Co,2,Round,1,1,0,12.26,1795.0,867.15,1768.0,-49.0,2498.814,18.0,18.0,Ideal,H,VS2,2.07,IGI,5400.0
1351,Michelle Kennedy,2,Round,1,1,0,17.79,1834.0,885.99,1806.0,-48.0,2513.8083,18.0,18.0,Ideal,H,VS2,2.07,IGI,5400.0
1351,Taiga Gems,2,Round,1,1,0,14.48,1830.0,884.06,1803.0,-47.0,2463.5947,18.0,18.0,Ideal,H,VS2,2.07,IGI,5400.0
1351,Vega Diamonds,2,Round,1,1,0,20.15,1795.0,867.15,1768.0,-50.0,2576.0083,18.0,18.0,Ideal,H,VS2,2.07,IGI,5400.0
1351,White Lily,2,Round,1,1,0,18.3,1835.0,886.47,1807.0,-42.0,2258.3179,18.0,18.0,Ideal,H,VS2,2.07,IGI,5400.0
1357,Camden Gems,2,Round,1,1,0,13.87,1642.0,1087.42,1617.0,-59.0,2889.3853,18.0,18.0,Ideal,F,VVS2,1.51,IGI,5240.0
1357,Cirrus Gems,2,Round,1,2,0,16.91,1616.63,1070.62,1592.0,-60.0,2890.7979,18.0,18.0,Ideal,F,VVS2,1.51,IGI,5240.0
1357,Clara Belle Gems,2,Round,1,1,0,13.61,1634.0,1082.12,1609.0,-59.0,2886.8354,18.0,18.0,Ideal,F,VVS2,1.51,IGI,5240.0
1357,Clermont Diamonds,2,Round,1,1,0,14.43,1660.66,1099.77,1636.0,-60.0,2937.1794,18.0,18.0,Ideal,F,VVS2,1.51,IGI,5240.0
1357,Ember Star,2,Round,1,1,0,10.21,1640.0,1086.09,1615.0,-60.0,2913.1814,17.0,18.0,Ideal,F,VVS2,1.51,IGI,5240.0
1357,Fabiola,2,Round,1,1,0,13.18,1637.0,1084.11,1612.0,-60.0,2957.6355,18.0,18.0,Ideal,F,VVS2,1.51,IGI,5240.0
1357,Hazel Diamonds,2,Round,1,1,0,14.31,1608.0,1064.9,1584.0,-59.0,2818.05,18.0,18.0,Ideal,F,VVS2,1.51,IGI,5240.0
1357,Iris Diamonds,2,Round,1,1,0,93.33,1642.0,1087.42,1617.0,-59.0,2846.0225,18.0,18.0,Ideal,F,VVS2,1.51,IGI,5240.0
1357,Jane Brear,2,Round,1,1,0,12.76,1677.57,1110.97,1652.0,-58.0,2838.2114,18.0,18.0,Ideal,F,VVS2,1.51,IGI,5240.0
1357,Knox Diamonds,2,Round,1,1,0,11.01,1642.0,1087.42,1617.0,-59.0,2878.3438,18.0,18.0,Ideal,F,VVS2,1.51,IGI,5240.0
1357,Marlowe & Co,2,Round,1,1,0,15.09,1670.0,1105.96,1645.0,-58.0,2857.5872,18.0,18.0,Ideal,F,VVS2,1.51,IGI,5240.0
1357,Michelle Kennedy,2,Round,1,1,0,10.92,1683.0,1114.57,1658.0,-58.0,2898.1702,18.0,18.0,Ideal,F,VVS2,1.51,IGI,5240.0
1357,Oasis Diamonds,2,Round,1,1,0,16.01,1699.0,1125.17,1674.0,-58.0,2914.9031,18.0,18.0,Ideal,F,VVS2,1.51,IGI,5240.0
1357,Periwinkle Stones,2,Round,1,1,0,11.02,1671.0,1106.62,1646.0,-59.0,2912.7825,18.0,18.0,Ideal,F,VVS2,1.51,IGI,5240.0
1357,Rosella,2,Round,1,1,0,10.71,1621.0,1073.51,1597.0,-61.0,2942.5874,18.0,18.0,Ideal,F,VVS2,1.51,IGI,5240.0
1357,Silva Diamonds,2,Round,1,1,0,13.44,1633.0,1081.46,1609.0,-60.0,2908.5503,18.0,18.0,Ideal,F,VVS2,1.51,IGI,5240.0
1357,Tamara,2,Round,1,1,0,12.84,1654.0,1095.36,1629.0,-59.0,2858.2947,18.0,18.0,Ideal,F,VVS2,1.51,IGI,5240.0
1357,Temperley,2,Round,1,1,0,93.21,1668.0,1104.64,1643.0,-59.0,2920.1499,18.0,18.0,Ideal,F,VVS2,1.51,IGI,5240.0
1357,Thalassa Gems,2,Round,1,1,0,12.36,1640.0,1086.09,1615.0,-60.0,2910.3391,18.0,18.0,Ideal,F,VVS2,1.51,IGI,5240.0
1357,Tilia Diamonds,2,Round,1,1,0,12.79,1654.68,1095.81,1630.0,-59.0,2891.0281,18.0,18.0,Ideal,F,VVS2,1.51,IGI,5240.0
1357,White Lily,2,Round,1,1,0,12.78,1661.0,1100.0,1636.0,-58.0,2843.6499,18.0,18.0,Ideal,F,VVS2,1.51,IGI,5240.0
1362,Michelle Kennedy,2,Round,1,1,0,16.07,386.0,632.79,380.0,-37.0,438.3564,18.0,18.0,Super Ideal,D,SI1,0.61,IGI,810.0
1364,Taiga Gems,2,Oval,1,1,0,17.99,1810.0,849.77,1783.0,-61.0,3165.5303,15.0,15.0,Very Good,H,VS2,2.13,IGI,5710.0
1374,Cirrus Gems,2,Round,1,1,0,20.71,858.0,733.33,845.0,-54.0,1337.8418,18.0,18.0,Ideal,G,VVS2,1.17,IGI,2810.0
1374,Jane Brear,2,Round,1,1,0,16.98,910.42,778.14,897.0,-51.0,1339.479,18.0,18.0,Ideal,G,VVS2,1.17,IGI,2810.0
1374,Kasai,2,Round,1,1,0,18.96,899.0,768.38,886.0,-50.0,1295.7634,18.0,18.0,Ideal,G,VVS2,1.17,IGI,2810.0
1374,Sunset Gems,2,Round,1,1,0,21.75,870.0,743.59,857.0,-54.0,1341.6132,18.0,18.0,Ideal,G,VVS2,1.17,IGI,2810.0
1374,Vespera Gems,2,Round,1,1,0,16.95,874.0,747.01,861.0,-52.0,1308.9294,18.0,18.0,Ideal,G,VVS2,1.17,IGI,2810.0
1374,White Lily,2,Round,1,1,0,17.66,906.0,774.36,892.0,-50.0,1296.9155,18.0,18.0,Ideal,G,VVS2,1.17,IGI,2810.0
1375,Cirrus Gems,2,Round,1,1,0,14.78,1020.0,772.73,1005.0,-62.0,1911.5978,18.0,18.0,Ideal,F,VVS2,1.32,IGI,3715.0
1375,Emilia Sterling,2,Round,1,1,0,14.65,1024.0,775.76,1009.0,-62.0,1905.4657,18.0,18.0,Ideal,F,VVS2,1.32,IGI,3715.0
1375,Eterna Luxe,2,Round,1,1,0,12.86,1061.0,803.79,1045.0,-60.0,1896.7734,18.0,18.0,Ideal,F,VVS2,1.32,IGI,3715.0
1375,Marlowe & Co,2,Round,1,1,0,11.9,1101.46,834.44,1085.0,-58.0,1898.545,18.0,18.0,Ideal,F,VVS2,1.32,IGI,3715.0
1375,Oasis Diamonds,2,Round,1,1,0,11.23,1086.0,822.73,1070.0,-59.0,1887.5553,18.0,18.0,Ideal,F,VVS2,1.32,IGI,3715.0
1375,Rosella,2,Round,1,1,0,12.87,1035.0,784.09,1019.0,-61.0,1910.0032,18.0,18.0,Ideal,F,VVS2,1.32,IGI,3715.0
1375,Silva Diamonds,2,Round,1,1,0,12.14,1035.0,784.09,1019.0,-60.0,1849.1373,18.0,18.0,Ideal,F,VVS2,1.32,IGI,3715.0
1375,Starlight Crafts,2,Round,1,1,0,11.32,1035.0,784.09,1019.0,-61.0,1905.6442,18.0,18.0,Ideal,F,VVS2,1.32,IGI,3715.0
1375,Taiga Gems,2,Round,1,1,0,10.71,1069.62,810.32,1054.0,-60.0,1891.8743,18.0,18.0,Ideal,F,VVS2,1.32,IGI,3715.0
1375,Temperley,2,Round,1,1,0,12.99,1094.0,828.79,1078.0,-59.0,1925.2203,18.0,18.0,Ideal,F,VVS2,1.32,IGI,3715.0
1375,Voyage Diamonds,2,Round,1,1,0,15.26,1139.84,863.52,1123.0,-57.0,1881.5583,18.0,18.0,Ideal,F,VVS2,1.32,IGI,3715.0
1375,White Lily,2,Round,1,1,0,11.53,1068.0,809.09,1052.0,-59.0,1881.71,18.0,18.0,Ideal,F,VVS2,1.32,IGI,3715.0
1381,Hoseki,2,Marquise,1,1,0,14.83,631.0,618.63,622.0,-69.0,1314.9211,15.0,15.0,Super Ideal,G,VS2,1.02,IGI,2050.0
1381,Mei & Co,2,Marquise,1,1,0,15.09,635.8,623.33,626.0,-69.0,1319.2776,15.0,15.0,Super Ideal,G,VS2,1.02,IGI,2050.0
1381,Taiga Gems,2,Marquise,1,1,0,13.48,614.91,602.85,606.0,-71.0,1336.0435,15.0,15.0,Super Ideal,G,VS2,1.02,IGI,2050.0
1384,White Lily,2,Round,1,1,0,14.85,322.0,1038.71,317.0,-38.0,369.5912,18.0,18.0,Ideal,E,VVS2,0.31,IGI,370.0
1388,Albert's Creations,2,Round,1,1,0,11.7,611.92,679.91,603.0,-52.0,905.924,18.0,18.0,Ideal,E,SI1,0.9,IGI,1572.0
1388,Michelle Kennedy,2,Round,1,1,0,11.63,728.34,809.27,717.0,-42.0,904.3832,18.0,18.0,Ideal,E,SI1,0.9,IGI,1572.0
1388,Periwinkle Stones,2,Round,1,1,0,12.04,617.9,686.56,609.0,-51.0,908.0886,18.0,18.0,Ideal,E,SI1,0.9,IGI,1572.0
1388,White Lily,2,Round,1,1,0,13.59,630.83,700.92,621.0,-50.0,906.2662,18.0,18.0,Ideal,E,SI1,0.9,IGI,1572.0
1389,Knox Diamonds,2,Round,1,1,0,13.65,1245.0,950.38,1226.0,-58.0,2100.0938,16.0,18.0,Very Good,D,VVS2,1.31,IGI,5530.0
1391,Temperley,2,Cushion,1,1,0,17.36,423.0,579.45,417.0,-61.0,692.0343,14.0,15.0,Very Good,E,VS1,0.73,IGI,1225.0
1393,Blackbird Gems,2,Round,1,1,0,15.06,2597.94,1202.75,2559.0,-61.0,4776.2012,18.0,18.0,Super Ideal,E,VS1,2.16,IGI,10180.0
1393,Eccles Diamonds,2,Round,1,1,0,18.39,2610.88,1208.74,2572.0,-60.0,4667.0547,18.0,18.0,Super Ideal,E,VS1,2.16,IGI,10180.0
1393,Jane Brear,2,Round,1,1,0,14.6,2624.0,1214.81,2585.0,-59.0,4597.811,18.0,18.0,Super Ideal,E,VS1,2.16,IGI,10180.0
1393,Michelle Kennedy,2,Round,1,1,0,19.89,2616.0,1211.11,2577.0,-60.0,4632.1357,18.0,18.0,Super Ideal,E,VS1,2.16,IGI,10180.0
1393,Oasis Diamonds,2,Round,1,1,0,16.06,2692.47,1246.51,2652.0,-58.0,4597.8232,18.0,18.0,Super Ideal,E,VS1,2.16,IGI,10180.0
1393,Temperley,2,Round,1,1,0,17.03,2648.69,1226.25,2609.0,-59.0,4579.0977,18.0,18.0,Super Ideal,E,VS1,2.16,IGI,10180.0
1393,Tierra Mia Diamonds,2,Round,1,1,0,19.53,2586.0,1197.22,2547.0,-61.0,4722.3848,18.0,18.0,Super Ideal,E,VS1,2.16,IGI,10180.0
1393,White Lily,2,Round,1,1,0,94.92,2641.0,1222.69,2601.0,-59.0,4556.978,18.0,18.0,Super Ideal,E,VS1,2.16,IGI,10180.0
1402,Cirrus Gems,2,Round,1,1,0,15.75,1897.0,948.5,1869.0,-57.0,3132.1504,18.0,18.0,Super Ideal,H,VVS2,2.0,IGI,6940.0
1402,Clermont Diamonds,2,Round,1,1,0,11.62,1892.0,946.0,1864.0,-57.0,3155.7761,18.0,18.0,Super Ideal,H,VVS2,2.0,IGI,6940.0
1402,Jane Brear,2,Round,1,1,0,13.26,1922.0,961.0,1893.0,-56.0,3103.7542,18.0,18.0,Super Ideal,H,VVS2,2.0,IGI,6940.0
1402,Mei & Co,2,Round,1,1,0,12.73,1873.0,936.5,1845.0,-58.0,3192.4861,18.0,18.0,Super Ideal,H,VVS2,2.0,IGI,6940.0
1402,Meridian Crafts,2,Round,1,1,0,12.4,1893.0,946.5,1865.0,-57.0,3161.3789,18.0,18.0,Super Ideal,H,VVS2,2.0,IGI,6940.0
1402,Serenity Stones,2,Round,1,1,0,10.25,1925.32,962.66,1896.0,-55.0,3081.2546,18.0,18.0,Super Ideal,H,VVS2,2.0,IGI,6940.0
1402,Taiga Gems,2,Round,1,1,0,12.27,1899.0,949.5,1871.0,-57.0,3144.1011,18.0,18.0,Super Ideal,H,VVS2,2.0,IGI,6940.0
1402,Temperley,2,Round,1,1,0,13.54,1922.0,961.0,1893.0,-56.0,3102.7908,18.0,18.0,Super Ideal,H,VVS2,2.0,IGI,6940.0
1402,White Lily,2,Round,1,1,0,10.85,1922.0,961.0,1893.0,-57.0,3204.9683,18.0,18.0,Super Ideal,H,VVS2,2.0,IGI,6940.0
1409,Michelle Kennedy,2,Princess,1,1,0,92.29,1508.0,742.86,1485.0,-60.0,2382.7581,15.0,15.0,Super Ideal,J,VS2,2.03,IGI,3700.0
1409,White Lily,2,Princess,1,2,0,7.51,2176.0,1071.92,2143.0,-43.0,2433.9519,15.0,15.0,Super Ideal,J,VS2,2.03,IGI,3700.0
1410,Jane Brear,2,Round,1,1,0,12.79,657.7,626.38,648.0,-53.0,1000.6279,18.0,18.0,Super Ideal,E,SI2,1.05,IGI,1860.0
1410,Roma Diamonds,2,Round,1,1,0,40.96,828.0,788.57,816.0,-42.0,1022.6045,18.0,18.0,Super Ideal,E,SI2,1.05,IGI,1860.0
1417,Jane Brear,2,Pear,2,2,0,18.48,388.0,646.67,382.0,-40.0,421.7394,15.0,15.0,Super Ideal,D,VS2,0.6,IGI,840.0
1417,Vega Diamonds,2,Pear,1,2,0,21.47,333.94,556.57,329.0,-58.0,520.9321,15.0,15.0,Super Ideal,D,VS2,0.6,IGI,840.0
1420,Jane Brear,2,Round,1,1,0,15.14,3138.23,1452.88,3091.0,-19.0,2759.5232,18.0,18.0,Ideal,J,VS1,2.16,IGI,4510.0
1420,Michelle Kennedy,2,Round,1,1,0,14.33,3138.23,1452.88,3091.0,-13.0,2594.8291,18.0,18.0,Ideal,J,VS1,2.16,IGI,4510.0
1421,Cirrus Gems,2,Round,1,1,0,20.46,1919.0,849.12,1890.0,-63.0,3725.5479,18.0,18.0,Ideal,H,VS1,2.26,IGI,6930.0
1421,Jane Brear,2,Round,1,1,0,18.07,2025.82,896.38,1995.0,-61.0,3758.6584,18.0,18.0,Ideal,H,VS1,2.26,IGI,6930.0
1421,Michelle Kennedy,2,Round,1,1,0,14.67,2025.82,896.38,1995.0,-61.0,3682.552,18.0,18.0,Ideal,H,VS1,2.26,IGI,6930.0
1422,Avignon Diamonds,2,Round,1,1,0,10.89,2814.0,2024.46,2772.0,6.0,1903.824,18.0,18.0,Super Ideal,G,VVS2,1.39,IGI,3453.33
1422,Cirrus Gems,2,Round,1,1,0,21.51,999.9,719.35,985.0,-63.0,1919.2776,18.0,18.0,Super Ideal,G,VVS2,1.39,IGI,3453.33
1422,Michelle Kennedy,2,Round,1,1,0,20.57,1033.8,743.74,1018.0,-61.0,1908.1725,18.0,18.0,Super Ideal,G,VVS2,1.39,IGI,3453.33
1422,Sunset Gems,2,Round,1,2,0,21.95,1019.2,733.24,1004.0,-62.0,1902.5244,18.0,18.0,Super Ideal,G,VVS2,1.39,IGI,3453.33
1422,Taiga Gems,2,Round,1,1,0,15.5,988.31,711.01,973.0,-63.0,1920.2863,18.0,18.0,Super Ideal,G,VVS2,1.39,IGI,3453.33
1422,Temperley,2,Round,1,1,0,19.35,1034.8,744.46,1019.0,-60.0,1869.2074,18.0,18.0,Super Ideal,G,VVS2,1.39,IGI,3453.33
1422,White Lily,2,Round,1,1,0,18.92,1036.79,745.89,1021.0,-61.0,1904.5179,18.0,18.0,Super Ideal,G,VVS2,1.39,IGI,3453.33
1423,Cirrus Gems,2,Round,1,1,0,13.68,1901.0,936.45,1872.0,-59.0,3330.0212,18.0,18.0,Super Ideal,H,VVS2,2.03,IGI,7100.0
1423,Infinity Diamonds,2,Round,1,1,0,14.67,1940.92,956.12,1912.0,-59.0,3405.4331,18.0,18.0,Super Ideal,H,VVS2,2.03,IGI,7100.0
1423,Jane Brear,2,Round,1,1,0,12.33,1926.0,948.77,1897.0,-59.0,3357.7273,18.0,18.0,Super Ideal,H,VVS2,2.03,IGI,7100.0
1423,Michelle Kennedy,2,Round,1,1,0,13.62,1898.46,935.2,1870.0,-60.0,3415.804,18.0,18.0,Super Ideal,H,VVS2,2.03,IGI,7100.0
1423,Taiga Gems,2,Round,1,1,0,12.2,1920.0,945.81,1891.0,-59.0,3329.677,18.0,18.0,Super Ideal,H,VVS2,2.03,IGI,7100.0
1423,Temperley,2,Round,1,1,0,13.24,1979.06,974.91,1949.0,-58.0,3361.7825,18.0,18.0,Super Ideal,H,VVS2,2.03,IGI,7100.0
1423,White Lily,2,Round,1,1,0,14.11,1909.0,940.39,1880.0,-60.0,3429.4385,18.0,18.0,Super Ideal,H,VVS2,2.03,IGI,7100.0
1428,BonDiam,2,Round,1,1,0,10.23,358.0,596.67,353.0,-55.0,573.2175,18.0,18.0,Ideal,D,VS1,0.6,IGI,944.0
1428,Iris Diamonds,2,Round,1,1,0,44.19,335.0,558.33,330.0,-57.0,559.6151,18.0,18.0,Ideal,D,VS1,0.6,IGI,944.0
1428,Mei & Co,2,Round,1,2,0,25.74,331.34,552.23,326.0,-59.0,579.3618,18.0,18.0,Ideal,D,VS1,0.6,IGI,944.0
1428,Michelle Kennedy,2,Round,1,1,0,22.22,425.86,709.77,419.0,-45.0,555.4073,18.0,18.0,Ideal,D,VS1,0.6,IGI,944.0
1428,Promenade Jewelry,2,Round,1,1,0,22.17,346.26,577.1,341.0,-55.0,554.4852,18.0,18.0,Ideal,D,VS1,0.6,IGI,944.0
1428,Rosella,2,Round,2,2,0,14.86,325.26,542.1,320.0,-58.0,559.8449,18.0,18.0,Ideal,D,VS1,0.6,IGI,944.0
1428,Simetría,2,Round,1,1,0,10.11,341.0,568.33,336.0,-57.0,564.3195,18.0,18.0,Ideal,D,VS1,0.6,IGI,944.0
1428,Temperley,2,Round,1,1,0,11.08,355.0,591.67,350.0,-54.0,557.2861,18.0,18.0,Ideal,D,VS1,0.6,IGI,944.0
1434,Dahlia Diamonds,2,Emerald,2,2,0,11.9,697.5,775.0,687.0,-50.0,893.0052,15.0,15.0,Super Ideal,F,VS2,0.9,IGI,1450.0
1434,Hoseki,2,Emerald,1,1,0,12.79,677.0,752.22,667.0,-53.0,922.0349,15.0,15.0,Super Ideal,F,VS2,0.9,IGI,1450.0
1434,Jane Brear,2,Emerald,1,1,0,12.78,689.0,765.56,679.0,-53.0,934.7267,15.0,15.0,Super Ideal,F,VS2,0.9,IGI,1450.0
1434,Marble Arch,2,Emerald,1,1,0,10.93,672.0,746.67,662.0,-53.0,917.7547,15.0,15.0,Super Ideal,F,VS2,0.9,IGI,1450.0
1434,Mei & Co,2,Emerald,1,1,0,13.84,708.44,787.16,698.0,-51.0,922.0349,15.0,15.0,Super Ideal,F,VS2,0.9,IGI,1450.0
1434,Michelle Kennedy,2,Emerald,1,1,0,15.91,694.91,772.12,684.0,-52.0,922.0349,15.0,15.0,Super Ideal,F,VS2,0.9,IGI,1450.0
1434,N. B. Diamonds,2,Emerald,1,1,0,13.51,690.0,766.67,680.0,-49.0,868.2672,15.0,15.0,Super Ideal,F,VS2,0.9,IGI,1450.0
1434,Promenade Jewelry,2,Emerald,1,2,0,18.23,666.0,740.0,656.0,-55.0,955.3611,15.0,15.0,Super Ideal,F,VS2,0.9,IGI,1450.0
1434,Sunset Gems,2,Emerald,1,1,0,17.86,677.54,752.82,667.0,-53.0,927.7576,15.0,15.0,Super Ideal,F,VS2,0.9,IGI,1450.0
1434,The Diamond Source,2,Emerald,1,2,0,14.6,664.66,738.51,655.0,-51.0,871.1826,15.0,15.0,Super Ideal,F,VS2,0.9,IGI,1450.0
1437,Adalyn Jewelry,2,Round,1,1,0,13.82,329.0,658.0,324.0,-61.0,597.1004,18.0,18.0,Ideal,D,VVS2,0.5,IGI,911.43
1437,Avignon Diamonds,2,Round,1,1,0,14.34,343.0,686.0,338.0,-58.0,589.1968,18.0,18.0,Ideal,D,VVS2,0.5,IGI,911.43
1437,BonDiam,2,Round,1,1,0,14.03,343.0,686.0,338.0,-59.0,594.5948,18.0,18.0,Ideal,D,VVS2,0.5,IGI,911.43
1437,Eterna Luxe,2,Round,2,2,0,11.81,336.0,672.0,331.0,-60.0,599.4854,18.0,18.0,Ideal,D,VVS2,0.5,IGI,911.43
1437,Hoseki,2,Round,1,1,0,11.48,345.0,690.0,340.0,-54.0,540.7145,18.0,18.0,Ideal,D,VVS2,0.5,IGI,911.43
1437,Infinity Diamonds,2,Round,1,1,0,10.1,331.0,662.0,326.0,-61.0,602.914,18.0,18.0,Ideal,D,VVS2,0.5,IGI,911.43
1437,Jane Brear,2,Round,2,2,0,14.53,369.0,738.0,363.0,-57.0,620.9611,18.0,18.0,Ideal,D,VVS2,0.5,IGI,911.43
1437,Kara,2,Round,2,1,0,14.15,345.0,690.0,340.0,-54.0,536.1886,18.0,18.0,Ideal,D,VVS2,0.5,IGI,911.43
1437,Marlowe & Co,2,Round,1,1,0,11.6,340.0,680.0,335.0,-60.0,612.5112,18.0,18.0,Ideal,D,VVS2,0.5,IGI,911.43
1437,Mei & Co,2,Round,2,2,0,21.91,328.0,656.0,323.0,-60.0,581.9601,18.0,18.0,Ideal,D,VVS2,0.5,IGI,911.43
1437,Michelle Kennedy,2,Round,1,1,0,21.86,363.0,726.0,358.0,-57.0,599.1848,18.0,18.0,Ideal,D,VVS2,0.5,IGI,911.43
1437,Promenade Jewelry,2,Round,1,1,0,13.64,328.0,656.0,323.0,-61.0,599.9756,18.0,18.0,Ideal,D,VVS2,0.5,IGI,911.43
1437,Riviera Jewels,2,Round,1,1,0,10.59,330.0,660.0,325.0,-60.0,593.1611,18.0,18.0,Ideal,D,VVS2,0.5,IGI,911.43
1437,Rosella,2,Round,2,2,0,11.19,318.0,636.0,313.0,-60.0,565.0344,18.0,18.0,Ideal,D,VVS2,0.5,IGI,911.43
1437,Sara's Diamonds,2,Round,1,1,0,12.34,328.0,656.0,323.0,-61.0,608.5978,18.0,18.0,Ideal,D,VVS2,0.5,IGI,911.43
1437,Temperley,2,Round,1,1,0,10.91,353.0,706.0,348.0,-57.0,588.1907,18.0,18.0,Ideal,D,VVS2,0.5,IGI,911.43
1437,Thalassa Gems,2,Round,2,2,0,10.69,330.0,660.0,325.0,-61.0,604.876,18.0,18.0,Ideal,D,VVS2,0.5,IGI,911.43
1437,White Lily,2,Round,1,1,0,15.09,396.01,792.02,390.0,-53.0,605.0721,18.0,18.0,Ideal,D,VVS2,0.5,IGI,911.43
1443,Michelle Kennedy,2,Oval,1,1,0,13.93,3061.0,1404.13,3015.0,-55.0,4556.3633,15.0,15.0,Super Ideal,E,VS1,2.18,IGI,10000.0
1443,Pegasus Diamonds,2,Oval,1,1,0,15.8,3040.0,1394.5,2994.0,-56.0,4693.9019,15.0,15.0,Super Ideal,E,VS1,2.18,IGI,10000.0
1443,Periwinkle Stones,2,Oval,1,1,0,17.4,2820.0,1293.58,2778.0,-59.0,4626.043,15.0,15.0,Super Ideal,E,VS1,2.18,IGI,10000.0
1443,Raelynn Jewels,2,Oval,1,1,0,13.09,2797.0,1283.03,2755.0,-60.0,4671.2847,15.0,15.0,Super Ideal,E,VS1,2.18,IGI,10000.0
1443,Sigma Diamonds,2,Oval,1,1,0,14.65,2826.0,1296.33,2784.0,-58.0,4541.6592,15.0,15.0,Super Ideal,E,VS1,2.18,IGI,10000.0
1443,White Lily,2,Oval,1,1,0,10.55,3061.0,1404.13,3015.0,-55.0,4548.7295,15.0,15.0,Super Ideal,E,VS1,2.18,IGI,10000.0
1444,Cirrus Gems,2,Round,2,2,0,15.41,332.98,475.69,328.0,-55.0,525.9874,14.0,18.0,Good,E,VS2,0.7,IGI,1070.0
1447,Marlowe & Co,2,Emerald,1,1,0,11.29,835.8,928.67,823.0,-56.0,1227.1257,14.0,15.0,Very Good,E,VVS2,0.9,IGI,1770.0
1447,Mei & Co,2,Emerald,1,1,0,13.4,842.76,936.4,830.0,-53.0,1154.074,14.0,15.0,Very Good,E,VVS2,0.9,IGI,1770.0
1447,Sonata Gems,2,Emerald,1,1,0,11.91,806.94,896.6,795.0,-57.0,1218.0365,14.0,15.0,Very Good,E,VVS2,0.9,IGI,1770.0
1447,Sunset Gems,2,Emerald,1,1,0,14.83,804.94,894.38,793.0,-60.0,1284.7906,14.0,15.0,Very Good,E,VVS2,0.9,IGI,1770.0
1456,Cirrus Gems,2,Emerald,1,2,0,18.58,434.32,505.02,428.0,-42.0,482.6422,14.0,15.0,Very Good,F,VS2,0.86,IGI,1260.0
1456,Marlowe & Co,2,Emerald,1,1,0,15.5,427.85,497.5,421.0,-34.0,419.5516,14.0,15.0,Very Good,F,VS2,0.86,IGI,1260.0
1456,Sonata Gems,2,Emerald,1,1,0,16.5,421.88,490.56,416.0,-39.0,442.2151,14.0,15.0,Very Good,F,VS2,0.86,IGI,1260.0
1463,Michelle Kennedy,2,Radiant,1,1,0,15.31,510.44,630.17,503.0,-47.0,624.9021,15.0,15.0,Very Good,G,VS2,0.81,IGI,1160.0
1467,Michelle Kennedy,2,Round,1,1,0,91.41,1651.0,965.5,1626.0,-54.0,2548.3103,18.0,18.0,Ideal,H,VVS2,1.71,IGI,4490.0
1467,Sunset Gems,2,Round,1,1,0,17.21,1582.85,925.64,1559.0,-54.0,2477.4077,18.0,18.0,Ideal,H,VVS2,1.71,IGI,4490.0
1468,Avignon Diamonds,2,Round,1,1,0,14.38,2572.0,1242.51,2533.0,-64.0,5051.6123,18.0,18.0,Ideal,F,VVS2,2.07,IGI,10980.0
1468,Camden Gems,2,Round,1,1,0,12.55,2605.0,1258.45,2566.0,-63.0,5039.9595,18.0,18.0,Ideal,F,VVS2,2.07,IGI,10980.0
1468,Diamonds by Zoya,2,Round,1,1,0,94.82,2595.0,1253.62,2556.0,-63.0,5033.0566,18.0,18.0,Ideal,F,VVS2,2.07,IGI,10980.0
1468,Eccles Diamonds,2,Round,1,1,0,18.71,2580.04,1246.4,2541.0,-64.0,5081.7324,18.0,18.0,Ideal,F,VVS2,2.07,IGI,10980.0
1468,Ember Star,2,Round,1,1,0,10.66,2607.0,1259.42,2568.0,-64.0,5164.1777,18.0,18.0,Ideal,F,VVS2,2.07,IGI,10980.0
1468,Eternity Fine Jewelers,2,Round,1,1,0,17.95,2626.8,1268.99,2587.0,-64.0,5186.377,18.0,18.0,Ideal,F,VVS2,2.07,IGI,10980.0
1468,Gemstone Harmony,2,Round,1,1,0,11.02,2589.0,1250.72,2550.0,-64.0,5150.4775,18.0,18.0,Ideal,F,VVS2,2.07,IGI,10980.0
1468,Hazel Diamonds,2,Round,1,1,0,11.34,2550.0,1231.88,2512.0,-64.0,5097.5361,18.0,18.0,Ideal,F,VVS2,2.07,IGI,10980.0
1468,Jane Brear,2,Round,1,1,0,14.25,2634.76,1272.83,2595.0,-63.0,5141.5811,18.0,18.0,Ideal,F,VVS2,2.07,IGI,10980.0
1468,Lunar Diamonds,2,Round,1,1,0,13.35,2591.0,1251.69,2552.0,-63.0,5040.9717,18.0,18.0,Ideal,F,VVS2,2.07,IGI,10980.0
1468,Michelle Kennedy,2,Round,1,1,0,13.78,2634.76,1272.83,2595.0,-65.0,5343.3105,18.0,18.0,Ideal,F,VVS2,2.07,IGI,10980.0
1468,Nebula Stones,2,Round,1,1,0,16.95,2650.68,1280.52,2611.0,-63.0,5122.4019,18.0,18.0,Ideal,F,VVS2,2.07,IGI,10980.0
1468,Oasis Diamonds,2,Round,1,1,0,17.03,2668.59,1289.17,2629.0,-63.0,5110.98,18.0,18.0,Ideal,F,VVS2,2.07,IGI,10980.0
1468,Periwinkle Stones,2,Round,1,1,0,17.23,2650.0,1280.19,2610.0,-63.0,5126.3398,18.0,18.0,Ideal,F,VVS2,2.07,IGI,10980.0
1468,Rosella,2,Round,1,1,0,13.41,2550.0,1231.88,2512.0,-64.0,5129.2544,18.0,18.0,Ideal,F,VVS2,2.07,IGI,10980.0
1468,Stellar Radiance,2,Round,1,1,0,13.06,2593.0,1252.66,2554.0,-64.0,5172.335,18.0,18.0,Ideal,F,VVS2,2.07,IGI,10980.0
1468,Taiga Gems,2,Round,1,1,0,11.1,2648.0,1279.23,2608.0,-62.0,5050.6914,18.0,18.0,Ideal,F,VVS2,2.07,IGI,10980.0
1468,Tamara,2,Round,1,1,0,15.57,2625.0,1268.12,2586.0,-63.0,5077.6191,18.0,18.0,Ideal,F,VVS2,2.07,IGI,10980.0
1468,Temperley,2,Round,1,1,0,10.15,2620.0,1265.7,2581.0,-64.0,5212.8623,18.0,18.0,Ideal,F,VVS2,2.07,IGI,10980.0
1468,Thalassa Gems,2,Round,1,1,0,12.58,2586.0,1249.28,2547.0,-63.0,5055.1221,18.0,18.0,Ideal,F,VVS2,2.07,IGI,10980.0
1468,Tierra Mia Diamonds,2,Round,1,1,0,11.34,2588.0,1250.24,2549.0,-64.0,5106.6636,18.0,18.0,Ideal,F,VVS2,2.07,IGI,10980.0
1468,White Lily,2,Round,1,1,0,13.86,2623.0,1267.15,2584.0,-63.0,5059.9229,18.0,18.0,Ideal,F,VVS2,2.07,IGI,10980.0
1468,Woodhouse Diamonds,2,Round,1,1,0,13.06,2593.0,1252.66,2554.0,-63.0,5026.188,18.0,18.0,Ideal,F,VVS2,2.07,IGI,10980.0
1470,Artemis Stones,2,Round,1,1,0,18.25,1605.0,927.75,1581.0,-50.0,2300.1702,18.0,18.0,Super Ideal,E,VS2,1.73,IGI,5530.0
1470,Clermont Diamonds,2,Round,1,1,0,17.13,1610.0,930.64,1586.0,-49.0,2262.6077,18.0,18.0,Super Ideal,E,VS2,1.73,IGI,5530.0
1470,Eternity Fine Jewelers,2,Round,1,1,0,18.01,1610.0,930.64,1586.0,-50.0,2302.0173,18.0,18.0,Super Ideal,E,VS2,1.73,IGI,5530.0
1470,Infinity Diamonds,2,Round,1,1,0,16.89,1607.0,928.9,1583.0,-51.0,2343.8862,18.0,18.0,Super Ideal,E,VS2,1.73,IGI,5530.0
1470,Michelle Kennedy,2,Round,1,1,0,17.6,1654.0,956.07,1629.0,-49.0,2343.769,18.0,18.0,Super Ideal,E,VS2,1.73,IGI,5530.0
1470,Periwinkle Stones,2,Round,1,1,0,18.22,1641.0,948.55,1616.0,-50.0,2370.894,18.0,18.0,Super Ideal,E,VS2,1.73,IGI,5530.0
1470,Roma Diamonds,2,Round,1,1,0,13.64,1619.0,935.84,1595.0,-50.0,2338.9568,18.0,18.0,Super Ideal,E,VS2,1.73,IGI,5530.0
1470,Silva Diamonds,2,Round,1,1,0,13.48,1610.0,930.64,1586.0,-51.0,2339.1284,18.0,18.0,Super Ideal,E,VS2,1.73,IGI,5530.0
1470,Temperley,2,Round,1,1,0,14.94,1650.0,953.76,1625.0,-50.0,2351.5735,18.0,18.0,Super Ideal,E,VS2,1.73,IGI,5530.0
1470,The Diamond Source,2,Round,1,1,0,17.0,1610.0,930.64,1586.0,-50.0,2296.1738,18.0,18.0,Super Ideal,E,VS2,1.73,IGI,5530.0
1470,Vespera Gems,2,Round,1,1,0,17.51,1601.0,925.43,1577.0,-51.0,2320.2124,18.0,18.0,Super Ideal,E,VS2,1.73,IGI,5530.0
1470,White Lily,2,Round,1,1,0,16.24,1750.0,1011.56,1724.0,-47.0,2342.9456,18.0,18.0,Super Ideal,E,VS2,1.73,IGI,5530.0
1471,Temperley,2,Round,1,1,0,18.28,1007.0,641.4,992.0,-56.0,1649.7594,18.0,18.0,Super Ideal,I,VS2,1.57,IGI,2740.0
1472,Camden Gems,2,Round,1,1,0,11.41,2304.0,1047.27,2269.0,-64.0,4606.6646,18.0,18.0,Ideal,F,VS1,2.2,IGI,8960.0
1472,Diamonds by Zoya,2,Round,1,1,0,11.22,2227.0,1012.27,2194.0,-65.0,4519.1494,18.0,18.0,Ideal,F,VS1,2.2,IGI,8960.0
1472,Eterna Luxe,2,Round,1,1,0,12.88,2296.0,1043.64,2262.0,-64.0,4525.9385,18.0,18.0,Ideal,F,VS1,2.2,IGI,8960.0
1472,Jane Brear,2,Round,1,1,0,14.86,2356.16,1070.98,2321.0,-64.0,4687.8618,18.0,18.0,Ideal,F,VS1,2.2,IGI,8960.0
1472,La Marquise,2,Round,1,1,0,13.46,2524.83,1147.65,2487.0,-60.0,4561.4316,18.0,18.0,Ideal,F,VS1,2.2,IGI,8960.0
1472,Marlowe & Co,2,Round,1,1,0,13.24,2327.3,1057.86,2292.0,-64.0,4582.8379,18.0,18.0,Ideal,F,VS1,2.2,IGI,8960.0
1472,Mei & Co,2,Round,1,1,0,10.75,2296.0,1043.64,2262.0,-64.0,4610.7842,18.0,18.0,Ideal,F,VS1,2.2,IGI,8960.0
1472,Meridian Crafts,2,Round,1,1,0,15.03,2296.0,1043.64,2262.0,-63.0,4474.187,18.0,18.0,Ideal,F,VS1,2.2,IGI,8960.0
1472,Michelle Kennedy,2,Round,1,1,0,15.2,2353.18,1069.63,2318.0,-64.0,4711.7939,18.0,18.0,Ideal,F,VS1,2.2,IGI,8960.0
1472,Periwinkle Stones,2,Round,1,1,0,14.34,2350.0,1068.18,2315.0,-63.0,4578.6636,18.0,18.0,Ideal,F,VS1,2.2,IGI,8960.0
1472,Taiga Gems,2,Round,1,1,0,10.98,2260.0,1027.27,2226.0,-64.0,4513.0186,18.0,18.0,Ideal,F,VS1,2.2,IGI,8960.0
1472,Tamara,2,Round,1,1,0,10.55,2348.2,1067.36,2313.0,-63.0,4541.0264,18.0,18.0,Ideal,F,VS1,2.2,IGI,8960.0
1472,Temperley,2,Round,1,1,0,13.79,2353.0,1069.55,2318.0,-62.0,4437.7915,18.0,18.0,Ideal,F,VS1,2.2,IGI,8960.0
1472,White Lily,2,Round,1,1,0,10.57,2356.16,1070.98,2321.0,-64.0,4631.9443,18.0,18.0,Ideal,F,VS1,2.2,IGI,8960.0
1473,55 E Diamonds,2,Round,2,1,0,10.42,737.0,722.55,726.0,-67.0,1599.6306,18.0,18.0,Super Ideal,D,VS1,1.02,IGI,2695.71
1473,Adalyn Jewelry,2,Round,1,1,0,11.58,719.0,704.9,708.0,-68.0,1634.131,18.0,18.0,Super Ideal,D,VS1,1.02,IGI,2695.71
1473,CV Diamonds,2,Round,1,1,0,14.47,733.0,718.63,722.0,-68.0,1646.6986,18.0,18.0,Super Ideal,D,VS1,1.02,IGI,2695.71
1473,Cascade Diamonds,2,Round,1,1,0,15.03,719.0,704.9,708.0,-69.0,1636.8624,18.0,18.0,Super Ideal,D,VS1,1.02,IGI,2695.71
1473,Clermont Diamonds,2,Round,1,1,0,12.34,728.0,713.73,717.0,-67.0,1600.0398,18.0,18.0,Super Ideal,D,VS1,1.02,IGI,2695.71
1473,Diamonds by Zoya,2,Round,1,1,0,93.64,727.0,712.75,716.0,-68.0,1624.3066,18.0,18.0,Super Ideal,D,VS1,1.02,IGI,2695.71
1473,Emilia Sterling,2,Round,1,1,0,13.43,712.0,698.04,701.0,-68.0,1609.2561,18.0,18.0,Super Ideal,D,VS1,1.02,IGI,2695.71
1473,Eternity Fine Jewelers,2,Round,1,1,0,13.02,725.0,710.78,714.0,-68.0,1605.2472,18.0,18.0,Super Ideal,D,VS1,1.02,IGI,2695.71
1473,Fuji Diamonds,2,Round,1,1,0,13.2,736.0,721.57,725.0,-68.0,1668.8323,18.0,18.0,Super Ideal,D,VS1,1.02,IGI,2695.71
1473,Hazel Diamonds,2,Round,1,1,0,10.1,712.0,698.04,701.0,-69.0,1661.1355,18.0,18.0,Super Ideal,D,VS1,1.02,IGI,2695.71
1473,Hoseki,2,Round,1,1,0,13.94,737.0,722.55,726.0,-68.0,1658.5718,18.0,18.0,Super Ideal,D,VS1,1.02,IGI,2695.71
1473,Infinity Diamonds,2,Round,1,1,0,16.28,738.0,723.53,727.0,-69.0,1691.7806,18.0,18.0,Super Ideal,D,VS1,1.02,IGI,2695.71
1473,Jane Brear,2,Round,1,1,0,10.68,736.0,721.57,725.0,-68.0,1631.6105,18.0,18.0,Super Ideal,D,VS1,1.02,IGI,2695.71
1473,Marlene Crafts,2,Round,1,1,0,11.43,719.0,704.9,708.0,-69.0,1647.3137,18.0,18.0,Super Ideal,D,VS1,1.02,IGI,2695.71
1473,Marlowe & Co,2,Round,1,1,0,44.78,739.0,724.51,728.0,-68.0,1658.5774,18.0,18.0,Super Ideal,D,VS1,1.02,IGI,2695.71
1473,Meridian Crafts,2,Round,1,1,0,10.1,719.0,704.9,708.0,-68.0,1593.0795,18.0,18.0,Super Ideal,D,VS1,1.02,IGI,2695.71
1473,Michelle Kennedy,2,Round,1,1,0,14.84,737.0,722.55,726.0,-67.0,1611.1864,18.0,18.0,Super Ideal,D,VS1,1.02,IGI,2695.71
1473,Raelynn Jewels,2,Round,1,1,0,14.99,723.0,708.82,712.0,-68.0,1632.1122,18.0,18.0,Super Ideal,D,VS1,1.02,IGI,2695.71
1473,Riviera Jewels,2,Round,1,1,0,13.43,718.0,703.92,707.0,-69.0,1640.3114,18.0,18.0,Super Ideal,D,VS1,1.02,IGI,2695.71
1473,Rosella,2,Round,1,1,0,10.75,722.0,707.84,711.0,-69.0,1668.5188,18.0,18.0,Super Ideal,D,VS1,1.02,IGI,2695.71
1473,Serenade Diamonds,2,Round,1,1,0,13.68,719.0,704.9,708.0,-69.0,1636.5736,18.0,18.0,Super Ideal,D,VS1,1.02,IGI,2695.71
1473,Sigma Diamonds,2,Round,2,1,0,11.33,728.0,713.73,717.0,-68.0,1634.1622,18.0,18.0,Super Ideal,D,VS1,1.02,IGI,2695.71
1473,Simetría,2,Round,1,1,0,15.68,720.0,705.88,709.0,-69.0,1637.5959,18.0,18.0,Super Ideal,D,VS1,1.02,IGI,2695.71
1473,Starlight Crafts,2,Round,1,1,0,11.27,723.0,708.82,712.0,-67.0,1575.6038,18.0,18.0,Super Ideal,D,VS1,1.02,IGI,2695.71
1473,Starlit Stones,2,Round,1,1,0,10.4,716.0,701.96,705.0,-69.0,1631.7567,18.0,18.0,Super Ideal,D,VS1,1.02,IGI,2695.71
1473,Temperley,2,Round,1,1,0,14.78,733.0,718.63,722.0,-68.0,1662.2594,18.0,18.0,Super Ideal,D,VS1,1.02,IGI,2695.71
1473,Thalassa Gems,2,Round,1,1,0,10.65,718.0,703.92,707.0,-69.0,1655.51,18.0,18.0,Super Ideal,D,VS1,1.02,IGI,2695.71
1473,Westport Jewelry,2,Round,1,1,0,15.68,715.0,700.98,704.0,-68.0,1607.089,18.0,18.0,Super Ideal,D,VS1,1.02,IGI,2695.71
1473,White Lily,2,Round,1,1,0,10.2,737.0,722.55,726.0,-68.0,1641.2003,18.0,18.0,Super Ideal,D,VS1,1.02,IGI,2695.71
1476,Michelle Kennedy,2,Princess,1,1,0,14.44,868.0,761.4,855.0,-60.0,1367.4996,15.0,15.0,Super Ideal,F,VS2,1.14,IGI,2310.0
1476,Temperley,2,Princess,1,1,0,14.14,868.0,761.4,855.0,-60.0,1395.3434,15.0,15.0,Super Ideal,F,VS2,1.14,IGI,2310.0
1476,White Lily,2,Princess,1,1,0,17.55,868.0,761.4,855.0,-60.0,1364.0768,15.0,15.0,Super Ideal,F,VS2,1.14,IGI,2310.0
1477,Jane Brear,2,Cushion,1,1,0,18.67,1265.0,821.43,1246.0,-60.0,1981.6576,15.0,15.0,Super Ideal,H,VS2,1.54,IGI,3360.0
1477,Michelle Kennedy,2,Cushion,1,1,0,20.88,1265.0,821.43,1246.0,-61.0,2050.7366,15.0,15.0,Super Ideal,H,VS2,1.54,IGI,3360.0
1477,Taiga Gems,2,Cushion,1,1,0,18.62,1171.12,760.47,1154.0,-63.0,2001.0562,15.0,15.0,Super Ideal,H,VS2,1.54,IGI,3360.0
1477,Temperley,2,Cushion,1,1,0,19.02,1169.0,759.09,1151.0,-63.0,1979.7786,15.0,15.0,Super Ideal,H,VS2,1.54,IGI,3360.0
1477,White Lily,2,Cushion,1,1,0,17.99,1265.0,821.43,1246.0,-61.0,2030.37,15.0,15.0,Super Ideal,H,VS2,1.54,IGI,3360.0
1479,Albert's Creations,2,Pear,1,2,0,17.26,338.0,662.75,333.0,-45.0,397.8625,15.0,15.0,Super Ideal,D,SI1,0.51,IGI,620.0
1479,Hoseki,2,Pear,1,1,0,14.25,347.0,680.39,342.0,-46.0,419.9956,15.0,15.0,Super Ideal,D,SI1,0.51,IGI,620.0
1479,Vega Diamonds,2,Pear,2,2,0,18.9,327.0,641.18,322.0,-46.0,393.3628,15.0,15.0,Super Ideal,D,SI1,0.51,IGI,620.0
1485,Meridian Crafts,2,Round,1,1,0,10.68,986.0,880.36,971.0,-51.0,1454.5145,18.0,18.0,Ideal,G,VVS1,1.12,IGI,2970.0
1490,Albert's Creations,2,Round,1,1,0,12.47,1391.0,903.25,1370.0,-60.0,2472.4385,18.0,18.0,Ideal,E,VS1,1.54,IGI,5140.0
1490,Avignon Diamonds,2,Round,1,1,0,12.81,1406.0,912.99,1385.0,-59.0,2429.4888,18.0,18.0,Ideal,E,VS1,1.54,IGI,5140.0
1490,Camden Gems,2,Round,1,1,0,13.69,1418.0,920.78,1397.0,-58.0,2400.511,18.0,18.0,Ideal,E,VS1,1.54,IGI,5140.0
1490,Ember Star,2,Round,1,1,0,11.61,1396.0,906.49,1375.0,-58.0,2406.3318,18.0,18.0,Ideal,E,VS1,1.54,IGI,5140.0
1490,Eternity Fine Jewelers,2,Round,1,1,0,13.86,1422.85,923.93,1402.0,-58.0,2449.0344,18.0,18.0,Ideal,E,VS1,1.54,IGI,5140.0
1490,Gemstone Harmony,2,Round,1,1,0,11.14,1391.0,903.25,1370.0,-59.0,2431.4304,18.0,18.0,Ideal,E,VS1,1.54,IGI,5140.0
1490,Hazel Diamonds,2,Round,1,1,0,13.54,1370.0,889.61,1349.0,-59.0,2377.8689,18.0,18.0,Ideal,E,VS1,1.54,IGI,5140.0
1490,Jane Brear,2,Round,1,1,0,11.8,1410.0,915.58,1389.0,-58.0,2420.5603,18.0,18.0,Ideal,E,VS1,1.54,IGI,5140.0
1490,Magnolia,2,Round,1,1,0,14.34,1387.0,900.65,1366.0,-59.0,2422.7825,18.0,18.0,Ideal,E,VS1,1.54,IGI,5140.0
1490,Marlowe & Co,2,Round,1,1,0,11.81,1402.0,910.39,1381.0,-59.0,2439.7495,18.0,18.0,Ideal,E,VS1,1.54,IGI,5140.0
1490,Michelle Kennedy,2,Round,1,1,0,10.55,1401.0,909.74,1380.0,-59.0,2433.7078,18.0,18.0,Ideal,E,VS1,1.54,IGI,5140.0
1490,Periwinkle Stones,2,Round,1,1,0,13.74,1423.0,924.03,1402.0,-58.0,2415.863,18.0,18.0,Ideal,E,VS1,1.54,IGI,5140.0
1490,Rosella,2,Round,1,1,0,10.13,1382.0,897.4,1361.0,-60.0,2471.145,18.0,18.0,Ideal,E,VS1,1.54,IGI,5140.0
1490,Serene Peaks Diamonds,2,Round,1,1,0,10.67,1408.0,914.29,1387.0,-58.0,2421.0894,17.0,18.0,Ideal,E,VS1,1.54,IGI,5140.0
1490,Sigma Diamonds,2,Round,1,1,0,12.04,1385.0,899.35,1364.0,-58.0,2368.8315,18.0,18.0,Ideal,E,VS1,1.54,IGI,5140.0
1490,Silva Diamonds,2,Round,1,1,0,10.24,1385.0,899.35,1364.0,-58.0,2387.6377,18.0,18.0,Ideal,E,VS1,1.54,IGI,5140.0
1490,Temperley,2,Round,1,1,0,11.55,1406.0,912.99,1385.0,-59.0,2435.2766,18.0,18.0,Ideal,E,VS1,1.54,IGI,5140.0
1490,Thalassa Gems,2,Round,1,1,0,13.58,1389.0,901.95,1368.0,-59.0,2424.4583,18.0,18.0,Ideal,E,VS1,1.54,IGI,5140.0
1490,Vega Diamonds,2,Round,1,1,0,14.96,1349.0,875.97,1329.0,-61.0,2459.6548,18.0,18.0,Ideal,E,VS1,1.54,IGI,5140.0
1490,Vespera Gems,2,Round,1,1,0,14.54,1381.0,896.75,1360.0,-59.0,2433.5239,18.0,18.0,Ideal,E,VS1,1.54,IGI,5140.0
1490,Westport Jewelry,2,Round,1,1,0,15.17,1371.0,890.26,1350.0,-59.0,2409.3604,18.0,18.0,Ideal,E,VS1,1.54,IGI,5140.0
1490,White Lily,2,Round,1,1,0,14.43,1406.0,912.99,1385.0,-59.0,2443.8298,18.0,18.0,Ideal,E,VS1,1.54,IGI,5140.0
1492,Jane Brear,2,Oval,1,1,0,13.8,1229.0,813.91,1211.0,-53.0,1743.7415,15.0,15.0,Super Ideal,I,SI1,1.51,IGI,2851.43
1492,Temperley,2,Oval,1,2,0,15.28,1229.0,813.91,1211.0,-50.0,1650.2133,15.0,15.0,Super Ideal,I,SI1,1.51,IGI,2851.43
1492,White Lily,2,Oval,1,1,0,12.67,1229.0,813.91,1211.0,-50.0,1660.6687,15.0,15.0,Super Ideal,I,SI1,1.51,IGI,2851.43
1498,Albert's Creations,2,Round,1,1,0,13.54,4602.0,1494.16,4533.0,-66.0,9646.6963,18.0,18.0,Ideal,F,VS1,3.08,IGI,19580.0
1498,Avignon Diamonds,2,Round,1,1,0,19.11,4471.0,1451.62,4404.0,-65.0,9051.7754,18.0,18.0,Ideal,F,VS1,3.08,IGI,19580.0
1498,Eternity Fine Jewelers,2,Round,1,1,0,15.59,4649.64,1509.62,4580.0,-64.0,9295.3545,18.0,18.0,Ideal,F,VS1,3.08,IGI,19580.0
1498,Hill & Holland,2,Round,1,1,0,16.85,4683.46,1520.6,4613.0,-65.0,9675.0752,18.0,18.0,Ideal,F,VS1,3.08,IGI,19580.0
1498,Jane Brear,2,Round,1,1,0,46.0,4768.0,1548.05,4696.0,-62.0,8893.5791,18.0,18.0,Ideal,F,VS1,3.08,IGI,19580.0
1498,Michelle Kennedy,2,Round,1,1,0,27.33,4851.46,1575.15,4779.0,-63.0,9495.9229,18.0,18.0,Ideal,F,VS1,3.08,IGI,19580.0
1498,Promenade Jewelry,2,Round,1,1,0,15.72,4610.0,1496.75,4541.0,-65.0,9448.2529,18.0,18.0,Ideal,F,VS1,3.08,IGI,19580.0
1498,Temperley,2,Round,1,1,0,12.89,4591.0,1490.58,4522.0,-64.0,9220.5107,18.0,18.0,Ideal,F,VS1,3.08,IGI,19580.0
1498,Vega Diamonds,2,Round,1,1,0,11.33,4417.0,1434.09,4351.0,-67.0,9558.2871,18.0,18.0,Ideal,F,VS1,3.08,IGI,19580.0
1498,Westport Jewelry,2,Round,1,1,0,15.61,4434.0,1439.61,4367.0,-66.0,9338.4922,18.0,18.0,Ideal,F,VS1,3.08,IGI,19580.0
1498,White Lily,2,Round,1,1,0,10.75,4604.0,1494.81,4535.0,-64.0,9070.5293,18.0,18.0,Ideal,F,VS1,3.08,IGI,19580.0
1499,Mei & Co,2,Round,1,1,0,26.21,312.0,472.73,307.0,-57.0,513.7345,18.0,18.0,Ideal,D,VS2,0.66,IGI,950.0
1499,Promenade Jewelry,2,Round,1,1,0,31.99,303.0,459.09,298.0,-54.0,476.4709,18.0,18.0,Ideal,D,VS2,0.66,IGI,950.0
1499,Roma Diamonds,2,Round,1,1,0,13.3,314.0,475.76,309.0,-54.0,489.3169,18.0,18.0,Ideal,D,VS2,0.66,IGI,950.0
1499,Silva Diamonds,2,Round,1,1,0,14.85,313.0,474.24,308.0,-54.0,491.2401,18.0,18.0,Ideal,D,VS2,0.66,IGI,950.0
1499,Temperley,2,Round,1,1,0,23.38,332.0,503.03,327.0,-52.0,497.4571,18.0,18.0,Ideal,D,VS2,0.66,IGI,950.0
1499,Tilia Diamonds,2,Round,1,1,0,21.59,313.0,474.24,308.0,-54.0,484.9647,18.0,18.0,Ideal,D,VS2,0.66,IGI,950.0
1499,Vega Diamonds,2,Round,1,1,0,27.02,303.0,459.09,298.0,-54.0,472.3822,18.0,18.0,Ideal,D,VS2,0.66,IGI,950.0
1500,Michelle Kennedy,2,Pear,1,1,0,11.91,373.0,601.61,367.0,-24.0,317.2153,15.0,15.0,Super Ideal,I,SI1,0.62,IGI,590.0
1500,Temperley,2,Pear,2,2,0,11.59,373.0,601.61,367.0,-28.0,334.6989,15.0,15.0,Super Ideal,I,SI1,0.62,IGI,590.0
1503,Ember Star,2,Marquise,1,1,0,11.15,1550.0,1033.33,1527.0,-62.0,2596.9685,15.0,15.0,Very Good,F,VS1,1.5,IGI,4740.0
1503,Hoseki,2,Marquise,1,1,0,13.96,1561.0,1040.67,1538.0,-62.0,2645.0295,15.0,15.0,Very Good,F,VS1,1.5,IGI,4740.0
1503,Michelle Kennedy,2,Marquise,1,1,0,12.19,1548.22,1032.15,1525.0,-62.0,2600.0898,15.0,15.0,Very Good,F,VS1,1.5,IGI,4740.0
1503,N. B. Diamonds,2,Marquise,1,1,0,12.56,1502.74,1001.83,1480.0,-63.0,2593.7268,15.0,15.0,Very Good,F,VS1,1.5,IGI,4740.0
1503,Promenade Jewelry,2,Marquise,1,1,0,14.67,1526.0,1017.33,1503.0,-63.0,2645.0295,15.0,15.0,Very Good,F,VS1,1.5,IGI,4740.0
1503,Temperley,2,Marquise,1,1,0,15.05,1511.42,1007.61,1489.0,-63.0,2637.7144,14.0,15.0,Very Good,F,VS1,1.5,IGI,4740.0
1509,Sonata Gems,2,Pear,1,2,0,10.57,326.36,543.93,321.0,-56.0,477.4628,15.0,15.0,Super Ideal,E,VS2,0.6,IGI,730.0
1512,Diamonds by Zoya,2,Cushion,1,1,0,89.45,829.0,829.0,817.0,-56.0,1194.1873,14.0,15.0,Very Good,E,VS1,1.0,IGI,2280.0
1512,Fabiola,2,Cushion,1,1,0,15.63,822.0,822.0,810.0,-62.0,1347.7107,15.0,15.0,Very Good,E,VS1,1.0,IGI,2280.0
1512,Jane Brear,2,Cushion,1,1,0,22.32,886.54,886.54,873.0,-61.0,1432.191,14.0,15.0,Very Good,E,VS1,1.0,IGI,2280.0
1512,Marlowe & Co,2,Cushion,1,1,0,19.83,842.76,842.76,830.0,-57.0,1238.5076,14.0,15.0,Very Good,E,VS1,1.0,IGI,2280.0
1512,Michelle Kennedy,2,Cushion,1,2,0,21.33,844.0,844.0,831.0,-62.0,1408.1304,13.0,15.0,Very Good,E,VS1,1.0,IGI,2280.0
1512,Periwinkle Stones,2,Cushion,1,1,0,25.34,841.0,841.0,828.0,-65.0,1506.1454,15.0,15.0,Very Good,E,VS1,1.0,IGI,2280.0
1512,Sigma Diamonds,2,Cushion,1,1,0,23.54,827.84,827.84,815.0,-64.0,1440.1188,14.0,15.0,Very Good,E,VS1,1.0,IGI,2280.0
1512,Simetría,2,Cushion,1,1,0,23.72,837.79,837.79,825.0,-63.0,1414.2106,14.0,15.0,Very Good,E,VS1,1.0,IGI,2280.0
1512,Taiga Gems,2,Cushion,1,1,0,13.51,822.0,822.0,810.0,-65.0,1483.5105,14.0,15.0,Very Good,E,VS1,1.0,IGI,2280.0
1512,Temperley,2,Cushion,1,1,0,13.63,871.0,871.0,858.0,-62.0,1440.1188,14.0,15.0,Very Good,E,VS1,1.0,IGI,2280.0
1512,White Lily,2,Cushion,2,2,0,19.74,863.0,863.0,850.0,-64.0,1503.2615,14.0,15.0,Very Good,E,VS1,1.0,IGI,2280.0
1514,Clermont Diamonds,2,Round,1,1,0,11.32,779.0,608.59,767.0,-65.0,1586.193,18.0,18.0,Super Ideal,F,VS2,1.28,IGI,2490.0
1514,Jane Brear,2,Round,1,1,0,15.04,806.0,629.69,794.0,-64.0,1601.715,18.0,18.0,Super Ideal,F,VS2,1.28,IGI,2490.0
1514,Temperley,2,Round,1,1,0,12.51,823.86,643.64,812.0,-63.0,1615.1298,18.0,18.0,Super Ideal,F,VS2,1.28,IGI,2490.0
1517,55 E Diamonds,2,Round,1,1,0,17.75,1963.12,1148.02,1934.0,-44.0,2505.0801,18.0,18.0,Super Ideal,F,VS1,1.71,IGI,5490.0
1517,Avignon Diamonds,2,Round,1,1,0,11.79,1829.0,1069.59,1802.0,-48.0,2498.1372,18.0,18.0,Super Ideal,F,VS1,1.71,IGI,5490.0
1517,CV Diamonds,2,Round,1,1,0,92.29,1844.0,1078.36,1816.0,-46.0,2454.7356,18.0,18.0,Super Ideal,F,VS1,1.71,IGI,5490.0
1517,Camden Gems,2,Round,1,1,0,11.24,1786.0,1044.44,1759.0,-48.0,2470.981,18.0,18.0,Super Ideal,F,VS1,1.71,IGI,5490.0
1517,Cirrus Gems,2,Round,1,1,0,17.8,1793.25,1048.68,1766.0,-49.0,2515.7371,18.0,18.0,Super Ideal,F,VS1,1.71,IGI,5490.0
1517,Eterna Luxe,2,Round,1,1,0,14.38,1858.0,1086.55,1830.0,-46.0,2463.9951,18.0,18.0,Super Ideal,F,VS1,1.71,IGI,5490.0
1517,Fabiola,2,Round,1,1,0,17.38,1786.0,1044.44,1759.0,-48.0,2458.4758,18.0,18.0,Super Ideal,F,VS1,1.71,IGI,5490.0
1517,Jane Brear,2,Round,1,1,0,12.4,1877.56,1097.99,1849.0,-46.0,2472.3027,18.0,18.0,Super Ideal,F,VS1,1.71,IGI,5490.0
1517,Lotus Creation,2,Round,1,1,0,13.88,1801.94,1053.77,1775.0,-48.0,2468.7727,18.0,18.0,Super Ideal,F,VS1,1.71,IGI,5490.0
1517,Lyra Stones,2,Round,1,1,0,14.16,1850.7,1082.28,1823.0,-46.0,2457.7234,18.0,18.0,Super Ideal,F,VS1,1.71,IGI,5490.0
1517,Michelle Kennedy,2,Round,1,1,0,10.47,1869.0,1092.98,1841.0,-47.0,2533.4321,18.0,18.0,Super Ideal,F,VS1,1.71,IGI,5490.0
1517,Nebula Stones,2,Round,1,1,0,11.52,1867.62,1092.18,1840.0,-46.0,2467.6216,18.0,18.0,Super Ideal,F,VS1,1.71,IGI,5490.0
1517,Oasis Diamonds,2,Round,1,1,0,13.33,1885.52,1102.64,1857.0,-45.0,2436.3857,18.0,18.0,Super Ideal,F,VS1,1.71,IGI,5490.0
1517,Periwinkle Stones,2,Round,1,1,0,11.08,1907.42,1115.45,1879.0,-45.0,2498.1709,18.0,18.0,Super Ideal,F,VS1,1.71,IGI,5490.0
1517,Roma Diamonds,2,Round,1,1,0,13.26,1851.0,1082.46,1823.0,-46.0,2454.0979,18.0,18.0,Super Ideal,F,VS1,1.71,IGI,5490.0
1517,Starlight Crafts,2,Round,1,1,0,11.22,1786.0,1044.44,1759.0,-48.0,2443.9009,18.0,18.0,Super Ideal,F,VS1,1.71,IGI,5490.0
1517,Temperley,2,Round,1,1,0,15.6,1874.0,1095.91,1846.0,-45.0,2453.5164,18.0,18.0,Super Ideal,F,VS1,1.71,IGI,5490.0
1517,White Lily,2,Round,1,1,0,13.67,1877.56,1097.99,1849.0,-44.0,2407.5579,18.0,18.0,Super Ideal,F,VS1,1.71,IGI,5490.0
1518,Artemis Stones,2,Round,1,1,0,13.92,1934.0,912.26,1905.0,-62.0,3641.2249,18.0,18.0,Ideal,G,VS1,2.12,IGI,7330.0
1518,Cirrus Gems,2,Round,1,1,0,16.18,1927.4,909.15,1898.0,-63.0,3736.3718,18.0,18.0,Ideal,G,VS1,2.12,IGI,7330.0
1518,Elmwood Diamonds,2,Round,1,1,0,16.03,2894.48,1365.32,2851.0,-44.0,3722.3901,18.0,18.0,Ideal,G,VS1,2.12,IGI,7330.0
1518,Jane Brear,2,Round,1,1,0,12.95,2065.62,974.35,2035.0,-59.0,3628.2822,18.0,18.0,Ideal,G,VS1,2.12,IGI,7330.0
1518,Michelle Kennedy,2,Round,1,1,0,14.48,1994.0,940.57,1964.0,-61.0,3666.4854,18.0,18.0,Ideal,G,VS1,2.12,IGI,7330.0
1518,Tamara,2,Round,1,1,0,11.28,2014.88,950.42,1985.0,-61.0,3730.9065,18.0,18.0,Ideal,G,VS1,2.12,IGI,7330.0
1518,Temperley,2,Round,1,1,0,13.59,2185.02,1030.67,2152.0,-57.0,3680.7117,18.0,18.0,Ideal,G,VS1,2.12,IGI,7330.0
1518,White Lily,2,Round,1,1,0,14.95,2002.0,944.34,1972.0,-61.0,3678.6174,18.0,18.0,Ideal,G,VS1,2.12,IGI,7330.0
1521,White Lily,2,Round,1,1,0,13.75,307.0,959.38,302.0,-38.0,356.7874,18.0,18.0,Super Ideal,E,VVS2,0.32,IGI,380.0
1523,Avignon Diamonds,2,Oval,1,1,0,17.44,3655.0,1416.67,3600.0,-64.0,6818.2642,15.0,15.0,Super Ideal,D,VS2,2.58,IGI,11460.0
1523,Genesis Stones,2,Oval,1,1,0,12.6,3931.0,1523.64,3872.0,-62.0,6915.918,15.0,15.0,Super Ideal,D,VS2,2.58,IGI,11460.0
1523,Hill & Holland,2,Oval,1,1,0,13.3,3858.0,1495.35,3800.0,-63.0,6934.3677,15.0,15.0,Super Ideal,D,VS2,2.58,IGI,11460.0
1523,Leann’s Diamonds,2,Oval,1,1,0,15.5,4437.0,1719.77,4370.0,-57.0,6912.3301,15.0,15.0,Super Ideal,D,VS2,2.58,IGI,11460.0
1523,Periwinkle Stones,2,Oval,1,1,0,14.75,3710.0,1437.98,3654.0,-64.0,6988.8252,15.0,15.0,Super Ideal,D,VS2,2.58,IGI,11460.0
1523,Temperley,2,Oval,1,1,0,12.29,3785.0,1467.05,3728.0,-63.0,6834.7246,15.0,15.0,Super Ideal,D,VS2,2.58,IGI,11460.0
1529,CV Diamonds,2,Pear,2,1,0,17.63,399.0,539.19,393.0,-46.0,481.9352,15.0,15.0,Very Good,E,VS1,0.74,IGI,1250.0
1529,Diamonds by Zoya,2,Pear,2,2,0,15.38,352.0,475.68,347.0,-56.0,514.0267,14.0,15.0,Very Good,E,VS1,0.74,IGI,1250.0
1529,Eternal Flame,2,Pear,1,2,0,10.22,360.0,486.49,355.0,-59.0,576.3871,15.0,15.0,Very Good,E,VS1,0.74,IGI,1250.0
1529,Nebula Stones,2,Pear,1,1,0,16.6,358.2,484.05,353.0,-59.0,572.8207,15.0,15.0,Very Good,E,VS1,0.74,IGI,1250.0
1529,Vega Diamonds,2,Pear,1,1,0,21.5,336.84,455.19,332.0,-54.0,473.8035,0.0,0.0,Very Good,E,VS1,0.74,IGI,1250.0
1535,Marlowe & Co,2,Round,1,1,0,10.91,597.0,597.0,588.0,-64.0,1178.1433,18.0,18.0,Ideal,H,VS2,1.0,IGI,1930.0
1536,Jane Brear,2,Round,1,1,0,15.08,1945.22,892.3,1916.0,-56.0,3169.4629,18.0,18.0,Super Ideal,G,VS2,2.18,IGI,7046.67
1536,Michelle Kennedy,2,Round,1,1,0,11.61,1971.0,904.13,1941.0,-56.0,3193.9104,18.0,18.0,Super Ideal,G,VS2,2.18,IGI,7046.67
1536,Starlight Crafts,2,Round,1,1,0,12.33,1881.0,862.84,1853.0,-58.0,3187.9607,18.0,18.0,Super Ideal,G,VS2,2.18,IGI,7046.67
1536,Temperley,2,Round,1,1,0,17.51,1926.0,883.49,1897.0,-57.0,3234.6882,18.0,18.0,Super Ideal,G,VS2,2.18,IGI,7046.67
1538,Albert's Creations,2,Princess,1,1,0,13.48,4589.0,1499.67,4520.0,-67.0,8879.1289,15.0,15.0,Super Ideal,E,VS2,3.06,IGI,14770.0
1538,Marlowe & Co,2,Princess,1,1,0,17.04,4633.72,1514.29,4564.0,-67.0,8872.4854,15.0,15.0,Super Ideal,E,VS2,3.06,IGI,14770.0
1538,Periwinkle Stones,2,Princess,1,1,0,11.78,4624.0,1511.11,4555.0,-67.0,8872.2354,15.0,15.0,Super Ideal,E,VS2,3.06,IGI,14770.0
1538,Taiga Gems,2,Princess,1,1,0,17.73,4418.0,1443.79,4352.0,-68.0,8874.5215,15.0,15.0,Super Ideal,E,VS2,3.06,IGI,14770.0
1538,Temperley,2,Princess,1,1,0,15.02,4624.0,1511.11,4555.0,-67.0,8778.1572,15.0,15.0,Super Ideal,E,VS2,3.06,IGI,14770.0
1538,Vega Diamonds,2,Princess,1,1,0,20.58,4405.0,1439.54,4339.0,-68.0,8774.0391,15.0,15.0,Super Ideal,E,VS2,3.06,IGI,14770.0
1541,Temperley,2,Round,1,1,0,14.26,897.49,888.6,884.0,-53.0,1375.5559,18.0,18.0,Super Ideal,H,VVS1,1.01,IGI,2230.0
1543,Albert's Creations,2,Round,1,1,0,10.21,308.0,880.0,303.0,-34.0,332.2126,18.0,18.0,Super Ideal,E,VS1,0.35,IGI,410.0
1543,Jane Brear,2,Round,1,1,0,13.99,333.0,951.43,328.0,-26.0,320.3357,18.0,18.0,Super Ideal,E,VS1,0.35,IGI,410.0
1543,Meridian Crafts,2,Round,1,1,0,14.05,311.0,888.57,306.0,-30.0,319.6108,18.0,18.0,Super Ideal,E,VS1,0.35,IGI,410.0
1543,Michelle Kennedy,2,Round,1,1,0,15.09,332.0,948.57,327.0,-28.0,331.2798,18.0,18.0,Super Ideal,E,VS1,0.35,IGI,410.0
1543,Sonata Gems,2,Round,1,1,0,14.73,307.0,877.14,302.0,-28.0,307.374,18.0,18.0,Super Ideal,E,VS1,0.35,IGI,410.0
1543,Temperley,2,Round,1,1,0,14.54,332.0,948.57,327.0,-28.0,328.3513,18.0,18.0,Super Ideal,E,VS1,0.35,IGI,410.0
1543,Vega Diamonds,2,Round,1,1,0,17.63,304.99,871.4,300.0,-38.0,350.4808,18.0,18.0,Super Ideal,E,VS1,0.35,IGI,410.0
1543,White Lily,2,Round,2,2,0,14.78,349.0,997.14,344.0,-11.0,279.613,18.0,18.0,Super Ideal,E,VS1,0.35,IGI,410.0
1543,Woodhouse Diamonds,2,Round,1,1,0,11.49,310.0,885.71,305.0,-29.0,311.6571,18.0,18.0,Super Ideal,E,VS1,0.35,IGI,410.0
1544,Albert's Creations,2,Emerald,1,1,0,18.15,5370.0,1737.86,5289.0,-64.0,9710.1631,15.0,15.0,Super Ideal,E,VS1,3.09,IGI,17090.0
1544,Michelle Kennedy,2,Emerald,1,1,0,22.01,5203.0,1683.82,5125.0,-66.0,9734.9668,15.0,15.0,Super Ideal,E,VS1,3.09,IGI,17090.0
1544,Rosella,2,Emerald,1,1,0,19.83,5201.0,1683.17,5123.0,-65.0,9636.2051,15.0,15.0,Super Ideal,E,VS1,3.09,IGI,17090.0
1544,Simetría,2,Emerald,1,1,0,19.74,5369.42,1737.68,5289.0,-65.0,9871.6416,15.0,15.0,Super Ideal,E,VS1,3.09,IGI,17090.0
1544,Taiga Gems,2,Emerald,1,1,0,21.86,5371.41,1738.32,5291.0,-65.0,9895.0557,15.0,15.0,Super Ideal,E,VS1,3.09,IGI,17090.0
1544,Temperley,2,Emerald,1,1,0,17.88,5367.0,1736.89,5286.0,-64.0,9708.0967,15.0,15.0,Super Ideal,E,VS1,3.09,IGI,17090.0
1544,The Diamond Source,2,Emerald,1,1,0,18.75,5373.0,1738.83,5292.0,-64.0,9579.5498,15.0,15.0,Super Ideal,E,VS1,3.09,IGI,17090.0
1544,Vega Diamonds,2,Emerald,1,1,0,20.77,5155.0,1668.28,5078.0,-66.0,9722.8496,15.0,15.0,Super Ideal,E,VS1,3.09,IGI,17090.0
1544,White Lily,2,Emerald,1,1,0,22.99,5203.0,1683.82,5125.0,-66.0,9751.667,15.0,15.0,Super Ideal,E,VS1,3.09,IGI,17090.0
1548,Camden Gems,2,Round,1,1,0,12.91,695.0,695.0,685.0,-58.0,1180.387,18.0,18.0,Ideal,F,VS1,1.0,IGI,2276.0
1548,Jane Brear,2,Round,1,1,0,10.58,714.0,714.0,703.0,-58.0,1221.0771,18.0,18.0,Ideal,F,VS1,1.0,IGI,2276.0
1548,Meridian Crafts,2,Round,1,1,0,11.52,700.0,700.0,690.0,-59.0,1226.6276,18.0,18.0,Ideal,F,VS1,1.0,IGI,2276.0
1548,Michelle Kennedy,2,Round,1,1,0,13.43,726.0,726.0,715.0,-58.0,1247.7837,18.0,18.0,Ideal,F,VS1,1.0,IGI,2276.0
1548,Nova Stars,2,Round,1,1,0,11.1,697.0,697.0,687.0,-60.0,1258.358,18.0,18.0,Ideal,F,VS1,1.0,IGI,2276.0
1548,Simetría,2,Round,1,1,0,,9370.0,9370.0,9229.0,449.0,1220.9534,18.0,18.0,Ideal,F,VS1,1.0,IGI,2276.0
1548,Taiga Gems,2,Round,1,1,0,12.33,715.0,715.0,704.0,-56.0,1165.5994,18.0,18.0,Ideal,F,VS1,1.0,IGI,2276.0
1548,Temperley,2,Round,1,1,0,10.64,728.0,728.0,717.0,-57.0,1213.7406,18.0,18.0,Ideal,F,VS1,1.0,IGI,2276.0
1548,White Lily,2,Round,1,1,0,53.38,721.0,721.0,710.0,-57.0,1195.8243,18.0,18.0,Ideal,F,VS1,1.0,IGI,2276.0
1552,Michelle Kennedy,2,Round,1,1,0,14.35,321.39,973.91,317.0,-47.0,430.7966,18.0,18.0,Ideal,D,VVS1,0.33,IGI,480.0
1552,White Lily,2,Round,1,1,0,13.56,304.47,922.64,300.0,-46.0,402.9915,18.0,18.0,Ideal,D,VVS1,0.33,IGI,480.0
1556,Meridian Crafts,2,Princess,1,1,0,12.31,413.0,550.67,407.0,-56.0,599.0785,15.0,15.0,Super Ideal,G,VS1,0.75,IGI,1150.0
1560,Cirrus Gems,2,Round,1,1,0,16.18,1409.12,891.85,1388.0,-65.0,2854.1785,18.0,18.0,Ideal,G,VVS2,1.58,IGI,4570.0
1560,Clermont Diamonds,2,Round,1,1,0,12.96,1418.0,897.47,1397.0,-65.0,2902.27,18.0,18.0,Ideal,G,VVS2,1.58,IGI,4570.0
1560,Nova Stars,2,Round,1,1,0,14.87,1399.0,885.44,1378.0,-65.0,2891.1492,18.0,18.0,Ideal,G,VVS2,1.58,IGI,4570.0
1560,Rosella,2,Round,1,1,0,10.92,1379.0,872.78,1358.0,-65.0,2828.6584,18.0,18.0,Ideal,G,VVS2,1.58,IGI,4570.0
1560,Serene Peaks Diamonds,2,Round,1,1,0,14.25,1428.82,904.32,1407.0,-64.0,2874.8113,18.0,18.0,Ideal,G,VVS2,1.58,IGI,4570.0
1560,Taiga Gems,2,Round,1,1,0,13.24,1402.0,887.34,1381.0,-64.0,2797.5266,18.0,18.0,Ideal,G,VVS2,1.58,IGI,4570.0
1560,Temperley,2,Round,1,1,0,13.28,1432.0,906.33,1411.0,-64.0,2879.6919,18.0,18.0,Ideal,G,VVS2,1.58,IGI,4570.0
1560,Thalassa Gems,2,Round,1,1,0,14.18,1408.92,891.72,1388.0,-65.0,2910.3706,18.0,18.0,Ideal,G,VVS2,1.58,IGI,4570.0
1560,White Lily,2,Round,1,1,0,12.36,1450.0,917.72,1428.0,-64.0,2893.6008,18.0,18.0,Ideal,G,VVS2,1.58,IGI,4570.0
1568,Avignon Diamonds,2,Cushion,1,1,0,24.73,4674.75,1553.07,4605.0,-58.0,7051.3018,14.0,15.0,Very Good,F,VS1,3.01,IGI,15430.0
1568,Cornerstone,2,Cushion,1,1,0,10.87,4709.0,1564.45,4638.0,-55.0,6569.688,15.0,15.0,Very Good,F,VS1,3.01,IGI,15430.0
1568,Diamonds by Zoya,2,Cushion,1,1,0,18.49,4633.68,1539.43,4564.0,-55.0,6486.5752,14.0,15.0,Very Good,F,VS1,3.01,IGI,15430.0
1568,Grace Brooks,2,Cushion,1,1,0,23.35,4706.27,1563.54,4636.0,-55.0,6608.0503,14.0,15.0,Very Good,F,VS1,3.01,IGI,15430.0
1568,Michelle Kennedy,2,Cushion,1,1,0,15.96,4850.62,1611.5,4778.0,-58.0,7240.4209,14.0,15.0,Very Good,F,VS1,3.01,IGI,15430.0
1568,Temperley,2,Cushion,1,1,0,13.28,4853.61,1612.5,4781.0,-52.0,6330.5083,14.0,15.0,Very Good,F,VS1,3.01,IGI,15430.0
1569,Fabiola,2,Round,1,1,0,15.45,1765.13,865.26,1739.0,-59.0,3092.2478,18.0,18.0,Super Ideal,F,SI1,2.04,IGI,6240.0
1569,Jane Brear,2,Round,1,1,0,12.96,1748.0,856.86,1722.0,-59.0,3075.7039,18.0,18.0,Super Ideal,F,SI1,2.04,IGI,6240.0
1569,Mei & Co,2,Round,1,1,0,15.15,1734.0,850.0,1708.0,-61.0,3191.6201,18.0,18.0,Super Ideal,F,SI1,2.04,IGI,6240.0
1569,Periwinkle Stones,2,Round,1,1,0,18.34,1775.0,870.1,1748.0,-62.0,3304.1672,18.0,18.0,Super Ideal,F,SI1,2.04,IGI,6240.0
1569,Serene Peaks Diamonds,2,Round,1,1,0,16.62,1759.16,862.33,1733.0,-60.0,3133.0505,18.0,18.0,Super Ideal,F,SI1,2.04,IGI,6240.0
1570,Cirrus Gems,2,Princess,1,2,0,21.11,2043.0,1167.43,2012.0,-53.0,2767.9695,15.0,15.0,Super Ideal,G,VVS2,1.75,IGI,5450.0
1570,Ember Star,2,Princess,1,1,0,15.57,2027.0,1158.29,1997.0,-54.0,2807.4448,15.0,15.0,Super Ideal,G,VVS2,1.75,IGI,5450.0
1570,Emilia Sterling,2,Princess,1,1,0,23.2,2042.0,1166.86,2011.0,-54.0,2814.5903,15.0,15.0,Super Ideal,G,VVS2,1.75,IGI,5450.0
1570,KIYO,2,Princess,1,1,0,20.3,2059.63,1176.93,2029.0,-53.0,2774.4807,15.0,15.0,Super Ideal,G,VVS2,1.75,IGI,5450.0
1570,Michelle Kennedy,2,Princess,1,1,0,12.6,2123.0,1213.14,2091.0,-50.0,2713.1238,15.0,15.0,Super Ideal,G,VVS2,1.75,IGI,5450.0
1570,Promenade Jewelry,2,Princess,1,2,0,22.51,2048.0,1170.29,2017.0,-53.0,2761.8931,15.0,15.0,Super Ideal,G,VVS2,1.75,IGI,5450.0
1572,Avignon Diamonds,2,Round,1,1,0,24.36,355.18,538.15,350.0,-55.0,564.0925,18.0,18.0,Ideal,D,VS1,0.66,IGI,1050.0
1572,Eternity Fine Jewelers,2,Round,1,1,0,21.99,340.29,515.59,335.0,-57.0,561.0117,18.0,18.0,Ideal,D,VS1,0.66,IGI,1050.0
1572,Hill & Holland,2,Round,1,1,0,21.76,353.22,535.18,348.0,-55.0,566.5829,18.0,18.0,Ideal,D,VS1,0.66,IGI,1050.0
1572,Jane Brear,2,Round,1,1,0,13.46,369.0,559.09,363.0,-53.0,556.9541,18.0,18.0,Ideal,D,VS1,0.66,IGI,1050.0
1572,Joan Cooper,2,Round,1,1,0,23.58,330.34,500.52,325.0,-57.0,553.3292,18.0,18.0,Ideal,D,VS1,0.66,IGI,1050.0
1572,Mei & Co,2,Round,1,1,0,25.47,338.3,512.58,333.0,-57.0,559.6805,18.0,18.0,Ideal,D,VS1,0.66,IGI,1050.0
1572,Promenade Jewelry,2,Round,1,1,0,26.45,344.56,522.06,339.0,-53.0,529.51,18.0,18.0,Ideal,D,VS1,0.66,IGI,1050.0
1572,Serenade Diamonds,2,Round,1,1,0,13.72,329.34,499.0,324.0,-60.0,591.1605,18.0,18.0,Ideal,D,VS1,0.66,IGI,1050.0
1572,Silva Diamonds,2,Round,1,1,0,14.86,344.0,521.21,339.0,-57.0,570.8346,18.0,18.0,Ideal,D,VS1,0.66,IGI,1050.0
1572,Simetría,2,Round,1,1,0,21.75,332.33,503.53,327.0,-59.0,577.6245,18.0,18.0,Ideal,D,VS1,0.66,IGI,1050.0
1572,Sonata Gems,2,Round,1,1,0,23.88,345.26,523.12,340.0,-50.0,490.7631,18.0,18.0,Ideal,D,VS1,0.66,IGI,1050.0
1572,Temperley,2,Round,1,1,0,14.8,365.0,553.03,360.0,-55.0,584.6108,18.0,18.0,Ideal,D,VS1,0.66,IGI,1050.0
1572,White Lily,2,Round,1,2,0,24.28,359.2,544.24,354.0,-54.0,558.8559,18.0,18.0,Ideal,D,VS1,0.66,IGI,1050.0
1572,Woodhouse Diamonds,2,Round,1,1,0,19.27,347.26,526.15,342.0,-58.0,587.4955,18.0,18.0,Ideal,D,VS1,0.66,IGI,1050.0
1574,55 E Diamonds,2,Round,1,1,0,23.58,1915.0,1119.88,1886.0,-46.0,2516.208,18.0,18.0,Ideal,E,VS1,1.71,IGI,6200.0
1574,Atkinson Crafts,2,Round,1,1,0,15.08,1964.0,1148.54,1935.0,-46.0,2594.3057,18.0,18.0,Ideal,E,VS1,1.71,IGI,6200.0
1574,Avignon Diamonds,2,Round,1,1,0,11.62,1903.0,1112.87,1874.0,-47.0,2550.6904,18.0,18.0,Ideal,E,VS1,1.71,IGI,6200.0
1574,Camden Gems,2,Round,1,1,0,11.69,1903.0,1112.87,1874.0,-47.0,2560.3955,18.0,18.0,Ideal,E,VS1,1.71,IGI,6200.0
1574,Cascade Diamonds,2,Round,1,1,0,14.1,1908.0,1115.79,1879.0,-47.0,2562.0012,18.0,18.0,Ideal,E,VS1,1.71,IGI,6200.0
1574,Cirrus Gems,2,Round,1,1,0,17.53,1873.36,1095.53,1845.0,-48.0,2561.3958,17.0,18.0,Ideal,E,VS1,1.71,IGI,6200.0
1574,Diamonds by Zoya,2,Round,1,1,0,92.66,1913.0,1118.71,1884.0,-47.0,2596.0229,18.0,18.0,Ideal,E,VS1,1.71,IGI,6200.0
1574,Ember Star,2,Round,1,1,0,15.85,1859.0,1087.13,1831.0,-49.0,2615.1118,18.0,18.0,Ideal,E,VS1,1.71,IGI,6200.0
1574,Equinox Jewels,2,Round,1,1,0,14.91,1905.0,1114.04,1876.0,-47.0,2562.5938,18.0,18.0,Ideal,E,VS1,1.71,IGI,6200.0
1574,Eterna Luxe,2,Round,1,1,0,11.63,1925.0,1125.73,1896.0,-45.0,2521.176,18.0,18.0,Ideal,E,VS1,1.71,IGI,6200.0
1574,Fabiola,2,Round,1,1,0,10.34,1903.0,1112.87,1874.0,-47.0,2592.4399,18.0,18.0,Ideal,E,VS1,1.71,IGI,6200.0
1574,Jane Brear,2,Round,1,1,0,13.9,1935.0,1131.58,1906.0,-46.0,2543.1155,18.0,18.0,Ideal,E,VS1,1.71,IGI,6200.0
1574,Michelle Kennedy,2,Round,1,1,0,11.83,1931.0,1129.24,1902.0,-45.0,2502.3691,18.0,18.0,Ideal,E,VS1,1.71,IGI,6200.0
1574,Nebula Stones,2,Round,1,1,0,12.74,1953.18,1142.21,1924.0,-46.0,2571.9724,18.0,18.0,Ideal,E,VS1,1.71,IGI,6200.0
1574,Periwinkle Stones,2,Round,1,1,0,17.55,1945.0,1137.43,1916.0,-46.0,2598.0474,18.0,18.0,Ideal,E,VS1,1.71,IGI,6200.0
1574,Riley Stones,2,Round,1,1,0,12.57,1895.0,1108.19,1867.0,-47.0,2557.5474,18.0,18.0,Ideal,E,VS1,1.71,IGI,6200.0
1574,Roma Diamonds,2,Round,1,1,0,15.41,1931.0,1129.24,1902.0,-45.0,2536.2244,18.0,18.0,Ideal,E,VS1,1.71,IGI,6200.0
1574,Silva Diamonds,2,Round,1,1,0,11.55,1912.0,1118.13,1883.0,-47.0,2590.146,18.0,18.0,Ideal,E,VS1,1.71,IGI,6200.0
1574,Simetría,2,Round,1,1,0,19.68,1875.29,1096.66,1847.0,-48.0,2557.4944,18.0,18.0,Ideal,E,VS1,1.71,IGI,6200.0
1574,Starlight Crafts,2,Round,1,1,0,13.58,1903.0,1112.87,1874.0,-46.0,2544.2063,17.0,18.0,Ideal,E,VS1,1.71,IGI,6200.0
1574,Tamara,2,Round,1,1,0,10.99,1933.0,1130.41,1904.0,-46.0,2585.7295,18.0,18.0,Ideal,E,VS1,1.71,IGI,6200.0
1574,Temperley,2,Round,1,1,0,12.69,1932.29,1129.99,1903.0,-46.0,2558.1321,18.0,18.0,Ideal,E,VS1,1.71,IGI,6200.0
1574,White Lily,2,Round,1,1,0,13.51,1938.0,1133.33,1909.0,-46.0,2576.6975,18.0,18.0,Ideal,E,VS1,1.71,IGI,6200.0
1574,Woodhouse Diamonds,2,Round,1,1,0,13.72,1907.0,1115.2,1878.0,-47.0,2560.0237,18.0,18.0,Ideal,E,VS1,1.71,IGI,6200.0
1576,Michelle Kennedy,2,Round,1,1,0,14.66,390.0,541.67,384.0,-41.0,476.5819,18.0,18.0,Super Ideal,D,SI2,0.72,IGI,990.0
1576,Temperley,2,Round,1,1,0,10.55,372.13,516.85,367.0,-45.0,483.8358,18.0,18.0,Super Ideal,D,SI2,0.72,IGI,990.0
1579,Fabiola,2,Round,1,1,0,11.12,1494.0,1149.23,1472.0,-46.0,1983.7473,18.0,18.0,Ideal,F,VVS1,1.3,IGI,4470.0
1579,Temperley,2,Round,1,1,0,14.72,1517.38,1167.22,1495.0,-45.0,1966.9681,18.0,18.0,Ideal,F,VVS1,1.3,IGI,4470.0
1581,Taiga Gems,2,Round,1,1,0,16.03,897.0,645.32,884.0,-51.0,1301.5552,18.0,18.0,Super Ideal,H,SI1,1.39,IGI,2300.0
1584,Hoseki,2,Oval,2,2,0,12.08,321.38,1004.31,317.0,-33.0,324.7712,15.0,15.0,Very Good,E,VS2,0.32,IGI,320.0
1594,Eternity Fine Jewelers,2,Round,1,1,0,18.08,968.14,768.37,954.0,-62.0,1810.7305,18.0,18.0,Super Ideal,F,VVS2,1.26,IGI,3310.0
1594,Jane Brear,2,Round,1,1,0,14.1,994.0,788.89,979.0,-61.0,1836.4705,18.0,18.0,Super Ideal,F,VVS2,1.26,IGI,3310.0
1594,Michelle Kennedy,2,Round,1,1,0,22.99,1001.83,795.1,987.0,-61.0,1842.0928,18.0,18.0,Super Ideal,F,VVS2,1.26,IGI,3310.0
1594,Oasis Diamonds,2,Round,1,1,0,20.61,1000.97,794.42,986.0,-61.0,1839.8611,18.0,18.0,Super Ideal,F,VVS2,1.26,IGI,3310.0
1594,Roma Diamonds,2,Round,1,1,0,37.77,1217.0,965.87,1199.0,-52.0,1819.1945,18.0,18.0,Super Ideal,F,VVS2,1.26,IGI,3310.0
1594,Silva Diamonds,2,Round,1,1,0,13.91,966.0,766.67,952.0,-62.0,1831.7019,18.0,18.0,Super Ideal,F,VVS2,1.26,IGI,3310.0
1594,Starlight Crafts,2,Round,1,1,0,10.8,966.0,766.67,952.0,-63.0,1865.05,18.0,18.0,Super Ideal,F,VVS2,1.26,IGI,3310.0
1594,Taiga Gems,2,Round,1,1,0,14.23,959.0,761.11,945.0,-63.0,1833.6492,18.0,18.0,Super Ideal,F,VVS2,1.26,IGI,3310.0
1594,Temperley,2,Round,1,1,0,18.0,992.02,787.32,977.0,-62.0,1845.995,18.0,18.0,Super Ideal,F,VVS2,1.26,IGI,3310.0
1594,White Lily,2,Round,1,1,0,18.18,1078.58,856.02,1062.0,-59.0,1875.0199,18.0,18.0,Super Ideal,F,VVS2,1.26,IGI,3310.0
1604,Cirrus Gems,2,Round,1,1,0,16.63,895.66,778.83,882.0,-54.0,1396.1954,18.0,18.0,Super Ideal,E,VVS2,1.15,IGI,3295.0
1604,Emilia Sterling,2,Round,1,1,0,13.61,878.0,763.48,865.0,-55.0,1393.5947,18.0,18.0,Super Ideal,E,VVS2,1.15,IGI,3295.0
1604,Equinox Jewels,2,Round,1,1,0,10.61,895.0,778.26,882.0,-54.0,1383.85,18.0,18.0,Super Ideal,E,VVS2,1.15,IGI,3295.0
1604,Eterna Luxe,2,Round,1,1,0,13.46,918.0,798.26,904.0,-51.0,1341.9539,18.0,18.0,Super Ideal,E,VVS2,1.15,IGI,3295.0
1604,Eternity Fine Jewelers,2,Round,1,1,0,12.8,917.39,797.73,904.0,-52.0,1380.6718,18.0,18.0,Super Ideal,E,VVS2,1.15,IGI,3295.0
1604,Fabiola,2,Round,1,1,0,13.22,900.0,782.61,886.0,-55.0,1431.4155,18.0,18.0,Super Ideal,E,VVS2,1.15,IGI,3295.0
1604,Knox Diamonds,2,Round,1,1,0,13.75,892.0,775.65,879.0,-54.0,1396.3022,18.0,18.0,Super Ideal,E,VVS2,1.15,IGI,3295.0
1604,Magnolia,2,Round,1,1,0,15.29,900.0,782.61,886.0,-53.0,1358.7698,18.0,18.0,Super Ideal,E,VVS2,1.15,IGI,3295.0
1604,Marlowe & Co,2,Round,1,1,0,14.89,919.0,799.13,905.0,-51.0,1354.6475,18.0,18.0,Super Ideal,E,VVS2,1.15,IGI,3295.0
1604,Michelle Kennedy,2,Round,1,1,0,21.84,899.0,781.74,886.0,-54.0,1390.0305,18.0,18.0,Super Ideal,E,VVS2,1.15,IGI,3295.0
1604,Rosella,2,Round,1,1,0,10.92,908.0,789.57,894.0,-53.0,1375.2438,18.0,18.0,Super Ideal,E,VVS2,1.15,IGI,3295.0
1604,Serene Peaks Diamonds,2,Round,1,1,0,12.12,917.0,797.39,903.0,-53.0,1391.6062,18.0,18.0,Super Ideal,E,VVS2,1.15,IGI,3295.0
1604,Silva Diamonds,2,Round,1,1,0,13.88,895.0,778.26,882.0,-56.0,1442.2378,18.0,18.0,Super Ideal,E,VVS2,1.15,IGI,3295.0
1604,Simetría,2,Round,1,1,0,15.97,872.0,758.26,859.0,-55.0,1387.663,18.0,18.0,Super Ideal,E,VVS2,1.15,IGI,3295.0
1604,Starlight Crafts,2,Round,1,1,0,12.65,909.0,790.43,895.0,-53.0,1375.4242,18.0,18.0,Super Ideal,E,VVS2,1.15,IGI,3295.0
1604,Tamara,2,Round,1,1,0,14.74,910.0,791.3,896.0,-54.0,1413.5323,18.0,18.0,Super Ideal,E,VVS2,1.15,IGI,3295.0
1604,Vespera Gems,2,Round,1,1,0,14.28,892.76,776.31,879.0,-54.0,1388.6475,18.0,18.0,Super Ideal,E,VVS2,1.15,IGI,3295.0
1605,Riviera Jewels,2,Round,1,1,0,21.8,1911.0,868.64,1882.0,-61.0,3498.374,18.0,18.0,Ideal,G,SI1,2.2,IGI,6900.0
1605,Serene Peaks Diamonds,2,Round,1,1,0,16.12,1902.0,864.55,1873.0,-61.0,3497.2498,18.0,18.0,Ideal,G,SI1,2.2,IGI,6900.0
1605,Temperley,2,Round,1,1,0,19.17,1925.0,875.0,1896.0,-60.0,3474.353,18.0,18.0,Ideal,G,SI1,2.2,IGI,6900.0
1607,Michelle Kennedy,2,Round,1,1,0,12.94,1421.0,861.21,1400.0,-57.0,2366.6072,18.0,18.0,Super Ideal,G,VS1,1.65,IGI,4290.0
1607,White Lily,2,Round,1,1,0,15.72,1453.0,880.61,1431.0,-57.0,2397.3477,18.0,18.0,Super Ideal,G,VS1,1.65,IGI,4290.0
1608,Michelle Kennedy,2,Pear,1,1,0,15.93,959.0,732.06,945.0,-61.0,1581.88,15.0,15.0,Super Ideal,H,VVS2,1.31,IGI,2600.0
1608,Taiga Gems,2,Pear,1,1,0,15.37,952.22,726.89,938.0,-59.0,1522.0076,15.0,15.0,Super Ideal,H,VVS2,1.31,IGI,2600.0
1609,Albert's Creations,2,Oval,1,1,0,17.68,715.0,737.11,704.0,-48.0,923.7287,15.0,15.0,Super Ideal,D,SI1,0.97,IGI,1840.0
1609,Michelle Kennedy,2,Oval,1,1,0,19.67,716.0,738.14,705.0,-49.0,939.9918,15.0,15.0,Super Ideal,D,SI1,0.97,IGI,1840.0
1609,White Lily,2,Oval,1,1,0,19.37,716.0,738.14,705.0,-52.0,996.2461,15.0,15.0,Super Ideal,D,SI1,0.97,IGI,1840.0
1614,Avignon Diamonds,2,Oval,1,1,0,56.88,2354.0,1137.2,2319.0,-61.0,4042.2163,15.0,15.0,Super Ideal,F,VS1,2.07,IGI,7600.0
1614,CV Diamonds,2,Oval,1,1,0,14.05,2358.15,1139.2,2323.0,-61.0,4036.6211,15.0,15.0,Super Ideal,F,VS1,2.07,IGI,7600.0
1614,Cornerstone,2,Oval,1,1,0,12.16,2385.0,1152.17,2349.0,-61.0,4073.123,15.0,15.0,Super Ideal,F,VS1,2.07,IGI,7600.0
1614,Dahlia Diamonds,2,Oval,1,1,0,10.76,2367.1,1143.53,2332.0,-60.0,4013.0696,15.0,15.0,Super Ideal,F,VS1,2.07,IGI,7600.0
1614,Elmwood Diamonds,2,Oval,1,1,0,12.84,3333.0,1610.14,3283.0,-45.0,4073.123,15.0,15.0,Super Ideal,F,VS1,2.07,IGI,7600.0
1614,Fuji Diamonds,2,Oval,1,1,0,14.51,2346.0,1133.33,2311.0,-60.0,3943.3652,15.0,15.0,Super Ideal,F,VS1,2.07,IGI,7600.0
1614,Genesis Stones,2,Oval,1,1,0,11.61,2534.0,1224.15,2496.0,-58.0,4095.428,15.0,15.0,Super Ideal,F,VS1,2.07,IGI,7600.0
1614,Jane Brear,2,Oval,1,1,0,15.12,2395.0,1157.0,2359.0,-60.0,4027.1501,15.0,15.0,Super Ideal,F,VS1,2.07,IGI,7600.0
1614,La Marquise,2,Oval,1,1,0,17.95,2546.0,1229.95,2508.0,-57.0,4028.0469,15.0,15.0,Super Ideal,F,VS1,2.07,IGI,7600.0
1614,Michelle Kennedy,2,Oval,1,1,0,15.8,2351.11,1135.8,2316.0,-60.0,3928.4194,15.0,15.0,Super Ideal,F,VS1,2.07,IGI,7600.0
1614,Serene Peaks Diamonds,2,Oval,1,1,0,10.37,2375.0,1147.34,2339.0,-60.0,4026.1292,15.0,15.0,Super Ideal,F,VS1,2.07,IGI,7600.0
1614,Taiga Gems,2,Oval,1,1,0,10.45,2350.0,1135.27,2315.0,-61.0,4096.6738,15.0,15.0,Super Ideal,F,VS1,2.07,IGI,7600.0
1614,Tamara,2,Oval,1,1,0,11.3,2427.8,1172.85,2391.0,-60.0,4082.5386,15.0,15.0,Super Ideal,F,VS1,2.07,IGI,7600.0
1614,Temperley,2,Oval,1,1,0,16.99,2370.0,1144.93,2334.0,-61.0,4051.3252,15.0,15.0,Super Ideal,F,VS1,2.07,IGI,7600.0
1614,White Lily,2,Oval,1,1,0,10.91,2370.0,1144.93,2334.0,-60.0,4011.4026,15.0,15.0,Super Ideal,F,VS1,2.07,IGI,7600.0
1615,Albert's Creations,2,Round,1,1,0,10.62,353.0,458.44,348.0,-58.0,606.7353,18.0,18.0,Ideal,D,VS1,0.77,IGI,1560.0
1615,Avignon Diamonds,2,Round,1,1,0,15.24,381.0,494.81,375.0,-58.0,649.3942,18.0,18.0,Ideal,D,VS1,0.77,IGI,1560.0
1615,Eternity Fine Jewelers,2,Round,1,1,0,24.13,354.22,460.03,349.0,-61.0,657.693,18.0,18.0,Ideal,D,VS1,0.77,IGI,1560.0
1615,Hoseki,2,Round,2,1,0,22.05,362.18,470.36,357.0,-61.0,665.0019,18.0,18.0,Ideal,D,VS1,0.77,IGI,1560.0
1615,Jane Brear,2,Round,1,1,0,11.83,383.0,497.4,377.0,-58.0,654.8198,18.0,18.0,Ideal,D,VS1,0.77,IGI,1560.0
1615,Mei & Co,2,Round,1,1,0,23.65,350.24,454.86,345.0,-61.0,647.5553,18.0,18.0,Ideal,D,VS1,0.77,IGI,1560.0
1615,Michelle Kennedy,2,Round,1,1,0,11.5,383.0,497.4,377.0,-57.0,634.1733,18.0,18.0,Ideal,D,VS1,0.77,IGI,1560.0
1615,Roma Diamonds,2,Round,1,1,0,11.02,505.0,655.84,497.0,-45.0,655.4711,18.0,18.0,Ideal,D,VS1,0.77,IGI,1560.0
1615,Temperley,2,Round,1,1,0,12.95,376.0,488.31,370.0,-59.0,653.5098,17.0,18.0,Ideal,D,VS1,0.77,IGI,1560.0
1615,Tilia Diamonds,2,Round,1,1,0,22.24,344.27,447.1,339.0,-59.0,595.8603,18.0,18.0,Ideal,D,VS1,0.77,IGI,1560.0
1615,White Lily,2,Round,2,2,0,13.09,379.0,492.21,373.0,-59.0,654.0784,18.0,18.0,Ideal,D,VS1,0.77,IGI,1560.0
1616,Cirrus Gems,2,Round,1,1,0,23.25,894.0,703.94,881.0,-59.0,1562.7146,18.0,18.0,Ideal,H,VVS2,1.27,IGI,2555.0
1616,Michelle Kennedy,2,Round,1,1,0,18.69,1012.0,796.85,997.0,-53.0,1549.0491,18.0,18.0,Ideal,H,VVS2,1.27,IGI,2555.0
1616,Taiga Gems,2,Round,1,1,0,19.18,914.0,719.69,900.0,-58.0,1551.5789,18.0,18.0,Ideal,H,VVS2,1.27,IGI,2555.0
1618,Cornerstone,5,Emerald,3,2,0,13.7,748.0,740.59,737.0,-62.0,1278.7166,12.0,15.0,Very Good,D,SI2,1.01,GCAL,1690.0
1621,Albert's Creations,2,Round,1,1,0,13.55,2873.0,1429.35,2830.0,-63.0,5591.3633,18.0,18.0,Super Ideal,E,VVS2,2.01,IGI,11090.0
1621,Avignon Diamonds,2,Round,1,1,0,11.39,2828.0,1406.97,2786.0,-63.0,5511.2109,18.0,18.0,Super Ideal,E,VVS2,2.01,IGI,11090.0
1621,Bonsai Gems,2,Round,1,1,0,14.41,2881.0,1433.33,2838.0,-63.0,5525.6396,18.0,18.0,Super Ideal,E,VVS2,2.01,IGI,11090.0
1621,CV Diamonds,2,Round,1,1,0,14.34,2865.0,1425.37,2822.0,-63.0,5497.7617,18.0,18.0,Super Ideal,E,VVS2,2.01,IGI,11090.0
1621,Camden Gems,2,Round,1,1,0,11.66,2878.0,1431.84,2835.0,-62.0,5399.4097,18.0,18.0,Super Ideal,E,VVS2,2.01,IGI,11090.0
1621,Clermont Diamonds,2,Round,1,1,0,14.19,2865.0,1425.37,2822.0,-62.0,5426.9731,18.0,18.0,Super Ideal,E,VVS2,2.01,IGI,11090.0
1621,Ember Star,2,Round,1,1,0,11.13,2865.0,1425.37,2822.0,-63.0,5529.6631,18.0,18.0,Super Ideal,E,VVS2,2.01,IGI,11090.0
1621,Gemstone Harmony,2,Round,1,1,0,14.11,2857.0,1421.39,2814.0,-63.0,5471.416,18.0,18.0,Super Ideal,E,VVS2,2.01,IGI,11090.0
1621,Hazel Diamonds,2,Round,1,1,0,12.59,2811.0,1398.51,2769.0,-64.0,5522.1128,18.0,18.0,Super Ideal,E,VVS2,2.01,IGI,11090.0
1621,Jane Brear,2,Round,1,1,0,13.53,2816.0,1401.0,2774.0,-63.0,5387.9907,18.0,18.0,Super Ideal,E,VVS2,2.01,IGI,11090.0
1621,Lunar Diamonds,2,Round,1,1,0,11.67,2857.0,1421.39,2814.0,-63.0,5582.0767,18.0,18.0,Super Ideal,E,VVS2,2.01,IGI,11090.0
1621,Michelle Kennedy,2,Round,1,1,0,11.41,2881.0,1433.33,2838.0,-63.0,5555.4893,18.0,18.0,Super Ideal,E,VVS2,2.01,IGI,11090.0
1621,Serenade Diamonds,2,Round,1,1,0,13.17,2775.0,1380.6,2733.0,-64.0,5459.8604,18.0,18.0,Super Ideal,E,VVS2,2.01,IGI,11090.0
1621,Stellar Radiance,2,Round,1,1,0,14.21,2857.0,1421.39,2814.0,-63.0,5510.5493,18.0,18.0,Super Ideal,E,VVS2,2.01,IGI,11090.0
1621,Temperley,2,Round,1,1,0,12.11,2876.0,1430.85,2833.0,-62.0,5483.8076,18.0,18.0,Super Ideal,E,VVS2,2.01,IGI,11090.0
1621,Thalassa Gems,2,Round,1,1,0,13.64,2857.0,1421.39,2814.0,-63.0,5476.894,18.0,18.0,Super Ideal,E,VVS2,2.01,IGI,11090.0
1621,Tierra Mia Diamonds,2,Round,1,1,0,12.45,2851.0,1418.41,2808.0,-63.0,5512.5664,18.0,18.0,Super Ideal,E,VVS2,2.01,IGI,11090.0
1621,Vespera Gems,2,Round,1,1,0,14.59,2799.0,1392.54,2757.0,-64.0,5534.5845,18.0,18.0,Super Ideal,E,VVS2,2.01,IGI,11090.0
1621,White Lily,2,Round,1,1,0,13.36,2800.0,1393.03,2758.0,-64.0,5566.2378,18.0,18.0,Super Ideal,E,VVS2,2.01,IGI,11090.0
1621,Zimmerman Diamonds,2,Round,1,1,0,11.63,2857.0,1421.39,2814.0,-64.0,5608.2915,18.0,18.0,Super Ideal,E,VVS2,2.01,IGI,11090.0
1637,Taiga Gems,2,Round,1,1,0,19.47,909.0,733.06,895.0,-58.0,1531.8928,18.0,18.0,Super Ideal,H,VVS2,1.24,IGI,2476.67
1637,White Lily,2,Round,1,1,0,14.2,937.0,755.65,923.0,-56.0,1530.4807,18.0,18.0,Super Ideal,H,VVS2,1.24,IGI,2476.67
1641,Diamonds by Zoya,2,Emerald,1,1,0,15.91,896.0,759.32,883.0,-62.0,1510.6384,14.0,15.0,Very Good,E,VS1,1.18,IGI,2680.0
1641,Vega Diamonds,2,Emerald,1,1,0,15.33,874.0,740.68,861.0,-62.0,1470.0248,14.0,15.0,Very Good,E,VS1,1.18,IGI,2680.0
1644,Hill & Holland,2,Cushion,1,1,0,16.47,3906.0,1508.11,3847.0,-63.0,6699.1641,14.0,15.0,Very Good,E,VS1,2.59,IGI,12640.0
1644,Jane Brear,2,Cushion,1,1,0,14.59,3868.0,1493.44,3810.0,-64.0,6720.1211,15.0,15.0,Very Good,E,VS1,2.59,IGI,12640.0
1644,Michelle Kennedy,2,Cushion,1,1,0,11.48,3798.0,1466.41,3741.0,-64.0,6699.1641,14.0,15.0,Very Good,E,VS1,2.59,IGI,12640.0
1644,Periwinkle Stones,2,Cushion,1,1,0,13.47,3839.0,1482.24,3781.0,-64.0,6643.9751,14.0,15.0,Very Good,E,VS1,2.59,IGI,12640.0
1648,Oasis Diamonds,2,Round,1,1,0,16.38,1035.0,685.43,1019.0,-54.0,1620.6764,15.0,18.0,Very Good,I,VS2,1.51,IGI,2695.0
1655,Adalyn Jewelry,2,Round,1,1,0,14.35,3023.0,1503.98,2978.0,-61.0,5481.6729,18.0,18.0,Ideal,D,VVS2,2.01,IGI,11420.0
1655,Bayside Gems,2,Round,1,1,0,13.15,3175.04,1579.62,3127.0,-60.0,5722.9009,18.0,18.0,Ideal,D,VVS2,2.01,IGI,11420.0
1655,Camden Gems,2,Round,1,1,0,10.18,3023.0,1503.98,2978.0,-61.0,5522.793,17.0,18.0,Ideal,D,VVS2,2.01,IGI,11420.0
1655,Clermont Diamonds,2,Round,1,1,0,13.57,3023.0,1503.98,2978.0,-61.0,5514.6211,18.0,18.0,Ideal,D,VVS2,2.01,IGI,11420.0
1655,Diamonds by Zoya,2,Round,1,1,0,14.49,3023.0,1503.98,2978.0,-61.0,5517.2422,18.0,18.0,Ideal,D,VVS2,2.01,IGI,11420.0
1655,Ember Star,2,Round,1,1,0,14.4,3080.52,1532.6,3034.0,-61.0,5603.2935,18.0,18.0,Ideal,D,VVS2,2.01,IGI,11420.0
1655,Gemstone Harmony,2,Round,1,1,0,13.28,3023.0,1503.98,2978.0,-61.0,5606.0576,18.0,18.0,Ideal,D,VVS2,2.01,IGI,11420.0
1655,Hill & Holland,2,Round,1,1,0,13.12,3071.0,1527.86,3025.0,-61.0,5606.9814,18.0,18.0,Ideal,D,VVS2,2.01,IGI,11420.0
1655,Hoseki,2,Round,1,1,0,12.78,3132.0,1558.21,3085.0,-59.0,5479.2876,18.0,18.0,Ideal,D,VVS2,2.01,IGI,11420.0
1655,Jane Brear,2,Round,1,1,0,10.29,3023.0,1503.98,2978.0,-61.0,5572.3262,18.0,18.0,Ideal,D,VVS2,2.01,IGI,11420.0
1655,Meadow & Co,2,Round,1,1,0,13.05,3023.0,1503.98,2978.0,-62.0,5648.6772,18.0,18.0,Ideal,D,VVS2,2.01,IGI,11420.0
1655,Michelle Kennedy,2,Round,1,1,0,14.16,3066.0,1525.37,3020.0,-60.0,5541.3511,18.0,18.0,Ideal,D,VVS2,2.01,IGI,11420.0
1655,N. B. Diamonds,2,Round,1,1,0,12.63,2902.0,1443.78,2858.0,-63.0,5552.6846,18.0,18.0,Ideal,D,VVS2,2.01,IGI,11420.0
1655,Nebula Stones,2,Round,1,1,0,10.41,3067.0,1525.87,3021.0,-60.0,5520.4595,18.0,18.0,Ideal,D,VVS2,2.01,IGI,11420.0
1655,Promenade Jewelry,2,Round,1,1,0,13.1,3023.0,1503.98,2978.0,-61.0,5600.2456,18.0,18.0,Ideal,D,VVS2,2.01,IGI,11420.0
1655,Riviera Jewels,2,Round,1,1,0,15.99,3030.0,1507.46,2985.0,-61.0,5519.1304,18.0,18.0,Ideal,D,VVS2,2.01,IGI,11420.0
1655,Sara's Diamonds,2,Round,1,1,0,66.41,3047.0,1515.92,3001.0,-61.0,5631.8784,18.0,18.0,Ideal,D,VVS2,2.01,IGI,11420.0
1655,Serenade Diamonds,2,Round,1,1,0,11.58,2902.0,1443.78,2858.0,-63.0,5546.9766,18.0,18.0,Ideal,D,VVS2,2.01,IGI,11420.0
1655,Sigma Diamonds,2,Round,1,1,0,12.41,3023.0,1503.98,2978.0,-62.0,5708.9771,18.0,18.0,Ideal,D,VVS2,2.01,IGI,11420.0
1655,Taiga Gems,2,Round,1,1,0,11.0,3083.0,1533.83,3037.0,-61.0,5673.2954,18.0,18.0,Ideal,D,VVS2,2.01,IGI,11420.0
1655,Temperley,2,Round,1,1,0,12.59,3056.0,1520.4,3010.0,-61.0,5676.2715,18.0,18.0,Ideal,D,VVS2,2.01,IGI,11420.0
1655,United Diam,2,Round,1,1,0,12.44,2902.0,1443.78,2858.0,-63.0,5640.373,18.0,18.0,Ideal,D,VVS2,2.01,IGI,11420.0
1655,White Lily,2,Round,1,1,0,15.58,3082.43,1533.55,3036.0,-62.0,5774.0918,18.0,18.0,Ideal,D,VVS2,2.01,IGI,11420.0
1659,Hoseki,2,Oval,1,2,0,22.19,316.41,632.82,312.0,-39.0,350.5778,15.0,15.0,Super Ideal,E,VS2,0.5,IGI,610.0
1659,Meridian Crafts,2,Oval,1,2,0,12.04,334.0,668.0,329.0,-38.0,360.6314,15.0,15.0,Super Ideal,E,VS2,0.5,IGI,610.0
1661,Michelle Kennedy,2,Round,2,1,0,19.2,359.0,579.03,354.0,-48.0,498.6578,18.0,18.0,Super Ideal,H,VVS2,0.62,IGI,800.0
1662,Diamonds by Zoya,2,Oval,2,2,0,12.81,313.0,727.91,308.0,-42.0,361.5579,15.0,15.0,Super Ideal,E,VS1,0.43,IGI,450.0
1662,Jane Brear,2,Oval,2,2,0,11.88,323.0,751.16,318.0,-37.0,343.8873,15.0,15.0,Super Ideal,E,VS1,0.43,IGI,450.0
1662,Meridian Crafts,2,Oval,1,2,0,14.76,325.0,755.81,320.0,-34.0,333.0182,15.0,15.0,Super Ideal,E,VS1,0.43,IGI,450.0
1662,Promenade Jewelry,2,Oval,2,1,0,15.97,300.0,697.67,296.0,-47.0,382.0087,15.0,15.0,Super Ideal,E,VS1,0.43,IGI,450.0
1664,Jane Brear,2,Round,1,1,0,15.71,310.44,526.17,306.0,-60.0,554.4493,18.0,18.0,Ideal,F,VVS2,0.59,IGI,890.0
1664,White Lily,2,Round,1,1,0,17.19,319.4,541.36,315.0,-59.0,563.6556,18.0,18.0,Ideal,F,VVS2,0.59,IGI,890.0
1666,Cirrus Gems,2,Oval,1,1,0,13.45,1319.36,879.57,1300.0,-53.0,1884.9609,15.0,15.0,Super Ideal,G,SI1,1.5,IGI,3640.0
1666,Taiga Gems,2,Oval,1,1,0,13.73,1292.5,861.67,1273.0,-54.0,1902.1818,15.0,15.0,Super Ideal,G,SI1,1.5,IGI,3640.0
1666,Temperley,2,Oval,1,2,0,13.17,1296.0,864.0,1277.0,-56.0,2006.3834,15.0,15.0,Super Ideal,G,SI1,1.5,IGI,3640.0
1669,55 E Diamonds,2,Oval,1,1,0,20.93,2979.0,1186.85,2934.0,-61.0,5179.1543,15.0,15.0,Super Ideal,G,VS1,2.51,IGI,8640.0
1669,Avignon Diamonds,2,Oval,1,1,0,16.11,2897.0,1154.18,2854.0,-63.0,5214.4385,15.0,15.0,Super Ideal,G,VS1,2.51,IGI,8640.0
1669,Ember Star,2,Oval,1,1,0,17.77,2930.0,1167.33,2886.0,-63.0,5304.8975,15.0,15.0,Super Ideal,G,VS1,2.51,IGI,8640.0
1669,Jane Brear,2,Oval,1,1,0,17.39,3322.0,1323.51,3272.0,-58.0,5337.4482,15.0,15.0,Super Ideal,G,VS1,2.51,IGI,8640.0
1669,La Marquise,2,Oval,1,1,0,18.63,3111.0,1239.44,3064.0,-60.0,5202.9868,15.0,15.0,Super Ideal,G,VS1,2.51,IGI,8640.0
1669,Michelle Kennedy,2,Oval,1,1,0,13.12,2945.0,1173.31,2901.0,-63.0,5296.6245,15.0,15.0,Super Ideal,G,VS1,2.51,IGI,8640.0
1669,Periwinkle Stones,2,Oval,1,1,0,17.44,2963.0,1180.48,2919.0,-62.0,5189.3306,15.0,15.0,Super Ideal,G,VS1,2.51,IGI,8640.0
1669,Serenade Diamonds,2,Oval,1,1,0,16.36,2929.0,1166.93,2885.0,-63.0,5302.4077,15.0,15.0,Super Ideal,G,VS1,2.51,IGI,8640.0
1669,Sonata Gems,2,Oval,1,1,0,11.91,2932.0,1168.13,2888.0,-62.0,5150.5742,15.0,15.0,Super Ideal,G,VS1,2.51,IGI,8640.0
1669,Taiga Gems,2,Oval,1,1,0,19.03,2825.0,1125.5,2783.0,-64.0,5278.8599,15.0,15.0,Super Ideal,G,VS1,2.51,IGI,8640.0
1669,Temperley,2,Oval,1,1,0,18.72,2977.0,1186.06,2932.0,-62.0,5238.5908,15.0,15.0,Super Ideal,G,VS1,2.51,IGI,8640.0
1669,Westport Jewelry,2,Oval,1,1,0,16.28,2871.0,1143.82,2828.0,-64.0,5324.6899,15.0,15.0,Super Ideal,G,VS1,2.51,IGI,8640.0
1669,White Lily,2,Oval,1,1,0,21.74,3322.0,1323.51,3272.0,-58.0,5291.4087,15.0,15.0,Super Ideal,G,VS1,2.51,IGI,8640.0
1672,Cirrus Gems,2,Round,1,1,0,14.76,763.43,646.97,752.0,-58.0,1316.6727,18.0,18.0,Ideal,E,VS1,1.18,IGI,2745.0
1672,Emilia Sterling,2,Round,1,1,0,10.28,757.0,641.53,746.0,-57.0,1272.6656,18.0,18.0,Ideal,E,VS1,1.18,IGI,2745.0
1672,Eterna Luxe,2,Round,1,1,0,11.58,788.0,667.8,776.0,-57.0,1307.9067,18.0,18.0,Ideal,E,VS1,1.18,IGI,2745.0
1672,Eternity Fine Jewelers,2,Round,1,1,0,15.19,783.06,663.61,771.0,-56.0,1282.1477,18.0,18.0,Ideal,E,VS1,1.18,IGI,2745.0
1672,Infinity Diamonds,2,Round,1,1,0,12.0,792.0,671.19,780.0,-57.0,1331.983,18.0,18.0,Ideal,E,VS1,1.18,IGI,2745.0
1672,Iris Diamonds,2,Round,1,1,0,93.3,764.0,647.46,753.0,-57.0,1281.7103,18.0,18.0,Ideal,E,VS1,1.18,IGI,2745.0
1672,Jane Brear,2,Round,1,1,0,12.44,821.87,696.5,810.0,-56.0,1337.0685,18.0,18.0,Ideal,E,VS1,1.18,IGI,2745.0
1672,Magnolia,2,Round,1,1,0,14.08,772.12,654.34,761.0,-58.0,1303.6914,18.0,18.0,Ideal,E,VS1,1.18,IGI,2745.0
1672,Marlowe & Co,2,Round,1,1,0,12.14,795.0,673.73,783.0,-57.0,1334.7581,18.0,18.0,Ideal,E,VS1,1.18,IGI,2745.0
1672,Michelle Kennedy,2,Round,1,1,0,12.71,803.96,681.32,792.0,-56.0,1315.1866,18.0,18.0,Ideal,E,VS1,1.18,IGI,2745.0
1672,Oasis Diamonds,2,Round,1,1,0,14.62,819.0,694.07,807.0,-55.0,1294.631,18.0,18.0,Ideal,E,VS1,1.18,IGI,2745.0
1672,Silva Diamonds,2,Round,1,1,0,11.7,762.0,645.76,751.0,-58.0,1298.8197,18.0,18.0,Ideal,E,VS1,1.18,IGI,2745.0
1672,Simetría,2,Round,1,1,0,16.71,746.0,632.2,735.0,-59.0,1315.1866,18.0,18.0,Ideal,E,VS1,1.18,IGI,2745.0
1672,Starlight Crafts,2,Round,1,1,0,14.56,765.0,648.31,754.0,-58.0,1300.6393,18.0,18.0,Ideal,E,VS1,1.18,IGI,2745.0
1672,Temperley,2,Round,1,1,0,14.54,799.0,677.12,787.0,-56.0,1301.6497,18.0,18.0,Ideal,E,VS1,1.18,IGI,2745.0
1672,White Lily,2,Round,1,1,0,16.31,797.0,675.42,785.0,-55.0,1266.2151,18.0,18.0,Ideal,E,VS1,1.18,IGI,2745.0
1678,CV Diamonds,2,Round,1,1,0,90.61,850.0,691.06,837.0,-61.0,1579.3121,18.0,18.0,Super Ideal,G,VS1,1.23,IGI,2480.0
1678,Cirrus Gems,2,Round,1,1,0,17.55,833.89,677.96,821.0,-61.0,1543.3135,18.0,18.0,Super Ideal,G,VS1,1.23,IGI,2480.0
1678,Jane Brear,2,Round,1,1,0,14.33,950.22,772.54,936.0,-58.0,1613.3507,18.0,18.0,Super Ideal,G,VS1,1.23,IGI,2480.0
1678,Michelle Kennedy,2,Round,1,1,0,14.29,863.0,701.63,850.0,-62.0,1628.8683,18.0,18.0,Super Ideal,G,VS1,1.23,IGI,2480.0
1678,White Lily,2,Round,1,1,0,12.17,882.0,717.07,869.0,-59.0,1559.0858,18.0,18.0,Super Ideal,G,VS1,1.23,IGI,2480.0
1684,Cirrus Gems,2,Round,1,1,0,12.7,2204.0,1034.74,2171.0,-62.0,4207.1455,18.0,18.0,Super Ideal,F,VS1,2.13,IGI,8587.5
1684,Emilia Sterling,2,Round,1,1,0,11.93,2209.0,1037.09,2176.0,-61.0,4089.697,18.0,18.0,Super Ideal,F,VS1,2.13,IGI,8587.5
1684,Eternity Fine Jewelers,2,Round,1,1,0,15.67,2273.0,1067.14,2239.0,-59.0,3995.3391,18.0,18.0,Super Ideal,F,VS1,2.13,IGI,8587.5
1684,Jane Brear,2,Round,1,1,0,14.85,2308.0,1083.57,2273.0,-60.0,4160.584,18.0,18.0,Super Ideal,F,VS1,2.13,IGI,8587.5
1684,Marlowe & Co,2,Round,1,1,0,14.72,2286.0,1073.24,2252.0,-61.0,4159.6382,18.0,18.0,Super Ideal,F,VS1,2.13,IGI,8587.5
1684,Seraphina Gems,2,Round,1,1,0,14.12,2943.21,1381.79,2899.0,-48.0,4043.4756,18.0,18.0,Super Ideal,F,VS1,2.13,IGI,8587.5
1684,Tamara,2,Round,1,1,0,14.51,2249.0,1055.87,2215.0,-60.0,3979.5818,18.0,18.0,Super Ideal,F,VS1,2.13,IGI,8587.5
1684,Temperley,2,Round,1,1,0,14.41,2307.4,1083.29,2273.0,-58.0,3943.7222,18.0,18.0,Super Ideal,F,VS1,2.13,IGI,8587.5
1684,Verve Jewels,2,Round,1,1,0,17.29,2240.11,1051.69,2207.0,-60.0,4017.5518,18.0,18.0,Super Ideal,F,VS1,2.13,IGI,8587.5
1684,White Lily,2,Round,1,1,0,11.84,2299.44,1079.55,2265.0,-59.0,4034.0725,18.0,18.0,Super Ideal,F,VS1,2.13,IGI,8587.5
1687,Fuji Diamonds,2,Princess,1,2,0,,448.0,622.22,441.0,-55.0,630.7231,15.0,15.0,Super Ideal,G,VVS2,0.72,IGI,1185.0
1689,Bayside Gems,2,Round,1,1,0,18.38,2660.92,1122.75,2621.0,-60.0,4776.2837,18.0,18.0,Ideal,E,VS2,2.37,IGI,10010.0
1689,Cirrus Gems,2,Round,2,1,0,18.55,2568.0,1083.54,2529.0,-60.0,4595.2983,18.0,18.0,Ideal,E,VS2,2.37,IGI,10010.0
1689,Emilia Sterling,2,Round,1,1,0,20.72,2557.0,1078.9,2519.0,-61.0,4655.8999,18.0,18.0,Ideal,E,VS2,2.37,IGI,10010.0
1689,Michelle Kennedy,2,Round,1,1,0,10.92,2907.0,1226.58,2863.0,-56.0,4768.4849,18.0,18.0,Ideal,E,VS2,2.37,IGI,10010.0
1689,Sigma Diamonds,2,Round,1,1,0,13.87,2650.68,1118.43,2611.0,-59.0,4671.3838,18.0,18.0,Ideal,E,VS2,2.37,IGI,10010.0
1689,Temperley,2,Round,1,1,0,18.89,2709.0,1143.04,2668.0,-60.0,4843.1465,18.0,18.0,Ideal,E,VS2,2.37,IGI,10010.0
1689,White Lily,2,Round,1,1,0,16.47,2589.5,1092.62,2551.0,-60.0,4605.1372,18.0,18.0,Ideal,E,VS2,2.37,IGI,10010.0
1691,Avignon Diamonds,2,Oval,1,1,0,52.11,3758.0,1497.21,3702.0,-60.0,6397.897,15.0,15.0,Very Good,F,VVS2,2.51,IGI,11310.0
1691,Eternity Fine Jewelers,2,Oval,1,1,0,12.14,3866.57,1540.47,3809.0,-60.0,6453.8662,15.0,15.0,Very Good,F,VVS2,2.51,IGI,11310.0
1691,Jane Brear,2,Oval,1,1,0,10.73,3812.0,1518.73,3755.0,-60.0,6366.7222,14.0,15.0,Very Good,F,VVS2,2.51,IGI,11310.0
1691,Michelle Kennedy,2,Oval,1,1,0,12.94,3822.0,1522.71,3765.0,-59.0,6347.0918,15.0,15.0,Very Good,F,VVS2,2.51,IGI,11310.0
1691,Raelynn Jewels,2,Oval,1,1,0,12.07,4085.0,1627.49,4024.0,-57.0,6398.209,15.0,15.0,Very Good,F,VVS2,2.51,IGI,11310.0
1697,Michelle Kennedy,2,Round,1,1,0,16.46,315.42,477.91,311.0,-57.0,521.8412,18.0,18.0,Ideal,F,VVS2,0.66,IGI,980.0
1697,White Lily,2,Round,1,1,0,17.07,319.4,483.94,315.0,-60.0,566.7308,18.0,18.0,Ideal,F,VVS2,0.66,IGI,980.0
1701,Sunset Gems,2,Round,1,1,0,17.83,1035.61,681.32,1020.0,-59.0,1813.5824,18.0,18.0,Ideal,E,SI2,1.52,IGI,4040.0
1704,Marlowe & Co,2,Round,1,1,0,13.49,308.0,421.92,303.0,-64.0,605.4034,18.0,18.0,Super Ideal,F,VVS2,0.73,IGI,1276.0
1704,Nova Stars,2,Round,1,1,0,19.5,301.48,412.99,297.0,-66.0,627.9188,18.0,18.0,Super Ideal,F,VVS2,0.73,IGI,1276.0
1704,Temperley,2,Round,1,1,0,14.83,367.16,502.96,362.0,-58.0,619.2574,18.0,18.0,Super Ideal,F,VVS2,0.73,IGI,1276.0
1711,Temperley,2,Round,1,1,0,13.29,2001.0,1136.93,1971.0,-9.0,1568.583,18.0,18.0,Ideal,I,SI1,1.76,IGI,3100.0
1713,Artemis Stones,2,Cushion,1,1,0,22.16,818.45,810.35,806.0,-61.0,1307.302,14.0,15.0,Very Good,E,VS1,1.01,IGI,2320.0
1713,Diamonds by Zoya,2,Cushion,1,1,0,20.44,834.8,826.53,822.0,-59.0,1291.1649,14.0,15.0,Very Good,E,VS1,1.01,IGI,2320.0
1713,Jane Brear,2,Cushion,1,1,0,22.87,866.0,857.43,853.0,-64.0,1525.6543,14.0,15.0,Very Good,E,VS1,1.01,IGI,2320.0
1713,Lotus Creation,2,Cushion,1,1,0,23.05,831.0,822.77,819.0,-65.0,1508.0763,15.0,15.0,Very Good,E,VS1,1.01,IGI,2320.0
1713,Marlowe & Co,2,Cushion,1,2,0,21.32,844.0,835.64,831.0,-56.0,1206.1123,14.0,15.0,Very Good,E,VS1,1.01,IGI,2320.0
1713,Mei & Co,2,Cushion,1,1,0,13.77,830.0,821.78,818.0,-64.0,1474.1425,14.0,15.0,Very Good,E,VS1,1.01,IGI,2320.0
1713,Michelle Kennedy,2,Cushion,1,1,0,22.7,865.0,856.44,852.0,-60.0,1368.9935,14.0,15.0,Very Good,E,VS1,1.01,IGI,2320.0
1713,Periwinkle Stones,2,Cushion,1,1,0,23.74,842.0,833.66,829.0,-66.0,1540.1691,15.0,15.0,Very Good,E,VS1,1.01,IGI,2320.0
1713,Rosella,2,Cushion,1,1,0,18.25,805.0,797.03,793.0,-61.0,1292.8719,15.0,15.0,Very Good,E,VS1,1.01,IGI,2320.0
1713,Sigma Diamonds,2,Cushion,1,1,0,20.66,828.84,820.63,816.0,-65.0,1499.9506,14.0,15.0,Very Good,E,VS1,1.01,IGI,2320.0
1713,Temperley,2,Cushion,1,1,0,20.89,866.0,857.43,853.0,-64.0,1523.1533,15.0,15.0,Very Good,E,VS1,1.01,IGI,2320.0
1713,White Lily,2,Cushion,1,1,0,24.96,866.0,857.43,853.0,-65.0,1540.1691,15.0,15.0,Very Good,E,VS1,1.01,IGI,2320.0
1714,CV Diamonds,2,Round,2,1,0,10.69,927.34,806.38,913.0,-63.0,1801.2699,18.0,18.0,Super Ideal,D,VVS2,1.15,IGI,3590.0
1714,Eternity Fine Jewelers,2,Round,1,1,0,13.33,923.36,802.92,910.0,-64.0,1814.0065,18.0,18.0,Super Ideal,D,VVS2,1.15,IGI,3590.0
1714,Grace Brooks,2,Round,1,1,0,14.38,928.47,807.37,915.0,-64.0,1843.9744,18.0,18.0,Super Ideal,D,VVS2,1.15,IGI,3590.0
1714,Hoseki,2,Round,1,1,0,12.27,924.36,803.79,910.0,-64.0,1838.4027,18.0,18.0,Super Ideal,D,VVS2,1.15,IGI,3590.0
1714,Infinity Diamonds,2,Round,1,1,0,15.54,929.0,807.83,915.0,-64.0,1839.2885,18.0,18.0,Super Ideal,D,VVS2,1.15,IGI,3590.0
1714,Iris Diamonds,2,Round,1,1,0,11.99,909.43,790.81,896.0,-64.0,1786.9537,18.0,18.0,Super Ideal,D,VVS2,1.15,IGI,3590.0
1714,Jane Brear,2,Round,1,1,0,20.18,898.0,780.87,885.0,-65.0,1859.3558,18.0,18.0,Super Ideal,D,VVS2,1.15,IGI,3590.0
1714,Knox Diamonds,2,Round,1,1,0,13.09,909.43,790.81,896.0,-64.0,1825.1356,18.0,18.0,Super Ideal,D,VVS2,1.15,IGI,3590.0
1714,Magnolia,2,Round,1,1,0,11.14,905.0,786.96,891.0,-64.0,1816.9021,18.0,18.0,Super Ideal,D,VVS2,1.15,IGI,3590.0
1714,Mei & Co,2,Round,1,1,0,13.54,909.0,790.43,895.0,-65.0,1836.9285,18.0,18.0,Super Ideal,D,VVS2,1.15,IGI,3590.0
1714,Michelle Kennedy,2,Round,1,1,0,13.83,917.0,797.39,903.0,-64.0,1824.0115,18.0,18.0,Super Ideal,D,VVS2,1.15,IGI,3590.0
1714,Promenade Jewelry,2,Round,1,1,0,15.62,889.0,773.04,876.0,-66.0,1864.4562,18.0,18.0,Super Ideal,D,VVS2,1.15,IGI,3590.0
1714,Sara's Diamonds,2,Round,1,1,0,10.32,912.0,793.04,898.0,-65.0,1855.8846,18.0,18.0,Super Ideal,D,VVS2,1.15,IGI,3590.0
1714,Silva Diamonds,2,Round,1,1,0,14.1,899.0,781.74,886.0,-64.0,1784.8367,18.0,18.0,Super Ideal,D,VVS2,1.15,IGI,3590.0
1714,Simetría,2,Round,1,1,0,11.99,915.4,796.0,902.0,-64.0,1832.7365,18.0,18.0,Super Ideal,D,VVS2,1.15,IGI,3590.0
1714,Starlight Crafts,2,Round,1,1,0,11.97,916.0,796.52,902.0,-63.0,1795.0369,18.0,18.0,Super Ideal,D,VVS2,1.15,IGI,3590.0
1714,Stellar Radiance,2,Round,1,1,0,9.99,923.36,802.92,910.0,-64.0,1824.2131,18.0,18.0,Super Ideal,D,VVS2,1.15,IGI,3590.0
1714,Temperley,2,Round,1,1,0,19.47,898.0,780.87,885.0,-66.0,1873.2435,18.0,18.0,Super Ideal,D,VVS2,1.15,IGI,3590.0
1714,White Lily,2,Round,1,1,0,16.87,909.17,790.58,896.0,-65.0,1847.3848,18.0,18.0,Super Ideal,D,VVS2,1.15,IGI,3590.0
1716,Magnolia,2,Round,1,1,0,19.73,1273.0,757.74,1254.0,-52.0,1891.4668,18.0,18.0,Ideal,F,SI1,1.68,IGI,3705.0
1716,Michelle Kennedy,2,Round,1,1,0,18.89,1332.0,792.86,1312.0,-51.0,1953.6449,18.0,18.0,Ideal,F,SI1,1.68,IGI,3705.0
1716,White Lily,2,Round,1,1,0,20.71,1332.0,792.86,1312.0,-52.0,1973.0551,18.0,18.0,Ideal,F,SI1,1.68,IGI,3705.0
1717,Cirrus Gems,2,Round,1,1,0,18.61,1974.0,926.76,1944.0,-58.0,3374.1208,18.0,18.0,Ideal,H,VVS2,2.13,IGI,7370.0
1717,Equinox Jewels,2,Round,1,1,0,14.15,2017.0,946.95,1987.0,-57.0,3384.8743,18.0,18.0,Ideal,H,VVS2,2.13,IGI,7370.0
1717,Jane Brear,2,Round,1,1,0,14.35,2186.0,1026.29,2153.0,-53.0,3336.7864,18.0,18.0,Ideal,H,VVS2,2.13,IGI,7370.0
1717,Michelle Kennedy,2,Round,1,1,0,17.24,2026.0,951.17,1996.0,-57.0,3370.9822,18.0,18.0,Ideal,H,VVS2,2.13,IGI,7370.0
1717,Taiga Gems,2,Round,1,1,0,14.55,2021.0,948.83,1991.0,-57.0,3376.8096,18.0,18.0,Ideal,H,VVS2,2.13,IGI,7370.0
1717,Temperley,2,Round,1,1,0,16.17,2054.0,964.32,2023.0,-55.0,3264.6001,18.0,18.0,Ideal,H,VVS2,2.13,IGI,7370.0
1719,Ember Star,2,Oval,1,1,0,12.19,1557.0,967.08,1534.0,-55.0,2349.4297,15.0,15.0,Super Ideal,G,VS1,1.61,IGI,4320.0
1719,Fabiola,2,Oval,1,1,0,12.7,1614.88,1003.03,1591.0,-54.0,2388.9307,15.0,15.0,Super Ideal,G,VS1,1.61,IGI,4320.0
1719,Jane Brear,2,Oval,1,1,0,10.95,1775.08,1102.53,1748.0,-49.0,2359.2805,15.0,15.0,Super Ideal,G,VS1,1.61,IGI,4320.0
1719,Lotus Creation,2,Oval,1,1,0,13.9,1599.25,993.32,1575.0,-54.0,2358.0352,15.0,15.0,Super Ideal,G,VS1,1.61,IGI,4320.0
1719,Mei & Co,2,Oval,1,1,0,13.98,1605.0,996.89,1581.0,-54.0,2340.7463,15.0,15.0,Super Ideal,G,VS1,1.61,IGI,4320.0
1719,Meridian Crafts,2,Oval,1,1,0,13.3,1610.0,1000.0,1586.0,-53.0,2330.873,15.0,15.0,Super Ideal,G,VS1,1.61,IGI,4320.0
1719,Michelle Kennedy,2,Oval,1,1,0,14.23,1693.0,1051.55,1668.0,-52.0,2378.5942,15.0,15.0,Super Ideal,G,VS1,1.61,IGI,4320.0
1719,Periwinkle Stones,2,Oval,1,1,0,11.0,1666.62,1035.17,1642.0,-53.0,2378.8833,15.0,15.0,Super Ideal,G,VS1,1.61,IGI,4320.0
1719,Tamara,2,Oval,1,1,0,16.02,1634.0,1014.91,1609.0,-54.0,2393.2983,15.0,15.0,Super Ideal,G,VS1,1.61,IGI,4320.0
1719,Temperley,2,Oval,1,1,0,11.06,1693.0,1051.55,1668.0,-52.0,2378.5942,15.0,15.0,Super Ideal,G,VS1,1.61,IGI,4320.0
1719,White Lily,2,Oval,1,1,0,15.4,1742.24,1082.14,1716.0,-50.0,2359.2805,15.0,15.0,Super Ideal,G,VS1,1.61,IGI,4320.0
1725,Jane Brear,2,Round,1,1,0,13.2,712.42,672.09,702.0,-51.0,1034.551,18.0,18.0,Super Ideal,E,SI1,1.06,IGI,1983.33
1725,Michelle Kennedy,2,Round,1,1,0,14.77,714.41,673.97,704.0,-54.0,1116.3226,18.0,18.0,Super Ideal,E,SI1,1.06,IGI,1983.33
1725,Periwinkle Stones,2,Round,1,1,0,14.08,716.4,675.85,706.0,-53.0,1093.0555,18.0,18.0,Super Ideal,E,SI1,1.06,IGI,1983.33
1725,Roma Diamonds,2,Round,1,1,0,41.42,891.0,840.57,878.0,-40.0,1070.4532,18.0,18.0,Super Ideal,E,SI1,1.06,IGI,1983.33
1725,Sigma Diamonds,2,Round,1,1,0,12.53,665.0,627.36,655.0,-57.0,1099.1735,18.0,18.0,Super Ideal,E,SI1,1.06,IGI,1983.33
1725,Silva Diamonds,2,Round,1,1,0,12.27,681.0,642.45,671.0,-56.0,1101.2903,18.0,18.0,Super Ideal,E,SI1,1.06,IGI,1983.33
1725,Taiga Gems,2,Round,1,1,0,16.43,685.0,646.23,675.0,-56.0,1105.5713,18.0,18.0,Super Ideal,E,SI1,1.06,IGI,1983.33
1725,Temperley,2,Round,1,1,0,11.93,713.42,673.04,703.0,-53.0,1084.6747,18.0,18.0,Super Ideal,E,SI1,1.06,IGI,1983.33
1725,Thalassa Gems,2,Round,1,1,0,14.45,675.6,637.36,665.0,-55.0,1073.0896,18.0,18.0,Super Ideal,E,SI1,1.06,IGI,1983.33
1725,White Lily,2,Round,1,1,0,11.81,694.0,654.72,684.0,-55.0,1092.1355,18.0,18.0,Super Ideal,E,SI1,1.06,IGI,1983.33
1726,Artemis Stones,2,Round,1,1,0,17.3,2598.0,1110.26,2559.0,-60.0,4685.9106,18.0,18.0,Super Ideal,F,VS1,2.34,IGI,10310.0
1726,Atkinson Crafts,2,Round,1,1,0,14.51,2791.0,1192.74,2749.0,-58.0,4759.3086,18.0,18.0,Super Ideal,F,VS1,2.34,IGI,10310.0
1726,Camden Gems,2,Round,1,1,0,12.28,2638.0,1127.35,2598.0,-59.0,4654.834,18.0,18.0,Super Ideal,F,VS1,2.34,IGI,10310.0
1726,Diamonds by Zoya,2,Round,1,1,0,17.5,2562.47,1095.07,2524.0,-62.0,4777.8848,18.0,18.0,Super Ideal,F,VS1,2.34,IGI,10310.0
1726,Ember Star,2,Round,1,1,0,12.31,2553.0,1091.03,2515.0,-61.0,4649.6182,18.0,18.0,Super Ideal,F,VS1,2.34,IGI,10310.0
1726,Equinox Jewels,2,Round,1,1,0,12.3,2640.0,1128.21,2600.0,-59.0,4630.9575,18.0,18.0,Super Ideal,F,VS1,2.34,IGI,10310.0
1726,Eterna Luxe,2,Round,1,1,0,15.02,2659.0,1136.32,2619.0,-59.0,4682.3711,18.0,18.0,Super Ideal,F,VS1,2.34,IGI,10310.0
1726,Eternity Fine Jewelers,2,Round,1,1,0,16.31,2654.0,1134.19,2614.0,-59.0,4644.1934,18.0,18.0,Super Ideal,F,VS1,2.34,IGI,10310.0
1726,Hill & Holland,2,Round,1,1,0,15.99,2700.0,1153.85,2660.0,-58.0,4651.7593,18.0,18.0,Super Ideal,F,VS1,2.34,IGI,10310.0
1726,Jane Brear,2,Round,1,1,0,15.84,2706.0,1156.41,2665.0,-58.0,4638.1382,18.0,18.0,Super Ideal,F,VS1,2.34,IGI,10310.0
1726,Knox Diamonds,2,Round,1,1,0,10.93,2640.0,1128.21,2600.0,-59.0,4646.3965,18.0,18.0,Super Ideal,F,VS1,2.34,IGI,10310.0
1726,Lotus Creation,2,Round,1,1,0,17.91,2605.9,1113.63,2567.0,-61.0,4825.6265,18.0,18.0,Super Ideal,F,VS1,2.34,IGI,10310.0
1726,Michelle Kennedy,2,Round,1,1,0,11.09,2715.0,1160.26,2674.0,-59.0,4710.4189,18.0,18.0,Super Ideal,F,VS1,2.34,IGI,10310.0
1726,Tamara,2,Round,1,1,0,15.46,2659.64,1136.6,2620.0,-59.0,4622.9058,18.0,18.0,Super Ideal,F,VS1,2.34,IGI,10310.0
1726,Temperley,2,Round,1,1,0,13.76,2689.48,1149.35,2649.0,-59.0,4680.4878,18.0,18.0,Super Ideal,F,VS1,2.34,IGI,10310.0
1726,White Lily,2,Round,1,1,0,18.05,2686.0,1147.86,2646.0,-58.0,4630.8574,18.0,18.0,Super Ideal,F,VS1,2.34,IGI,10310.0
1733,Avignon Diamonds,2,Cushion,1,1,0,28.21,5706.0,1834.73,5620.0,-63.0,9812.1387,15.0,15.0,Super Ideal,D,VS1,3.11,IGI,18800.0
1733,Eterna Luxe,2,Cushion,1,1,0,18.56,5788.0,1861.09,5701.0,-64.0,10128.4453,15.0,15.0,Super Ideal,D,VS1,3.11,IGI,18800.0
1734,Cirrus Gems,2,Round,1,1,0,15.09,2648.0,1136.48,2608.0,-62.0,4994.4951,18.0,18.0,Super Ideal,G,VVS2,2.33,IGI,9660.0
1734,Hill & Holland,2,Round,1,1,0,14.83,2822.82,1211.51,2780.0,-59.0,4966.9722,18.0,18.0,Super Ideal,G,VVS2,2.33,IGI,9660.0
1734,I & M Designs,2,Round,1,1,0,12.61,2718.34,1166.67,2678.0,-61.0,4952.7656,18.0,18.0,Super Ideal,G,VVS2,2.33,IGI,9660.0
1734,Knox Diamonds,2,Round,1,1,0,10.52,2699.0,1158.37,2659.0,-61.0,4945.6362,18.0,18.0,Super Ideal,G,VVS2,2.33,IGI,9660.0
1734,N. B. Diamonds,2,Round,1,1,0,16.77,2703.39,1160.25,2663.0,-62.0,5125.6479,18.0,18.0,Super Ideal,G,VVS2,2.33,IGI,9660.0
1734,Oasis Diamonds,2,Round,1,1,0,10.59,2821.0,1210.73,2779.0,-58.0,4828.3906,18.0,18.0,Super Ideal,G,VVS2,2.33,IGI,9660.0
1734,White Lily,2,Round,1,1,0,14.16,2742.22,1176.92,2701.0,-60.0,4911.3535,18.0,18.0,Super Ideal,G,VVS2,2.33,IGI,9660.0
1738,Avignon Diamonds,2,Heart,2,2,0,16.12,325.0,601.85,320.0,-75.0,777.4184,14.0,15.0,Very Good,D,VS2,0.54,IGI,760.0
1738,Temperley,2,Heart,2,2,0,11.75,342.0,633.33,337.0,-73.0,752.451,14.0,15.0,Very Good,D,VS2,0.54,IGI,760.0
1747,Albert's Creations,2,Round,1,1,0,14.03,779.08,677.46,767.0,-66.0,1617.9768,18.0,18.0,Super Ideal,D,VS2,1.15,IGI,2880.0
1747,Bayside Gems,2,Round,1,1,0,10.99,779.08,677.46,767.0,-65.0,1593.6576,18.0,18.0,Super Ideal,D,VS2,1.15,IGI,2880.0
1747,Eternity Fine Jewelers,2,Round,1,1,0,12.67,774.0,673.04,762.0,-65.0,1585.679,18.0,18.0,Super Ideal,D,VS2,1.15,IGI,2880.0
1747,Fabiola,2,Round,1,1,0,15.27,775.1,674.0,763.0,-64.0,1545.4703,18.0,18.0,Super Ideal,D,VS2,1.15,IGI,2880.0
1747,Infinity Diamonds,2,Round,1,1,0,16.18,796.25,692.39,784.0,-65.0,1610.4385,18.0,18.0,Super Ideal,D,VS2,1.15,IGI,2880.0
1747,Iris Diamonds,2,Round,1,1,0,14.88,765.0,665.22,754.0,-65.0,1579.0414,18.0,18.0,Super Ideal,D,VS2,1.15,IGI,2880.0
1747,Jane Brear,2,Round,1,1,0,13.83,781.0,679.13,769.0,-65.0,1579.134,18.0,18.0,Super Ideal,D,VS2,1.15,IGI,2880.0
1747,Magnolia,2,Round,1,1,0,14.65,764.0,664.35,753.0,-66.0,1632.5826,18.0,18.0,Super Ideal,D,VS2,1.15,IGI,2880.0
1747,Michelle Kennedy,2,Round,1,1,0,12.09,795.0,691.3,783.0,-64.0,1576.9108,18.0,18.0,Super Ideal,D,VS2,1.15,IGI,2880.0
1747,Rosella,2,Round,1,1,0,13.97,772.12,671.41,761.0,-66.0,1625.3624,18.0,18.0,Super Ideal,D,VS2,1.15,IGI,2880.0
1747,Silva Diamonds,2,Round,1,1,0,15.18,761.0,661.74,750.0,-66.0,1586.1936,18.0,18.0,Super Ideal,D,VS2,1.15,IGI,2880.0
1747,Starlight Crafts,2,Round,1,1,0,10.74,775.0,673.91,763.0,-65.0,1590.9453,18.0,18.0,Super Ideal,D,VS2,1.15,IGI,2880.0
1747,Temperley,2,Round,1,1,0,14.85,804.96,699.97,793.0,-64.0,1619.0748,18.0,18.0,Super Ideal,D,VS2,1.15,IGI,2880.0
1747,White Lily,2,Round,1,1,0,13.86,781.0,679.13,769.0,-65.0,1592.4712,18.0,18.0,Super Ideal,D,VS2,1.15,IGI,2880.0
1753,Cirrus Gems,2,Emerald,1,1,0,13.8,2034.54,1012.21,2004.0,-64.0,3613.0083,14.0,15.0,Very Good,G,VS2,2.01,IGI,6650.0
1753,Diamonds by Zoya,2,Emerald,1,1,0,10.84,2021.84,1005.89,1992.0,-63.0,3560.0227,14.0,15.0,Very Good,G,VS2,2.01,IGI,6650.0
1753,Michelle Kennedy,2,Emerald,1,1,0,14.25,2013.0,1001.49,1983.0,-64.0,3597.6343,15.0,15.0,Very Good,G,VS2,2.01,IGI,6650.0
1753,Serene Peaks Diamonds,2,Emerald,1,1,0,12.21,2032.78,1011.33,2002.0,-64.0,3638.2344,14.0,15.0,Very Good,G,VS2,2.01,IGI,6650.0
1754,Temperley,2,Oval,2,2,0,12.44,1229.0,813.91,1211.0,-52.0,1708.1388,15.0,15.0,Very Good,I,SI1,1.51,IGI,2910.0
1754,White Lily,2,Oval,1,1,0,12.67,1229.0,813.91,1211.0,-50.0,1660.6687,15.0,15.0,Very Good,I,SI1,1.51,IGI,2910.0
1758,Avignon Diamonds,2,Oval,1,1,0,11.33,3208.0,1278.09,3160.0,-63.0,5825.2583,15.0,15.0,Very Good,F,VS1,2.51,IGI,10230.0
1758,Jane Brear,2,Oval,1,1,0,10.38,3246.0,1293.23,3197.0,-63.0,5856.7358,14.0,15.0,Very Good,F,VS1,2.51,IGI,10230.0
1758,Taiga Gems,2,Oval,1,1,0,10.88,3253.0,1296.02,3204.0,-62.0,5824.0127,15.0,15.0,Very Good,F,VS1,2.51,IGI,10230.0
1762,Albert's Creations,2,Round,1,1,0,14.83,4592.0,1530.67,4523.0,-65.0,9504.4238,18.0,18.0,Super Ideal,F,VS1,3.0,IGI,18990.0
1762,Avignon Diamonds,2,Round,1,1,0,55.06,4463.0,1487.67,4396.0,-64.0,8827.8115,18.0,18.0,Super Ideal,F,VS1,3.0,IGI,18990.0
1762,Bayside Gems,2,Round,1,2,0,17.99,4583.0,1527.67,4514.0,-63.0,8846.7178,18.0,18.0,Super Ideal,F,VS1,3.0,IGI,18990.0
1762,CV Diamonds,2,Round,1,1,0,19.92,4620.0,1540.0,4551.0,-64.0,9194.1221,18.0,18.0,Super Ideal,F,VS1,3.0,IGI,18990.0
1762,Diamonds by Zoya,2,Round,1,1,0,95.74,4593.0,1531.0,4524.0,-63.0,8806.417,18.0,18.0,Super Ideal,F,VS1,3.0,IGI,18990.0
1762,Gemstone Harmony,2,Round,1,1,0,11.26,4594.0,1531.33,4525.0,-63.0,8772.8643,18.0,18.0,Super Ideal,F,VS1,3.0,IGI,18990.0
1762,Hill & Holland,2,Round,1,1,0,16.1,4716.3,1572.1,4646.0,-64.0,9342.8857,18.0,18.0,Super Ideal,F,VS1,3.0,IGI,18990.0
1762,Hoseki,2,Round,1,1,0,11.48,4714.31,1571.44,4644.0,-62.0,8929.3564,18.0,18.0,Super Ideal,F,VS1,3.0,IGI,18990.0
1762,Jane Brear,2,Round,1,1,0,12.25,4606.0,1535.33,4537.0,-64.0,9215.8555,18.0,18.0,Super Ideal,F,VS1,3.0,IGI,18990.0
1762,Mei & Co,2,Round,1,1,0,11.55,4594.0,1531.33,4525.0,-63.0,8842.2041,18.0,18.0,Super Ideal,F,VS1,3.0,IGI,18990.0
1762,Michelle Kennedy,2,Round,1,1,0,23.11,4746.39,1582.13,4675.0,-63.0,9245.6025,18.0,18.0,Super Ideal,F,VS1,3.0,IGI,18990.0
1762,Serenade Diamonds,2,Round,1,1,0,10.72,4440.0,1480.0,4373.0,-64.0,8769.2129,18.0,18.0,Super Ideal,F,VS1,3.0,IGI,18990.0
1762,Starlight Crafts,2,Round,1,1,0,13.15,4594.0,1531.33,4525.0,-63.0,8852.707,18.0,18.0,Super Ideal,F,VS1,3.0,IGI,18990.0
1762,Temperley,2,Round,1,1,0,21.77,5534.0,1844.67,5451.0,-56.0,8990.7578,18.0,18.0,Super Ideal,F,VS1,3.0,IGI,18990.0
1762,Verve Jewels,2,Round,1,1,0,95.87,4438.0,1479.33,4371.0,-64.0,8868.1904,18.0,18.0,Super Ideal,F,VS1,3.0,IGI,18990.0
1762,Vespera Gems,2,Round,1,1,0,13.66,4446.0,1482.0,4379.0,-65.0,9144.8574,18.0,18.0,Super Ideal,F,VS1,3.0,IGI,18990.0
1762,White Lily,2,Round,1,1,0,11.98,4692.42,1564.14,4622.0,-63.0,9072.0947,18.0,18.0,Super Ideal,F,VS1,3.0,IGI,18990.0
1763,Avignon Diamonds,2,Round,1,1,0,68.77,721.0,706.86,710.0,-61.0,1324.6915,18.0,18.0,Ideal,F,VS1,1.02,IGI,2340.0
1763,Camden Gems,2,Round,1,1,0,11.58,696.0,682.35,686.0,-62.0,1310.1339,18.0,18.0,Ideal,F,VS1,1.02,IGI,2340.0
1763,Hoseki,2,Round,1,1,0,10.55,708.0,694.12,697.0,-59.0,1230.0804,18.0,18.0,Ideal,F,VS1,1.02,IGI,2340.0
1763,Jane Brear,2,Round,1,1,0,11.42,727.0,712.75,716.0,-60.0,1288.7888,18.0,18.0,Ideal,F,VS1,1.02,IGI,2340.0
1763,Knox Diamonds,2,Round,1,1,0,11.0,709.0,695.1,698.0,-60.0,1274.132,18.0,18.0,Ideal,F,VS1,1.02,IGI,2340.0
1763,Lyra Stones,2,Round,1,1,0,14.27,709.44,695.53,699.0,-59.0,1237.394,18.0,18.0,Ideal,F,VS1,1.02,IGI,2340.0
1763,Michelle Kennedy,2,Round,1,1,0,14.46,729.0,714.71,718.0,-60.0,1298.6489,18.0,18.0,Ideal,F,VS1,1.02,IGI,2340.0
1763,Nova Stars,2,Round,1,1,0,13.8,698.0,684.31,688.0,-59.0,1231.239,18.0,18.0,Ideal,F,VS1,1.02,IGI,2340.0
1763,Roma Diamonds,2,Round,1,1,0,54.09,703.0,689.22,692.0,-59.0,1237.1736,18.0,18.0,Ideal,F,VS1,1.02,IGI,2340.0
1763,Starlight Crafts,2,Round,1,1,0,13.51,695.0,681.37,685.0,-61.0,1279.377,18.0,18.0,Ideal,F,VS1,1.02,IGI,2340.0
1763,Taiga Gems,2,Round,1,1,0,14.59,718.0,703.92,707.0,-59.0,1262.3185,18.0,18.0,Ideal,F,VS1,1.02,IGI,2340.0
1763,Temperley,2,Round,1,1,0,11.55,728.0,713.73,717.0,-60.0,1297.1215,18.0,18.0,Ideal,F,VS1,1.02,IGI,2340.0
1763,White Lily,2,Round,1,1,0,14.54,731.0,716.67,720.0,-59.0,1272.2095,18.0,18.0,Ideal,F,VS1,1.02,IGI,2340.0
1763,Zimmerman Diamonds,2,Round,1,1,0,12.63,709.0,695.1,698.0,-58.0,1216.395,18.0,18.0,Ideal,F,VS1,1.02,IGI,2340.0
1768,Adalyn Jewelry,2,Round,1,1,0,20.32,1283.55,855.7,1264.0,-57.0,2113.4778,18.0,18.0,Ideal,D,SI1,1.5,IGI,3990.0
1768,Albert's Creations,2,Round,1,1,0,12.52,1294.0,862.67,1275.0,-56.0,2119.895,18.0,18.0,Ideal,D,SI1,1.5,IGI,3990.0
1768,Camden Gems,2,Round,1,1,0,13.17,1284.0,856.0,1265.0,-57.0,2118.0408,18.0,18.0,Ideal,D,SI1,1.5,IGI,3990.0
1768,Cornerstone,2,Round,1,1,0,12.54,1346.0,897.33,1326.0,-54.0,2080.8401,18.0,18.0,Ideal,D,SI1,1.5,IGI,3990.0
1768,Marlowe & Co,2,Round,1,1,0,20.68,1296.0,864.0,1277.0,-54.0,2020.6017,18.0,18.0,Ideal,D,SI1,1.5,IGI,3990.0
1768,Michelle Kennedy,2,Round,1,1,0,18.19,1296.0,864.0,1277.0,-57.0,2143.5469,18.0,18.0,Ideal,D,SI1,1.5,IGI,3990.0
1768,Roma Diamonds,2,Round,1,1,0,10.34,1286.0,857.33,1267.0,-56.0,2111.0315,18.0,18.0,Ideal,D,SI1,1.5,IGI,3990.0
1768,Taiga Gems,2,Round,1,1,0,15.03,1261.0,840.67,1242.0,-57.0,2098.6289,18.0,18.0,Ideal,D,SI1,1.5,IGI,3990.0
1768,Temperley,2,Round,1,1,0,18.08,1311.41,874.27,1292.0,-55.0,2109.811,18.0,18.0,Ideal,D,SI1,1.5,IGI,3990.0
1768,Thalassa Gems,2,Round,1,1,0,11.18,1290.0,860.0,1271.0,-57.0,2152.7886,17.0,18.0,Ideal,D,SI1,1.5,IGI,3990.0
1768,Vega Diamonds,2,Round,1,1,0,18.94,1273.03,848.69,1254.0,-58.0,2152.0017,18.0,18.0,Ideal,D,SI1,1.5,IGI,3990.0
1774,Roma Diamonds,2,Round,1,1,0,39.38,1020.0,836.07,1005.0,-52.0,1512.9503,18.0,18.0,Super Ideal,E,SI1,1.22,IGI,2140.0
1774,Taiga Gems,2,Round,1,1,0,14.87,775.0,635.25,763.0,-61.0,1440.2382,18.0,18.0,Super Ideal,E,SI1,1.22,IGI,2140.0
1776,Clara Belle Gems,2,Round,1,1,0,93.26,858.0,715.0,845.0,-66.0,1785.4729,18.0,18.0,Ideal,D,VS1,1.2,IGI,3130.0
1776,Ember Star,2,Round,1,1,0,12.8,866.64,722.2,854.0,-67.0,1865.7368,18.0,18.0,Ideal,D,VS1,1.2,IGI,3130.0
1776,Emilia Sterling,2,Round,1,1,0,17.6,846.44,705.37,834.0,-66.0,1794.2712,18.0,18.0,Ideal,D,VS1,1.2,IGI,3130.0
1776,Fabiola,2,Round,1,1,0,12.12,856.0,713.33,843.0,-66.0,1794.5021,18.0,18.0,Ideal,D,VS1,1.2,IGI,3130.0
1776,Riviera Jewels,2,Round,1,1,0,13.08,862.0,718.33,849.0,-67.0,1852.6887,18.0,18.0,Ideal,D,VS1,1.2,IGI,3130.0
1776,Roma Diamonds,2,Round,1,1,0,51.31,856.0,713.33,843.0,-67.0,1836.0085,18.0,18.0,Ideal,D,VS1,1.2,IGI,3130.0
1776,Rosella,2,Round,1,1,0,10.03,859.0,715.83,846.0,-67.0,1847.0251,18.0,18.0,Ideal,D,VS1,1.2,IGI,3130.0
1776,Sara's Diamonds,2,Round,1,1,0,62.3,837.0,697.5,824.0,-68.0,1879.5964,18.0,18.0,Ideal,D,VS1,1.2,IGI,3130.0
1776,Sigma Diamonds,2,Round,1,1,0,12.84,856.0,713.33,843.0,-67.0,1834.4728,18.0,18.0,Ideal,D,VS1,1.2,IGI,3130.0
1776,Simetría,2,Round,1,1,0,17.68,848.37,706.98,836.0,-67.0,1853.2162,17.0,18.0,Ideal,D,VS1,1.2,IGI,3130.0
1776,Starlight Crafts,2,Round,1,1,0,13.56,856.0,713.33,843.0,-67.0,1831.913,18.0,18.0,Ideal,D,VS1,1.2,IGI,3130.0
1776,Vega Diamonds,2,Round,1,1,0,16.76,836.0,696.67,823.0,-68.0,1847.9889,18.0,18.0,Ideal,D,VS1,1.2,IGI,3130.0
1782,Eterna Luxe,2,Round,1,1,0,11.63,4132.0,1350.33,4070.0,-67.0,8886.7119,18.0,18.0,Ideal,G,VS1,3.06,IGI,18710.0
1782,Eternity Fine Jewelers,2,Round,1,1,0,18.25,4146.16,1354.95,4084.0,-67.0,8905.7109,18.0,18.0,Ideal,G,VS1,3.06,IGI,18710.0
1782,Jane Brear,2,Round,1,1,0,19.67,3933.0,1285.29,3874.0,-68.0,8857.9922,18.0,18.0,Ideal,G,VS1,3.06,IGI,18710.0
1782,La Marquise,2,Round,1,1,0,18.32,4219.0,1378.76,4156.0,-67.0,9092.8809,18.0,18.0,Ideal,G,VS1,3.06,IGI,18710.0
1782,Michelle Kennedy,2,Round,1,1,0,16.86,4108.0,1342.48,4046.0,-66.0,8618.6729,18.0,18.0,Ideal,G,VS1,3.06,IGI,18710.0
1782,Taiga Gems,2,Round,1,1,0,15.71,4108.36,1342.6,4047.0,-68.0,9088.2598,18.0,18.0,Ideal,G,VS1,3.06,IGI,18710.0
1782,Temperley,2,Round,1,1,0,20.56,3954.53,1292.33,3895.0,-68.0,8955.0459,18.0,18.0,Ideal,G,VS1,3.06,IGI,18710.0
1782,Vespera Gems,2,Round,1,1,0,10.75,3967.0,1296.41,3907.0,-68.0,8785.167,18.0,18.0,Ideal,G,VS1,3.06,IGI,18710.0
1782,White Lily,2,Round,1,1,0,19.23,3965.0,1295.75,3906.0,-68.0,8959.1504,18.0,18.0,Ideal,G,VS1,3.06,IGI,18710.0
1783,Cirrus Gems,2,Round,1,1,0,20.18,1792.28,1048.12,1765.0,-57.0,2986.7688,18.0,18.0,Super Ideal,G,VVS2,1.71,IGI,5360.0
1783,Clermont Diamonds,2,Round,1,1,0,15.29,1811.0,1059.06,1784.0,-55.0,2900.3916,18.0,18.0,Super Ideal,G,VVS2,1.71,IGI,5360.0
1783,Ember Star,2,Round,1,1,0,13.78,1773.0,1036.84,1746.0,-57.0,2929.8323,18.0,18.0,Super Ideal,G,VVS2,1.71,IGI,5360.0
1783,Jane Brear,2,Round,1,1,0,17.26,1867.62,1092.18,1840.0,-53.0,2874.7092,18.0,18.0,Super Ideal,G,VVS2,1.71,IGI,5360.0
1783,Roma Diamonds,2,Round,1,1,0,35.42,2160.0,1263.16,2128.0,-47.0,2931.741,18.0,18.0,Super Ideal,G,VVS2,1.71,IGI,5360.0
1783,Temperley,2,Round,1,1,0,17.49,1790.0,1046.78,1763.0,-56.0,2933.1104,18.0,18.0,Super Ideal,G,VVS2,1.71,IGI,5360.0
1783,Westport Jewelry,2,Round,1,1,0,15.01,2441.83,1427.97,2405.0,-41.0,2956.1121,18.0,18.0,Super Ideal,G,VVS2,1.71,IGI,5360.0
1783,White Lily,2,Round,1,1,0,20.05,1804.83,1055.46,1778.0,-55.0,2858.5676,18.0,18.0,Super Ideal,G,VVS2,1.71,IGI,5360.0
1784,Jane Brear,2,Round,1,1,0,15.16,2169.0,1205.0,2136.0,-26.0,2102.5737,17.0,18.0,Ideal,I,SI1,1.8,IGI,3272.86
1784,Michelle Kennedy,2,Round,1,1,0,14.3,2169.0,1205.0,2136.0,-30.0,2222.6736,18.0,18.0,Ideal,I,SI1,1.8,IGI,3272.86
1784,Temperley,2,Round,1,1,0,15.05,2169.0,1205.0,2136.0,-24.0,2047.7853,18.0,18.0,Ideal,I,SI1,1.8,IGI,3272.86
1784,White Lily,2,Round,1,1,0,14.94,2169.0,1205.0,2136.0,-26.0,2091.5706,18.0,18.0,Ideal,I,SI1,1.8,IGI,3272.86
1788,Jane Brear,2,Round,1,1,0,16.86,2037.76,1273.6,2007.0,-25.0,1951.2725,18.0,18.0,Ideal,I,VS1,1.6,IGI,3080.0
1794,Jane Brear,2,Round,1,1,0,7.68,2409.0,963.6,2373.0,-42.0,2954.5217,18.0,18.0,Ideal,J,SI1,2.5,IGI,4904.29
1794,White Lily,2,Round,1,1,0,7.46,2409.0,963.6,2373.0,-38.0,2789.5657,17.0,18.0,Ideal,J,SI1,2.5,IGI,4904.29
1795,Michelle Kennedy,2,Round,1,1,0,11.76,2205.0,1185.48,2172.0,-24.0,2063.741,18.0,18.0,Super Ideal,I,SI1,1.86,IGI,3290.0
1796,Adalyn Jewelry,2,Round,1,1,0,19.14,303.0,606.0,298.0,-49.0,424.993,18.0,18.0,Ideal,E,VS1,0.5,IGI,725.0
1796,Jane Brear,2,Round,1,1,0,14.44,310.0,620.0,305.0,-51.0,450.1817,18.0,18.0,Ideal,E,VS1,0.5,IGI,725.0
1796,Michelle Kennedy,2,Round,1,1,0,14.52,312.0,624.0,307.0,-52.0,462.8321,18.0,18.0,Ideal,E,VS1,0.5,IGI,725.0
1796,Roma Diamonds,2,Round,1,1,0,11.27,385.0,770.0,379.0,-43.0,483.7899,18.0,18.0,Ideal,E,VS1,0.5,IGI,725.0
1796,Temperley,2,Round,1,1,0,12.99,312.0,624.0,307.0,-56.0,503.1523,18.0,18.0,Ideal,E,VS1,0.5,IGI,725.0
1796,White Lily,2,Round,1,1,0,84.07,316.0,632.0,311.0,-52.0,469.5136,18.0,18.0,Ideal,E,VS1,0.5,IGI,725.0
1797,Albert's Creations,2,Round,1,1,0,11.84,954.0,717.29,940.0,-59.0,1680.0032,18.0,18.0,Super Ideal,G,VS1,1.33,IGI,2910.0
1797,Jane Brear,2,Round,1,1,0,18.19,970.12,729.41,956.0,-58.0,1635.594,18.0,18.0,Super Ideal,G,VS1,1.33,IGI,2910.0
1797,Michelle Kennedy,2,Round,1,1,0,16.79,967.0,727.07,952.0,-58.0,1636.3145,18.0,18.0,Super Ideal,G,VS1,1.33,IGI,2910.0
1797,Nova Stars,2,Round,1,1,0,12.35,950.0,714.29,936.0,-57.0,1582.2737,18.0,18.0,Super Ideal,G,VS1,1.33,IGI,2910.0
1797,Periwinkle Stones,2,Round,1,1,0,17.82,941.0,707.52,927.0,-58.0,1601.8159,18.0,18.0,Super Ideal,G,VS1,1.33,IGI,2910.0
1797,Sunset Gems,2,Round,1,1,0,21.88,939.0,706.02,925.0,-59.0,1624.3256,18.0,18.0,Super Ideal,G,VS1,1.33,IGI,2910.0
1797,Taiga Gems,2,Round,1,1,0,11.22,950.0,714.29,936.0,-57.0,1596.8214,18.0,18.0,Super Ideal,G,VS1,1.33,IGI,2910.0
1797,Temperley,2,Round,1,1,0,18.69,960.0,721.8,946.0,-58.0,1651.5833,18.0,18.0,Super Ideal,G,VS1,1.33,IGI,2910.0
1797,White Lily,2,Round,1,1,0,15.82,995.0,748.12,980.0,-57.0,1641.3407,18.0,18.0,Super Ideal,G,VS1,1.33,IGI,2910.0
1801,Avignon Diamonds,2,Round,1,1,0,14.42,866.0,721.67,853.0,-60.0,1543.0724,18.0,18.0,Ideal,E,VS1,1.2,IGI,2856.67
1801,Cirrus Gems,2,Round,1,1,0,17.22,829.06,690.88,817.0,-63.0,1593.4443,18.0,18.0,Ideal,E,VS1,1.2,IGI,2856.67
1801,Eterna Luxe,2,Round,1,1,0,10.81,856.0,713.33,843.0,-62.0,1609.9705,18.0,18.0,Ideal,E,VS1,1.2,IGI,2856.67
1801,Eternity Fine Jewelers,2,Round,1,1,0,13.27,844.0,703.33,831.0,-62.0,1600.2644,18.0,18.0,Ideal,E,VS1,1.2,IGI,2856.67
1801,Fabiola,2,Round,1,1,0,12.35,829.0,690.83,817.0,-64.0,1626.2194,18.0,18.0,Ideal,E,VS1,1.2,IGI,2856.67
1801,Hoseki,2,Round,1,1,0,18.09,865.65,721.38,853.0,-61.0,1589.1917,18.0,18.0,Ideal,E,VS1,1.2,IGI,2856.67
1801,Jane Brear,2,Round,1,1,0,16.14,870.62,725.52,858.0,-60.0,1554.021,17.0,18.0,Ideal,E,VS1,1.2,IGI,2856.67
1801,Lotus Creation,2,Round,1,1,0,18.23,847.4,706.17,835.0,-62.0,1595.7687,18.0,18.0,Ideal,E,VS1,1.2,IGI,2856.67
1801,Marlowe & Co,2,Round,1,1,0,13.99,862.0,718.33,849.0,-62.0,1625.4503,18.0,18.0,Ideal,E,VS1,1.2,IGI,2856.67
1801,Michelle Kennedy,2,Round,1,1,0,17.51,864.0,720.0,851.0,-60.0,1539.4636,18.0,18.0,Ideal,E,VS1,1.2,IGI,2856.67
1801,Nebula Stones,2,Round,1,1,0,13.65,856.0,713.33,843.0,-62.0,1602.8351,18.0,18.0,Ideal,E,VS1,1.2,IGI,2856.67
1801,Riviera Jewels,2,Round,1,1,0,11.19,839.0,699.17,826.0,-63.0,1625.106,18.0,18.0,Ideal,E,VS1,1.2,IGI,2856.67
1801,Roma Diamonds,2,Round,1,1,0,53.82,829.0,690.83,817.0,-62.0,1579.7396,18.0,18.0,Ideal,E,VS1,1.2,IGI,2856.67
1801,Rosella,2,Round,1,1,0,14.44,833.0,694.17,821.0,-63.0,1597.0731,18.0,18.0,Ideal,E,VS1,1.2,IGI,2856.67
1801,Serene Peaks Diamonds,2,Round,1,1,0,15.83,850.72,708.93,838.0,-62.0,1593.3685,18.0,18.0,Ideal,E,VS1,1.2,IGI,2856.67
1801,Sigma Diamonds,2,Round,1,1,0,13.61,829.0,690.83,817.0,-65.0,1680.8679,18.0,18.0,Ideal,E,VS1,1.2,IGI,2856.67
1801,Simetría,2,Round,1,1,0,16.46,829.0,690.83,817.0,-62.0,1573.1016,18.0,18.0,Ideal,E,VS1,1.2,IGI,2856.67
1801,Starlight Crafts,2,Round,1,1,0,10.15,843.0,702.5,830.0,-63.0,1617.8577,18.0,18.0,Ideal,E,VS1,1.2,IGI,2856.67
1801,Temperley,2,Round,1,1,0,11.51,860.0,716.67,847.0,-60.0,1549.8492,18.0,18.0,Ideal,E,VS1,1.2,IGI,2856.67
1801,Vespera Gems,2,Round,1,1,0,16.57,835.0,695.83,822.0,-63.0,1603.3975,18.0,18.0,Ideal,E,VS1,1.2,IGI,2856.67
1801,White Lily,2,Round,1,1,0,13.85,868.64,723.87,856.0,-61.0,1585.0626,18.0,18.0,Ideal,E,VS1,1.2,IGI,2856.67
1804,Promenade Jewelry,2,Oval,1,1,0,16.63,316.57,688.2,312.0,-30.0,305.1954,15.0,15.0,Very Good,E,VS2,0.46,IGI,490.0
1807,Fiona Clément,2,Princess,1,1,0,15.73,1535.28,892.6,1512.0,-54.0,2117.8223,15.0,15.0,Super Ideal,G,SI1,1.72,IGI,3880.0
1810,BonDiam,2,Round,1,1,0,13.51,349.0,646.3,344.0,-59.0,613.711,18.0,18.0,Super Ideal,D,VVS2,0.54,IGI,970.0
1810,Ember Star,2,Round,1,1,0,14.51,332.0,614.81,327.0,-61.0,614.2225,18.0,18.0,Super Ideal,D,VVS2,0.54,IGI,970.0
1810,Jane Brear,2,Round,1,1,0,13.73,357.0,661.11,352.0,-58.0,604.7215,18.0,18.0,Super Ideal,D,VVS2,0.54,IGI,970.0
1810,Joan Cooper,2,Round,1,1,0,23.45,332.0,614.81,327.0,-61.0,617.2678,18.0,18.0,Super Ideal,D,VVS2,0.54,IGI,970.0
1810,Knox Diamonds,2,Round,1,1,0,13.21,329.0,609.26,324.0,-63.0,636.4507,18.0,18.0,Super Ideal,D,VVS2,0.54,IGI,970.0
1810,Marlowe & Co,2,Round,2,1,0,21.17,345.0,638.89,340.0,-58.0,594.3634,18.0,18.0,Super Ideal,D,VVS2,0.54,IGI,970.0
1810,Mei & Co,2,Round,1,1,0,16.17,330.0,611.11,325.0,-63.0,635.5898,18.0,18.0,Super Ideal,D,VVS2,0.54,IGI,970.0
1810,Michelle Kennedy,2,Round,1,1,0,12.97,351.0,650.0,346.0,-59.0,617.3757,18.0,18.0,Super Ideal,D,VVS2,0.54,IGI,970.0
1810,Nova Stars,2,Round,1,1,0,21.49,331.0,612.96,326.0,-60.0,588.7891,18.0,18.0,Super Ideal,D,VVS2,0.54,IGI,970.0
1810,Promenade Jewelry,2,Round,1,1,0,14.73,333.0,616.67,328.0,-60.0,601.967,18.0,18.0,Super Ideal,D,VVS2,0.54,IGI,970.0
1810,Rosella,2,Round,2,2,0,15.52,320.0,592.59,315.0,-60.0,572.695,18.0,18.0,Super Ideal,D,VVS2,0.54,IGI,970.0
1810,Sara's Diamonds,2,Round,1,1,0,11.71,354.0,655.56,349.0,-58.0,605.1989,18.0,18.0,Super Ideal,D,VVS2,0.54,IGI,970.0
1810,Seraphina Gems,2,Round,1,1,0,21.89,330.0,611.11,325.0,-61.0,598.8799,18.0,18.0,Super Ideal,D,VVS2,0.54,IGI,970.0
1810,Temperley,2,Round,1,2,0,21.64,352.0,651.85,347.0,-59.0,612.7898,18.0,18.0,Super Ideal,D,VVS2,0.54,IGI,970.0
1810,Thalassa Gems,2,Round,2,1,0,10.93,333.0,616.67,328.0,-61.0,618.7556,18.0,18.0,Super Ideal,D,VVS2,0.54,IGI,970.0
1810,Tilia Diamonds,2,Round,1,1,0,23.98,330.0,611.11,325.0,-62.0,619.9382,18.0,18.0,Super Ideal,D,VVS2,0.54,IGI,970.0
1810,White Lily,2,Round,1,1,0,22.48,357.0,661.11,352.0,-57.0,593.1019,18.0,18.0,Super Ideal,D,VVS2,0.54,IGI,970.0
1814,Jane Brear,2,Round,1,1,0,14.65,302.48,775.59,298.0,-52.0,452.351,18.0,18.0,Super Ideal,D,VVS1,0.39,IGI,570.0
1814,Roma Diamonds,2,Round,1,1,0,40.2,336.0,861.54,331.0,-44.0,432.4698,18.0,18.0,Super Ideal,D,VVS1,0.39,IGI,570.0
1814,White Lily,2,Round,1,1,0,10.52,302.48,775.59,298.0,-42.0,370.6633,18.0,18.0,Super Ideal,D,VVS1,0.39,IGI,570.0
1815,Temperley,2,Round,1,1,0,10.73,1540.26,762.5,1517.0,-58.0,2655.5168,18.0,18.0,Super Ideal,F,SI2,2.02,IGI,5125.0
1817,White Lily,2,Emerald,2,2,0,27.59,328.0,618.87,323.0,-49.0,411.6037,15.0,15.0,Super Ideal,H,VVS2,0.53,IGI,580.0
1819,Jane Brear,2,Round,1,1,0,17.03,890.0,794.64,877.0,-51.0,1288.9066,18.0,18.0,Ideal,G,VVS2,1.12,IGI,2660.0
1819,Michelle Kennedy,2,Round,1,1,0,17.7,918.0,819.64,904.0,-52.0,1367.7698,18.0,18.0,Ideal,G,VVS2,1.12,IGI,2660.0
1824,Cirrus Gems,2,Round,1,1,0,19.99,1414.0,789.94,1393.0,-51.0,2064.6243,18.0,18.0,Super Ideal,H,VS1,1.79,IGI,4300.0
1824,Jane Brear,2,Round,1,1,0,15.52,1466.63,819.35,1445.0,-49.0,2048.7825,18.0,18.0,Super Ideal,H,VS1,1.79,IGI,4300.0
1824,Marlowe & Co,2,Round,1,1,0,19.18,1445.0,807.26,1423.0,-49.0,2029.4957,18.0,18.0,Super Ideal,H,VS1,1.79,IGI,4300.0
1824,N. B. Diamonds,2,Round,1,1,0,16.61,1438.07,803.39,1416.0,-50.0,2071.2397,18.0,18.0,Super Ideal,H,VS1,1.79,IGI,4300.0
1824,Taiga Gems,2,Round,1,1,0,18.07,1443.0,806.15,1421.0,-50.0,2071.5798,18.0,18.0,Super Ideal,H,VS1,1.79,IGI,4300.0
1825,Ember Star,2,Emerald,1,1,0,22.16,2692.0,1218.1,2652.0,-65.0,4929.708,15.0,15.0,Super Ideal,E,VS1,2.21,IGI,8550.0
1825,Jane Brear,2,Emerald,1,1,0,20.25,2866.6,1297.1,2824.0,-63.0,5003.606,15.0,15.0,Super Ideal,E,VS1,2.21,IGI,8550.0
1825,N. B. Diamonds,2,Emerald,1,1,0,21.89,2716.0,1228.96,2675.0,-64.0,4913.6885,15.0,15.0,Super Ideal,E,VS1,2.21,IGI,8550.0
1825,White Lily,2,Emerald,1,1,0,23.46,2757.0,1247.51,2716.0,-64.0,4953.2368,15.0,15.0,Super Ideal,E,VS1,2.21,IGI,8550.0
1826,Artemis Stones,2,Round,1,1,0,14.68,1931.27,919.65,1902.0,-62.0,3638.426,18.0,18.0,Super Ideal,G,VS1,2.1,IGI,7525.0
1826,Avignon Diamonds,2,Round,1,1,0,62.49,1957.32,932.06,1928.0,-61.0,3639.7126,18.0,18.0,Super Ideal,G,VS1,2.1,IGI,7525.0
1826,Camden Gems,2,Round,1,1,0,10.07,1976.0,940.95,1946.0,-62.0,3752.072,18.0,18.0,Super Ideal,G,VS1,2.1,IGI,7525.0
1826,Cirrus Gems,2,Round,1,1,0,14.58,1938.0,922.86,1909.0,-63.0,3772.478,18.0,18.0,Super Ideal,G,VS1,2.1,IGI,7525.0
1826,Clermont Diamonds,2,Round,1,1,0,13.24,1959.0,932.86,1930.0,-61.0,3628.3066,18.0,18.0,Super Ideal,G,VS1,2.1,IGI,7525.0
1826,Diamonds by Zoya,2,Round,1,1,0,94.95,1958.0,932.38,1929.0,-62.0,3649.5989,18.0,18.0,Super Ideal,G,VS1,2.1,IGI,7525.0
1826,Ember Star,2,Round,1,1,0,11.82,1902.0,905.71,1873.0,-62.0,3630.2649,18.0,18.0,Super Ideal,G,VS1,2.1,IGI,7525.0
1826,Jane Brear,2,Round,1,1,0,14.39,1999.0,951.9,1969.0,-61.0,3639.874,18.0,18.0,Super Ideal,G,VS1,2.1,IGI,7525.0
1826,Meridian Crafts,2,Round,1,1,0,10.38,1952.0,929.52,1923.0,-62.0,3671.9978,18.0,18.0,Super Ideal,G,VS1,2.1,IGI,7525.0
1826,Michelle Kennedy,2,Round,1,1,0,12.26,1999.0,951.9,1969.0,-61.0,3656.395,18.0,18.0,Super Ideal,G,VS1,2.1,IGI,7525.0
1826,Starlight Crafts,2,Round,1,1,0,14.19,1948.0,927.62,1919.0,-61.0,3582.7793,18.0,18.0,Super Ideal,G,VS1,2.1,IGI,7525.0
1826,Temperley,2,Round,1,1,0,15.29,1999.95,952.36,1970.0,-61.0,3685.1335,18.0,18.0,Super Ideal,G,VS1,2.1,IGI,7525.0
1826,Thalassa Gems,2,Round,1,1,0,13.87,1977.06,941.46,1947.0,-62.0,3742.0337,18.0,18.0,Super Ideal,G,VS1,2.1,IGI,7525.0
1826,Vespera Gems,2,Round,1,1,0,15.02,1969.87,938.03,1940.0,-62.0,3678.6968,18.0,18.0,Super Ideal,G,VS1,2.1,IGI,7525.0
1826,White Lily,2,Round,1,1,0,13.57,1999.0,951.9,1969.0,-61.0,3700.3059,18.0,18.0,Super Ideal,G,VS1,2.1,IGI,7525.0
1829,Albert's Creations,2,Round,1,1,0,10.98,715.0,655.96,704.0,-60.0,1278.028,18.0,18.0,Ideal,E,VS1,1.09,IGI,2756.67
1829,CV Diamonds,2,Round,1,1,0,12.34,718.0,658.72,707.0,-60.0,1280.1379,18.0,18.0,Ideal,E,VS1,1.09,IGI,2756.67
1829,Camden Gems,2,Round,1,1,0,11.42,702.0,644.04,691.0,-61.0,1275.2386,18.0,18.0,Ideal,E,VS1,1.09,IGI,2756.67
1829,Cascade Diamonds,2,Round,1,1,0,18.69,709.0,650.46,698.0,-60.0,1274.3403,18.0,18.0,Ideal,E,VS1,1.09,IGI,2756.67
1829,Cirrus Gems,2,Round,2,1,0,22.89,704.56,646.39,694.0,-59.0,1220.3572,18.0,18.0,Ideal,E,VS1,1.09,IGI,2756.67
1829,Clermont Diamonds,2,Round,1,1,0,12.55,711.0,652.29,700.0,-60.0,1278.4406,18.0,18.0,Ideal,E,VS1,1.09,IGI,2756.67
1829,Eternity Fine Jewelers,2,Round,1,1,0,20.5,716.4,657.25,706.0,-60.0,1267.3009,18.0,18.0,Ideal,E,VS1,1.09,IGI,2756.67
1829,Fabiola,2,Round,1,1,0,14.92,704.0,645.87,693.0,-61.0,1277.3148,18.0,18.0,Ideal,E,VS1,1.09,IGI,2756.67
1829,Hoseki,2,Round,1,1,0,18.9,721.38,661.82,711.0,-59.0,1263.9504,18.0,18.0,Ideal,E,VS1,1.09,IGI,2756.67
1829,Iris Diamonds,2,Round,1,1,0,93.25,702.0,644.04,691.0,-61.0,1286.7059,18.0,18.0,Ideal,E,VS1,1.09,IGI,2756.67
1829,Jane Brear,2,Round,1,1,0,16.77,717.11,657.9,706.0,-60.0,1279.4279,18.0,18.0,Ideal,E,VS1,1.09,IGI,2756.67
1829,Marble Arch,2,Round,1,1,0,16.23,709.0,650.46,698.0,-61.0,1299.9718,18.0,18.0,Ideal,E,VS1,1.09,IGI,2756.67
1829,Marlene Crafts,2,Round,1,1,0,14.27,705.0,646.79,694.0,-60.0,1268.2251,18.0,18.0,Ideal,E,VS1,1.09,IGI,2756.67
1829,Marlowe & Co,2,Round,1,1,0,12.93,725.0,665.14,714.0,-59.0,1279.3917,18.0,18.0,Ideal,E,VS1,1.09,IGI,2756.67
1829,Mei & Co,2,Round,1,1,0,14.2,702.0,644.04,691.0,-61.0,1303.9208,18.0,18.0,Ideal,E,VS1,1.09,IGI,2756.67
1829,Michelle Kennedy,2,Round,1,1,0,22.27,719.0,659.63,708.0,-60.0,1282.1382,18.0,18.0,Ideal,E,VS1,1.09,IGI,2756.67
1829,N. B. Diamonds,2,Round,1,1,0,11.54,712.0,653.21,701.0,-60.0,1280.23,18.0,18.0,Ideal,E,VS1,1.09,IGI,2756.67
1829,Nebula Stones,2,Round,1,1,0,17.82,721.38,661.82,711.0,-60.0,1284.0485,18.0,18.0,Ideal,E,VS1,1.09,IGI,2756.67
1829,Nova Stars,2,Round,1,1,0,14.69,699.0,641.28,689.0,-61.0,1288.7006,18.0,18.0,Ideal,E,VS1,1.09,IGI,2756.67
1829,Riviera Jewels,2,Round,1,1,0,13.5,704.0,645.87,693.0,-61.0,1281.0052,18.0,18.0,Ideal,E,VS1,1.09,IGI,2756.67
1829,Rosella,2,Round,1,1,0,11.3,708.0,649.54,697.0,-61.0,1299.1002,18.0,18.0,Ideal,E,VS1,1.09,IGI,2756.67
1829,Serenade Diamonds,2,Round,1,1,0,11.32,706.0,647.71,695.0,-60.0,1271.7179,18.0,18.0,Ideal,E,VS1,1.09,IGI,2756.67
1829,Silva Diamonds,2,Round,1,1,0,13.82,702.0,644.04,691.0,-61.0,1287.3171,18.0,18.0,Ideal,E,VS1,1.09,IGI,2756.67
1829,Starlight Crafts,2,Round,1,1,0,10.69,700.0,642.2,690.0,-61.0,1271.9041,18.0,18.0,Ideal,E,VS1,1.09,IGI,2756.67
1829,Taiga Gems,2,Round,1,1,0,12.89,726.0,666.06,715.0,-59.0,1283.3632,18.0,18.0,Ideal,E,VS1,1.09,IGI,2756.67
1829,Tamara,2,Round,1,1,0,14.94,716.0,656.88,705.0,-60.0,1267.437,18.0,18.0,Ideal,E,VS1,1.09,IGI,2756.67
1829,Temperley,2,Round,1,1,0,19.97,719.0,659.63,708.0,-60.0,1293.5294,18.0,18.0,Ideal,E,VS1,1.09,IGI,2756.67
1829,Thalassa Gems,2,Round,1,1,0,19.68,703.0,644.95,692.0,-60.0,1261.6615,18.0,18.0,Ideal,E,VS1,1.09,IGI,2756.67
1829,The Diamond Source,2,Round,1,1,0,14.05,711.0,652.29,700.0,-61.0,1297.5669,18.0,18.0,Ideal,E,VS1,1.09,IGI,2756.67
1829,Tilia Diamonds,2,Round,1,1,0,19.72,714.0,655.05,703.0,-60.0,1281.0437,18.0,18.0,Ideal,E,VS1,1.09,IGI,2756.67
1829,Vega Diamonds,2,Round,1,1,0,14.2,686.0,629.36,676.0,-62.0,1294.0298,18.0,18.0,Ideal,E,VS1,1.09,IGI,2756.67
1829,Vespera Gems,2,Round,1,1,0,10.16,704.0,645.87,693.0,-60.0,1271.5641,18.0,18.0,Ideal,E,VS1,1.09,IGI,2756.67
1829,White Lily,2,Round,1,1,0,18.16,719.0,659.63,708.0,-60.0,1277.4552,18.0,18.0,Ideal,E,VS1,1.09,IGI,2756.67
1834,White Lily,2,Princess,1,1,0,15.72,2353.0,1120.48,2318.0,-63.0,4052.5195,15.0,15.0,Very Good,F,VS1,2.1,IGI,7110.0
1835,Cirrus Gems,2,Round,1,1,0,19.24,1937.06,876.5,1908.0,-63.0,3746.2756,18.0,18.0,Super Ideal,H,VS1,2.21,IGI,7740.0
1835,Michelle Kennedy,2,Round,1,1,0,16.14,1989.0,900.0,1959.0,-61.0,3695.8513,18.0,18.0,Super Ideal,H,VS1,2.21,IGI,7740.0
1835,White Lily,2,Round,1,1,0,12.79,2237.0,1012.22,2203.0,-56.0,3647.2649,18.0,18.0,Super Ideal,H,VS1,2.21,IGI,7740.0
1837,Michelle Kennedy,2,Round,1,1,0,13.63,2446.0,970.63,2409.0,-57.0,4069.54,18.0,18.0,Super Ideal,I,VVS2,2.52,IGI,7350.0
1837,White Lily,2,Round,1,1,0,13.0,2446.0,970.63,2409.0,-58.0,4135.4746,18.0,18.0,Super Ideal,I,VVS2,2.52,IGI,7350.0
1841,Albert's Creations,2,Round,1,1,0,11.45,319.0,449.3,314.0,-57.0,530.9647,18.0,18.0,Ideal,D,VS2,0.71,IGI,1320.0
1841,BonDiam,2,Round,1,1,0,10.06,345.0,485.92,340.0,-55.0,544.5079,18.0,18.0,Ideal,D,VS2,0.71,IGI,1320.0
1841,Camden Gems,2,Round,1,1,0,23.64,316.0,445.07,311.0,-56.0,519.1612,18.0,18.0,Ideal,D,VS2,0.71,IGI,1320.0
1841,Eternity Fine Jewelers,2,Round,1,1,0,24.22,323.0,454.93,318.0,-56.0,523.6028,18.0,18.0,Ideal,D,VS2,0.71,IGI,1320.0
1841,Jane Brear,2,Round,1,1,0,18.5,456.7,643.24,450.0,-38.0,530.4662,18.0,18.0,Ideal,D,VS2,0.71,IGI,1320.0
1841,Joan Cooper,2,Round,1,1,0,10.71,318.0,447.89,313.0,-58.0,536.7739,18.0,18.0,Ideal,D,VS2,0.71,IGI,1320.0
1841,Mei & Co,2,Round,1,1,0,22.11,324.37,456.86,320.0,-56.0,522.725,18.0,18.0,Ideal,D,VS2,0.71,IGI,1320.0
1841,Michelle Kennedy,2,Round,1,1,0,21.9,351.24,494.7,346.0,-46.0,466.9566,18.0,18.0,Ideal,D,VS2,0.71,IGI,1320.0
1841,Temperley,2,Round,1,1,0,23.97,360.0,507.04,355.0,-50.0,513.1176,17.0,18.0,Ideal,D,VS2,0.71,IGI,1320.0
1841,Tilia Diamonds,2,Round,1,1,0,23.52,323.0,454.93,318.0,-58.0,553.2015,18.0,18.0,Ideal,D,VS2,0.71,IGI,1320.0
1845,Jane Brear,2,Cushion,1,1,0,20.93,1340.0,881.58,1320.0,-68.0,2678.1787,15.0,15.0,Super Ideal,F,SI1,1.52,IGI,3415.0
1845,Michelle Kennedy,2,Cushion,1,1,0,19.32,1313.0,863.82,1293.0,-64.0,2273.0007,15.0,15.0,Super Ideal,F,SI1,1.52,IGI,3415.0
1846,Avignon Diamonds,2,Princess,1,1,0,17.78,1292.0,916.31,1273.0,-55.0,1827.0889,15.0,15.0,Super Ideal,F,VS1,1.41,IGI,3600.0
1846,Cirrus Gems,2,Princess,1,1,0,17.05,1246.0,883.69,1227.0,-58.0,1870.4851,15.0,15.0,Super Ideal,F,VS1,1.41,IGI,3600.0
1846,Jane Brear,2,Princess,1,1,0,19.11,1299.09,921.34,1280.0,-54.0,1794.2363,15.0,15.0,Super Ideal,F,VS1,1.41,IGI,3600.0
1846,Mei & Co,2,Princess,1,1,0,13.62,1271.0,901.42,1252.0,-54.0,1768.4225,15.0,15.0,Super Ideal,F,VS1,1.41,IGI,3600.0
1846,Meridian Crafts,2,Princess,1,1,0,11.69,1285.0,911.35,1266.0,-56.0,1843.7788,15.0,15.0,Super Ideal,F,VS1,1.41,IGI,3600.0
1846,Michelle Kennedy,2,Princess,1,1,0,18.22,1300.0,921.99,1280.0,-54.0,1788.7932,15.0,15.0,Super Ideal,F,VS1,1.41,IGI,3600.0
1846,Vega Diamonds,2,Princess,1,1,0,17.12,1240.0,879.43,1221.0,-56.0,1798.7401,15.0,15.0,Super Ideal,F,VS1,1.41,IGI,3600.0
1846,White Lily,2,Princess,1,1,0,13.95,1284.0,910.64,1265.0,-55.0,1807.0365,15.0,15.0,Super Ideal,F,VS1,1.41,IGI,3600.0
1850,Mei & Co,2,Radiant,2,1,0,21.19,774.0,860.0,762.0,-60.0,1254.1283,14.0,15.0,Very Good,E,VVS2,0.9,IGI,1790.0
1850,Periwinkle Stones,2,Radiant,1,2,0,18.46,776.0,862.22,764.0,-60.0,1260.1194,14.0,15.0,Very Good,E,VVS2,0.9,IGI,1790.0
1850,Promenade Jewelry,2,Radiant,1,2,0,24.28,751.0,834.44,740.0,-61.0,1245.5221,15.0,15.0,Very Good,E,VVS2,0.9,IGI,1790.0
1850,White Lily,2,Radiant,1,1,0,15.5,1065.0,1183.33,1049.0,-50.0,1374.1195,14.0,15.0,Very Good,E,VVS2,0.9,IGI,1790.0
1856,Temperley,2,Round,1,1,0,24.05,704.0,612.17,693.0,-59.0,1231.5533,18.0,18.0,Ideal,G,VS2,1.15,IGI,2550.0
1858,Temperley,2,Radiant,1,1,0,18.6,4497.0,1791.63,4430.0,-65.0,8393.4883,15.0,15.0,Super Ideal,E,VVS1,2.51,IGI,13580.0
1859,Taiga Gems,2,Round,1,1,0,13.73,1401.96,774.56,1381.0,-55.0,2211.3557,18.0,18.0,Ideal,H,VS2,1.81,IGI,4150.0
1861,Albert's Creations,2,Oval,1,1,0,12.01,951.0,905.71,937.0,-59.0,1557.1943,15.0,15.0,Very Good,D,VS1,1.05,IGI,2630.0
1861,Clermont Diamonds,2,Oval,1,1,0,14.34,965.0,919.05,951.0,-58.0,1560.7416,15.0,15.0,Very Good,D,VS1,1.05,IGI,2630.0
1861,Eternity Fine Jewelers,2,Oval,1,1,0,12.86,964.0,918.1,950.0,-57.0,1496.8053,15.0,15.0,Very Good,D,VS1,1.05,IGI,2630.0
1861,Hoseki,2,Oval,1,1,0,13.74,973.11,926.77,959.0,-58.0,1543.7003,15.0,15.0,Very Good,D,VS1,1.05,IGI,2630.0
1861,Jane Brear,2,Oval,1,1,0,12.31,980.0,933.33,965.0,-56.0,1511.8641,15.0,15.0,Very Good,D,VS1,1.05,IGI,2630.0
1861,Marlowe & Co,2,Oval,1,1,0,14.94,957.0,911.43,943.0,-57.0,1508.4028,15.0,15.0,Very Good,D,VS1,1.05,IGI,2630.0
1861,Periwinkle Stones,2,Oval,1,1,0,12.58,988.04,940.99,973.0,-56.0,1512.1055,15.0,15.0,Very Good,D,VS1,1.05,IGI,2630.0
1861,Rosella,2,Oval,1,1,0,13.83,920.0,876.19,906.0,-59.0,1504.1129,15.0,15.0,Very Good,D,VS1,1.05,IGI,2630.0
1861,Taiga Gems,2,Oval,1,1,0,11.03,951.0,905.71,937.0,-58.0,1517.9955,15.0,15.0,Very Good,D,VS1,1.05,IGI,2630.0
1861,Temperley,2,Oval,1,1,0,14.91,971.0,924.76,956.0,-57.0,1515.4794,15.0,15.0,Very Good,D,VS1,1.05,IGI,2630.0
1861,Vega Diamonds,2,Oval,1,1,0,16.59,926.54,882.42,913.0,-59.0,1517.9955,15.0,15.0,Very Good,D,VS1,1.05,IGI,2630.0
1861,White Lily,2,Oval,1,1,0,15.89,999.0,951.43,984.0,-56.0,1517.9366,15.0,15.0,Very Good,D,VS1,1.05,IGI,2630.0
1864,Cirrus Gems,2,Round,1,1,0,23.29,371.58,453.15,366.0,-60.0,668.8469,16.0,18.0,Very Good,D,VS1,0.82,IGI,1670.0
1864,Temperley,2,Round,2,3,0,23.68,382.08,465.95,376.0,-51.0,562.2587,15.0,18.0,Very Good,D,VS1,0.82,IGI,1670.0
1864,White Lily,2,Round,2,1,0,23.6,382.08,465.95,376.0,-63.0,740.2484,15.0,18.0,Very Good,D,VS1,0.82,IGI,1670.0
1866,Temperley,2,Round,1,1,0,23.19,322.0,555.17,317.0,-49.0,453.2029,18.0,18.0,Super Ideal,E,SI1,0.58,IGI,755.0
1866,Woodhouse Diamonds,2,Round,1,1,0,22.91,303.0,522.41,298.0,-50.0,433.7328,18.0,18.0,Super Ideal,E,SI1,0.58,IGI,755.0
1869,Jane Brear,2,Oval,1,1,0,15.42,739.28,739.28,728.0,-59.0,1202.9622,15.0,15.0,Very Good,E,SI1,1.0,IGI,1956.0
1869,Orlov's,2,Oval,1,1,0,12.39,702.0,702.0,691.0,-61.0,1206.7191,14.0,15.0,Very Good,E,SI1,1.0,IGI,1956.0
1869,Taiga Gems,2,Oval,1,1,0,13.88,724.36,724.36,713.0,-58.0,1168.0406,15.0,15.0,Very Good,E,SI1,1.0,IGI,1956.0
1875,Cirrus Gems,2,Round,1,1,0,18.88,1360.0,790.7,1340.0,-56.0,2228.2065,18.0,18.0,Ideal,G,VS2,1.72,IGI,4550.0
1875,Starlit Stones,2,Round,1,1,0,71.1,1401.0,814.53,1380.0,-53.0,2130.6738,18.0,18.0,Ideal,G,VS2,1.72,IGI,4550.0
1875,Temperley,2,Round,1,1,0,15.66,1439.0,836.63,1417.0,-53.0,2202.4836,18.0,18.0,Ideal,G,VS2,1.72,IGI,4550.0
1875,White Lily,2,Round,1,1,0,13.48,1423.0,827.33,1402.0,-55.0,2282.2939,18.0,18.0,Ideal,G,VS2,1.72,IGI,4550.0
1877,Jane Brear,2,Cushion,1,3,0,20.54,1478.0,854.34,1456.0,-56.0,2135.9216,13.0,15.0,Very Good,H,SI1,1.73,IGI,3600.0
1879,Promenade Jewelry,2,Oval,1,1,0,20.24,305.0,575.47,300.0,-37.0,327.6611,15.0,15.0,Super Ideal,E,SI1,0.53,IGI,550.0
1879,Rosella,2,Oval,2,2,0,15.18,315.0,594.34,310.0,-23.0,276.7347,15.0,15.0,Super Ideal,E,SI1,0.53,IGI,550.0
1879,Vega Diamonds,2,Oval,1,1,0,23.47,308.0,581.13,303.0,-29.0,292.8095,15.0,15.0,Super Ideal,E,SI1,0.53,IGI,550.0
1884,Artemis Stones,2,Round,1,1,0,17.94,2149.0,1043.2,2117.0,-64.0,4298.7329,18.0,18.0,Super Ideal,G,VVS2,2.06,IGI,8320.0
1884,CV Diamonds,2,Round,1,1,0,15.98,2191.0,1063.59,2158.0,-64.0,4368.582,18.0,18.0,Super Ideal,G,VVS2,2.06,IGI,8320.0
1884,Camden Gems,2,Round,1,1,0,12.02,2192.0,1064.08,2159.0,-64.0,4356.4531,18.0,18.0,Super Ideal,G,VVS2,2.06,IGI,8320.0
1884,Cirrus Gems,2,Round,1,1,0,18.72,2127.0,1032.52,2095.0,-65.0,4355.8052,18.0,18.0,Super Ideal,G,VVS2,2.06,IGI,8320.0
1884,Clermont Diamonds,2,Round,1,1,0,16.35,2175.0,1055.83,2142.0,-65.0,4392.3716,18.0,18.0,Super Ideal,G,VVS2,2.06,IGI,8320.0
1884,Ember Star,2,Round,1,1,0,12.82,2175.0,1055.83,2142.0,-64.0,4364.27,18.0,18.0,Super Ideal,G,VVS2,2.06,IGI,8320.0
1884,Jane Brear,2,Round,1,1,0,14.75,2217.0,1076.21,2184.0,-64.0,4377.7539,18.0,18.0,Super Ideal,G,VVS2,2.06,IGI,8320.0
1884,Michelle Kennedy,2,Round,1,1,0,94.89,2198.0,1066.99,2165.0,-65.0,4489.6968,18.0,18.0,Super Ideal,G,VVS2,2.06,IGI,8320.0
1884,Roma Diamonds,2,Round,1,1,0,10.47,2186.0,1061.17,2153.0,-65.0,4458.4053,18.0,18.0,Super Ideal,G,VVS2,2.06,IGI,8320.0
1884,Sonata Gems,2,Round,1,1,0,13.62,2175.0,1055.83,2142.0,-65.0,4405.8989,18.0,18.0,Super Ideal,G,VVS2,2.06,IGI,8320.0
1884,Taiga Gems,2,Round,1,1,0,16.41,2147.0,1042.23,2115.0,-64.0,4306.1138,18.0,18.0,Super Ideal,G,VVS2,2.06,IGI,8320.0
1884,Temperley,2,Round,1,1,0,14.95,2193.0,1064.56,2160.0,-64.0,4320.4321,18.0,18.0,Super Ideal,G,VVS2,2.06,IGI,8320.0
1884,Westport Jewelry,2,Round,1,1,0,15.16,2132.0,1034.95,2100.0,-66.0,4506.1196,18.0,18.0,Super Ideal,G,VVS2,2.06,IGI,8320.0
1884,White Lily,2,Round,1,1,0,15.21,2180.0,1058.25,2147.0,-64.0,4361.3848,18.0,18.0,Super Ideal,G,VVS2,2.06,IGI,8320.0
1887,Clermont Diamonds,2,Round,1,1,0,19.31,1151.0,737.82,1134.0,-58.0,1957.4777,18.0,18.0,Super Ideal,F,SI1,1.56,IGI,3880.0
1887,Jane Brear,2,Round,1,1,0,14.45,1197.0,767.31,1179.0,-55.0,1915.1602,18.0,18.0,Super Ideal,F,SI1,1.56,IGI,3880.0
1887,Michelle Kennedy,2,Round,1,1,0,10.37,1268.0,812.82,1249.0,-54.0,1979.7607,18.0,18.0,Super Ideal,F,SI1,1.56,IGI,3880.0
1889,55 E Diamonds,2,Round,1,1,0,13.91,1004.72,881.33,990.0,-49.0,1406.0546,18.0,18.0,Super Ideal,E,VVS2,1.14,IGI,3242.0
1889,CV Diamonds,2,Round,1,1,0,14.8,916.4,803.86,903.0,-52.0,1380.6407,18.0,18.0,Super Ideal,E,VVS2,1.14,IGI,3242.0
1889,Cascade Diamonds,2,Round,1,1,0,13.5,906.0,794.74,892.0,-54.0,1420.8357,18.0,18.0,Super Ideal,E,VVS2,1.14,IGI,3242.0
1889,Cirrus Gems,2,Round,1,1,0,16.57,879.0,771.05,866.0,-56.0,1420.3236,18.0,18.0,Super Ideal,E,VVS2,1.14,IGI,3242.0
1889,Ember Star,2,Round,1,1,0,14.72,906.0,794.74,892.0,-54.0,1400.5967,18.0,18.0,Super Ideal,E,VVS2,1.14,IGI,3242.0
1889,Eterna Luxe,2,Round,1,1,0,11.44,917.0,804.39,903.0,-53.0,1410.165,18.0,18.0,Super Ideal,E,VVS2,1.14,IGI,3242.0
1889,Eternity Fine Jewelers,2,Round,1,1,0,13.03,911.0,799.12,897.0,-51.0,1343.3823,18.0,18.0,Super Ideal,E,VVS2,1.14,IGI,3242.0
1889,Infinity Diamonds,2,Round,1,1,0,18.5,920.0,807.02,906.0,-52.0,1369.0879,18.0,18.0,Super Ideal,E,VVS2,1.14,IGI,3242.0
1889,Iris Diamonds,2,Round,1,1,0,14.97,898.48,788.14,885.0,-54.0,1400.0591,18.0,18.0,Super Ideal,E,VVS2,1.14,IGI,3242.0
1889,Jane Brear,2,Round,1,1,0,14.87,981.0,860.53,966.0,-49.0,1365.0656,18.0,18.0,Super Ideal,E,VVS2,1.14,IGI,3242.0
1889,Knox Diamonds,2,Round,1,1,0,13.35,891.0,781.58,878.0,-55.0,1405.327,18.0,18.0,Super Ideal,E,VVS2,1.14,IGI,3242.0
1889,Magnolia,2,Round,1,1,0,14.4,899.0,788.6,886.0,-54.0,1393.9022,18.0,18.0,Super Ideal,E,VVS2,1.14,IGI,3242.0
1889,Marlowe & Co,2,Round,1,1,0,11.87,918.0,805.26,904.0,-52.0,1373.223,18.0,18.0,Super Ideal,E,VVS2,1.14,IGI,3242.0
1889,Michelle Kennedy,2,Round,1,1,0,13.98,1022.86,897.25,1008.0,-48.0,1395.1998,18.0,18.0,Super Ideal,E,VVS2,1.14,IGI,3242.0
1889,Oasis Diamonds,2,Round,1,1,0,14.81,950.0,833.33,936.0,-51.0,1383.6255,18.0,18.0,Super Ideal,E,VVS2,1.14,IGI,3242.0
1889,Rosella,2,Round,1,1,0,17.04,906.28,794.98,893.0,-53.0,1376.4749,18.0,18.0,Super Ideal,E,VVS2,1.14,IGI,3242.0
1889,Silva Diamonds,2,Round,1,1,0,11.79,894.0,784.21,881.0,-54.0,1391.5494,18.0,18.0,Super Ideal,E,VVS2,1.14,IGI,3242.0
1889,Starlight Crafts,2,Round,1,1,0,12.85,908.0,796.49,894.0,-51.0,1335.0889,18.0,18.0,Super Ideal,E,VVS2,1.14,IGI,3242.0
1889,Tamara,2,Round,1,1,0,10.71,909.0,797.37,895.0,-52.0,1364.2394,18.0,18.0,Super Ideal,E,VVS2,1.14,IGI,3242.0
1889,Temperley,2,Round,1,1,0,13.92,946.0,829.82,932.0,-52.0,1402.2887,18.0,18.0,Super Ideal,E,VVS2,1.14,IGI,3242.0
1889,Tilia Diamonds,2,Round,1,1,0,13.7,906.44,795.12,893.0,-54.0,1397.28,18.0,18.0,Super Ideal,E,VVS2,1.14,IGI,3242.0
1889,White Lily,2,Round,1,1,0,12.0,930.32,816.07,916.0,-52.0,1397.0912,18.0,18.0,Super Ideal,E,VVS2,1.14,IGI,3242.0
1890,Diamonds by Zoya,2,Emerald,1,1,0,20.1,2125.0,1011.9,2093.0,-64.0,3795.0212,14.0,15.0,Very Good,F,VS2,2.1,IGI,6610.0
1896,Clermont Diamonds,2,Round,1,1,0,13.84,946.0,716.67,932.0,-57.0,1570.4706,18.0,18.0,Super Ideal,F,VS2,1.32,IGI,3740.0
1896,Fabiola,2,Round,1,1,0,13.18,938.0,710.61,924.0,-58.0,1587.7612,18.0,18.0,Super Ideal,F,VS2,1.32,IGI,3740.0
1896,Jane Brear,2,Round,1,1,0,17.79,966.12,731.91,952.0,-56.0,1587.1166,18.0,18.0,Super Ideal,F,VS2,1.32,IGI,3740.0
1896,Marlowe & Co,2,Round,1,1,0,14.49,989.03,749.27,974.0,-56.0,1606.1393,18.0,18.0,Super Ideal,F,VS2,1.32,IGI,3740.0
1896,Michelle Kennedy,2,Round,1,1,0,17.68,998.98,756.8,984.0,-54.0,1567.6866,18.0,18.0,Super Ideal,F,VS2,1.32,IGI,3740.0
1896,Taiga Gems,2,Round,1,1,0,14.2,950.0,719.7,936.0,-56.0,1550.8145,18.0,18.0,Super Ideal,F,VS2,1.32,IGI,3740.0
1896,Temperley,2,Round,1,1,0,12.83,967.0,732.58,952.0,-57.0,1592.1547,18.0,18.0,Super Ideal,F,VS2,1.32,IGI,3740.0
1897,Michelle Kennedy,2,Oval,1,2,0,10.22,362.0,517.14,357.0,-30.0,349.0383,14.0,15.0,Very Good,D,SI2,0.7,IGI,946.67
1900,Temperley,2,Round,1,1,0,13.86,637.0,630.69,627.0,-62.0,1207.4624,18.0,18.0,Super Ideal,H,VS2,1.01,IGI,2146.0
1901,Cornerstone,2,Oval,1,1,0,11.24,1263.0,1010.4,1244.0,-64.0,2363.0605,15.0,15.0,Very Good,D,VVS2,1.25,IGI,3870.0
1901,Michelle Kennedy,2,Oval,2,1,0,11.33,1242.0,993.6,1223.0,-65.0,2391.5408,14.0,15.0,Very Good,D,VVS2,1.25,IGI,3870.0
1901,Sigma Diamonds,2,Oval,1,1,0,11.42,1229.0,983.2,1211.0,-65.0,2389.7156,14.0,15.0,Very Good,D,VVS2,1.25,IGI,3870.0
1905,Cirrus Gems,2,Round,1,1,0,22.15,998.93,723.86,984.0,-62.0,1881.6294,18.0,18.0,Super Ideal,G,VVS2,1.38,IGI,3435.0
1905,Clermont Diamonds,2,Round,1,1,0,22.39,1014.9,735.43,1000.0,-62.0,1899.0872,18.0,18.0,Super Ideal,G,VVS2,1.38,IGI,3435.0
1905,Fabiola,2,Round,1,1,0,12.13,1003.96,727.51,989.0,-62.0,1909.641,18.0,18.0,Super Ideal,G,VVS2,1.38,IGI,3435.0
1905,Marlowe & Co,2,Round,1,1,0,21.04,1060.67,768.6,1045.0,-61.0,1937.9305,18.0,18.0,Super Ideal,G,VVS2,1.38,IGI,3435.0
1905,Meridian Crafts,2,Round,1,1,0,14.2,1007.0,729.71,992.0,-62.0,1904.6277,18.0,18.0,Super Ideal,G,VVS2,1.38,IGI,3435.0
1905,Michelle Kennedy,2,Round,1,1,0,18.23,1033.8,749.13,1018.0,-62.0,1925.8491,18.0,18.0,Super Ideal,G,VVS2,1.38,IGI,3435.0
1905,Taiga Gems,2,Round,1,1,0,17.72,987.35,715.47,973.0,-63.0,1900.6096,18.0,18.0,Super Ideal,G,VVS2,1.38,IGI,3435.0
1905,Temperley,2,Round,1,1,0,23.62,1000.86,725.26,986.0,-63.0,1918.8066,18.0,18.0,Super Ideal,G,VVS2,1.38,IGI,3435.0
1905,Voyage Diamonds,2,Round,1,1,0,23.23,1096.41,794.5,1080.0,-60.0,1941.1011,18.0,18.0,Super Ideal,G,VVS2,1.38,IGI,3435.0
1905,White Lily,2,Round,1,1,0,20.23,1032.81,748.41,1017.0,-61.0,1892.9968,18.0,18.0,Super Ideal,G,VVS2,1.38,IGI,3435.0
1906,Jane Brear,2,Pear,1,2,0,7.89,2382.0,1191.0,2346.0,-36.0,2417.1155,15.0,15.0,Very Good,I,SI1,2.0,IGI,3970.0
1909,Albert's Creations,2,Round,1,1,0,10.98,715.0,655.96,704.0,-60.0,1278.028,18.0,18.0,Super Ideal,E,VS1,1.09,IGI,2550.0
1909,CV Diamonds,2,Round,1,1,0,12.34,718.0,658.72,707.0,-60.0,1280.1379,18.0,18.0,Super Ideal,E,VS1,1.09,IGI,2550.0
1909,Camden Gems,2,Round,1,1,0,11.42,702.0,644.04,691.0,-61.0,1275.2386,18.0,18.0,Super Ideal,E,VS1,1.09,IGI,2550.0
1909,Cascade Diamonds,2,Round,1,1,0,18.69,709.0,650.46,698.0,-60.0,1274.3403,18.0,18.0,Super Ideal,E,VS1,1.09,IGI,2550.0
1909,Cirrus Gems,2,Round,2,1,0,22.89,704.56,646.39,694.0,-59.0,1220.3572,18.0,18.0,Super Ideal,E,VS1,1.09,IGI,2550.0
1909,Clermont Diamonds,2,Round,1,1,0,12.55,711.0,652.29,700.0,-60.0,1278.4406,18.0,18.0,Super Ideal,E,VS1,1.09,IGI,2550.0
1909,Eternity Fine Jewelers,2,Round,1,1,0,20.5,716.4,657.25,706.0,-60.0,1267.3009,18.0,18.0,Super Ideal,E,VS1,1.09,IGI,2550.0
1909,Fabiola,2,Round,1,1,0,14.92,704.0,645.87,693.0,-61.0,1277.3148,18.0,18.0,Super Ideal,E,VS1,1.09,IGI,2550.0
1909,Hoseki,2,Round,1,1,0,18.9,721.38,661.82,711.0,-59.0,1263.9504,18.0,18.0,Super Ideal,E,VS1,1.09,IGI,2550.0
1909,Iris Diamonds,2,Round,1,1,0,93.25,702.0,644.04,691.0,-61.0,1286.7059,18.0,18.0,Super Ideal,E,VS1,1.09,IGI,2550.0
1909,Jane Brear,2,Round,1,1,0,16.77,717.11,657.9,706.0,-60.0,1279.4279,18.0,18.0,Super Ideal,E,VS1,1.09,IGI,2550.0
1909,Marble Arch,2,Round,1,1,0,16.23,709.0,650.46,698.0,-61.0,1299.9718,18.0,18.0,Super Ideal,E,VS1,1.09,IGI,2550.0
1909,Marlene Crafts,2,Round,1,1,0,14.27,705.0,646.79,694.0,-60.0,1268.2251,18.0,18.0,Super Ideal,E,VS1,1.09,IGI,2550.0
1909,Marlowe & Co,2,Round,1,1,0,12.93,725.0,665.14,714.0,-59.0,1279.3917,18.0,18.0,Super Ideal,E,VS1,1.09,IGI,2550.0
1909,Mei & Co,2,Round,1,1,0,14.2,702.0,644.04,691.0,-61.0,1303.9208,18.0,18.0,Super Ideal,E,VS1,1.09,IGI,2550.0
1909,Michelle Kennedy,2,Round,1,1,0,22.27,719.0,659.63,708.0,-60.0,1282.1382,18.0,18.0,Super Ideal,E,VS1,1.09,IGI,2550.0
1909,N. B. Diamonds,2,Round,1,1,0,11.54,712.0,653.21,701.0,-60.0,1280.23,18.0,18.0,Super Ideal,E,VS1,1.09,IGI,2550.0
1909,Nebula Stones,2,Round,1,1,0,19.42,721.38,661.82,711.0,-58.0,1235.4,18.0,18.0,Super Ideal,E,VS1,1.09,IGI,2550.0
1909,Nova Stars,2,Round,1,1,0,14.69,699.0,641.28,689.0,-61.0,1288.7006,18.0,18.0,Super Ideal,E,VS1,1.09,IGI,2550.0
1909,Riviera Jewels,2,Round,1,1,0,13.5,704.0,645.87,693.0,-61.0,1281.0052,18.0,18.0,Super Ideal,E,VS1,1.09,IGI,2550.0
1909,Rosella,2,Round,1,1,0,14.93,708.0,649.54,697.0,-60.0,1266.717,18.0,18.0,Super Ideal,E,VS1,1.09,IGI,2550.0
1909,Serenade Diamonds,2,Round,1,1,0,11.32,706.0,647.71,695.0,-60.0,1271.7179,18.0,18.0,Super Ideal,E,VS1,1.09,IGI,2550.0
1909,Silva Diamonds,2,Round,1,1,0,13.82,702.0,644.04,691.0,-61.0,1287.3171,18.0,18.0,Super Ideal,E,VS1,1.09,IGI,2550.0
1909,Starlight Crafts,2,Round,1,1,0,10.69,700.0,642.2,690.0,-61.0,1271.9041,18.0,18.0,Super Ideal,E,VS1,1.09,IGI,2550.0
1909,Taiga Gems,2,Round,1,1,0,12.89,726.0,666.06,715.0,-59.0,1283.3632,18.0,18.0,Super Ideal,E,VS1,1.09,IGI,2550.0
1909,Tamara,2,Round,1,1,0,14.94,716.0,656.88,705.0,-60.0,1267.437,18.0,18.0,Super Ideal,E,VS1,1.09,IGI,2550.0
1909,Temperley,2,Round,1,1,0,19.97,719.0,659.63,708.0,-60.0,1293.5294,18.0,18.0,Super Ideal,E,VS1,1.09,IGI,2550.0
1909,Thalassa Gems,2,Round,1,1,0,19.68,703.0,644.95,692.0,-60.0,1261.6615,18.0,18.0,Super Ideal,E,VS1,1.09,IGI,2550.0
1909,The Diamond Source,2,Round,1,1,0,14.05,711.0,652.29,700.0,-61.0,1297.5669,18.0,18.0,Super Ideal,E,VS1,1.09,IGI,2550.0
1909,Tilia Diamonds,2,Round,1,1,0,19.72,714.0,655.05,703.0,-60.0,1281.0437,18.0,18.0,Super Ideal,E,VS1,1.09,IGI,2550.0
1909,Vega Diamonds,2,Round,1,1,0,14.2,686.0,629.36,676.0,-62.0,1294.0298,18.0,18.0,Super Ideal,E,VS1,1.09,IGI,2550.0
1909,Vespera Gems,2,Round,1,1,0,11.37,704.0,645.87,693.0,-61.0,1277.3148,18.0,18.0,Super Ideal,E,VS1,1.09,IGI,2550.0
1909,White Lily,2,Round,1,1,0,21.23,719.0,659.63,708.0,-60.0,1280.6085,18.0,18.0,Super Ideal,E,VS1,1.09,IGI,2550.0
1910,White Lily,2,Round,1,1,0,11.39,635.0,566.96,625.0,-59.0,1106.9119,18.0,18.0,Super Ideal,H,SI1,1.12,IGI,1696.67
1912,Fuji Diamonds,2,Emerald,1,1,0,19.91,794.0,778.43,782.0,-63.0,1362.0067,13.0,15.0,Very Good,E,VS2,1.02,IGI,2150.0
1912,Serene Peaks Diamonds,2,Emerald,1,1,0,13.0,795.0,779.41,783.0,-64.0,1428.6216,14.0,15.0,Very Good,E,VS2,1.02,IGI,2150.0
1912,White Lily,2,Emerald,1,1,0,11.76,813.0,797.06,801.0,-61.0,1356.004,14.0,15.0,Very Good,E,VS2,1.02,IGI,2150.0
1913,Cirrus Gems,2,Round,2,1,0,18.48,752.82,672.16,742.0,-56.0,1213.5977,18.0,18.0,Super Ideal,H,VVS2,1.12,IGI,2212.5
1913,Marble Arch,2,Round,1,1,0,15.31,745.0,665.18,734.0,-58.0,1256.098,18.0,18.0,Super Ideal,H,VVS2,1.12,IGI,2212.5
1914,Oasis Diamonds,2,Round,1,1,0,14.17,1561.16,765.27,1538.0,-54.0,2432.9707,18.0,18.0,Ideal,I,VS2,2.04,IGI,4825.0
1916,Jane Brear,2,Oval,1,1,0,13.64,1965.12,1091.73,1936.0,-61.0,3401.8518,15.0,15.0,Super Ideal,G,VS1,1.8,IGI,5550.0
1916,Michelle Kennedy,2,Oval,1,1,0,16.3,1887.0,1048.33,1859.0,-63.0,3430.5947,15.0,15.0,Super Ideal,G,VS1,1.8,IGI,5550.0
1916,Nebula Stones,2,Oval,1,1,0,16.65,1887.0,1048.33,1859.0,-62.0,3332.3975,15.0,15.0,Super Ideal,G,VS1,1.8,IGI,5550.0
1916,Taiga Gems,2,Oval,1,1,0,15.88,1852.0,1028.89,1824.0,-63.0,3367.3188,15.0,15.0,Super Ideal,G,VS1,1.8,IGI,5550.0
1916,Temperley,2,Oval,1,1,0,17.79,1965.0,1091.67,1936.0,-61.0,3401.3538,15.0,15.0,Super Ideal,G,VS1,1.8,IGI,5550.0
1917,Eternity Fine Jewelers,2,Round,1,1,0,12.08,773.0,678.07,761.0,-65.0,1592.0768,18.0,18.0,Super Ideal,D,VS2,1.14,IGI,2690.0
1917,Fabiola,2,Round,1,1,0,11.86,774.11,679.04,762.0,-65.0,1591.3384,18.0,18.0,Super Ideal,D,VS2,1.14,IGI,2690.0
1917,Hoseki,2,Round,1,1,0,12.25,778.0,682.46,766.0,-65.0,1594.9841,18.0,18.0,Super Ideal,D,VS2,1.14,IGI,2690.0
1917,Infinity Diamonds,2,Round,1,1,0,15.27,781.0,685.09,769.0,-64.0,1560.2456,18.0,18.0,Super Ideal,D,VS2,1.14,IGI,2690.0
1917,Jane Brear,2,Round,1,1,0,12.29,790.0,692.98,778.0,-66.0,1650.0194,18.0,18.0,Super Ideal,D,VS2,1.14,IGI,2690.0
1917,Magnolia,2,Round,1,1,0,15.86,763.0,669.3,752.0,-65.0,1550.9799,18.0,18.0,Super Ideal,D,VS2,1.14,IGI,2690.0
1917,Mei & Co,2,Round,1,1,0,11.1,768.14,673.81,757.0,-66.0,1604.1948,18.0,18.0,Super Ideal,D,VS2,1.14,IGI,2690.0
1917,Michelle Kennedy,2,Round,1,1,0,13.35,792.39,695.08,781.0,-64.0,1583.656,18.0,18.0,Super Ideal,D,VS2,1.14,IGI,2690.0
1917,Roma Diamonds,2,Round,1,1,0,14.19,771.0,676.32,759.0,-65.0,1590.5645,18.0,18.0,Super Ideal,D,VS2,1.14,IGI,2690.0
1917,Silva Diamonds,2,Round,1,1,0,12.6,760.0,666.67,749.0,-66.0,1597.9844,18.0,18.0,Super Ideal,D,VS2,1.14,IGI,2690.0
1917,Temperley,2,Round,1,2,0,15.47,795.0,697.37,783.0,-65.0,1615.8281,18.0,18.0,Super Ideal,D,VS2,1.14,IGI,2690.0
1917,White Lily,2,Round,1,1,0,13.98,832.82,730.54,820.0,-62.0,1583.7581,18.0,18.0,Super Ideal,D,VS2,1.14,IGI,2690.0
1918,Rosella,2,Princess,1,1,0,13.38,2785.0,1332.54,2743.0,-65.0,5102.6353,15.0,15.0,Super Ideal,F,VVS1,2.09,IGI,8850.0
1920,Cirrus Gems,2,Round,1,1,0,19.78,1812.55,901.77,1785.0,-56.0,2970.1511,17.0,18.0,Ideal,H,VS1,2.01,IGI,6336.67
1920,Clermont Diamonds,2,Round,1,1,0,11.27,1796.0,893.53,1769.0,-56.0,2890.324,18.0,18.0,Ideal,H,VS1,2.01,IGI,6336.67
1920,Jane Brear,2,Round,1,1,0,19.5,1840.0,915.42,1812.0,-56.0,2974.0291,18.0,18.0,Ideal,H,VS1,2.01,IGI,6336.67
1920,Mei & Co,2,Round,1,1,0,14.22,1779.0,885.07,1752.0,-57.0,2945.7468,18.0,18.0,Ideal,H,VS1,2.01,IGI,6336.67
1920,Michelle Kennedy,2,Round,1,1,0,16.82,1840.0,915.42,1812.0,-56.0,2987.678,17.0,18.0,Ideal,H,VS1,2.01,IGI,6336.67
1920,Roma Diamonds,2,Round,1,1,0,11.78,1808.0,899.5,1781.0,-58.0,3086.9844,18.0,18.0,Ideal,H,VS1,2.01,IGI,6336.67
1920,Serene Peaks Diamonds,2,Round,1,1,0,13.87,1843.0,916.92,1815.0,-57.0,3054.7893,18.0,18.0,Ideal,H,VS1,2.01,IGI,6336.67
1920,Serenity Stones,2,Round,1,1,0,16.35,1836.0,913.43,1808.0,-56.0,2971.3035,18.0,18.0,Ideal,H,VS1,2.01,IGI,6336.67
1920,Taiga Gems,2,Round,1,1,0,22.84,1780.0,885.57,1753.0,-57.0,2974.0305,18.0,18.0,Ideal,H,VS1,2.01,IGI,6336.67
1920,Temperley,2,Round,1,1,0,19.28,1828.0,909.45,1801.0,-56.0,2950.7283,18.0,18.0,Ideal,H,VS1,2.01,IGI,6336.67
1920,White Lily,2,Round,1,1,0,94.24,1834.0,912.44,1806.0,-55.0,2916.1045,18.0,18.0,Ideal,H,VS1,2.01,IGI,6336.67
1923,CV Diamonds,2,Princess,1,1,0,12.71,1860.0,1231.79,1832.0,-63.0,3185.0879,15.0,15.0,Super Ideal,E,VVS2,1.51,IGI,5510.0
1923,Ember Star,2,Princess,1,1,0,14.36,1812.0,1200.0,1785.0,-63.0,3148.0242,15.0,15.0,Super Ideal,E,VVS2,1.51,IGI,5510.0
1923,Eterna Luxe,2,Princess,1,1,0,10.77,1875.0,1241.72,1847.0,-63.0,3216.9189,15.0,15.0,Super Ideal,E,VVS2,1.51,IGI,5510.0
1923,Eternity Fine Jewelers,2,Princess,1,1,0,13.06,1868.0,1237.09,1840.0,-63.0,3205.7314,15.0,15.0,Super Ideal,E,VVS2,1.51,IGI,5510.0
1923,Fuji Diamonds,2,Princess,1,1,0,15.62,1860.81,1232.32,1833.0,-64.0,3261.863,15.0,15.0,Super Ideal,E,VVS2,1.51,IGI,5510.0
1923,Hoseki,2,Princess,1,1,0,11.02,1886.52,1249.35,1858.0,-62.0,3148.0242,15.0,15.0,Super Ideal,E,VVS2,1.51,IGI,5510.0
1923,Infinity Diamonds,2,Princess,1,1,0,19.67,1870.0,1238.41,1842.0,-65.0,3376.5415,15.0,15.0,Super Ideal,E,VVS2,1.51,IGI,5510.0
1923,Jane Brear,2,Princess,1,1,0,17.81,1886.0,1249.01,1858.0,-62.0,3179.4854,15.0,15.0,Super Ideal,E,VVS2,1.51,IGI,5510.0
1923,KIYO,2,Princess,1,1,0,14.74,1812.55,1200.36,1785.0,-64.0,3232.7517,15.0,15.0,Super Ideal,E,VVS2,1.51,IGI,5510.0
1923,Lotus Creation,2,Princess,1,1,0,16.54,1847.0,1223.18,1819.0,-65.0,3376.5415,15.0,15.0,Super Ideal,E,VVS2,1.51,IGI,5510.0
1923,Marlowe & Co,2,Princess,1,1,0,16.04,1887.0,1249.67,1859.0,-62.0,3191.8765,15.0,15.0,Super Ideal,E,VVS2,1.51,IGI,5510.0
1923,Mei & Co,2,Princess,1,1,0,12.63,1869.6,1238.15,1842.0,-63.0,3207.8523,15.0,15.0,Super Ideal,E,VVS2,1.51,IGI,5510.0
1923,Michelle Kennedy,2,Princess,1,1,0,11.05,1872.0,1239.74,1844.0,-62.0,3148.0242,15.0,15.0,Super Ideal,E,VVS2,1.51,IGI,5510.0
1923,Periwinkle Stones,2,Princess,1,1,0,10.7,1924.33,1274.39,1895.0,-62.0,3217.3555,15.0,15.0,Super Ideal,E,VVS2,1.51,IGI,5510.0
1923,Riviera Jewels,2,Princess,1,1,0,11.31,1882.0,1246.36,1854.0,-63.0,3225.9197,15.0,15.0,Super Ideal,E,VVS2,1.51,IGI,5510.0
1923,Roma Diamonds,2,Princess,1,1,0,41.38,1868.0,1237.09,1840.0,-63.0,3223.6768,15.0,15.0,Super Ideal,E,VVS2,1.51,IGI,5510.0
1923,Rosella,2,Princess,1,1,0,10.53,1792.0,1186.75,1765.0,-64.0,3174.1887,15.0,15.0,Super Ideal,E,VVS2,1.51,IGI,5510.0
1923,Sigma Diamonds,2,Princess,1,1,0,16.01,1863.0,1233.77,1835.0,-63.0,3158.5103,15.0,15.0,Super Ideal,E,VVS2,1.51,IGI,5510.0
1923,Starlight Crafts,2,Princess,1,1,0,11.94,1835.0,1215.23,1807.0,-63.0,3179.4854,15.0,15.0,Super Ideal,E,VVS2,1.51,IGI,5510.0
1923,Taiga Gems,2,Princess,1,1,0,14.79,1879.0,1244.37,1851.0,-63.0,3255.8394,15.0,15.0,Super Ideal,E,VVS2,1.51,IGI,5510.0
1923,Temperley,2,Princess,1,1,0,12.19,1880.0,1245.03,1852.0,-62.0,3148.0242,15.0,15.0,Super Ideal,E,VVS2,1.51,IGI,5510.0
1923,Thalassa Gems,2,Princess,2,2,0,10.88,1835.0,1215.23,1807.0,-64.0,3213.4268,15.0,15.0,Super Ideal,E,VVS2,1.51,IGI,5510.0
1923,Vega Diamonds,2,Princess,1,1,0,15.99,1797.0,1190.07,1770.0,-64.0,3185.0879,15.0,15.0,Super Ideal,E,VVS2,1.51,IGI,5510.0
1923,Vespera Gems,2,Princess,1,1,0,15.76,1825.1,1208.68,1798.0,-64.0,3217.3555,15.0,15.0,Super Ideal,E,VVS2,1.51,IGI,5510.0
1923,White Lily,2,Princess,1,1,0,14.4,1872.0,1239.74,1844.0,-63.0,3205.4553,15.0,15.0,Super Ideal,E,VVS2,1.51,IGI,5510.0
1930,Roma Diamonds,2,Round,1,1,0,36.14,1092.0,1011.11,1076.0,-40.0,1312.1472,18.0,18.0,Super Ideal,H,VVS1,1.08,IGI,2390.0
1931,Jane Brear,2,Radiant,1,1,0,19.37,366.76,421.56,361.0,-65.0,681.3478,15.0,15.0,Super Ideal,F,VS1,0.87,IGI,1410.0
1931,Michelle Kennedy,2,Radiant,1,1,0,16.06,367.0,421.84,361.0,-66.0,702.7672,15.0,15.0,Super Ideal,F,VS1,0.87,IGI,1410.0
1931,Promenade Jewelry,2,Radiant,1,1,0,21.66,336.0,386.21,331.0,-70.0,726.0708,15.0,15.0,Super Ideal,F,VS1,0.87,IGI,1410.0
1931,Vega Diamonds,2,Radiant,1,1,0,13.26,350.0,402.3,345.0,-66.0,668.4301,15.0,15.0,Super Ideal,F,VS1,0.87,IGI,1410.0
1931,White Lily,2,Radiant,1,1,0,16.03,367.0,421.84,361.0,-65.0,679.2439,15.0,15.0,Super Ideal,F,VS1,0.87,IGI,1410.0
1933,Mei & Co,2,Round,1,1,0,14.18,1793.0,878.92,1766.0,-51.0,2598.5498,18.0,18.0,Super Ideal,H,VS2,2.04,IGI,5960.0
1933,Michelle Kennedy,2,Round,1,1,0,17.35,1831.0,897.55,1804.0,-50.0,2626.2756,18.0,18.0,Super Ideal,H,VS2,2.04,IGI,5960.0
1933,Temperley,2,Round,1,1,0,12.33,1896.0,929.41,1868.0,-45.0,2468.6169,18.0,18.0,Super Ideal,H,VS2,2.04,IGI,5960.0
1933,White Lily,2,Round,1,1,0,13.46,1896.0,929.41,1868.0,-45.0,2461.3499,18.0,18.0,Super Ideal,H,VS2,2.04,IGI,5960.0
1941,Avignon Diamonds,2,Oval,1,1,0,17.83,2729.44,1293.57,2688.0,-61.0,4722.7324,15.0,15.0,Super Ideal,F,VVS2,2.11,IGI,8240.0
1941,Pegasus Diamonds,2,Oval,1,1,0,14.55,2847.0,1349.29,2804.0,-59.0,4706.4155,15.0,15.0,Super Ideal,F,VVS2,2.11,IGI,8240.0
1941,Periwinkle Stones,2,Oval,1,1,0,14.26,2765.0,1310.43,2724.0,-61.0,4789.8564,15.0,15.0,Super Ideal,F,VVS2,2.11,IGI,8240.0
1942,Jane Brear,2,Round,1,1,0,14.06,672.0,628.04,662.0,-60.0,1189.4203,18.0,18.0,Super Ideal,G,VS2,1.07,IGI,2050.0
1945,Michelle Kennedy,2,Round,1,1,0,15.59,3104.4,1464.34,3058.0,-16.0,2644.6094,18.0,18.0,Ideal,J,VS1,2.12,IGI,4160.0
1945,White Lily,2,Round,1,1,0,15.44,3104.4,1464.34,3058.0,-15.0,2611.0251,18.0,18.0,Ideal,J,VS1,2.12,IGI,4160.0
1947,CV Diamonds,2,Round,1,1,0,62.45,1683.0,816.99,1658.0,-60.0,2996.0332,18.0,18.0,Super Ideal,G,SI1,2.06,IGI,5993.33
1947,Roma Diamonds,2,Round,1,1,0,36.02,2083.0,1011.17,2052.0,-51.0,3064.4148,18.0,18.0,Super Ideal,G,SI1,2.06,IGI,5993.33
1947,White Lily,2,Round,1,1,0,10.24,1666.0,808.74,1641.0,-60.0,3013.8596,18.0,18.0,Super Ideal,G,SI1,2.06,IGI,5993.33
1948,Jane Brear,2,Round,1,1,0,11.52,678.0,639.62,668.0,-61.0,1254.3676,18.0,18.0,Super Ideal,F,VS2,1.06,IGI,2050.0
1948,Meridian Crafts,2,Round,1,1,0,13.12,669.0,631.13,659.0,-62.0,1270.6864,18.0,18.0,Super Ideal,F,VS2,1.06,IGI,2050.0
1948,Nova Stars,2,Round,1,1,0,13.21,656.0,618.87,646.0,-64.0,1287.5385,18.0,18.0,Super Ideal,F,VS2,1.06,IGI,2050.0
1948,Taiga Gems,2,Round,1,1,0,11.73,680.0,641.51,670.0,-60.0,1218.8219,18.0,18.0,Super Ideal,F,VS2,1.06,IGI,2050.0
1948,Temperley,2,Round,1,1,0,10.11,691.0,651.89,681.0,-61.0,1283.9196,18.0,18.0,Super Ideal,F,VS2,1.06,IGI,2050.0
1948,Thalassa Gems,2,Round,1,1,0,12.16,665.0,627.36,655.0,-61.0,1220.3679,18.0,18.0,Super Ideal,F,VS2,1.06,IGI,2050.0
1948,White Lily,2,Round,1,1,0,11.85,694.0,654.72,684.0,-60.0,1248.4922,18.0,18.0,Super Ideal,F,VS2,1.06,IGI,2050.0
1952,Diamonds by Zoya,2,Pear,2,2,0,88.29,373.0,532.86,367.0,-57.0,567.232,15.0,15.0,Super Ideal,D,VS1,0.7,IGI,1300.0
1952,Eternal Flame,2,Pear,1,2,0,11.5,380.0,542.86,374.0,-59.0,601.5942,15.0,15.0,Super Ideal,D,VS1,0.7,IGI,1300.0
1952,Hoseki,2,Pear,1,2,0,17.82,380.0,542.86,374.0,-59.0,596.026,15.0,15.0,Super Ideal,D,VS1,0.7,IGI,1300.0
1952,Jane Brear,2,Pear,1,1,0,14.66,410.19,585.99,404.0,-57.0,613.8021,15.0,15.0,Super Ideal,D,VS1,0.7,IGI,1300.0
1952,Promenade Jewelry,2,Pear,2,1,0,12.57,359.0,512.86,354.0,-61.0,596.026,15.0,15.0,Super Ideal,D,VS1,0.7,IGI,1300.0
1952,Temperley,2,Pear,1,1,0,14.06,400.0,571.43,394.0,-54.0,568.5327,15.0,15.0,Super Ideal,D,VS1,0.7,IGI,1300.0
1952,White Lily,2,Pear,1,2,0,11.75,389.0,555.71,383.0,-54.0,546.9285,15.0,15.0,Super Ideal,D,VS1,0.7,IGI,1300.0
1955,Oasis Diamonds,2,Pear,1,1,0,13.96,623.86,599.87,615.0,-60.0,1009.3829,14.0,15.0,Very Good,I,VS2,1.04,IGI,1810.0
1955,Taiga Gems,2,Pear,1,1,0,12.91,642.77,618.05,633.0,-59.0,1026.6042,15.0,15.0,Very Good,I,VS2,1.04,IGI,1810.0
1961,Temperley,2,Round,1,1,0,9.56,1325.0,736.11,1305.0,-51.0,1953.1522,18.0,18.0,Ideal,J,VS2,1.8,IGI,2927.0
1961,White Lily,2,Round,1,1,0,7.98,1325.0,736.11,1305.0,-52.0,1967.0327,18.0,18.0,Ideal,J,VS2,1.8,IGI,2927.0
1962,Jane Brear,2,Round,1,1,0,18.16,777.0,642.15,765.0,-56.0,1268.4589,18.0,18.0,Ideal,J,VS2,1.21,IGI,1776.67
1969,Fabiola,2,Round,1,1,0,13.33,1133.0,878.29,1116.0,-59.0,1992.4508,18.0,18.0,Super Ideal,F,VVS1,1.29,IGI,4010.0
1969,Jane Brear,2,Round,1,1,0,11.39,1151.0,892.25,1134.0,-59.0,1996.7501,18.0,18.0,Super Ideal,F,VVS1,1.29,IGI,4010.0
1969,Rosella,2,Round,1,1,0,14.55,1112.0,862.02,1095.0,-61.0,2031.2847,18.0,18.0,Super Ideal,F,VVS1,1.29,IGI,4010.0
1969,Silva Diamonds,2,Round,1,1,0,14.7,1112.0,862.02,1095.0,-62.0,2071.6875,18.0,18.0,Super Ideal,F,VVS1,1.29,IGI,4010.0
1969,Simetría,2,Round,1,1,0,92.65,1115.0,864.34,1098.0,-59.0,1966.9681,18.0,18.0,Super Ideal,F,VVS1,1.29,IGI,4010.0
1971,55 E Diamonds,2,Round,1,1,0,21.88,825.0,693.28,813.0,-65.0,1678.8606,18.0,18.0,Super Ideal,D,VS1,1.19,IGI,3100.0
1971,Albert's Creations,2,Round,1,1,0,11.81,802.0,673.95,790.0,-65.0,1663.7594,18.0,18.0,Super Ideal,D,VS1,1.19,IGI,3100.0
1971,Bayside Gems,2,Round,1,1,0,13.1,806.0,677.31,794.0,-65.0,1639.502,18.0,18.0,Super Ideal,D,VS1,1.19,IGI,3100.0
1971,Ember Star,2,Round,1,1,0,11.18,803.96,675.6,792.0,-65.0,1664.7272,18.0,18.0,Super Ideal,D,VS1,1.19,IGI,3100.0
1971,Emilia Sterling,2,Round,1,1,0,13.67,790.0,663.87,778.0,-65.0,1603.9423,18.0,18.0,Super Ideal,D,VS1,1.19,IGI,3100.0
1971,Eternity Fine Jewelers,2,Round,1,1,0,12.38,809.0,679.83,797.0,-64.0,1622.2219,18.0,18.0,Super Ideal,D,VS1,1.19,IGI,3100.0
1971,Iris Diamonds,2,Round,1,1,0,11.87,803.96,675.6,792.0,-65.0,1651.8809,18.0,18.0,Super Ideal,D,VS1,1.19,IGI,3100.0
1971,Jane Brear,2,Round,1,1,0,11.74,849.0,713.45,836.0,-63.0,1643.0601,18.0,18.0,Super Ideal,D,VS1,1.19,IGI,3100.0
1971,Knox Diamonds,2,Round,1,1,0,16.64,793.0,666.39,781.0,-65.0,1609.2673,18.0,18.0,Super Ideal,D,VS1,1.19,IGI,3100.0
1971,Magnolia,2,Round,1,1,0,11.87,796.0,668.91,784.0,-64.0,1597.4097,18.0,18.0,Super Ideal,D,VS1,1.19,IGI,3100.0
1971,Marlowe & Co,2,Round,1,1,0,14.15,820.0,689.08,808.0,-65.0,1665.4136,18.0,18.0,Super Ideal,D,VS1,1.19,IGI,3100.0
1971,Meridian Crafts,2,Round,1,1,0,14.95,795.0,668.07,783.0,-67.0,1699.5082,18.0,18.0,Super Ideal,D,VS1,1.19,IGI,3100.0
1971,Michelle Kennedy,2,Round,1,1,0,12.27,849.0,713.45,836.0,-63.0,1652.3025,18.0,18.0,Super Ideal,D,VS1,1.19,IGI,3100.0
1971,Oasis Diamonds,2,Round,1,1,0,13.08,853.71,717.4,841.0,-63.0,1642.014,18.0,18.0,Super Ideal,D,VS1,1.19,IGI,3100.0
1971,Riviera Jewels,2,Round,1,1,0,14.08,806.94,678.1,795.0,-65.0,1652.5076,18.0,18.0,Super Ideal,D,VS1,1.19,IGI,3100.0
1971,Roma Diamonds,2,Round,1,1,0,52.29,807.0,678.15,795.0,-65.0,1660.7217,18.0,18.0,Super Ideal,D,VS1,1.19,IGI,3100.0
1971,Silva Diamonds,2,Round,1,1,0,12.36,796.0,668.91,784.0,-66.0,1667.0638,18.0,18.0,Super Ideal,D,VS1,1.19,IGI,3100.0
1971,Simetría,2,Round,1,1,0,13.92,809.93,680.61,798.0,-65.0,1653.8945,18.0,18.0,Super Ideal,D,VS1,1.19,IGI,3100.0
1971,Starlight Crafts,2,Round,1,1,0,10.8,793.0,666.39,781.0,-65.0,1628.2772,18.0,18.0,Super Ideal,D,VS1,1.19,IGI,3100.0
1971,Tamara,2,Round,1,1,0,12.07,817.0,686.55,805.0,-65.0,1660.2562,18.0,18.0,Super Ideal,D,VS1,1.19,IGI,3100.0
1971,Temperley,2,Round,1,1,0,12.12,819.0,688.24,807.0,-65.0,1686.2302,18.0,18.0,Super Ideal,D,VS1,1.19,IGI,3100.0
1971,Tilia Diamonds,2,Round,1,1,0,13.66,808.0,678.99,796.0,-66.0,1685.5206,18.0,18.0,Super Ideal,D,VS1,1.19,IGI,3100.0
1971,Vega Diamonds,2,Round,1,1,0,16.3,778.0,653.78,766.0,-67.0,1666.3336,18.0,18.0,Super Ideal,D,VS1,1.19,IGI,3100.0
1971,White Lily,2,Round,1,1,0,11.86,849.0,713.45,836.0,-64.0,1672.7288,18.0,18.0,Super Ideal,D,VS1,1.19,IGI,3100.0
1978,Hoseki,2,Round,1,1,0,12.05,344.0,688.0,339.0,-54.0,537.4596,18.0,18.0,Ideal,D,VS1,0.5,IGI,778.82
1978,Iris Diamonds,2,Round,1,1,0,44.36,309.0,618.0,304.0,-60.0,554.1228,18.0,18.0,Ideal,D,VS1,0.5,IGI,778.82
1978,Jane Brear,2,Round,1,1,0,10.68,347.0,694.0,342.0,-54.0,542.5558,18.0,18.0,Ideal,D,VS1,0.5,IGI,778.82
1978,Knox Diamonds,2,Round,1,1,0,14.66,309.0,618.0,304.0,-59.0,541.4359,18.0,18.0,Ideal,D,VS1,0.5,IGI,778.82
1978,Marlowe & Co,2,Round,1,1,0,23.64,354.22,708.44,349.0,-54.0,550.0069,18.0,18.0,Ideal,D,VS1,0.5,IGI,778.82
1978,Michelle Kennedy,2,Round,1,1,0,14.9,352.0,704.0,347.0,-53.0,538.3672,18.0,18.0,Ideal,D,VS1,0.5,IGI,778.82
1978,Temperley,2,Round,1,1,0,82.71,356.0,712.0,351.0,-52.0,534.3323,18.0,18.0,Ideal,D,VS1,0.5,IGI,778.82
1978,Thalassa Gems,2,Round,2,2,0,15.58,309.0,618.0,304.0,-58.0,533.0352,18.0,18.0,Ideal,D,VS1,0.5,IGI,778.82
1978,White Lily,2,Round,1,1,0,23.47,349.24,698.48,344.0,-51.0,506.9407,18.0,18.0,Ideal,D,VS1,0.5,IGI,778.82
1981,White Lily,2,Round,1,1,0,15.06,2193.0,1191.85,2160.0,-25.0,2083.8313,18.0,18.0,Ideal,I,SI1,1.84,IGI,3500.0
1982,Clermont Diamonds,2,Round,1,1,0,14.04,1199.0,799.33,1181.0,-58.0,2058.8921,18.0,18.0,Super Ideal,H,VS1,1.5,IGI,3670.0
1982,Jane Brear,2,Round,1,1,0,19.44,1215.0,810.0,1197.0,-58.0,2047.5885,18.0,18.0,Super Ideal,H,VS1,1.5,IGI,3670.0
1982,Serene Peaks Diamonds,2,Round,1,1,0,16.69,1241.76,827.84,1223.0,-55.0,1982.342,18.0,18.0,Super Ideal,H,VS1,1.5,IGI,3670.0
1982,White Lily,2,Round,1,1,0,12.04,1201.0,800.67,1183.0,-57.0,2011.5364,18.0,18.0,Super Ideal,H,VS1,1.5,IGI,3670.0
1986,Jane Brear,2,Round,1,1,0,12.69,870.0,719.01,857.0,-54.0,1350.3589,18.0,18.0,Ideal,H,VS2,1.21,IGI,2540.0
1986,Michelle Kennedy,2,Round,1,1,0,13.42,817.0,675.21,805.0,-58.0,1381.5824,18.0,18.0,Ideal,H,VS2,1.21,IGI,2540.0
1986,Taiga Gems,2,Round,1,1,0,12.84,785.06,648.81,773.0,-59.0,1367.8041,18.0,18.0,Ideal,H,VS2,1.21,IGI,2540.0
1999,CV Diamonds,2,Round,1,1,0,15.79,2284.0,1047.71,2250.0,-59.0,4002.6631,18.0,18.0,Super Ideal,F,VS1,2.18,IGI,8794.29
1999,Eterna Luxe,2,Round,1,1,0,13.99,2284.0,1047.71,2250.0,-60.0,4110.854,18.0,18.0,Super Ideal,F,VS1,2.18,IGI,8794.29
1999,Jane Brear,2,Round,1,1,0,18.33,2301.44,1055.71,2267.0,-61.0,4171.7173,18.0,18.0,Super Ideal,F,VS1,2.18,IGI,8794.29
1999,Marlowe & Co,2,Round,1,1,0,15.43,2331.0,1069.27,2296.0,-59.0,4033.4194,18.0,18.0,Super Ideal,F,VS1,2.18,IGI,8794.29
1999,Michelle Kennedy,2,Round,1,1,0,14.69,2341.0,1073.85,2306.0,-58.0,4002.0457,18.0,18.0,Super Ideal,F,VS1,2.18,IGI,8794.29
1999,Sigma Diamonds,2,Round,1,1,0,13.63,2301.44,1055.71,2267.0,-59.0,4045.55,18.0,18.0,Super Ideal,F,VS1,2.18,IGI,8794.29
1999,Temperley,2,Round,1,1,0,16.77,2294.0,1052.29,2260.0,-60.0,4097.2637,18.0,18.0,Super Ideal,F,VS1,2.18,IGI,8794.29
1999,White Lily,2,Round,1,1,0,13.62,2315.0,1061.93,2280.0,-59.0,4029.2251,18.0,18.0,Super Ideal,F,VS1,2.18,IGI,8794.29
2000,Cirrus Gems,2,Princess,1,1,0,18.5,851.0,851.0,838.0,-64.0,1513.3795,15.0,15.0,Super Ideal,G,VVS2,1.0,IGI,2160.0
2000,Jane Brear,2,Princess,1,1,0,16.73,878.58,878.58,865.0,-66.0,1640.7883,15.0,15.0,Super Ideal,G,VVS2,1.0,IGI,2160.0
2000,Kasai,2,Princess,1,2,0,13.74,887.0,887.0,874.0,-62.0,1498.0107,15.0,15.0,Super Ideal,G,VVS2,1.0,IGI,2160.0
2000,Michelle Kennedy,2,Princess,1,1,0,16.05,994.0,994.0,979.0,-57.0,1480.5692,15.0,15.0,Super Ideal,G,VVS2,1.0,IGI,2160.0
2000,Temperley,2,Princess,1,1,0,16.67,915.4,915.4,902.0,-61.0,1502.4802,15.0,15.0,Super Ideal,G,VVS2,1.0,IGI,2160.0
2003,Cornerstone,2,Emerald,2,2,0,11.99,461.0,591.03,454.0,-60.0,746.8395,14.0,15.0,Very Good,D,VVS2,0.78,IGI,1510.0
2003,Temperley,2,Emerald,2,2,0,13.97,450.0,576.92,443.0,-60.0,717.0654,14.0,15.0,Very Good,D,VVS2,0.78,IGI,1510.0
2005,Clermont Diamonds,2,Emerald,1,1,0,12.61,2899.0,1400.48,2856.0,-63.0,4975.0698,14.0,15.0,Very Good,E,VVS2,2.07,IGI,8800.0
2005,Michelle Kennedy,2,Emerald,1,1,0,13.4,2902.0,1401.93,2858.0,-62.0,4869.2998,14.0,15.0,Very Good,E,VVS2,2.07,IGI,8800.0
2010,Cirrus Gems,2,Round,1,1,0,12.9,1449.0,888.96,1427.0,-65.0,2949.0723,18.0,18.0,Super Ideal,G,VVS2,1.63,IGI,4725.0
2010,Mei & Co,2,Round,1,1,0,18.0,1486.53,911.98,1464.0,-62.0,2790.7053,18.0,18.0,Super Ideal,G,VVS2,1.63,IGI,4725.0
2014,Temperley,2,Pear,2,2,0,14.93,654.71,935.3,645.0,50.0,283.1937,15.0,15.0,Very Good,I,VS1,0.7,IGI,795.0
2014,White Lily,2,Pear,1,1,0,13.73,654.71,935.3,645.0,61.0,263.5747,15.0,15.0,Very Good,I,VS1,0.7,IGI,795.0
2015,Thalassa Gems,2,Round,1,1,0,23.08,1164.15,746.25,1147.0,-57.0,1928.8748,18.0,18.0,Super Ideal,G,SI1,1.56,IGI,3555.0
2016,Avignon Diamonds,2,Oval,1,1,0,18.32,2897.0,1154.18,2854.0,-63.0,5232.9492,14.0,15.0,Very Good,G,VS1,2.51,IGI,9280.0
2016,Clermont Diamonds,2,Oval,1,1,0,15.79,2937.0,1170.12,2893.0,-62.0,5247.0308,14.0,15.0,Very Good,G,VS1,2.51,IGI,9280.0
2016,Ember Star,2,Oval,1,1,0,17.77,2930.0,1167.33,2886.0,-63.0,5304.8975,15.0,15.0,Very Good,G,VS1,2.51,IGI,9280.0
2016,Jane Brear,2,Oval,1,1,0,17.39,3322.0,1323.51,3272.0,-58.0,5337.4482,15.0,15.0,Very Good,G,VS1,2.51,IGI,9280.0
2016,Taiga Gems,2,Oval,1,1,0,18.57,2825.0,1125.5,2783.0,-64.0,5235.8906,15.0,15.0,Very Good,G,VS1,2.51,IGI,9280.0
2016,White Lily,2,Oval,1,1,0,20.04,2928.0,1166.53,2884.0,-62.0,5259.0815,14.0,15.0,Very Good,G,VS1,2.51,IGI,9280.0
2023,Eterna Luxe,2,Round,1,1,0,14.86,777.0,681.58,765.0,-55.0,1235.0477,18.0,18.0,Ideal,F,VS1,1.14,IGI,2860.0
2023,Jane Brear,2,Round,1,1,0,13.34,785.06,688.65,773.0,-56.0,1269.13,18.0,18.0,Ideal,F,VS1,1.14,IGI,2860.0
2023,Marlowe & Co,2,Round,1,1,0,12.3,791.0,693.86,779.0,-56.0,1294.3756,18.0,18.0,Ideal,F,VS1,1.14,IGI,2860.0
2023,Michelle Kennedy,2,Round,1,1,0,13.97,785.06,688.65,773.0,-58.0,1324.505,18.0,18.0,Ideal,F,VS1,1.14,IGI,2860.0
2023,Temperley,2,Round,1,1,0,15.29,794.01,696.5,782.0,-56.0,1279.1299,18.0,18.0,Ideal,F,VS1,1.14,IGI,2860.0
2023,White Lily,2,Round,1,1,0,11.74,772.0,677.19,760.0,-58.0,1311.5487,18.0,18.0,Ideal,F,VS1,1.14,IGI,2860.0
2025,Albert's Creations,2,Cushion,1,1,0,17.84,5407.0,1796.35,5326.0,-60.0,8549.2305,15.0,15.0,Super Ideal,E,VS1,3.01,IGI,17050.0
2025,Avignon Diamonds,2,Cushion,1,1,0,24.45,5293.0,1758.47,5214.0,-58.0,7956.2739,15.0,15.0,Super Ideal,E,VS1,3.01,IGI,17050.0
2025,Clermont Diamonds,2,Cushion,1,1,0,15.13,5418.0,1800.0,5337.0,-58.0,8158.1025,15.0,15.0,Super Ideal,E,VS1,3.01,IGI,17050.0
2025,Cornerstone,2,Cushion,1,1,0,17.66,5345.0,1775.75,5265.0,-58.0,7938.9292,15.0,15.0,Super Ideal,E,VS1,3.01,IGI,17050.0
2025,Eterna Luxe,2,Cushion,1,1,0,18.38,5500.0,1827.24,5418.0,-59.0,8549.6045,15.0,15.0,Super Ideal,E,VS1,3.01,IGI,17050.0
2025,Grace Brooks,2,Cushion,1,1,0,24.56,5387.0,1789.7,5306.0,-60.0,8542.1934,15.0,15.0,Super Ideal,E,VS1,3.01,IGI,17050.0
2025,Hill & Holland,2,Cushion,1,1,0,19.5,5827.96,1936.2,5741.0,-54.0,7996.0405,15.0,15.0,Super Ideal,E,VS1,3.01,IGI,17050.0
2025,Hoseki,2,Cushion,1,1,0,19.25,5476.0,1819.27,5394.0,-57.0,7975.5459,15.0,15.0,Super Ideal,E,VS1,3.01,IGI,17050.0
2025,Jane Brear,2,Cushion,1,1,0,16.39,5402.0,1794.68,5321.0,-57.0,7925.3433,15.0,15.0,Super Ideal,E,VS1,3.01,IGI,17050.0
2025,Kenmare Diamonds,2,Cushion,1,1,0,24.46,5814.0,1931.56,5727.0,-58.0,8636.6641,15.0,15.0,Super Ideal,E,VS1,3.01,IGI,17050.0
2025,La Marquise,2,Cushion,1,1,0,20.11,5589.0,1856.81,5505.0,-56.0,7951.7944,15.0,15.0,Super Ideal,E,VS1,3.01,IGI,17050.0
2025,Marlowe & Co,2,Cushion,1,1,0,15.75,5565.0,1848.84,5482.0,-56.0,7926.3184,15.0,15.0,Super Ideal,E,VS1,3.01,IGI,17050.0
2025,Meridian Crafts,2,Cushion,1,1,0,17.42,5400.0,1794.02,5319.0,-57.0,7977.0347,15.0,15.0,Super Ideal,E,VS1,3.01,IGI,17050.0
2025,Michelle Kennedy,2,Cushion,1,1,0,21.07,5943.09,1974.45,5854.0,-53.0,8025.1426,15.0,15.0,Super Ideal,E,VS1,3.01,IGI,17050.0
2025,Periwinkle Stones,2,Cushion,1,1,0,21.31,5606.63,1862.67,5523.0,-56.0,7961.8628,15.0,15.0,Super Ideal,E,VS1,3.01,IGI,17050.0
2025,Promenade Jewelry,2,Cushion,1,2,0,15.85,5251.0,1744.52,5172.0,-61.0,8545.4863,15.0,15.0,Super Ideal,E,VS1,3.01,IGI,17050.0
2025,Temperley,2,Cushion,1,1,0,19.76,6649.0,2208.97,6549.0,-53.0,8834.0908,15.0,15.0,Super Ideal,E,VS1,3.01,IGI,17050.0
2025,The Diamond Source,2,Cushion,1,1,0,19.02,5390.0,1790.7,5309.0,-56.0,7807.8481,15.0,15.0,Super Ideal,E,VS1,3.01,IGI,17050.0
2025,White Lily,2,Cushion,1,1,0,15.33,5632.0,1871.1,5548.0,-57.0,8349.4658,15.0,15.0,Super Ideal,E,VS1,3.01,IGI,17050.0
2029,Avignon Diamonds,2,Cushion,1,1,0,17.65,4454.0,1469.97,4387.0,-61.0,7236.1191,15.0,15.0,Super Ideal,E,VS2,3.03,IGI,15540.0
2029,Eternal Flame,2,Cushion,1,1,0,20.23,4404.43,1453.61,4338.0,-61.0,7119.6582,15.0,15.0,Super Ideal,E,VS2,3.03,IGI,15540.0
2029,Hill & Holland,2,Cushion,1,1,0,19.2,4660.0,1537.95,4590.0,-59.0,7224.6924,15.0,15.0,Super Ideal,E,VS2,3.03,IGI,15540.0
2029,Hoseki,2,Cushion,1,1,0,16.02,4595.0,1516.5,4526.0,-60.0,7299.3989,15.0,15.0,Super Ideal,E,VS2,3.03,IGI,15540.0
2029,Jane Brear,2,Cushion,1,1,0,18.6,4642.0,1532.01,4572.0,-61.0,7425.5308,15.0,15.0,Super Ideal,E,VS2,3.03,IGI,15540.0
2029,La Marquise,2,Cushion,1,1,0,22.38,4655.64,1536.51,4586.0,-60.0,7287.9722,15.0,15.0,Super Ideal,E,VS2,3.03,IGI,15540.0
2029,Marlowe & Co,2,Cushion,1,1,0,15.97,4605.0,1519.8,4536.0,-60.0,7247.9229,15.0,15.0,Super Ideal,E,VS2,3.03,IGI,15540.0
2029,Michelle Kennedy,2,Cushion,1,1,0,14.94,4609.0,1521.12,4540.0,-61.0,7510.9336,15.0,15.0,Super Ideal,E,VS2,3.03,IGI,15540.0
2029,Starlit Stones,2,Cushion,1,1,0,71.29,4548.0,1500.99,4480.0,-60.0,7236.1191,15.0,15.0,Super Ideal,E,VS2,3.03,IGI,15540.0
2029,Taiga Gems,2,Cushion,1,1,0,13.04,4602.0,1518.81,4533.0,-61.0,7477.4502,15.0,15.0,Super Ideal,E,VS2,3.03,IGI,15540.0
2029,Temperley,2,Cushion,1,1,0,17.63,4422.0,1459.41,4356.0,-62.0,7395.166,15.0,15.0,Super Ideal,E,VS2,3.03,IGI,15540.0
2029,White Lily,2,Cushion,1,1,0,15.5,4685.46,1546.36,4615.0,-59.0,7236.1191,15.0,15.0,Super Ideal,E,VS2,3.03,IGI,15540.0
2031,Temperley,2,Round,2,1,0,13.5,424.86,482.8,418.0,-43.0,531.0213,17.0,18.0,Very Good,E,VS2,0.88,IGI,1440.0
2033,Michelle Kennedy,2,Princess,1,1,0,5.34,2224.0,1106.47,2191.0,-38.0,2265.0535,15.0,15.0,Super Ideal,J,SI1,2.01,IGI,3610.0
2033,Temperley,2,Princess,1,2,0,7.71,2224.0,1106.47,2191.0,-39.0,2300.1721,15.0,15.0,Super Ideal,J,SI1,2.01,IGI,3610.0
2033,White Lily,2,Princess,1,1,0,6.57,2224.0,1106.47,2191.0,-36.0,2199.395,15.0,15.0,Super Ideal,J,SI1,2.01,IGI,3610.0
2037,Sunset Gems,2,Round,1,1,0,17.82,1322.0,718.48,1302.0,-56.0,2148.384,18.0,18.0,Super Ideal,H,SI1,1.84,IGI,4360.0
2037,Taiga Gems,2,Round,1,1,0,16.16,1315.0,714.67,1295.0,-56.0,2122.5337,18.0,18.0,Super Ideal,H,SI1,1.84,IGI,4360.0
2037,Temperley,2,Round,1,1,0,18.05,1677.0,911.41,1652.0,-43.0,2105.217,18.0,18.0,Super Ideal,H,SI1,1.84,IGI,4360.0
2044,Temperley,2,Round,1,1,0,9.22,2430.0,1197.04,2394.0,-29.0,2455.9126,18.0,18.0,Super Ideal,I,SI1,2.03,IGI,4293.33
2046,Magnolia,2,Princess,1,1,0,17.23,972.0,845.22,957.0,-63.0,1652.9185,15.0,15.0,Super Ideal,D,VS1,1.15,IGI,2800.0
2046,Marlowe & Co,2,Princess,1,1,0,14.16,996.99,866.95,982.0,-63.0,1724.0564,15.0,15.0,Super Ideal,D,VS1,1.15,IGI,2800.0
2046,Temperley,2,Princess,1,1,0,11.24,1041.0,905.22,1025.0,-59.0,1628.5668,15.0,15.0,Super Ideal,D,VS1,1.15,IGI,2800.0
2046,White Lily,2,Princess,1,1,0,16.3,1059.73,921.5,1044.0,-61.0,1710.4646,15.0,15.0,Super Ideal,D,VS1,1.15,IGI,2800.0
2051,Cirrus Gems,2,Round,1,1,0,19.45,866.0,727.73,853.0,-52.0,1296.6461,18.0,18.0,Ideal,G,VVS2,1.19,IGI,2800.0
2051,Fabiola,2,Round,1,1,0,16.93,874.0,734.45,861.0,-53.0,1319.2626,18.0,18.0,Ideal,G,VVS2,1.19,IGI,2800.0
2051,Jane Brear,2,Round,1,1,0,18.17,912.42,766.74,899.0,-51.0,1321.8728,18.0,18.0,Ideal,G,VVS2,1.19,IGI,2800.0
2051,Michelle Kennedy,2,Round,1,1,0,16.92,1022.0,858.82,1007.0,-44.0,1308.5785,18.0,18.0,Ideal,G,VVS2,1.19,IGI,2800.0
2051,Silva Diamonds,2,Round,1,1,0,12.72,878.0,737.82,865.0,-54.0,1365.0042,18.0,18.0,Ideal,G,VVS2,1.19,IGI,2800.0
2051,Sunset Gems,2,Round,1,1,0,20.06,873.0,733.61,860.0,-54.0,1373.6318,18.0,18.0,Ideal,G,VVS2,1.19,IGI,2800.0
2051,White Lily,2,Round,1,1,0,18.73,901.0,757.14,887.0,-49.0,1272.6069,18.0,18.0,Ideal,G,VVS2,1.19,IGI,2800.0
2056,White Lily,2,Round,1,3,0,11.06,334.32,522.38,329.0,-48.0,459.9421,16.0,18.0,Very Good,E,VS2,0.64,IGI,900.0
2059,Jane Brear,2,Round,1,1,0,13.05,1060.0,981.48,1044.0,-51.0,1564.6024,18.0,18.0,Super Ideal,F,VVS1,1.08,IGI,3300.0
2059,Marlowe & Co,2,Round,1,1,0,18.63,1057.0,978.7,1041.0,-51.0,1549.3694,18.0,18.0,Super Ideal,F,VVS1,1.08,IGI,3300.0
2059,Roma Diamonds,2,Round,1,1,0,41.55,1127.0,1043.52,1110.0,-48.0,1558.7759,18.0,18.0,Super Ideal,F,VVS1,1.08,IGI,3300.0
2059,Sunset Gems,2,Round,1,2,0,12.16,1035.0,958.33,1019.0,-51.0,1515.5792,18.0,18.0,Super Ideal,F,VVS1,1.08,IGI,3300.0
2059,Taiga Gems,2,Round,1,1,0,21.77,1039.0,962.04,1023.0,-53.0,1598.1896,18.0,18.0,Super Ideal,F,VVS1,1.08,IGI,3300.0
2059,Temperley,2,Round,1,1,0,13.21,1079.0,999.07,1063.0,-51.0,1577.2666,18.0,18.0,Super Ideal,F,VVS1,1.08,IGI,3300.0
2060,Cirrus Gems,2,Round,1,1,0,22.23,760.0,644.07,749.0,-53.0,1152.2007,18.0,18.0,Super Ideal,H,VS1,1.18,IGI,2435.0
2060,Sunset Gems,2,Round,1,1,0,18.48,761.0,644.92,750.0,-55.0,1213.5571,18.0,18.0,Super Ideal,H,VS1,1.18,IGI,2435.0
2062,Cirrus Gems,2,Pear,1,1,0,19.89,759.0,751.49,748.0,-64.0,1357.1528,15.0,15.0,Super Ideal,F,VS2,1.01,IGI,1980.0
2062,Clermont Diamonds,2,Pear,1,1,0,14.08,756.0,748.51,745.0,-66.0,1445.6777,15.0,15.0,Super Ideal,F,VS2,1.01,IGI,1980.0
2062,Diamonds by Zoya,2,Pear,1,1,0,19.89,736.0,728.71,725.0,-65.0,1373.074,15.0,15.0,Super Ideal,F,VS2,1.01,IGI,1980.0
2062,Fuji Diamonds,2,Pear,1,2,0,16.49,754.0,746.53,743.0,-66.0,1425.0508,15.0,15.0,Super Ideal,F,VS2,1.01,IGI,1980.0
2062,I & M Designs,2,Pear,1,1,0,20.27,784.0,776.24,772.0,-65.0,1449.9161,15.0,15.0,Super Ideal,F,VS2,1.01,IGI,1980.0
2062,Jane Brear,2,Pear,1,1,0,17.09,790.03,782.21,778.0,-63.0,1389.715,15.0,15.0,Super Ideal,F,VS2,1.01,IGI,1980.0
2062,Mei & Co,2,Pear,1,1,0,18.24,760.0,752.48,749.0,-65.0,1403.0403,15.0,15.0,Super Ideal,F,VS2,1.01,IGI,1980.0
2062,Michelle Kennedy,2,Pear,1,1,0,15.01,790.0,782.18,778.0,-64.0,1431.3185,15.0,15.0,Super Ideal,F,VS2,1.01,IGI,1980.0
2062,N. B. Diamonds,2,Pear,1,1,0,17.11,806.0,798.02,794.0,-62.0,1388.9199,15.0,15.0,Super Ideal,F,VS2,1.01,IGI,1980.0
2062,Roma Diamonds,2,Pear,1,1,0,11.41,759.0,751.49,748.0,-66.0,1455.4967,15.0,15.0,Super Ideal,F,VS2,1.01,IGI,1980.0
2062,Serene Peaks Diamonds,2,Pear,1,1,0,14.28,769.0,761.39,757.0,-66.0,1449.123,15.0,15.0,Super Ideal,F,VS2,1.01,IGI,1980.0
2062,Sonata Gems,2,Pear,1,1,0,14.83,783.0,775.25,771.0,-64.0,1424.5807,15.0,15.0,Super Ideal,F,VS2,1.01,IGI,1980.0
2062,Taiga Gems,2,Pear,1,1,0,14.21,755.0,747.52,744.0,-67.0,1477.8268,15.0,15.0,Super Ideal,F,VS2,1.01,IGI,1980.0
2062,Tamara,2,Pear,1,1,0,18.26,783.0,775.25,771.0,-64.0,1403.2512,15.0,15.0,Super Ideal,F,VS2,1.01,IGI,1980.0
2062,Temperley,2,Pear,1,1,0,14.04,862.0,853.47,849.0,-60.0,1411.1088,15.0,15.0,Super Ideal,F,VS2,1.01,IGI,1980.0
2062,Vega Diamonds,2,Pear,1,1,0,17.26,741.0,733.66,730.0,-66.0,1428.7086,15.0,15.0,Super Ideal,F,VS2,1.01,IGI,1980.0
2062,White Lily,2,Pear,1,2,0,12.63,767.0,759.41,755.0,-65.0,1434.2159,15.0,15.0,Super Ideal,F,VS2,1.01,IGI,1980.0
2065,Meridian Crafts,2,Round,1,1,0,10.6,354.0,491.67,349.0,-58.0,603.4339,18.0,18.0,Super Ideal,G,VVS2,0.72,IGI,1120.0
2065,Temperley,2,Round,1,1,0,16.76,425.0,590.28,419.0,-51.0,617.1053,18.0,18.0,Super Ideal,G,VVS2,0.72,IGI,1120.0
2066,Bayside Gems,2,Oval,1,1,0,19.9,920.0,867.92,906.0,-67.0,1850.885,15.0,15.0,Very Good,E,VVS2,1.06,IGI,2746.67
2066,Clermont Diamonds,2,Oval,1,1,0,13.02,935.0,882.08,921.0,-66.0,1849.3424,15.0,15.0,Very Good,E,VVS2,1.06,IGI,2746.67
2066,Ember Star,2,Oval,1,1,0,19.61,899.52,848.6,886.0,-67.0,1862.5071,14.0,15.0,Very Good,E,VVS2,1.06,IGI,2746.67
2066,Eternity Fine Jewelers,2,Oval,1,1,0,10.63,939.0,885.85,925.0,-66.0,1852.8755,15.0,15.0,Very Good,E,VVS2,1.06,IGI,2746.67
2066,Marlowe & Co,2,Oval,1,1,0,12.82,932.0,879.25,918.0,-68.0,1940.6644,15.0,15.0,Very Good,E,VVS2,1.06,IGI,2746.67
2066,Michelle Kennedy,2,Oval,1,1,0,16.19,958.0,903.77,944.0,-65.0,1867.1206,14.0,15.0,Very Good,E,VVS2,1.06,IGI,2746.67
2066,Rosella,2,Oval,1,1,0,12.61,895.0,844.34,882.0,-68.0,1866.9049,15.0,15.0,Very Good,E,VVS2,1.06,IGI,2746.67
2066,Taiga Gems,2,Oval,1,1,0,19.25,926.0,873.58,912.0,-66.0,1843.9117,15.0,15.0,Very Good,E,VVS2,1.06,IGI,2746.67
2066,Temperley,2,Oval,1,1,0,19.04,915.0,863.21,901.0,-67.0,1895.0786,15.0,15.0,Very Good,E,VVS2,1.06,IGI,2746.67
2066,Thalassa Gems,2,Oval,2,1,0,13.43,909.0,857.55,895.0,-68.0,1912.9977,15.0,15.0,Very Good,E,VVS2,1.06,IGI,2746.67
2066,Tierra Mia Diamonds,2,Oval,1,1,0,12.96,907.0,855.66,893.0,-67.0,1837.4723,15.0,15.0,Very Good,E,VVS2,1.06,IGI,2746.67
2066,Vega Diamonds,2,Oval,1,1,0,20.34,896.62,845.87,883.0,-68.0,1862.3219,15.0,15.0,Very Good,E,VVS2,1.06,IGI,2746.67
2066,White Lily,2,Oval,1,1,0,13.34,947.0,893.4,933.0,-55.0,1410.9712,14.0,15.0,Very Good,E,VVS2,1.06,IGI,2746.67
2069,Clermont Diamonds,2,Round,1,1,0,19.35,3336.0,1097.37,3286.0,-62.0,6311.3638,18.0,18.0,Super Ideal,H,VS2,3.04,IGI,12430.0
2069,Jane Brear,2,Round,1,1,0,19.0,3383.0,1112.83,3332.0,-60.0,6098.9111,18.0,18.0,Super Ideal,H,VS2,3.04,IGI,12430.0
2069,Temperley,2,Round,1,1,0,12.43,3252.0,1069.74,3203.0,-64.0,6385.4683,18.0,18.0,Super Ideal,H,VS2,3.04,IGI,12430.0
2069,White Lily,2,Round,1,1,0,24.54,3187.0,1048.36,3139.0,-63.0,6167.749,18.0,18.0,Super Ideal,H,VS2,3.04,IGI,12430.0
2078,Avignon Diamonds,2,Cushion,1,1,0,20.15,2069.0,1379.33,2038.0,-62.0,3423.8435,14.0,15.0,Very Good,D,VVS2,1.5,IGI,5820.0
2078,Bonsai Gems,2,Cushion,1,1,0,18.84,2193.0,1462.0,2160.0,-59.0,3406.8357,14.0,15.0,Very Good,D,VVS2,1.5,IGI,5820.0
2078,Equinox Jewels,2,Cushion,1,1,0,15.71,2075.0,1383.33,2044.0,-62.0,3428.0308,15.0,15.0,Very Good,D,VVS2,1.5,IGI,5820.0
2078,Eternal Flame,2,Cushion,1,1,0,10.7,2101.0,1400.67,2069.0,-61.0,3418.9668,14.0,15.0,Very Good,D,VVS2,1.5,IGI,5820.0
2078,Hill & Holland,2,Cushion,1,1,0,16.97,2230.0,1486.67,2197.0,-59.0,3418.9668,14.0,15.0,Very Good,D,VVS2,1.5,IGI,5820.0
2078,Jane Brear,2,Cushion,1,1,0,13.03,2121.0,1414.0,2089.0,-61.0,3434.2168,15.0,15.0,Very Good,D,VVS2,1.5,IGI,5820.0
2078,Joan Cooper,2,Cushion,1,1,0,15.55,2090.0,1393.33,2059.0,-62.0,3428.104,15.0,15.0,Very Good,D,VVS2,1.5,IGI,5820.0
2078,Kenmare Diamonds,2,Cushion,1,1,0,13.85,2126.32,1417.55,2094.0,-60.0,3352.5083,15.0,15.0,Very Good,D,VVS2,1.5,IGI,5820.0
2078,Marlowe & Co,2,Cushion,1,1,0,15.56,2153.0,1435.33,2121.0,-60.0,3429.6707,14.0,15.0,Very Good,D,VVS2,1.5,IGI,5820.0
2078,Michelle Kennedy,2,Cushion,1,2,0,14.03,2159.0,1439.33,2127.0,-60.0,3434.7339,15.0,15.0,Very Good,D,VVS2,1.5,IGI,5820.0
2078,Olympus Diamonds,2,Cushion,1,1,0,11.27,2093.0,1395.33,2062.0,-61.0,3400.1562,14.0,15.0,Very Good,D,VVS2,1.5,IGI,5820.0
2078,Roma Diamonds,2,Cushion,1,1,0,14.83,2093.0,1395.33,2062.0,-61.0,3393.1482,15.0,15.0,Very Good,D,VVS2,1.5,IGI,5820.0
2078,Sara's Diamonds,2,Cushion,1,1,0,17.94,2040.0,1360.0,2009.0,-63.0,3432.0771,14.0,15.0,Very Good,D,VVS2,1.5,IGI,5820.0
2078,Starlight Crafts,2,Cushion,1,1,0,13.55,2075.0,1383.33,2044.0,-63.0,3552.6685,15.0,15.0,Very Good,D,VVS2,1.5,IGI,5820.0
2078,Taiga Gems,2,Cushion,1,1,0,10.46,2094.0,1396.0,2063.0,-61.0,3423.8435,14.0,15.0,Very Good,D,VVS2,1.5,IGI,5820.0
2078,Temperley,2,Cushion,1,1,0,16.2,2158.08,1438.72,2126.0,-60.0,3402.6208,14.0,15.0,Very Good,D,VVS2,1.5,IGI,5820.0
2078,United Diam,2,Cushion,1,1,0,19.3,2040.0,1360.0,2009.0,-62.0,3355.7935,14.0,15.0,Very Good,D,VVS2,1.5,IGI,5820.0
2078,White Lily,2,Cushion,1,1,0,18.71,2210.0,1473.33,2177.0,-59.0,3408.3628,14.0,15.0,Very Good,D,VVS2,1.5,IGI,5820.0
2079,Bayside Gems,2,Emerald,1,1,0,19.32,1311.0,868.21,1291.0,-62.0,2219.3584,15.0,15.0,Super Ideal,F,SI1,1.51,IGI,3370.0
2079,Hoseki,2,Emerald,1,1,0,16.37,1339.27,886.93,1319.0,-60.0,2146.3506,15.0,15.0,Super Ideal,F,SI1,1.51,IGI,3370.0
2079,Irene Jewelry,2,Emerald,2,1,0,19.3,1318.38,873.1,1299.0,-62.0,2203.616,15.0,15.0,Super Ideal,F,SI1,1.51,IGI,3370.0
2079,Jane Brear,2,Emerald,1,1,0,11.24,1355.0,897.35,1335.0,-60.0,2169.9192,15.0,15.0,Super Ideal,F,SI1,1.51,IGI,3370.0
2079,Michelle Kennedy,2,Emerald,1,1,0,19.8,1381.0,914.57,1360.0,-59.0,2174.0527,15.0,15.0,Super Ideal,F,SI1,1.51,IGI,3370.0
2079,Serene Peaks Diamonds,2,Emerald,1,1,0,18.13,1311.0,868.21,1291.0,-61.0,2169.6934,15.0,15.0,Super Ideal,F,SI1,1.51,IGI,3370.0
2079,Temperley,2,Emerald,1,1,0,18.5,1492.0,988.08,1470.0,-56.0,2166.8745,15.0,15.0,Super Ideal,F,SI1,1.51,IGI,3370.0
2079,Thalassa Gems,2,Emerald,2,2,0,17.5,1311.0,868.21,1291.0,-61.0,2182.2646,15.0,15.0,Super Ideal,F,SI1,1.51,IGI,3370.0
2079,Vega Diamonds,2,Emerald,1,1,0,19.43,1282.68,849.46,1263.0,-61.0,2093.2112,15.0,15.0,Super Ideal,F,SI1,1.51,IGI,3370.0
2079,White Lily,2,Emerald,1,1,0,21.26,1332.0,882.12,1312.0,-61.0,2204.6221,15.0,15.0,Super Ideal,F,SI1,1.51,IGI,3370.0
2080,Hoseki,2,Oval,1,1,0,13.8,346.0,494.29,341.0,-54.0,502.6767,15.0,15.0,Very Good,D,VS1,0.7,IGI,1296.67
2080,Jane Brear,2,Oval,2,3,0,11.13,346.0,494.29,341.0,-58.0,551.9141,14.0,15.0,Very Good,D,VS1,0.7,IGI,1296.67
2080,Magnolia,2,Oval,2,2,0,12.28,319.0,455.71,314.0,-57.0,499.6259,14.0,15.0,Very Good,D,VS1,0.7,IGI,1296.67
2080,Michelle Kennedy,2,Oval,2,1,0,17.93,359.2,513.14,354.0,-40.0,404.4286,14.0,15.0,Very Good,D,VS1,0.7,IGI,1296.67
2080,Rosella,2,Oval,2,2,0,13.04,313.0,447.14,308.0,-57.0,486.3381,15.0,15.0,Very Good,D,VS1,0.7,IGI,1296.67
2080,Temperley,2,Oval,2,1,0,11.74,345.0,492.86,340.0,-55.0,521.127,15.0,15.0,Very Good,D,VS1,0.7,IGI,1296.67
2080,Vega Diamonds,2,Oval,1,2,0,13.64,358.07,511.53,353.0,-49.0,476.8367,14.0,15.0,Very Good,D,VS1,0.7,IGI,1296.67
2082,Albert's Creations,2,Round,1,1,0,13.74,713.0,666.36,702.0,-60.0,1284.4313,18.0,18.0,Ideal,E,VS1,1.07,IGI,2480.0
2082,Avignon Diamonds,2,Round,1,1,0,69.59,730.0,682.24,719.0,-59.0,1269.0735,18.0,18.0,Ideal,E,VS1,1.07,IGI,2480.0
2082,Camden Gems,2,Round,1,1,0,10.81,700.0,654.21,690.0,-61.0,1273.4003,18.0,18.0,Ideal,E,VS1,1.07,IGI,2480.0
2082,Diamonds by Zoya,2,Round,1,1,0,93.54,689.0,643.93,679.0,-62.0,1296.166,18.0,18.0,Ideal,E,VS1,1.07,IGI,2480.0
2082,Eternity Fine Jewelers,2,Round,1,1,0,17.69,714.41,667.67,704.0,-60.0,1293.9552,18.0,18.0,Ideal,E,VS1,1.07,IGI,2480.0
2082,Fabiola,2,Round,1,1,0,11.65,702.0,656.07,691.0,-61.0,1284.0485,18.0,18.0,Ideal,E,VS1,1.07,IGI,2480.0
2082,Hazel Diamonds,2,Round,1,1,0,14.5,697.0,651.4,687.0,-60.0,1255.8057,18.0,18.0,Ideal,E,VS1,1.07,IGI,2480.0
2082,Hoseki,2,Round,1,1,0,13.12,713.0,666.36,702.0,-60.0,1261.3036,18.0,18.0,Ideal,E,VS1,1.07,IGI,2480.0
2082,I & M Designs,2,Round,1,1,0,18.86,721.38,674.19,711.0,-58.0,1226.8937,18.0,18.0,Ideal,E,VS1,1.07,IGI,2480.0
2082,Iris Diamonds,2,Round,1,1,0,93.4,700.0,654.21,690.0,-61.0,1284.0042,18.0,18.0,Ideal,E,VS1,1.07,IGI,2480.0
2082,Jane Brear,2,Round,1,1,0,53.89,723.0,675.7,712.0,-59.0,1261.7664,18.0,18.0,Ideal,E,VS1,1.07,IGI,2480.0
2082,Joan Cooper,2,Round,1,1,0,13.49,714.0,667.29,703.0,-61.0,1310.4309,18.0,18.0,Ideal,E,VS1,1.07,IGI,2480.0
2082,Marble Arch,2,Round,1,1,0,14.75,707.0,660.75,696.0,-60.0,1263.4387,18.0,18.0,Ideal,E,VS1,1.07,IGI,2480.0
2082,Marlowe & Co,2,Round,1,1,0,10.85,722.0,674.77,711.0,-59.0,1272.4353,18.0,18.0,Ideal,E,VS1,1.07,IGI,2480.0
2082,Meridian Crafts,2,Round,1,1,0,13.59,705.0,658.88,694.0,-61.0,1299.639,18.0,18.0,Ideal,E,VS1,1.07,IGI,2480.0
2082,Michelle Kennedy,2,Round,1,1,0,14.29,729.0,681.31,718.0,-60.0,1303.6949,18.0,18.0,Ideal,E,VS1,1.07,IGI,2480.0
2082,Nebula Stones,2,Round,1,1,0,20.11,719.0,671.96,708.0,-58.0,1235.8337,18.0,18.0,Ideal,E,VS1,1.07,IGI,2480.0
2082,Riviera Jewels,2,Round,1,1,0,14.78,702.0,656.07,691.0,-60.0,1271.5691,18.0,18.0,Ideal,E,VS1,1.07,IGI,2480.0
2082,Rosella,2,Round,1,1,0,10.04,706.0,659.81,695.0,-60.0,1261.1035,18.0,18.0,Ideal,E,VS1,1.07,IGI,2480.0
2082,Serenade Diamonds,2,Round,1,1,0,11.65,704.0,657.94,693.0,-60.0,1258.832,18.0,18.0,Ideal,E,VS1,1.07,IGI,2480.0
2082,Starlight Crafts,2,Round,1,1,0,11.05,697.0,651.4,687.0,-61.0,1268.8711,18.0,18.0,Ideal,E,VS1,1.07,IGI,2480.0
2082,Taiga Gems,2,Round,1,1,0,14.35,724.0,676.64,713.0,-59.0,1262.5278,18.0,18.0,Ideal,E,VS1,1.07,IGI,2480.0
2082,Temperley,2,Round,1,1,0,13.31,729.0,681.31,718.0,-58.0,1244.7385,18.0,18.0,Ideal,E,VS1,1.07,IGI,2480.0
2082,Thalassa Gems,2,Round,1,1,0,13.08,704.0,657.94,693.0,-61.0,1284.1676,18.0,18.0,Ideal,E,VS1,1.07,IGI,2480.0
2082,Vespera Gems,2,Round,1,1,0,14.57,702.0,656.07,691.0,-62.0,1335.1564,18.0,18.0,Ideal,E,VS1,1.07,IGI,2480.0
2082,Westport Jewelry,2,Round,1,1,0,15.6,697.0,651.4,687.0,-61.0,1273.8573,18.0,18.0,Ideal,E,VS1,1.07,IGI,2480.0
2082,White Lily,2,Round,1,1,0,13.65,729.0,681.31,718.0,-59.0,1266.2776,18.0,18.0,Ideal,E,VS1,1.07,IGI,2480.0
2083,Bayside Gems,2,Oval,1,1,0,12.3,808.94,749.02,797.0,-67.0,1668.8735,15.0,15.0,Super Ideal,G,VVS2,1.08,IGI,2260.0
2083,Cirrus Gems,2,Oval,1,1,0,15.23,803.0,743.52,791.0,-68.0,1703.4813,15.0,15.0,Super Ideal,G,VVS2,1.08,IGI,2260.0
2083,Diamonds by Zoya,2,Oval,1,1,0,89.46,799.0,739.81,787.0,-68.0,1666.6495,15.0,15.0,Super Ideal,G,VVS2,1.08,IGI,2260.0
2083,Jane Brear,2,Oval,1,1,0,13.12,823.0,762.04,811.0,-64.0,1525.4016,15.0,15.0,Super Ideal,G,VVS2,1.08,IGI,2260.0
2083,Mei & Co,2,Oval,1,1,0,13.7,797.0,737.96,785.0,-68.0,1703.4813,15.0,15.0,Super Ideal,G,VVS2,1.08,IGI,2260.0
2083,Michelle Kennedy,2,Oval,1,1,0,11.97,828.0,766.67,816.0,-65.0,1611.1608,15.0,15.0,Super Ideal,G,VVS2,1.08,IGI,2260.0
2083,Nebula Stones,2,Oval,1,1,0,10.84,822.0,761.11,810.0,-68.0,1712.8927,15.0,15.0,Super Ideal,G,VVS2,1.08,IGI,2260.0
2083,Nova Stars,2,Oval,1,1,0,12.4,801.97,742.56,790.0,-67.0,1626.564,15.0,15.0,Super Ideal,G,VVS2,1.08,IGI,2260.0
2083,Periwinkle Stones,2,Oval,1,1,0,14.66,835.8,773.89,823.0,-68.0,1737.3561,15.0,15.0,Super Ideal,G,VVS2,1.08,IGI,2260.0
2083,Rosella,2,Oval,1,1,0,11.78,780.0,722.22,768.0,-67.0,1610.6628,15.0,15.0,Super Ideal,G,VVS2,1.08,IGI,2260.0
2083,Serene Peaks Diamonds,2,Oval,1,1,0,11.65,810.92,750.85,799.0,-67.0,1666.2509,15.0,15.0,Super Ideal,G,VVS2,1.08,IGI,2260.0
2083,Starlight Crafts,2,Oval,1,2,0,14.22,799.0,739.81,787.0,-68.0,1674.8562,15.0,15.0,Super Ideal,G,VVS2,1.08,IGI,2260.0
2083,Taiga Gems,2,Oval,1,1,0,12.97,805.0,745.37,793.0,-68.0,1698.8053,15.0,15.0,Super Ideal,G,VVS2,1.08,IGI,2260.0
2084,Avignon Diamonds,2,Round,1,1,0,67.85,804.0,773.08,792.0,-55.0,1292.3268,18.0,18.0,Super Ideal,F,VVS2,1.04,IGI,2724.29
2084,Camden Gems,2,Round,1,1,0,12.57,802.0,771.15,790.0,-58.0,1381.1185,18.0,18.0,Super Ideal,F,VVS2,1.04,IGI,2724.29
2084,Ember Star,2,Round,1,1,0,13.38,811.0,779.81,799.0,-57.0,1338.4994,18.0,18.0,Super Ideal,F,VVS2,1.04,IGI,2724.29
2084,Equinox Jewels,2,Round,1,1,0,10.96,806.0,775.0,794.0,-57.0,1328.1018,18.0,18.0,Super Ideal,F,VVS2,1.04,IGI,2724.29
2084,Hazel Diamonds,2,Round,1,1,0,11.81,797.0,766.35,785.0,-57.0,1330.431,18.0,18.0,Super Ideal,F,VVS2,1.04,IGI,2724.29
2084,Hoseki,2,Round,1,1,0,13.74,825.85,794.09,813.0,-56.0,1355.6466,18.0,18.0,Super Ideal,F,VVS2,1.04,IGI,2724.29
2084,Jane Brear,2,Round,1,1,0,11.56,839.0,806.73,826.0,-55.0,1328.1954,18.0,18.0,Super Ideal,F,VVS2,1.04,IGI,2724.29
2084,Knox Diamonds,2,Round,1,1,0,13.63,801.0,770.19,789.0,-57.0,1346.1642,18.0,18.0,Super Ideal,F,VVS2,1.04,IGI,2724.29
2084,Marlowe & Co,2,Round,1,1,0,13.4,821.0,789.42,809.0,-56.0,1338.3167,18.0,18.0,Super Ideal,F,VVS2,1.04,IGI,2724.29
2084,Michelle Kennedy,2,Round,2,1,0,14.13,838.0,805.77,825.0,-55.0,1325.0221,18.0,18.0,Super Ideal,F,VVS2,1.04,IGI,2724.29
2084,Nova Stars,2,Round,1,1,0,9.77,806.0,775.0,794.0,-58.0,1374.7637,18.0,18.0,Super Ideal,F,VVS2,1.04,IGI,2724.29
2084,Oasis Diamonds,2,Round,1,1,0,14.17,840.78,808.44,828.0,-55.0,1349.8444,18.0,18.0,Super Ideal,F,VVS2,1.04,IGI,2724.29
2084,Roma Diamonds,2,Round,1,1,0,50.6,813.0,781.73,801.0,-57.0,1352.3273,18.0,18.0,Super Ideal,F,VVS2,1.04,IGI,2724.29
2084,Serenade Diamonds,2,Round,1,1,0,13.93,785.0,754.81,773.0,-58.0,1344.5021,18.0,18.0,Super Ideal,F,VVS2,1.04,IGI,2724.29
2084,Starlight Crafts,2,Round,1,1,0,14.77,802.0,771.15,790.0,-57.0,1346.2228,18.0,18.0,Super Ideal,F,VVS2,1.04,IGI,2724.29
2084,Starlit Stones,2,Round,1,1,0,12.41,805.0,774.04,793.0,-57.0,1355.0137,18.0,18.0,Super Ideal,F,VVS2,1.04,IGI,2724.29
2084,Taiga Gems,2,Round,1,1,0,13.16,827.0,795.19,815.0,-55.0,1322.1912,18.0,18.0,Super Ideal,F,VVS2,1.04,IGI,2724.29
2084,Temperley,2,Round,1,1,0,10.79,839.0,806.73,826.0,-55.0,1338.9497,18.0,18.0,Super Ideal,F,VVS2,1.04,IGI,2724.29
2084,Tierra Mia Diamonds,2,Round,1,1,0,92.41,809.76,778.62,798.0,-56.0,1320.0382,18.0,18.0,Super Ideal,F,VVS2,1.04,IGI,2724.29
2084,Tilia Diamonds,2,Round,1,1,0,11.7,815.0,783.65,803.0,-56.0,1326.0632,18.0,18.0,Super Ideal,F,VVS2,1.04,IGI,2724.29
2084,Vespera Gems,2,Round,1,1,0,15.26,805.9,774.9,794.0,-57.0,1327.339,18.0,18.0,Super Ideal,F,VVS2,1.04,IGI,2724.29
2084,White Lily,2,Round,1,1,0,11.93,839.0,806.73,826.0,-55.0,1322.446,18.0,18.0,Super Ideal,F,VVS2,1.04,IGI,2724.29
2087,Taiga Gems,2,Round,1,1,0,22.83,1948.0,808.3,1919.0,-60.0,3463.9675,18.0,18.0,Super Ideal,G,SI1,2.41,IGI,7040.0
2088,Cirrus Gems,2,Round,1,1,0,19.3,1400.43,927.44,1379.0,-66.0,2918.8601,18.0,18.0,Ideal,G,VVS2,1.51,IGI,4395.71
2088,Clermont Diamonds,2,Round,1,1,0,13.05,1407.92,932.4,1387.0,-65.0,2872.0891,18.0,18.0,Ideal,G,VVS2,1.51,IGI,4395.71
2088,Ember Star,2,Round,1,1,0,14.7,1409.0,933.11,1388.0,-65.0,2873.834,18.0,18.0,Ideal,G,VVS2,1.51,IGI,4395.71
2088,Fabiola,2,Round,1,1,0,11.29,1410.0,933.77,1389.0,-64.0,2812.9875,18.0,18.0,Ideal,G,VVS2,1.51,IGI,4395.71
2088,Jane Brear,2,Round,1,1,0,10.23,1426.0,944.37,1405.0,-64.0,2839.5398,18.0,18.0,Ideal,G,VVS2,1.51,IGI,4395.71
2088,Mei & Co,2,Round,1,1,0,12.69,1393.0,922.52,1372.0,-65.0,2857.9746,18.0,18.0,Ideal,G,VVS2,1.51,IGI,4395.71
2088,Michelle Kennedy,2,Round,1,1,0,11.81,1433.0,949.01,1412.0,-64.0,2828.3923,18.0,18.0,Ideal,G,VVS2,1.51,IGI,4395.71
2088,Nova Stars,2,Round,1,1,0,10.31,1397.0,925.17,1376.0,-65.0,2835.5681,18.0,18.0,Ideal,G,VVS2,1.51,IGI,4395.71
2088,Rosella,2,Round,1,1,0,13.55,1371.0,907.95,1350.0,-65.0,2838.1462,18.0,18.0,Ideal,G,VVS2,1.51,IGI,4395.71
2088,Sonata Gems,2,Round,1,1,0,14.64,1399.0,926.49,1378.0,-65.0,2880.7773,18.0,18.0,Ideal,G,VVS2,1.51,IGI,4395.71
2088,Starlight Crafts,2,Round,1,2,0,12.2,1397.0,925.17,1376.0,-65.0,2838.4939,18.0,18.0,Ideal,G,VVS2,1.51,IGI,4395.71
2088,Temperley,2,Round,1,1,0,13.03,1439.0,952.98,1417.0,-64.0,2878.8894,18.0,18.0,Ideal,G,VVS2,1.51,IGI,4395.71
2088,White Lily,2,Round,1,1,0,11.02,1442.0,954.97,1420.0,-64.0,2875.4551,18.0,18.0,Ideal,G,VVS2,1.51,IGI,4395.71
2088,Woodhouse Diamonds,2,Round,1,1,0,12.58,1394.0,923.18,1373.0,-64.0,2798.8591,18.0,18.0,Ideal,G,VVS2,1.51,IGI,4395.71
2093,Hazel Diamonds,2,Round,2,1,0,14.96,1184.0,763.87,1166.0,-59.0,2061.5408,18.0,18.0,Super Ideal,H,VS1,1.55,IGI,3615.0
2093,Jane Brear,2,Round,1,1,0,18.68,1239.77,799.85,1221.0,-56.0,2029.1969,18.0,18.0,Super Ideal,H,VS1,1.55,IGI,3615.0
2093,Meridian Crafts,2,Round,1,1,0,11.42,1246.0,803.87,1227.0,-55.0,1974.0209,18.0,18.0,Super Ideal,H,VS1,1.55,IGI,3615.0
2093,Michelle Kennedy,2,Round,1,1,0,21.16,1257.0,810.97,1238.0,-55.0,2003.5699,18.0,18.0,Super Ideal,H,VS1,1.55,IGI,3615.0
2093,Temperley,2,Round,1,1,0,20.98,1235.0,796.77,1216.0,-57.0,2046.7001,18.0,18.0,Super Ideal,H,VS1,1.55,IGI,3615.0
2093,Vespera Gems,2,Round,1,1,0,12.7,1216.0,784.52,1198.0,-57.0,2043.4912,18.0,18.0,Super Ideal,H,VS1,1.55,IGI,3615.0
2093,White Lily,2,Round,1,1,0,19.06,1239.77,799.85,1221.0,-56.0,2014.3765,18.0,18.0,Super Ideal,H,VS1,1.55,IGI,3615.0
2094,Temperley,2,Round,1,1,0,20.23,2793.0,1355.83,2751.0,-61.0,5188.7124,18.0,18.0,Super Ideal,G,VVS1,2.06,IGI,9580.0
2100,Cirrus Gems,2,Round,1,1,0,93.5,3974.0,1505.3,3914.0,-64.0,7822.166,18.0,18.0,Super Ideal,F,VVS2,2.64,IGI,14260.0
2100,Diamonds by Zoya,2,Round,1,1,0,93.14,4174.0,1581.06,4111.0,-62.0,7894.478,18.0,18.0,Super Ideal,F,VVS2,2.64,IGI,14260.0
2100,Equinox Jewels,2,Round,1,1,0,14.03,4116.0,1559.09,4054.0,-62.0,7807.1978,18.0,18.0,Super Ideal,F,VVS2,2.64,IGI,14260.0
2100,Eterna Luxe,2,Round,1,1,0,11.4,4124.0,1562.12,4062.0,-62.0,7713.5342,18.0,18.0,Super Ideal,F,VVS2,2.64,IGI,14260.0
2100,Jane Brear,2,Round,1,1,0,10.57,4139.0,1567.8,4077.0,-61.0,7617.1123,18.0,18.0,Super Ideal,F,VVS2,2.64,IGI,14260.0
2100,Michelle Kennedy,2,Round,1,1,0,12.34,4142.0,1568.94,4080.0,-62.0,7800.9585,18.0,18.0,Super Ideal,F,VVS2,2.64,IGI,14260.0
2100,Temperley,2,Round,1,1,0,16.56,4139.0,1567.8,4077.0,-61.0,7654.3569,18.0,18.0,Super Ideal,F,VVS2,2.64,IGI,14260.0
2101,Avignon Diamonds,2,Round,1,1,0,13.38,1649.0,970.0,1624.0,-48.0,2253.0774,18.0,18.0,Super Ideal,F,VS2,1.7,IGI,4920.0
2101,Clermont Diamonds,2,Round,1,1,0,18.07,1608.92,946.42,1585.0,-48.0,2225.5081,18.0,18.0,Super Ideal,F,VS2,1.7,IGI,4920.0
2101,Eccles Diamonds,2,Round,1,1,0,15.49,1620.86,953.45,1597.0,-47.0,2182.1353,18.0,18.0,Super Ideal,F,VS2,1.7,IGI,4920.0
2101,Genesis Stones,2,Round,1,1,0,19.59,1729.55,1017.38,1704.0,-45.0,2253.3862,18.0,18.0,Super Ideal,F,VS2,1.7,IGI,4920.0
2101,Jane Brear,2,Round,1,1,0,16.15,1645.73,968.08,1621.0,-48.0,2244.7749,18.0,18.0,Super Ideal,F,VS2,1.7,IGI,4920.0
2101,Michelle Kennedy,2,Round,1,1,0,15.27,1600.22,941.31,1576.0,-48.0,2201.7358,18.0,18.0,Super Ideal,F,VS2,1.7,IGI,4920.0
2101,Periwinkle Stones,2,Round,1,1,0,15.21,1675.58,985.64,1650.0,-45.0,2172.3723,18.0,18.0,Super Ideal,F,VS2,1.7,IGI,4920.0
2101,Silva Diamonds,2,Round,1,1,0,11.8,1651.0,971.18,1626.0,-47.0,2250.7546,18.0,18.0,Super Ideal,F,VS2,1.7,IGI,4920.0
2101,Starlight Crafts,2,Round,1,1,0,10.44,1582.0,930.59,1558.0,-49.0,2206.5483,18.0,18.0,Super Ideal,F,VS2,1.7,IGI,4920.0
2101,Temperley,2,Round,1,1,0,14.48,1640.76,965.15,1616.0,-49.0,2310.7861,18.0,18.0,Super Ideal,F,VS2,1.7,IGI,4920.0
2101,White Lily,2,Round,1,1,0,17.45,1654.68,973.34,1630.0,-48.0,2277.2048,18.0,18.0,Super Ideal,F,VS2,1.7,IGI,4920.0
2106,Michelle Kennedy,2,Emerald,1,1,0,18.03,387.0,483.75,381.0,-52.0,515.6158,13.0,15.0,Very Good,E,VS1,0.8,IGI,1340.0
2106,United Diam,2,Emerald,3,3,0,18.37,331.0,413.75,326.0,-65.0,611.3276,12.0,15.0,Very Good,E,VS1,0.8,IGI,1340.0
2109,Marlowe & Co,2,Round,1,1,0,27.09,402.0,574.29,396.0,-60.0,714.6854,18.0,18.0,Super Ideal,F,VVS1,0.7,IGI,1400.0
2109,Temperley,2,Round,1,1,0,13.47,444.76,635.37,438.0,-56.0,721.2646,18.0,18.0,Super Ideal,F,VVS1,0.7,IGI,1400.0
2116,White Lily,2,Round,1,1,0,14.9,3740.0,1692.31,3684.0,-19.0,3313.1423,18.0,18.0,Ideal,I,VS1,2.21,IGI,5350.0
2119,Diamonds by Zoya,2,Cushion,2,2,0,14.6,363.0,511.27,358.0,-32.0,338.0097,15.0,15.0,Very Good,E,VVS2,0.71,IGI,1220.0
2119,Jane Brear,2,Cushion,1,1,0,13.0,694.0,977.46,684.0,-34.0,662.8578,14.0,15.0,Very Good,E,VVS2,0.71,IGI,1220.0
2119,White Lily,2,Cushion,1,2,0,18.96,374.0,526.76,368.0,-66.0,697.3092,14.0,15.0,Very Good,E,VVS2,0.71,IGI,1220.0
2120,Artemis Stones,2,Round,1,1,0,14.46,689.0,650.0,679.0,-61.0,1265.4124,18.0,18.0,Ideal,E,VS2,1.06,IGI,2340.0
2120,CV Diamonds,2,Round,1,1,0,34.35,675.0,636.79,665.0,-62.0,1284.9435,18.0,18.0,Ideal,E,VS2,1.06,IGI,2340.0
2120,Clermont Diamonds,2,Round,1,1,0,11.65,673.0,634.91,663.0,-62.0,1272.0343,18.0,18.0,Ideal,E,VS2,1.06,IGI,2340.0
2120,Emilia Sterling,2,Round,1,1,0,11.95,669.0,631.13,659.0,-62.0,1261.8337,18.0,18.0,Ideal,E,VS2,1.06,IGI,2340.0
2120,Hazel Diamonds,2,Round,1,1,0,13.38,660.0,622.64,650.0,-62.0,1241.0959,18.0,18.0,Ideal,E,VS2,1.06,IGI,2340.0
2120,Jane Brear,2,Round,1,1,0,10.36,700.0,660.38,690.0,-60.0,1265.8988,18.0,18.0,Ideal,E,VS2,1.06,IGI,2340.0
2120,Michelle Kennedy,2,Round,1,1,0,12.87,697.5,658.02,687.0,-61.0,1268.2407,18.0,18.0,Ideal,E,VS2,1.06,IGI,2340.0
2120,Nova Stars,2,Round,1,1,0,12.41,662.0,624.53,652.0,-63.0,1283.7826,18.0,18.0,Ideal,E,VS2,1.06,IGI,2340.0
2120,Roma Diamonds,2,Round,1,1,0,55.91,672.0,633.96,662.0,-60.0,1217.8048,18.0,18.0,Ideal,E,VS2,1.06,IGI,2340.0
2120,Silva Diamonds,2,Round,1,1,0,10.23,670.0,632.08,660.0,-62.0,1252.4778,18.0,18.0,Ideal,E,VS2,1.06,IGI,2340.0
2120,Starlight Crafts,2,Round,1,1,0,13.44,666.0,628.3,656.0,-62.0,1269.6382,18.0,18.0,Ideal,E,VS2,1.06,IGI,2340.0
2120,Taiga Gems,2,Round,1,1,0,14.77,691.0,651.89,681.0,-62.0,1300.9186,18.0,18.0,Ideal,E,VS2,1.06,IGI,2340.0
2120,Temperley,2,Round,1,1,0,14.14,699.48,659.89,689.0,-61.0,1288.7018,18.0,18.0,Ideal,E,VS2,1.06,IGI,2340.0
2120,Thalassa Gems,2,Round,1,1,0,10.76,672.0,633.96,662.0,-61.0,1246.3068,18.0,18.0,Ideal,E,VS2,1.06,IGI,2340.0
2120,Tierra Mia Diamonds,2,Round,1,1,0,91.99,673.67,635.54,664.0,-62.0,1273.7717,18.0,18.0,Ideal,E,VS2,1.06,IGI,2340.0
2120,White Lily,2,Round,1,1,0,18.23,696.0,656.6,686.0,-61.0,1278.9448,18.0,18.0,Ideal,E,VS2,1.06,IGI,2340.0
2122,Jane Brear,2,Round,1,1,0,10.46,1300.46,861.23,1281.0,-31.0,1355.4963,18.0,18.0,Super Ideal,J,SI1,1.51,IGI,2620.0
2122,White Lily,2,Round,1,1,0,12.03,1290.52,854.65,1271.0,-32.0,1368.1808,18.0,18.0,Super Ideal,J,SI1,1.51,IGI,2620.0
2123,Equinox Jewels,2,Round,1,1,0,10.67,682.0,668.63,672.0,-62.0,1292.2311,18.0,18.0,Super Ideal,D,SI1,1.02,IGI,2004.44
2123,Eterna Luxe,2,Round,1,1,0,10.8,695.0,681.37,685.0,-62.0,1323.5813,18.0,18.0,Super Ideal,D,SI1,1.02,IGI,2004.44
2123,Jane Brear,2,Round,1,1,0,15.64,696.0,682.35,686.0,-63.0,1335.822,18.0,18.0,Super Ideal,D,SI1,1.02,IGI,2004.44
2123,Marlowe & Co,2,Round,1,1,0,13.16,695.5,681.86,685.0,-62.0,1319.4342,18.0,18.0,Super Ideal,D,SI1,1.02,IGI,2004.44
2123,Michelle Kennedy,2,Round,1,1,0,17.44,720.0,705.88,709.0,-59.0,1265.5667,18.0,18.0,Super Ideal,D,SI1,1.02,IGI,2004.44
2123,Oasis Diamonds,2,Round,1,1,0,14.88,695.0,681.37,685.0,-62.0,1314.3741,18.0,18.0,Super Ideal,D,SI1,1.02,IGI,2004.44
2123,Periwinkle Stones,2,Round,1,1,0,17.27,704.0,690.2,693.0,-62.0,1317.7111,18.0,18.0,Super Ideal,D,SI1,1.02,IGI,2004.44
2123,Roma Diamonds,2,Round,1,1,0,53.15,683.0,669.61,673.0,-64.0,1355.14,18.0,18.0,Super Ideal,D,SI1,1.02,IGI,2004.44
2123,Sigma Diamonds,2,Round,1,1,0,10.44,682.0,668.63,672.0,-62.0,1296.4216,18.0,18.0,Super Ideal,D,SI1,1.02,IGI,2004.44
2123,Taiga Gems,2,Round,1,1,0,13.48,694.0,680.39,684.0,-62.0,1300.4293,18.0,18.0,Super Ideal,D,SI1,1.02,IGI,2004.44
2123,Temperley,2,Round,1,1,0,14.84,731.0,716.67,720.0,-61.0,1325.9485,18.0,18.0,Super Ideal,D,SI1,1.02,IGI,2004.44
2123,Thalassa Gems,2,Round,1,1,0,17.22,682.0,668.63,672.0,-62.0,1282.8759,18.0,18.0,Super Ideal,D,SI1,1.02,IGI,2004.44
2123,White Lily,2,Round,1,1,0,15.02,707.0,693.14,696.0,-62.0,1332.8506,18.0,18.0,Super Ideal,D,SI1,1.02,IGI,2004.44
2123,Woodhouse Diamonds,2,Round,1,1,0,15.37,684.0,670.59,674.0,-63.0,1314.6976,18.0,18.0,Super Ideal,D,SI1,1.02,IGI,2004.44
2124,CV Diamonds,2,Round,1,1,0,12.38,2728.0,1268.84,2687.0,-61.0,5036.6333,18.0,18.0,Super Ideal,F,VVS2,2.15,IGI,10650.0
2124,Camden Gems,2,Round,1,1,0,10.82,2717.0,1263.72,2676.0,-62.0,5108.8184,18.0,18.0,Super Ideal,F,VVS2,2.15,IGI,10650.0
2124,Cirrus Gems,2,Round,1,1,0,94.97,2640.0,1227.91,2600.0,-63.0,5128.6895,18.0,18.0,Super Ideal,F,VVS2,2.15,IGI,10650.0
2124,Eterna Luxe,2,Round,1,1,0,10.26,2728.0,1268.84,2687.0,-62.0,5114.6499,18.0,18.0,Super Ideal,F,VVS2,2.15,IGI,10650.0
2124,Jane Brear,2,Round,1,1,0,15.87,2737.0,1273.02,2696.0,-61.0,5064.9595,18.0,18.0,Super Ideal,F,VVS2,2.15,IGI,10650.0
2124,Michelle Kennedy,2,Round,1,1,0,11.96,2729.0,1269.3,2688.0,-62.0,5144.6216,18.0,18.0,Super Ideal,F,VVS2,2.15,IGI,10650.0
2124,Pegasus Diamonds,2,Round,1,1,0,14.89,2827.0,1314.88,2785.0,-60.0,5108.5464,18.0,18.0,Super Ideal,F,VVS2,2.15,IGI,10650.0
2124,Temperley,2,Round,1,1,0,16.24,2737.0,1273.02,2696.0,-62.0,5163.4028,18.0,18.0,Super Ideal,F,VVS2,2.15,IGI,10650.0
2129,Temperley,2,Round,2,3,0,14.13,352.0,733.33,347.0,-7.0,271.4926,15.0,18.0,Very Good,D,VS2,0.48,IGI,560.0
2139,N. B. Diamonds,2,Round,1,1,0,19.58,1963.0,846.12,1934.0,-50.0,2789.9402,18.0,18.0,Super Ideal,J,VS1,2.32,IGI,4970.0
2139,Temperley,2,Round,1,1,0,18.18,1982.04,854.33,1952.0,-48.0,2729.9827,18.0,18.0,Super Ideal,J,VS1,2.32,IGI,4970.0
2157,Jane Brear,2,Round,1,1,0,20.66,1512.0,933.33,1489.0,-45.0,1959.2894,18.0,18.0,Super Ideal,G,SI1,1.62,IGI,3370.0
2157,Michelle Kennedy,2,Round,1,1,0,16.3,1363.15,841.45,1343.0,-50.0,1970.291,18.0,18.0,Super Ideal,G,SI1,1.62,IGI,3370.0
2162,Albert's Creations,2,Radiant,1,1,0,12.51,350.0,443.04,345.0,-70.0,765.1536,15.0,15.0,Super Ideal,E,VS2,0.79,IGI,1250.0
2162,Hazel Diamonds,2,Radiant,1,1,0,15.92,356.0,450.63,351.0,-71.0,787.6159,15.0,15.0,Super Ideal,E,VS2,0.79,IGI,1250.0
2163,Cirrus Gems,2,Round,1,1,0,19.97,1303.92,767.01,1284.0,-41.0,1585.8524,18.0,18.0,Ideal,I,VS2,1.7,IGI,3201.6
2163,Jane Brear,2,Round,1,1,0,15.6,2233.0,1313.53,2200.0,3.0,1553.6074,18.0,18.0,Ideal,I,VS2,1.7,IGI,3201.6
2163,Temperley,2,Round,1,1,0,18.73,1412.9,831.12,1392.0,-36.0,1575.1802,18.0,18.0,Ideal,I,VS2,1.7,IGI,3201.6
2163,White Lily,2,Round,1,1,0,19.16,1344.0,790.59,1324.0,-40.0,1592.7275,18.0,18.0,Ideal,I,VS2,1.7,IGI,3201.6
2165,Diamonds by Zoya,2,Oval,1,1,0,92.39,3877.0,1693.01,3819.0,-60.0,6509.54,15.0,15.0,Super Ideal,D,VVS2,2.29,IGI,11280.0
2165,La Marquise,2,Oval,1,1,0,20.74,3881.0,1694.76,3823.0,-60.0,6600.0435,15.0,15.0,Super Ideal,D,VVS2,2.29,IGI,11280.0
2165,Michelle Kennedy,2,Oval,1,1,0,10.92,3855.0,1683.41,3797.0,-60.0,6562.2236,15.0,15.0,Super Ideal,D,VVS2,2.29,IGI,11280.0
2166,Oasis Diamonds,2,Round,1,1,0,19.1,1033.0,688.67,1018.0,-61.0,1902.6202,16.0,18.0,Very Good,I,VS1,1.5,IGI,2962.73
2167,Albert's Creations,2,Round,1,1,0,12.39,1491.0,974.51,1469.0,-57.0,2506.3718,18.0,18.0,Ideal,D,VS1,1.53,IGI,5170.0
2167,Alicia & Juno,2,Round,1,1,0,12.31,1448.0,946.41,1426.0,-58.0,2452.2273,18.0,18.0,Ideal,D,VS1,1.53,IGI,5170.0
2167,Avignon Diamonds,2,Round,1,1,0,11.74,1497.0,978.43,1475.0,-56.0,2436.9604,18.0,18.0,Ideal,D,VS1,1.53,IGI,5170.0
2167,Bayside Gems,2,Round,1,1,0,17.02,1467.03,958.84,1445.0,-57.0,2455.106,18.0,18.0,Ideal,D,VS1,1.53,IGI,5170.0
2167,Camden Gems,2,Round,1,1,0,13.58,1448.0,946.41,1426.0,-57.0,2438.1294,18.0,18.0,Ideal,D,VS1,1.53,IGI,5170.0
2167,Clermont Diamonds,2,Round,1,1,0,14.59,1501.0,981.05,1478.0,-56.0,2447.3269,18.0,18.0,Ideal,D,VS1,1.53,IGI,5170.0
2167,Ember Star,2,Round,1,1,0,14.62,1496.48,978.09,1474.0,-56.0,2448.4641,18.0,18.0,Ideal,D,VS1,1.53,IGI,5170.0
2167,Emilia Sterling,2,Round,1,1,0,14.98,1434.0,937.25,1412.0,-58.0,2462.6631,18.0,18.0,Ideal,D,VS1,1.53,IGI,5170.0
2167,Gemstone Harmony,2,Round,1,1,0,13.28,1482.0,968.63,1460.0,-57.0,2482.2915,18.0,18.0,Ideal,D,VS1,1.53,IGI,5170.0
2167,Hazel Diamonds,2,Round,1,1,0,13.21,1458.0,952.94,1436.0,-58.0,2470.7949,18.0,18.0,Ideal,D,VS1,1.53,IGI,5170.0
2167,Jane Brear,2,Round,1,1,0,10.33,1504.0,983.01,1481.0,-57.0,2479.0723,18.0,18.0,Ideal,D,VS1,1.53,IGI,5170.0
2167,Komorebi Diamonds,2,Round,1,1,0,13.25,1448.0,946.41,1426.0,-58.0,2488.3433,18.0,18.0,Ideal,D,VS1,1.53,IGI,5170.0
2167,Lunar Diamonds,2,Round,1,1,0,94.33,1448.0,946.41,1426.0,-59.0,2506.1199,18.0,18.0,Ideal,D,VS1,1.53,IGI,5170.0
2167,Meadow & Co,2,Round,1,1,0,12.25,1500.0,980.39,1478.0,-57.0,2520.0835,18.0,18.0,Ideal,D,VS1,1.53,IGI,5170.0
2167,Mei & Co,2,Round,1,1,0,17.7,1448.0,946.41,1426.0,-58.0,2463.708,18.0,18.0,Ideal,D,VS1,1.53,IGI,5170.0
2167,Michelle Kennedy,2,Round,1,1,0,11.8,1494.0,976.47,1472.0,-56.0,2452.6055,18.0,18.0,Ideal,D,VS1,1.53,IGI,5170.0
2167,Nebula Stones,2,Round,1,1,0,13.14,1511.0,987.58,1488.0,-55.0,2428.0215,18.0,18.0,Ideal,D,VS1,1.53,IGI,5170.0
2167,Periwinkle Stones,2,Round,1,1,0,8.27,1513.0,988.89,1490.0,-56.0,2480.9338,18.0,18.0,Ideal,D,VS1,1.53,IGI,5170.0
2167,Roma Diamonds,2,Round,1,1,0,46.37,1481.0,967.97,1459.0,-57.0,2464.7693,18.0,18.0,Ideal,D,VS1,1.53,IGI,5170.0
2167,Sigma Diamonds,2,Round,1,1,0,17.28,1448.0,946.41,1426.0,-58.0,2456.676,18.0,18.0,Ideal,D,VS1,1.53,IGI,5170.0
2167,Starlight Crafts,2,Round,1,1,0,10.86,1448.0,946.41,1426.0,-57.0,2423.8806,18.0,18.0,Ideal,D,VS1,1.53,IGI,5170.0
2167,Taiga Gems,2,Round,1,1,0,13.37,1512.0,988.24,1489.0,-56.0,2436.1987,18.0,18.0,Ideal,D,VS1,1.53,IGI,5170.0
2167,Temperley,2,Round,1,1,0,10.6,1494.0,976.47,1472.0,-56.0,2434.988,18.0,18.0,Ideal,D,VS1,1.53,IGI,5170.0
2167,Thalassa Gems,2,Round,1,1,0,13.34,1480.0,967.32,1458.0,-57.0,2440.3267,18.0,18.0,Ideal,D,VS1,1.53,IGI,5170.0
2167,Vega Diamonds,2,Round,1,1,0,13.18,1404.0,917.65,1383.0,-60.0,2515.6379,18.0,18.0,Ideal,D,VS1,1.53,IGI,5170.0
2167,Verve Jewels,2,Round,1,1,0,94.11,1458.0,952.94,1436.0,-57.0,2428.2627,18.0,18.0,Ideal,D,VS1,1.53,IGI,5170.0
2167,White Lily,2,Round,2,1,0,14.13,1494.0,976.47,1472.0,-57.0,2489.188,18.0,18.0,Ideal,D,VS1,1.53,IGI,5170.0
2167,Zimmerman Diamonds,2,Round,1,1,0,13.9,1494.49,976.79,1472.0,-55.0,2395.9219,18.0,18.0,Ideal,D,VS1,1.53,IGI,5170.0
2173,White Lily,2,Round,1,1,0,12.51,323.38,587.96,319.0,-38.0,372.9836,18.0,18.0,Super Ideal,F,VS2,0.55,IGI,700.0
2183,Marlowe & Co,2,Round,2,2,0,22.78,303.0,541.07,298.0,-58.0,518.7471,16.0,18.0,Very Good,E,VS1,0.56,IGI,1026.67
2183,Temperley,2,Round,2,2,0,12.06,311.0,555.36,306.0,-52.0,467.9692,16.0,18.0,Very Good,E,VS1,0.56,IGI,1026.67
2183,White Lily,2,Round,2,2,0,16.34,311.0,555.36,306.0,-50.0,444.1484,16.0,18.0,Very Good,E,VS1,0.56,IGI,1026.67
2184,Cornerstone,2,Round,2,2,0,11.89,331.0,580.7,326.0,-47.0,447.9684,18.0,18.0,Super Ideal,E,VS2,0.57,IGI,730.0
2184,Jane Brear,2,Round,1,1,0,15.55,334.32,586.53,329.0,-46.0,442.2998,18.0,18.0,Super Ideal,E,VS2,0.57,IGI,730.0
2184,Marlowe & Co,2,Round,1,1,0,13.98,329.34,577.79,324.0,-48.0,449.2192,18.0,18.0,Super Ideal,E,VS2,0.57,IGI,730.0
2184,Michelle Kennedy,2,Round,1,1,0,15.56,356.21,624.93,351.0,-43.0,448.676,18.0,18.0,Super Ideal,E,VS2,0.57,IGI,730.0
2184,Sonata Gems,2,Round,1,1,0,14.46,333.32,584.77,328.0,-40.0,397.1618,18.0,18.0,Super Ideal,E,VS2,0.57,IGI,730.0
2184,Temperley,2,Round,1,1,0,14.53,335.32,588.28,330.0,-39.0,393.336,18.0,18.0,Super Ideal,E,VS2,0.57,IGI,730.0
2184,White Lily,2,Round,1,1,0,14.61,335.32,588.28,330.0,-44.0,426.7579,18.0,18.0,Super Ideal,E,VS2,0.57,IGI,730.0
2191,Jane Brear,2,Round,1,1,0,28.61,385.0,641.67,379.0,-64.0,756.2154,18.0,18.0,Super Ideal,D,VVS1,0.6,IGI,1190.0
2191,Michelle Kennedy,2,Round,1,1,0,28.18,385.0,641.67,379.0,-63.0,735.2515,18.0,18.0,Super Ideal,D,VVS1,0.6,IGI,1190.0
2191,Promenade Jewelry,2,Round,1,1,0,20.53,364.0,606.67,359.0,-61.0,664.3127,18.0,18.0,Super Ideal,D,VVS1,0.6,IGI,1190.0
2191,Sara's Diamonds,2,Round,1,1,0,46.76,377.0,628.33,371.0,-63.0,736.6148,18.0,18.0,Super Ideal,D,VVS1,0.6,IGI,1190.0
2191,Temperley,2,Round,1,1,0,13.51,409.0,681.67,403.0,-55.0,657.3124,18.0,18.0,Super Ideal,D,VVS1,0.6,IGI,1190.0
2191,White Lily,2,Round,1,1,0,12.84,394.0,656.67,388.0,-58.0,672.6094,18.0,18.0,Super Ideal,D,VVS1,0.6,IGI,1190.0
2192,Temperley,2,Princess,1,2,0,10.44,2038.0,1323.38,2007.0,-25.0,1718.4231,15.0,15.0,Super Ideal,I,VS2,1.54,IGI,3200.0
2194,Marlowe & Co,2,Round,1,1,0,14.65,359.2,630.18,354.0,-37.0,411.2075,18.0,18.0,Ideal,H,VS1,0.57,IGI,720.0
2197,Albert's Creations,2,Round,1,1,0,13.76,759.18,665.95,748.0,-51.0,1107.2878,18.0,18.0,Super Ideal,E,SI1,1.14,IGI,2105.0
2197,Jane Brear,2,Round,1,1,0,13.96,781.0,685.09,769.0,-48.0,1074.2848,18.0,18.0,Super Ideal,E,SI1,1.14,IGI,2105.0
2197,Michelle Kennedy,2,Round,1,1,0,15.19,774.0,678.95,762.0,-50.0,1116.5068,18.0,18.0,Super Ideal,E,SI1,1.14,IGI,2105.0
2197,Rosella,2,Round,1,1,0,16.9,745.1,653.6,734.0,-50.0,1063.0873,18.0,18.0,Super Ideal,E,SI1,1.14,IGI,2105.0
2199,Marlowe & Co,2,Round,1,1,0,16.18,338.3,563.83,333.0,-50.0,480.711,18.0,18.0,Ideal,F,VS1,0.6,IGI,880.0
2200,Jane Brear,2,Round,1,1,0,21.82,676.0,643.81,666.0,-57.0,1118.1941,17.0,18.0,Very Good,H,VS1,1.05,IGI,1980.0
2201,Bayside Gems,2,Marquise,1,1,0,19.03,1127.0,1024.55,1110.0,-65.0,2069.4629,15.0,15.0,Super Ideal,D,VVS2,1.1,IGI,3260.0
2201,Bella Gems,2,Marquise,1,1,0,15.57,1160.0,1054.55,1143.0,-64.0,2031.5695,15.0,15.0,Super Ideal,D,VVS2,1.1,IGI,3260.0
2201,Eterna Luxe,2,Marquise,1,1,0,12.23,1165.0,1059.09,1148.0,-65.0,2132.1606,15.0,15.0,Super Ideal,D,VVS2,1.1,IGI,3260.0
2201,Jane Brear,2,Marquise,1,1,0,14.5,1186.0,1078.18,1168.0,-64.0,2089.1887,15.0,15.0,Super Ideal,D,VVS2,1.1,IGI,3260.0
2201,Magnolia,2,Marquise,2,1,0,18.14,1171.12,1064.65,1154.0,-65.0,2111.7231,15.0,15.0,Super Ideal,D,VVS2,1.1,IGI,3260.0
2201,Michelle Kennedy,2,Marquise,1,1,0,14.89,1166.0,1060.0,1149.0,-64.0,2091.4932,15.0,15.0,Super Ideal,D,VVS2,1.1,IGI,3260.0
2201,Promenade Jewelry,2,Marquise,1,1,0,19.4,1131.0,1028.18,1114.0,-64.0,2030.1823,15.0,15.0,Super Ideal,D,VVS2,1.1,IGI,3260.0
2201,Rosella,2,Marquise,1,1,0,13.48,1127.0,1024.55,1110.0,-65.0,2079.3196,15.0,15.0,Super Ideal,D,VVS2,1.1,IGI,3260.0
2201,Taiga Gems,2,Marquise,1,1,0,15.43,1151.0,1046.36,1134.0,-64.0,2051.2151,15.0,15.0,Super Ideal,D,VVS2,1.1,IGI,3260.0
2201,Temperley,2,Marquise,1,1,0,10.82,1181.0,1073.64,1163.0,-64.0,2095.6716,15.0,15.0,Super Ideal,D,VVS2,1.1,IGI,3260.0
2201,Thalassa Gems,2,Marquise,1,2,0,13.74,1148.0,1043.64,1131.0,-66.0,2143.7922,15.0,15.0,Super Ideal,D,VVS2,1.1,IGI,3260.0
2201,Vega Diamonds,2,Marquise,1,1,0,20.77,1121.0,1019.09,1104.0,-66.0,2120.7876,15.0,15.0,Super Ideal,D,VVS2,1.1,IGI,3260.0
2201,White Lily,2,Marquise,1,1,0,14.66,1181.0,1073.64,1163.0,-64.0,2113.8589,15.0,15.0,Super Ideal,D,VVS2,1.1,IGI,3260.0
2207,Bayside Gems,2,Round,1,1,0,12.87,3173.06,1586.53,3125.0,-55.0,5066.4668,18.0,18.0,Super Ideal,D,VVS2,2.0,IGI,11350.0
2207,Camden Gems,2,Round,1,1,0,14.66,3008.0,1504.0,2963.0,-59.0,5207.0073,18.0,18.0,Super Ideal,D,VVS2,2.0,IGI,11350.0
2207,Ember Star,2,Round,1,1,0,12.88,3108.0,1554.0,3061.0,-58.0,5272.9634,18.0,18.0,Super Ideal,D,VVS2,2.0,IGI,11350.0
2207,Gemstone Harmony,2,Round,1,1,0,12.5,3008.0,1504.0,2963.0,-58.0,5102.0981,18.0,18.0,Super Ideal,D,VVS2,2.0,IGI,11350.0
2207,Jane Brear,2,Round,1,1,0,17.23,3086.0,1543.0,3040.0,-58.0,5246.7876,18.0,18.0,Super Ideal,D,VVS2,2.0,IGI,11350.0
2207,Marlowe & Co,2,Round,1,1,0,17.99,3025.0,1512.5,2980.0,-58.0,5109.6499,18.0,18.0,Super Ideal,D,VVS2,2.0,IGI,11350.0
2207,Michelle Kennedy,2,Round,1,1,0,11.5,3008.0,1504.0,2963.0,-58.0,5076.394,18.0,18.0,Super Ideal,D,VVS2,2.0,IGI,11350.0
2207,Nebula Stones,2,Round,1,1,0,12.26,3065.0,1532.5,3019.0,-59.0,5355.3657,18.0,18.0,Super Ideal,D,VVS2,2.0,IGI,11350.0
2207,Periwinkle Stones,2,Round,1,1,0,13.31,3031.0,1515.5,2986.0,-59.0,5317.4224,18.0,18.0,Super Ideal,D,VVS2,2.0,IGI,11350.0
2207,Riviera Jewels,2,Round,1,1,0,10.51,3029.0,1514.5,2984.0,-58.0,5118.3394,18.0,18.0,Super Ideal,D,VVS2,2.0,IGI,11350.0
2207,Rosella,2,Round,1,1,0,12.96,2978.0,1489.0,2933.0,-58.0,5126.4165,18.0,18.0,Super Ideal,D,VVS2,2.0,IGI,11350.0
2207,Serenade Diamonds,2,Round,1,1,0,12.29,2888.0,1444.0,2845.0,-59.0,5093.9883,18.0,18.0,Super Ideal,D,VVS2,2.0,IGI,11350.0
2207,Taiga Gems,2,Round,1,1,0,14.94,3079.0,1539.5,3033.0,-57.0,5150.1821,18.0,18.0,Super Ideal,D,VVS2,2.0,IGI,11350.0
2207,Temperley,2,Round,1,1,0,15.92,3027.03,1513.52,2982.0,-58.0,5130.9204,18.0,18.0,Super Ideal,D,VVS2,2.0,IGI,11350.0
2207,Thalassa Gems,2,Round,1,1,0,12.84,3008.0,1504.0,2963.0,-58.0,5171.2271,18.0,18.0,Super Ideal,D,VVS2,2.0,IGI,11350.0
2207,United Diam,2,Round,1,1,0,13.4,2888.0,1444.0,2845.0,-61.0,5302.9312,18.0,18.0,Super Ideal,D,VVS2,2.0,IGI,11350.0
2225,Roma Diamonds,2,Round,1,1,0,41.06,1027.0,815.08,1012.0,-53.0,1552.033,18.0,18.0,Super Ideal,G,VS2,1.26,IGI,2420.0
2229,Clermont Diamonds,2,Oval,1,1,0,14.52,3333.0,1107.31,3283.0,-59.0,5537.5571,15.0,15.0,Super Ideal,I,VVS2,3.01,IGI,13660.0
2229,Taiga Gems,2,Oval,1,1,0,19.01,3314.0,1101.0,3264.0,-60.0,5532.9922,15.0,15.0,Super Ideal,I,VVS2,3.01,IGI,13660.0
2232,55 E Diamonds,2,Round,2,1,0,13.21,735.0,735.0,724.0,-68.0,1624.2324,18.0,18.0,Ideal,D,VS1,1.0,IGI,2785.0
2232,Avignon Diamonds,2,Round,1,1,0,14.29,720.0,720.0,709.0,-67.0,1568.3932,18.0,18.0,Ideal,D,VS1,1.0,IGI,2785.0
2232,CV Diamonds,2,Round,1,1,0,11.82,731.0,731.0,720.0,-68.0,1627.8942,18.0,18.0,Ideal,D,VS1,1.0,IGI,2785.0
2232,Cirrus Gems,2,Round,1,1,0,14.44,720.97,720.97,710.0,-68.0,1591.3129,18.0,18.0,Ideal,D,VS1,1.0,IGI,2785.0
2232,Clara Belle Gems,2,Round,1,1,0,11.77,716.0,716.0,705.0,-68.0,1587.1508,18.0,18.0,Ideal,D,VS1,1.0,IGI,2785.0
2232,Hazel Diamonds,2,Round,1,1,0,14.86,710.0,710.0,699.0,-68.0,1600.4606,18.0,18.0,Ideal,D,VS1,1.0,IGI,2785.0
2232,Hoseki,2,Round,1,1,0,10.39,734.0,734.0,723.0,-67.0,1601.1342,18.0,18.0,Ideal,D,VS1,1.0,IGI,2785.0
2232,Infinity Diamonds,2,Round,1,1,0,12.71,731.0,731.0,720.0,-67.0,1591.7111,18.0,18.0,Ideal,D,VS1,1.0,IGI,2785.0
2232,Iris Diamonds,2,Round,1,1,0,93.13,714.0,714.0,703.0,-68.0,1592.0006,18.0,18.0,Ideal,D,VS1,1.0,IGI,2785.0
2232,Jane Brear,2,Round,2,1,0,10.16,734.0,734.0,723.0,-67.0,1584.9337,18.0,18.0,Ideal,D,VS1,1.0,IGI,2785.0
2232,KIYO,2,Round,1,1,0,12.77,698.0,698.0,688.0,-69.0,1595.1709,18.0,18.0,Ideal,D,VS1,1.0,IGI,2785.0
2232,Knox Diamonds,2,Round,1,1,0,14.14,714.0,714.0,703.0,-67.0,1553.1753,18.0,18.0,Ideal,D,VS1,1.0,IGI,2785.0
2232,Marlowe & Co,2,Round,1,1,0,13.19,738.0,738.0,727.0,-67.0,1604.3895,18.0,18.0,Ideal,D,VS1,1.0,IGI,2785.0
2232,Michelle Kennedy,2,Round,1,1,0,12.53,735.0,735.0,724.0,-67.0,1599.8263,18.0,18.0,Ideal,D,VS1,1.0,IGI,2785.0
2232,Nebula Stones,2,Round,1,1,0,14.98,732.0,732.0,721.0,-68.0,1618.3447,18.0,18.0,Ideal,D,VS1,1.0,IGI,2785.0
2232,Riviera Jewels,2,Round,1,1,0,10.29,716.0,716.0,705.0,-68.0,1625.1578,18.0,18.0,Ideal,D,VS1,1.0,IGI,2785.0
2232,Serenade Diamonds,2,Round,1,1,0,12.98,717.0,717.0,706.0,-68.0,1583.5728,18.0,18.0,Ideal,D,VS1,1.0,IGI,2785.0
2232,Starlight Crafts,2,Round,1,1,0,14.71,720.0,720.0,709.0,-68.0,1602.9615,18.0,18.0,Ideal,D,VS1,1.0,IGI,2785.0
2232,Starlit Stones,2,Round,1,1,0,13.29,716.0,716.0,705.0,-67.0,1575.3964,18.0,18.0,Ideal,D,VS1,1.0,IGI,2785.0
2232,Taiga Gems,2,Round,1,1,0,13.07,737.0,737.0,726.0,-67.0,1600.0627,18.0,18.0,Ideal,D,VS1,1.0,IGI,2785.0
2232,Temperley,2,Round,1,1,0,13.3,736.0,736.0,725.0,-68.0,1642.7531,18.0,18.0,Ideal,D,VS1,1.0,IGI,2785.0
2232,Thalassa Gems,2,Round,1,1,0,12.58,716.0,716.0,705.0,-68.0,1623.238,18.0,18.0,Ideal,D,VS1,1.0,IGI,2785.0
2232,Westport Jewelry,2,Round,1,1,0,16.15,712.0,712.0,701.0,-68.0,1603.6796,18.0,18.0,Ideal,D,VS1,1.0,IGI,2785.0
2232,White Lily,2,Round,1,1,0,12.12,736.0,736.0,725.0,-67.0,1588.6631,18.0,18.0,Ideal,D,VS1,1.0,IGI,2785.0
2235,Cirrus Gems,2,Round,1,1,0,23.25,1416.0,863.41,1395.0,-59.0,2469.0747,18.0,18.0,Super Ideal,F,VS1,1.64,IGI,5430.0
2235,Eterna Luxe,2,Round,1,1,0,12.32,1464.0,892.68,1442.0,-57.0,2418.2153,18.0,18.0,Super Ideal,F,VS1,1.64,IGI,5430.0
2235,Fabiola,2,Round,1,1,0,15.16,1439.0,877.44,1417.0,-58.0,2434.6802,18.0,18.0,Super Ideal,F,VS1,1.64,IGI,5430.0
2235,Iris Diamonds,2,Round,1,1,0,19.45,1441.0,878.66,1419.0,-57.0,2422.646,18.0,18.0,Super Ideal,F,VS1,1.64,IGI,5430.0
2235,Jane Brear,2,Round,1,1,0,17.5,1492.5,910.06,1470.0,-55.0,2396.1252,18.0,18.0,Super Ideal,F,VS1,1.64,IGI,5430.0
2235,Serene Peaks Diamonds,2,Round,1,1,0,14.06,1456.0,887.8,1434.0,-57.0,2425.4517,18.0,18.0,Super Ideal,F,VS1,1.64,IGI,5430.0
2235,Sunset Gems,2,Round,1,1,0,11.6,1443.0,879.88,1421.0,-58.0,2455.2361,18.0,18.0,Super Ideal,F,VS1,1.64,IGI,5430.0
2235,Temperley,2,Round,1,1,0,18.95,1563.0,953.05,1540.0,-54.0,2413.4846,18.0,18.0,Super Ideal,F,VS1,1.64,IGI,5430.0
2235,White Lily,2,Round,1,1,0,17.14,1493.0,910.37,1471.0,-56.0,2427.9963,18.0,18.0,Super Ideal,F,VS1,1.64,IGI,5430.0
2248,Cirrus Gems,2,Round,1,1,0,17.94,1416.84,765.86,1396.0,-63.0,2775.4717,18.0,18.0,Ideal,I,VVS2,1.85,IGI,4050.0
2251,Avignon Diamonds,2,Round,1,1,0,11.79,1652.0,1065.81,1627.0,-61.0,3000.9807,18.0,18.0,Super Ideal,E,VVS2,1.55,IGI,5880.0
2251,Camden Gems,2,Round,1,1,0,10.45,1633.0,1053.55,1609.0,-61.0,3005.9138,18.0,18.0,Super Ideal,E,VVS2,1.55,IGI,5880.0
2251,Ember Star,2,Round,1,1,0,12.91,1655.0,1067.74,1630.0,-62.0,3079.1731,18.0,18.0,Super Ideal,E,VVS2,1.55,IGI,5880.0
2251,Eternity Fine Jewelers,2,Round,1,1,0,14.33,1652.0,1065.81,1627.0,-61.0,3035.8218,18.0,18.0,Super Ideal,E,VVS2,1.55,IGI,5880.0
2251,Gemstone Harmony,2,Round,1,1,0,13.8,1646.0,1061.94,1621.0,-61.0,3043.2695,18.0,18.0,Super Ideal,E,VVS2,1.55,IGI,5880.0
2251,Hazel Diamonds,2,Round,1,1,0,13.56,1620.0,1045.16,1596.0,-63.0,3135.5894,18.0,18.0,Super Ideal,E,VVS2,1.55,IGI,5880.0
2251,Jane Brear,2,Round,1,1,0,10.92,1635.0,1054.84,1610.0,-63.0,3126.0007,18.0,18.0,Super Ideal,E,VVS2,1.55,IGI,5880.0
2251,Joan Cooper,2,Round,1,1,0,15.67,1639.0,1057.42,1614.0,-61.0,2996.9653,18.0,18.0,Super Ideal,E,VVS2,1.55,IGI,5880.0
2251,Marlowe & Co,2,Round,1,1,0,11.23,1655.0,1067.74,1630.0,-61.0,3042.8232,18.0,18.0,Super Ideal,E,VVS2,1.55,IGI,5880.0
2251,Michelle Kennedy,2,Round,1,1,0,14.06,1645.58,1061.66,1621.0,-62.0,3069.1064,18.0,18.0,Super Ideal,E,VVS2,1.55,IGI,5880.0
2251,Riley Stones,2,Round,1,1,0,15.87,1626.0,1049.03,1602.0,-63.0,3107.7078,18.0,18.0,Super Ideal,E,VVS2,1.55,IGI,5880.0
2251,Rosella,2,Round,1,1,0,10.19,1640.0,1058.06,1615.0,-61.0,3041.405,18.0,18.0,Super Ideal,E,VVS2,1.55,IGI,5880.0
2251,Serenade Diamonds,2,Round,1,1,0,14.1,1644.0,1060.65,1619.0,-61.0,3045.3132,18.0,18.0,Super Ideal,E,VVS2,1.55,IGI,5880.0
2251,Temperley,2,Round,1,1,0,16.18,1635.0,1054.84,1610.0,-63.0,3133.7688,18.0,18.0,Super Ideal,E,VVS2,1.55,IGI,5880.0
2251,United Diam,2,Round,1,1,0,13.33,1592.0,1027.1,1568.0,-62.0,3030.0549,18.0,18.0,Super Ideal,E,VVS2,1.55,IGI,5880.0
2251,Vespera Gems,2,Round,1,1,0,15.89,1617.0,1043.23,1593.0,-62.0,3055.1829,18.0,18.0,Super Ideal,E,VVS2,1.55,IGI,5880.0
2251,White Lily,2,Round,1,1,0,17.84,1617.0,1043.23,1593.0,-61.0,2991.4065,18.0,18.0,Super Ideal,E,VVS2,1.55,IGI,5880.0
2253,Diamonds by Zoya,2,Round,1,1,0,13.76,2670.0,1208.14,2630.0,-65.0,5449.144,18.0,18.0,Super Ideal,E,VS1,2.21,IGI,10330.0
2253,Eccles Diamonds,2,Round,1,1,0,11.91,2689.48,1216.96,2649.0,-64.0,5393.2124,18.0,18.0,Super Ideal,E,VS1,2.21,IGI,10330.0
2253,Emilia Sterling,2,Round,1,1,0,11.74,2637.0,1193.21,2597.0,-66.0,5507.2803,18.0,18.0,Super Ideal,E,VS1,2.21,IGI,10330.0
2253,Eternity Fine Jewelers,2,Round,1,1,0,15.56,2698.0,1220.81,2658.0,-64.0,5325.6738,18.0,18.0,Super Ideal,E,VS1,2.21,IGI,10330.0
2253,Hill & Holland,2,Round,1,1,0,13.18,2784.01,1259.73,2742.0,-63.0,5343.168,18.0,18.0,Super Ideal,E,VS1,2.21,IGI,10330.0
2253,I & M Designs,2,Round,1,1,0,12.44,2778.0,1257.01,2736.0,-64.0,5528.7256,18.0,18.0,Super Ideal,E,VS1,2.21,IGI,10330.0
2253,Jane Brear,2,Round,1,1,0,11.04,2717.0,1229.41,2676.0,-64.0,5332.519,18.0,18.0,Super Ideal,E,VS1,2.21,IGI,10330.0
2253,La Marquise,2,Round,1,1,0,18.45,2888.52,1307.02,2845.0,-62.0,5393.2124,18.0,18.0,Super Ideal,E,VS1,2.21,IGI,10330.0
2253,Lotus Creation,2,Round,1,1,0,13.27,2625.21,1187.88,2586.0,-65.0,5324.5,18.0,18.0,Super Ideal,E,VS1,2.21,IGI,10330.0
2253,Lyra Stones,2,Round,1,1,0,12.29,2677.54,1211.56,2637.0,-64.0,5361.2056,18.0,18.0,Super Ideal,E,VS1,2.21,IGI,10330.0
2253,Marlowe & Co,2,Round,1,1,0,10.9,2741.0,1240.27,2700.0,-64.0,5405.8267,18.0,18.0,Super Ideal,E,VS1,2.21,IGI,10330.0
2253,Michelle Kennedy,2,Round,1,1,0,13.34,2713.0,1227.6,2672.0,-65.0,5552.6309,18.0,18.0,Super Ideal,E,VS1,2.21,IGI,10330.0
2253,Oasis Diamonds,2,Round,1,1,0,11.01,2771.08,1253.88,2730.0,-63.0,5372.2383,18.0,18.0,Super Ideal,E,VS1,2.21,IGI,10330.0
2253,Periwinkle Stones,2,Round,1,1,0,17.1,2720.0,1230.77,2679.0,-65.0,5564.3613,18.0,18.0,Super Ideal,E,VS1,2.21,IGI,10330.0
2253,Starlit Stones,2,Round,1,1,0,66.85,2780.0,1257.92,2738.0,-63.0,5409.019,18.0,18.0,Super Ideal,E,VS1,2.21,IGI,10330.0
2253,Tamara,2,Round,1,1,0,14.71,2700.0,1221.72,2660.0,-65.0,5534.2095,18.0,18.0,Super Ideal,E,VS1,2.21,IGI,10330.0
2253,Temperley,2,Round,1,1,0,13.28,2753.0,1245.7,2712.0,-64.0,5525.2134,18.0,18.0,Super Ideal,E,VS1,2.21,IGI,10330.0
2253,White Lily,2,Round,1,1,0,17.13,2753.0,1245.7,2712.0,-63.0,5365.7998,18.0,18.0,Super Ideal,E,VS1,2.21,IGI,10330.0
2254,Albert's Creations,2,Pear,1,1,0,14.02,1272.0,831.37,1253.0,-59.0,2028.1552,15.0,15.0,Super Ideal,G,SI1,1.53,IGI,3700.0
2254,Emilia Sterling,2,Pear,1,1,0,11.61,1242.15,811.86,1224.0,-60.0,2015.8783,15.0,15.0,Super Ideal,G,SI1,1.53,IGI,3700.0
2254,Kasai,2,Pear,1,1,0,19.11,1256.68,821.36,1238.0,-59.0,2006.8463,15.0,15.0,Super Ideal,G,SI1,1.53,IGI,3700.0
2254,Lotus Creation,2,Pear,1,1,0,20.05,1247.94,815.65,1229.0,-59.0,1993.5084,15.0,15.0,Super Ideal,G,SI1,1.53,IGI,3700.0
2255,Albert's Creations,2,Princess,1,1,0,15.86,2861.0,1388.83,2818.0,-63.0,4951.9834,15.0,15.0,Super Ideal,E,VVS2,2.06,IGI,9650.0
2255,Avignon Diamonds,2,Princess,1,1,0,15.79,2852.98,1384.94,2810.0,-63.0,4929.3667,15.0,15.0,Super Ideal,E,VVS2,2.06,IGI,9650.0
2255,Diamonds by Zoya,2,Princess,1,1,0,10.61,2906.4,1410.87,2863.0,-63.0,4943.0483,15.0,15.0,Super Ideal,E,VVS2,2.06,IGI,9650.0
2255,Eternity Fine Jewelers,2,Princess,1,1,0,15.12,2889.48,1402.66,2846.0,-64.0,5044.8608,15.0,15.0,Super Ideal,E,VVS2,2.06,IGI,9650.0
2255,Genesis Stones,2,Princess,1,1,0,15.27,3029.0,1470.39,2984.0,-62.0,5061.666,15.0,15.0,Super Ideal,E,VVS2,2.06,IGI,9650.0
2255,Jane Brear,2,Princess,1,1,0,93.58,2894.0,1404.85,2851.0,-63.0,5029.7734,15.0,15.0,Super Ideal,E,VVS2,2.06,IGI,9650.0
2255,Meridian Crafts,2,Princess,1,1,0,12.4,2853.0,1384.95,2810.0,-63.0,4907.1753,15.0,15.0,Super Ideal,E,VVS2,2.06,IGI,9650.0
2255,Michelle Kennedy,2,Princess,1,1,0,16.25,2830.0,1373.79,2788.0,-64.0,4958.2402,15.0,15.0,Super Ideal,E,VVS2,2.06,IGI,9650.0
2255,Periwinkle Stones,2,Princess,1,1,0,11.03,2995.94,1454.34,2951.0,-62.0,4957.458,15.0,15.0,Super Ideal,E,VVS2,2.06,IGI,9650.0
2255,Roma Diamonds,2,Princess,1,1,0,13.62,2887.0,1401.46,2844.0,-64.0,5115.8423,15.0,15.0,Super Ideal,E,VVS2,2.06,IGI,9650.0
2255,Rosella,2,Princess,1,1,0,14.36,2773.0,1346.12,2731.0,-65.0,4961.814,15.0,15.0,Super Ideal,E,VVS2,2.06,IGI,9650.0
2255,Taiga Gems,2,Princess,1,1,0,10.61,2885.0,1400.49,2842.0,-64.0,5028.5562,15.0,15.0,Super Ideal,E,VVS2,2.06,IGI,9650.0
2255,Temperley,2,Princess,1,1,0,18.68,2880.0,1398.06,2837.0,-63.0,4914.9976,15.0,15.0,Super Ideal,E,VVS2,2.06,IGI,9650.0
2255,Vega Diamonds,2,Princess,1,1,0,14.46,2775.0,1347.09,2733.0,-64.0,4914.9976,15.0,15.0,Super Ideal,E,VVS2,2.06,IGI,9650.0
2255,White Lily,2,Princess,1,1,0,14.62,2873.25,1394.78,2830.0,-63.0,4943.5962,15.0,15.0,Super Ideal,E,VVS2,2.06,IGI,9650.0
2256,Camden Gems,2,Round,1,1,0,10.58,2635.0,1140.69,2595.0,-59.0,4632.7651,18.0,18.0,Ideal,F,VS1,2.31,IGI,10480.0
2256,Cirrus Gems,2,Round,1,1,0,94.67,2569.0,1112.12,2530.0,-61.0,4721.2754,18.0,18.0,Ideal,F,VS1,2.31,IGI,10480.0
2256,Eterna Luxe,2,Round,1,1,0,12.21,2656.0,1149.78,2616.0,-59.0,4650.52,18.0,18.0,Ideal,F,VS1,2.31,IGI,10480.0
2256,Jane Brear,2,Round,1,1,0,18.09,2718.34,1176.77,2678.0,-59.0,4744.0718,18.0,18.0,Ideal,F,VS1,2.31,IGI,10480.0
2256,Knox Diamonds,2,Round,1,1,0,10.49,2607.0,1128.57,2568.0,-59.0,4591.6182,18.0,18.0,Ideal,F,VS1,2.31,IGI,10480.0
2256,Michelle Kennedy,2,Round,1,1,0,13.51,2657.0,1150.22,2617.0,-60.0,4740.603,18.0,18.0,Ideal,F,VS1,2.31,IGI,10480.0
2256,Oasis Diamonds,2,Round,1,1,0,14.95,2728.0,1180.95,2687.0,-58.0,4678.8623,18.0,18.0,Ideal,F,VS1,2.31,IGI,10480.0
2256,Temperley,2,Round,1,1,0,15.01,2747.0,1189.18,2706.0,-59.0,4780.9717,18.0,18.0,Ideal,F,VS1,2.31,IGI,10480.0
2256,White Lily,2,Round,1,1,0,13.32,2682.0,1161.04,2642.0,-59.0,4636.6792,18.0,18.0,Ideal,F,VS1,2.31,IGI,10480.0
2257,Jane Brear,2,Round,1,1,0,10.89,1952.0,875.34,1923.0,-59.0,3389.655,18.0,18.0,Super Ideal,G,SI1,2.23,IGI,5790.0
2260,Albert's Creations,2,Round,1,1,0,10.9,305.0,442.03,300.0,-59.0,527.7631,18.0,18.0,Ideal,E,VS1,0.69,IGI,990.0
2260,Cirrus Gems,2,Round,2,2,0,13.73,340.7,493.77,336.0,-52.0,507.994,18.0,18.0,Ideal,E,VS1,0.69,IGI,990.0
2260,Hill & Holland,2,Round,1,1,0,13.94,352.23,510.48,347.0,-51.0,514.0201,18.0,18.0,Ideal,E,VS1,0.69,IGI,990.0
2260,Jane Brear,2,Round,1,1,0,13.81,341.66,495.16,337.0,-54.0,527.76,18.0,18.0,Ideal,E,VS1,0.69,IGI,990.0
2260,Marlowe & Co,2,Round,1,1,0,20.92,324.0,469.57,319.0,-55.0,515.2264,18.0,18.0,Ideal,E,VS1,0.69,IGI,990.0
2260,Michelle Kennedy,2,Round,1,1,0,20.09,334.0,484.06,329.0,-53.0,504.8825,18.0,18.0,Ideal,E,VS1,0.69,IGI,990.0
2260,Promenade Jewelry,2,Round,1,1,0,11.33,352.23,510.48,347.0,-52.0,520.8315,18.0,18.0,Ideal,E,VS1,0.69,IGI,990.0
2260,Sonata Gems,2,Round,1,1,0,17.25,310.0,449.28,305.0,-55.0,497.3566,18.0,18.0,Ideal,E,VS1,0.69,IGI,990.0
2260,Temperley,2,Round,1,1,0,12.88,365.16,529.22,360.0,-49.0,511.2304,18.0,18.0,Ideal,E,VS1,0.69,IGI,990.0
2262,Roma Diamonds,2,Round,1,1,0,41.81,825.0,825.0,813.0,-43.0,1043.8094,18.0,18.0,Ideal,F,SI1,1.0,IGI,1827.5
2262,Sonata Gems,2,Round,1,1,0,4.68,627.0,627.0,618.0,-57.0,1033.5203,18.0,18.0,Ideal,F,SI1,1.0,IGI,1827.5
2262,White Lily,2,Round,1,1,0,14.41,636.0,636.0,626.0,-57.0,1055.5365,18.0,18.0,Ideal,F,SI1,1.0,IGI,1827.5
2267,Albert's Creations,2,Oval,1,1,0,12.9,324.37,636.02,320.0,-26.0,294.9855,15.0,15.0,Super Ideal,D,SI1,0.51,IGI,615.0
2267,Promenade Jewelry,2,Oval,1,1,0,14.03,305.0,598.04,300.0,-30.0,293.4184,15.0,15.0,Super Ideal,D,SI1,0.51,IGI,615.0
2267,Silva Diamonds,2,Oval,2,2,0,12.39,315.0,617.65,310.0,-37.0,335.7534,15.0,15.0,Super Ideal,D,SI1,0.51,IGI,615.0
2267,Vega Diamonds,2,Oval,2,2,0,18.32,314.64,616.94,310.0,-30.0,303.6562,15.0,15.0,Super Ideal,D,SI1,0.51,IGI,615.0
2269,Adalyn Jewelry,2,Round,1,1,0,15.12,1414.89,943.26,1394.0,-62.0,2639.9622,18.0,18.0,Ideal,G,VVS2,1.5,IGI,4363.33
2269,Camden Gems,2,Round,1,1,0,13.02,1401.0,934.0,1380.0,-61.0,2592.3198,18.0,18.0,Ideal,G,VVS2,1.5,IGI,4363.33
2269,Cirrus Gems,2,Round,1,1,0,18.21,1398.5,932.33,1378.0,-62.0,2640.8623,18.0,18.0,Ideal,G,VVS2,1.5,IGI,4363.33
2269,Clermont Diamonds,2,Round,1,1,0,10.91,1404.94,936.63,1384.0,-60.0,2536.8093,18.0,18.0,Ideal,G,VVS2,1.5,IGI,4363.33
2269,Ember Star,2,Round,1,1,0,14.77,1403.0,935.33,1382.0,-61.0,2594.666,18.0,18.0,Ideal,G,VVS2,1.5,IGI,4363.33
2269,Iris Diamonds,2,Round,1,1,0,93.14,1402.0,934.67,1381.0,-62.0,2623.4336,18.0,18.0,Ideal,G,VVS2,1.5,IGI,4363.33
2269,Jane Brear,2,Round,1,1,0,14.09,1428.0,952.0,1407.0,-60.0,2561.6411,18.0,18.0,Ideal,G,VVS2,1.5,IGI,4363.33
2269,Michelle Kennedy,2,Round,1,1,0,11.62,1395.0,930.0,1374.0,-61.0,2591.7651,18.0,18.0,Ideal,G,VVS2,1.5,IGI,4363.33
2269,Nova Stars,2,Round,1,1,0,14.01,1397.0,931.33,1376.0,-62.0,2646.1606,18.0,18.0,Ideal,G,VVS2,1.5,IGI,4363.33
2269,Starlight Crafts,2,Round,1,1,0,12.65,1396.0,930.67,1375.0,-62.0,2619.335,18.0,18.0,Ideal,G,VVS2,1.5,IGI,4363.33
2269,Taiga Gems,2,Round,1,1,0,10.98,1402.0,934.67,1381.0,-60.0,2535.0127,18.0,18.0,Ideal,G,VVS2,1.5,IGI,4363.33
2269,Tamara,2,Round,1,1,0,16.88,1452.7,968.47,1431.0,-60.0,2619.7334,18.0,18.0,Ideal,G,VVS2,1.5,IGI,4363.33
2269,Temperley,2,Round,1,1,0,13.8,1446.73,964.49,1425.0,-61.0,2643.3545,18.0,18.0,Ideal,G,VVS2,1.5,IGI,4363.33
2269,White Lily,2,Round,1,1,0,12.67,1477.0,984.67,1455.0,-60.0,2631.2156,18.0,18.0,Ideal,G,VVS2,1.5,IGI,4363.33
2270,Albert's Creations,2,Oval,1,1,0,14.29,1898.0,1109.94,1870.0,-46.0,2361.9373,15.0,15.0,Super Ideal,F,VS2,1.71,IGI,5020.0
2270,Genesis Stones,2,Oval,1,1,0,18.92,2020.0,1181.29,1990.0,-43.0,2390.271,15.0,15.0,Super Ideal,F,VS2,1.71,IGI,5020.0
2270,Mei & Co,2,Oval,1,1,0,18.44,1873.0,1095.32,1845.0,-48.0,2429.1672,15.0,15.0,Super Ideal,F,VS2,1.71,IGI,5020.0
2270,N. B. Diamonds,2,Oval,1,1,0,20.63,1877.22,1097.79,1849.0,-47.0,2401.8081,15.0,15.0,Super Ideal,F,VS2,1.71,IGI,5020.0
2270,Temperley,2,Oval,1,1,0,18.25,1893.0,1107.02,1865.0,-47.0,2395.198,15.0,15.0,Super Ideal,F,VS2,1.71,IGI,5020.0
2272,Taiga Gems,2,Round,1,1,0,25.98,860.0,589.04,847.0,-45.0,1127.6493,18.0,18.0,Super Ideal,I,VS2,1.46,IGI,2410.0
2275,Diamonds by Zoya,2,Oval,1,1,0,12.59,2387.0,954.8,2351.0,-62.0,4178.4844,14.0,15.0,Very Good,H,VS1,2.5,IGI,7545.0
2275,Taiga Gems,2,Oval,1,1,0,16.95,2441.0,976.4,2404.0,-62.0,4323.6104,15.0,15.0,Very Good,H,VS1,2.5,IGI,7545.0
2275,Temperley,2,Oval,1,1,0,17.11,3881.93,1552.77,3824.0,-38.0,4206.1206,14.0,15.0,Very Good,H,VS1,2.5,IGI,7545.0
2277,Mei & Co,2,Round,1,1,0,23.04,329.34,567.83,324.0,-57.0,554.5963,17.0,18.0,Very Good,D,VS1,0.58,IGI,930.0
2277,Michelle Kennedy,2,Round,2,3,0,14.77,352.0,606.9,347.0,-56.0,574.1005,15.0,18.0,Very Good,D,VS1,0.58,IGI,930.0
2277,Rosella,2,Round,2,2,0,11.71,322.0,555.17,317.0,-58.0,550.9581,16.0,18.0,Very Good,D,VS1,0.58,IGI,930.0
2277,Temperley,2,Round,2,2,0,23.76,345.26,595.28,340.0,-57.0,573.1385,17.0,18.0,Very Good,D,VS1,0.58,IGI,930.0
2277,Thalassa Gems,2,Round,3,2,0,23.85,319.4,550.69,315.0,-60.0,570.6996,15.0,18.0,Very Good,D,VS1,0.58,IGI,930.0
2280,Cirrus Gems,2,Round,1,1,0,22.23,760.0,644.07,749.0,-53.0,1152.2007,18.0,18.0,Ideal,H,VS1,1.18,IGI,2242.0
2280,Sunset Gems,2,Round,1,1,0,18.48,761.0,644.92,750.0,-55.0,1213.5571,18.0,18.0,Ideal,H,VS1,1.18,IGI,2242.0
2286,Jane Brear,2,Round,1,1,0,14.2,813.91,739.92,802.0,-52.0,1225.6021,18.0,18.0,Super Ideal,G,VS2,1.1,IGI,2275.0
2286,Meridian Crafts,2,Round,1,1,0,14.93,729.0,662.73,718.0,-58.0,1246.4061,18.0,18.0,Super Ideal,G,VS2,1.1,IGI,2275.0
2286,Nova Stars,2,Round,1,1,0,11.32,695.0,631.82,685.0,-58.0,1174.653,18.0,18.0,Super Ideal,G,VS2,1.1,IGI,2275.0
2286,Roma Diamonds,2,Round,1,1,0,46.43,706.0,641.82,695.0,-60.0,1253.2139,18.0,18.0,Super Ideal,G,VS2,1.1,IGI,2275.0
2286,Taiga Gems,2,Round,1,1,0,14.95,689.0,626.36,679.0,-59.0,1212.0128,18.0,18.0,Super Ideal,G,VS2,1.1,IGI,2275.0
2286,White Lily,2,Round,1,1,0,21.51,769.0,699.09,757.0,-55.0,1235.2677,18.0,18.0,Super Ideal,G,VS2,1.1,IGI,2275.0
2288,Albert's Creations,2,Round,1,1,0,12.41,684.0,670.59,674.0,-55.0,1087.5803,18.0,18.0,Super Ideal,E,SI1,1.02,IGI,1973.33
2288,Fabiola,2,Round,1,1,0,13.65,670.0,656.86,660.0,-56.0,1086.0387,18.0,18.0,Super Ideal,E,SI1,1.02,IGI,1973.33
2288,Jane Brear,2,Round,1,1,0,14.93,696.0,682.35,686.0,-54.0,1074.2136,18.0,18.0,Super Ideal,E,SI1,1.02,IGI,1973.33
2288,Marlowe & Co,2,Round,1,1,0,13.88,679.0,665.69,669.0,-54.0,1065.215,18.0,18.0,Super Ideal,E,SI1,1.02,IGI,1973.33
2288,Michelle Kennedy,2,Round,1,1,0,10.89,696.0,682.35,686.0,-55.0,1098.8018,18.0,18.0,Super Ideal,E,SI1,1.02,IGI,1973.33
2288,Periwinkle Stones,2,Round,1,1,0,15.09,689.0,675.49,679.0,-55.0,1084.5184,18.0,18.0,Super Ideal,E,SI1,1.02,IGI,1973.33
2288,Roma Diamonds,2,Round,1,1,0,38.69,879.0,861.76,866.0,-43.0,1112.0375,18.0,18.0,Super Ideal,E,SI1,1.02,IGI,1973.33
2288,Taiga Gems,2,Round,1,1,0,10.69,681.0,667.65,671.0,-51.0,989.2627,18.0,18.0,Super Ideal,E,SI1,1.02,IGI,1973.33
2288,Temperley,2,Round,1,1,0,12.72,696.5,682.84,686.0,-53.0,1054.4438,18.0,18.0,Super Ideal,E,SI1,1.02,IGI,1973.33
2288,Thalassa Gems,2,Round,1,1,0,11.78,671.62,658.45,662.0,-56.0,1085.9697,18.0,18.0,Super Ideal,E,SI1,1.02,IGI,1973.33
2288,White Lily,2,Round,1,1,0,10.14,705.46,691.63,695.0,-54.0,1089.3954,18.0,18.0,Super Ideal,E,SI1,1.02,IGI,1973.33
2294,Jane Brear,2,Pear,1,1,0,14.06,789.04,773.57,777.0,-63.0,1385.6547,14.0,15.0,Very Good,F,VS2,1.02,IGI,1990.0
2294,Michelle Kennedy,2,Pear,1,1,0,16.02,921.0,902.94,907.0,-56.0,1359.2737,15.0,15.0,Very Good,F,VS2,1.02,IGI,1990.0
2294,Serene Peaks Diamonds,2,Pear,1,1,0,17.38,770.0,754.9,758.0,-63.0,1357.1631,15.0,15.0,Very Good,F,VS2,1.02,IGI,1990.0
2295,55 E Diamonds,2,Oval,1,2,0,17.9,4433.0,1472.76,4367.0,-63.0,8029.8799,14.0,15.0,Very Good,G,VS1,3.01,IGI,15640.0
2295,Hoseki,2,Oval,1,1,0,16.99,4320.0,1435.22,4255.0,-64.0,8140.835,15.0,15.0,Very Good,G,VS1,3.01,IGI,15640.0
2295,Jane Brear,2,Oval,1,1,0,10.91,4259.0,1414.95,4195.0,-64.0,8061.5864,15.0,15.0,Very Good,G,VS1,3.01,IGI,15640.0
2295,Kaylin Crafts,2,Oval,1,1,0,11.88,4102.0,1362.79,4040.0,-66.0,8050.0293,14.0,15.0,Very Good,G,VS1,3.01,IGI,15640.0
2295,Michelle Kennedy,2,Oval,1,1,0,13.09,4259.0,1414.95,4195.0,-64.0,8047.4155,14.0,15.0,Very Good,G,VS1,3.01,IGI,15640.0
2295,Serene Peaks Diamonds,2,Oval,1,1,0,10.9,4267.0,1417.61,4203.0,-64.0,8013.0288,15.0,15.0,Very Good,G,VS1,3.01,IGI,15640.0
2295,Sunset Gems,2,Oval,1,1,0,16.53,4193.0,1393.02,4130.0,-66.0,8196.6299,15.0,15.0,Very Good,G,VS1,3.01,IGI,15640.0
2295,Temperley,2,Oval,1,1,0,11.83,4362.0,1449.17,4297.0,-63.0,8031.5073,15.0,15.0,Very Good,G,VS1,3.01,IGI,15640.0
2295,The Diamond Source,2,Oval,1,1,0,14.71,4261.0,1415.61,4197.0,-64.0,8041.2578,15.0,15.0,Very Good,G,VS1,3.01,IGI,15640.0
2295,White Lily,2,Oval,1,1,0,12.78,4326.0,1437.21,4261.0,-64.0,8030.5083,14.0,15.0,Very Good,G,VS1,3.01,IGI,15640.0
2296,Camden Gems,2,Round,1,1,0,12.01,2260.0,1056.07,2226.0,-60.0,4024.3308,18.0,18.0,Super Ideal,F,VS1,2.14,IGI,8596.0
2296,Cascade Diamonds,2,Round,1,1,0,15.47,2256.0,1054.21,2222.0,-61.0,4130.4399,18.0,18.0,Super Ideal,F,VS1,2.14,IGI,8596.0
2296,Eternity Fine Jewelers,2,Round,1,1,0,16.68,2275.0,1063.08,2241.0,-59.0,4013.3704,18.0,18.0,Super Ideal,F,VS1,2.14,IGI,8596.0
2296,Jane Brear,2,Round,1,1,0,11.95,2375.06,1109.84,2339.0,-58.0,4021.2642,18.0,18.0,Super Ideal,F,VS1,2.14,IGI,8596.0
2296,Marlowe & Co,2,Round,1,1,0,18.8,2325.0,1086.45,2290.0,-58.0,3989.6787,18.0,18.0,Super Ideal,F,VS1,2.14,IGI,8596.0
2296,Michelle Kennedy,2,Round,1,1,0,16.37,2263.0,1057.48,2229.0,-59.0,3993.8337,18.0,18.0,Super Ideal,F,VS1,2.14,IGI,8596.0
2296,Taiga Gems,2,Round,1,1,0,11.2,2231.0,1042.52,2198.0,-62.0,4162.8931,18.0,18.0,Super Ideal,F,VS1,2.14,IGI,8596.0
2296,Temperley,2,Round,1,1,0,13.95,2290.0,1070.09,2256.0,-60.0,4081.5564,18.0,18.0,Super Ideal,F,VS1,2.14,IGI,8596.0
2296,White Lily,2,Round,1,1,0,16.7,2660.92,1243.42,2621.0,-53.0,4078.5867,18.0,18.0,Super Ideal,F,VS1,2.14,IGI,8596.0
2300,Taiga Gems,2,Marquise,1,1,0,12.6,1258.68,812.05,1240.0,-64.0,2220.6973,15.0,15.0,Super Ideal,H,VS1,1.55,IGI,3770.0
2300,White Lily,2,Marquise,1,2,0,12.09,1354.2,873.68,1334.0,-58.0,2054.5212,15.0,15.0,Super Ideal,H,VS1,1.55,IGI,3770.0
2307,Cornerstone,2,Oval,1,1,0,11.56,2668.0,1301.46,2628.0,-61.0,4599.6406,15.0,15.0,Very Good,F,VVS2,2.05,IGI,8150.0
2307,Jane Brear,2,Oval,1,1,0,10.99,2644.0,1289.76,2604.0,-62.0,4715.8008,15.0,15.0,Very Good,F,VVS2,2.05,IGI,8150.0
2307,Michelle Kennedy,2,Oval,1,1,0,12.71,2647.0,1291.22,2607.0,-62.0,4732.9346,15.0,15.0,Very Good,F,VVS2,2.05,IGI,8150.0
2307,Taiga Gems,2,Oval,1,1,0,14.25,2558.0,1247.8,2520.0,-62.0,4590.6211,15.0,15.0,Very Good,F,VVS2,2.05,IGI,8150.0
2308,Michelle Kennedy,2,Round,1,1,0,18.57,2252.68,950.5,2219.0,-59.0,3898.949,18.0,18.0,Ideal,G,VS2,2.37,IGI,8000.0
2313,Michelle Kennedy,2,Round,1,1,0,12.14,712.0,691.26,701.0,-55.0,1132.1688,18.0,18.0,Ideal,I,VVS2,1.03,IGI,1733.75
2313,Taiga Gems,2,Round,1,1,0,22.96,695.5,675.24,685.0,-58.0,1172.9296,17.0,18.0,Ideal,I,VVS2,1.03,IGI,1733.75
2313,White Lily,2,Round,1,1,0,22.47,1224.78,1189.11,1206.0,-27.0,1198.2605,18.0,18.0,Ideal,I,VVS2,1.03,IGI,1733.75
2315,Diamonds by Zoya,2,Oval,2,2,0,83.36,320.39,533.98,316.0,-60.0,535.3262,15.0,15.0,Very Good,E,VS1,0.6,IGI,770.0
2315,Jane Brear,2,Oval,1,2,0,11.73,370.0,616.67,364.0,-43.0,438.9388,15.0,15.0,Very Good,E,VS1,0.6,IGI,770.0
2315,Rosella,2,Oval,2,2,0,14.25,305.95,509.92,301.0,-57.0,483.9786,14.0,15.0,Very Good,E,VS1,0.6,IGI,770.0
2315,Vega Diamonds,2,Oval,2,1,0,23.37,314.64,524.4,310.0,-48.0,404.195,15.0,15.0,Very Good,E,VS1,0.6,IGI,770.0
2316,Leann’s Diamonds,2,Oval,1,1,0,16.92,2455.0,1348.9,2418.0,-52.0,3460.4968,14.0,15.0,Very Good,D,VS2,1.82,IGI,5880.0
2316,Taiga Gems,2,Oval,1,1,0,13.04,2208.0,1213.19,2175.0,-56.0,3375.8145,15.0,15.0,Very Good,D,VS2,1.82,IGI,5880.0
2324,Temperley,2,Round,1,1,0,14.5,343.0,623.64,338.0,-51.0,505.5713,18.0,18.0,Ideal,G,VVS2,0.55,IGI,790.0
2326,Jane Brear,2,Round,1,1,0,13.26,1892.49,1146.96,1864.0,-11.0,1516.5007,18.0,18.0,Super Ideal,I,SI1,1.65,IGI,2850.0
2326,White Lily,2,Round,1,1,0,15.88,1056.0,640.0,1040.0,-51.0,1538.5869,18.0,18.0,Super Ideal,I,SI1,1.65,IGI,2850.0
2327,Albert's Creations,2,Round,1,1,0,11.15,1396.0,883.54,1375.0,-60.0,2485.8391,18.0,18.0,Ideal,E,VS1,1.58,IGI,5240.0
2327,Bayside Gems,2,Round,1,1,0,17.54,1357.0,858.86,1337.0,-60.0,2458.385,18.0,18.0,Ideal,E,VS1,1.58,IGI,5240.0
2327,Camden Gems,2,Round,1,1,0,14.45,1385.0,876.58,1364.0,-59.0,2419.2822,18.0,18.0,Ideal,E,VS1,1.58,IGI,5240.0
2327,Clermont Diamonds,2,Round,1,1,0,12.45,1406.0,889.87,1385.0,-58.0,2393.9277,18.0,18.0,Ideal,E,VS1,1.58,IGI,5240.0
2327,Emilia Sterling,2,Round,1,1,0,11.22,1362.0,862.03,1342.0,-59.0,2372.8442,18.0,18.0,Ideal,E,VS1,1.58,IGI,5240.0
2327,Eternity Fine Jewelers,2,Round,1,1,0,13.89,1402.0,887.34,1381.0,-58.0,2405.8037,18.0,18.0,Ideal,E,VS1,1.58,IGI,5240.0
2327,Hazel Diamonds,2,Round,1,1,0,12.76,1375.0,870.25,1354.0,-59.0,2419.6934,18.0,18.0,Ideal,E,VS1,1.58,IGI,5240.0
2327,Jane Brear,2,Round,1,1,0,17.02,1377.0,871.52,1356.0,-60.0,2470.9297,18.0,18.0,Ideal,E,VS1,1.58,IGI,5240.0
2327,Komorebi Diamonds,2,Round,1,1,0,10.88,1389.0,879.11,1368.0,-58.0,2385.4531,18.0,18.0,Ideal,E,VS1,1.58,IGI,5240.0
2327,Michelle Kennedy,2,Round,1,1,0,16.89,1377.0,871.52,1356.0,-60.0,2447.3799,18.0,18.0,Ideal,E,VS1,1.58,IGI,5240.0
2327,Rosella,2,Round,1,1,0,11.98,1388.0,878.48,1367.0,-59.0,2452.0017,18.0,18.0,Ideal,E,VS1,1.58,IGI,5240.0
2327,Silva Diamonds,2,Round,1,1,0,14.3,1389.0,879.11,1368.0,-60.0,2480.4126,18.0,18.0,Ideal,E,VS1,1.58,IGI,5240.0
2327,Starlight Crafts,2,Round,1,1,0,14.71,1385.0,876.58,1364.0,-60.0,2491.8567,18.0,18.0,Ideal,E,VS1,1.58,IGI,5240.0
2327,Taiga Gems,2,Round,1,1,0,14.63,1385.0,876.58,1364.0,-59.0,2400.4219,18.0,18.0,Ideal,E,VS1,1.58,IGI,5240.0
2327,Temperley,2,Round,1,1,0,11.6,1377.0,871.52,1356.0,-59.0,2415.8203,18.0,18.0,Ideal,E,VS1,1.58,IGI,5240.0
2327,Thalassa Gems,2,Round,1,1,0,14.47,1393.0,881.65,1372.0,-58.0,2362.1069,18.0,18.0,Ideal,E,VS1,1.58,IGI,5240.0
2327,The Diamond Source,2,Round,1,1,0,10.55,1389.0,879.11,1368.0,-59.0,2436.8132,18.0,18.0,Ideal,E,VS1,1.58,IGI,5240.0
2327,Vega Diamonds,2,Round,1,1,0,14.61,1354.0,856.96,1334.0,-61.0,2505.1987,18.0,18.0,Ideal,E,VS1,1.58,IGI,5240.0
2330,Jane Brear,2,Round,1,1,0,12.69,383.08,539.55,377.0,-40.0,456.7507,18.0,18.0,Ideal,H,VS2,0.71,IGI,950.0
2333,Cirrus Gems,2,Emerald,1,2,0,21.51,804.94,789.16,793.0,-68.0,1598.5773,15.0,15.0,Very Good,G,VVS2,1.02,IGI,2160.0
2333,Westport Jewelry,2,Emerald,1,1,0,15.04,799.0,783.33,787.0,-66.0,1517.1702,14.0,15.0,Very Good,G,VVS2,1.02,IGI,2160.0
2335,Bayside Gems,2,Round,1,1,0,16.11,1115.71,1014.28,1099.0,-63.0,2147.3198,18.0,18.0,Super Ideal,E,VVS1,1.1,IGI,3800.0
2335,Camden Gems,2,Round,1,1,0,10.85,1146.24,1042.04,1129.0,-60.0,2048.313,18.0,18.0,Super Ideal,E,VVS1,1.1,IGI,3800.0
2335,Clermont Diamonds,2,Round,1,1,0,10.94,1158.0,1052.73,1141.0,-59.0,2030.9016,18.0,18.0,Super Ideal,E,VVS1,1.1,IGI,3800.0
2335,Ember Star,2,Round,1,1,0,13.96,1110.0,1009.09,1093.0,-61.0,2036.567,18.0,18.0,Super Ideal,E,VVS1,1.1,IGI,3800.0
2335,Eternity Fine Jewelers,2,Round,1,1,0,15.48,1152.21,1047.46,1135.0,-61.0,2095.7307,18.0,18.0,Super Ideal,E,VVS1,1.1,IGI,3800.0
2335,Fiona Clément,2,Round,1,1,0,14.64,1153.2,1048.36,1136.0,-61.0,2090.6821,18.0,18.0,Super Ideal,E,VVS1,1.1,IGI,3800.0
2335,Hoseki,2,Round,1,1,0,17.89,1164.15,1058.32,1147.0,-61.0,2133.5203,18.0,18.0,Super Ideal,E,VVS1,1.1,IGI,3800.0
2335,Iris Diamonds,2,Round,1,1,0,16.69,1140.0,1036.36,1123.0,-61.0,2090.8022,18.0,18.0,Super Ideal,E,VVS1,1.1,IGI,3800.0
2335,KIYO,2,Round,1,1,0,16.83,1142.74,1038.85,1126.0,-61.0,2074.4648,18.0,18.0,Super Ideal,E,VVS1,1.1,IGI,3800.0
2335,Kenmare Diamonds,2,Round,1,1,0,16.96,1145.24,1041.13,1128.0,-60.0,2032.6943,18.0,18.0,Super Ideal,E,VVS1,1.1,IGI,3800.0
2335,Knox Diamonds,2,Round,1,1,0,13.43,1143.26,1039.33,1126.0,-60.0,2038.0548,18.0,18.0,Super Ideal,E,VVS1,1.1,IGI,3800.0
2335,Marlowe & Co,2,Round,1,1,0,15.45,1159.0,1053.64,1142.0,-60.0,2084.9485,18.0,18.0,Super Ideal,E,VVS1,1.1,IGI,3800.0
2335,Riviera Jewels,2,Round,1,1,0,14.19,1146.24,1042.04,1129.0,-61.0,2078.1206,18.0,18.0,Super Ideal,E,VVS1,1.1,IGI,3800.0
2335,Roma Diamonds,2,Round,1,1,0,14.12,1144.0,1040.0,1127.0,-61.0,2117.5974,18.0,18.0,Super Ideal,E,VVS1,1.1,IGI,3800.0
2335,Rosella,2,Round,1,1,0,12.21,1162.0,1056.36,1145.0,-60.0,2103.0366,18.0,18.0,Super Ideal,E,VVS1,1.1,IGI,3800.0
2335,Silva Diamonds,2,Round,1,1,0,14.49,1138.0,1034.55,1121.0,-60.0,2045.4962,18.0,18.0,Super Ideal,E,VVS1,1.1,IGI,3800.0
2335,Starlight Crafts,2,Round,1,1,0,12.33,1138.0,1034.55,1121.0,-61.0,2066.1699,18.0,18.0,Super Ideal,E,VVS1,1.1,IGI,3800.0
2335,Summit Gems,2,Round,1,1,0,14.95,1146.24,1042.04,1129.0,-61.0,2110.1355,18.0,18.0,Super Ideal,E,VVS1,1.1,IGI,3800.0
2335,Taiga Gems,2,Round,1,1,0,16.99,1143.0,1039.09,1126.0,-61.0,2120.6794,18.0,18.0,Super Ideal,E,VVS1,1.1,IGI,3800.0
2335,Tamara,2,Round,1,1,0,13.95,1160.17,1054.7,1143.0,-60.0,2081.1042,18.0,18.0,Super Ideal,E,VVS1,1.1,IGI,3800.0
2335,Temperley,2,Round,1,1,0,13.46,1151.0,1046.36,1134.0,-61.0,2118.4272,18.0,18.0,Super Ideal,E,VVS1,1.1,IGI,3800.0
2335,Thalassa Gems,2,Round,1,1,0,11.11,1160.0,1054.55,1143.0,-60.0,2052.3838,18.0,18.0,Super Ideal,E,VVS1,1.1,IGI,3800.0
2348,Cirrus Gems,2,Round,1,2,0,16.91,736.41,645.97,725.0,-60.0,1303.0084,18.0,18.0,Super Ideal,E,VS2,1.14,IGI,2345.0
2348,Jane Brear,2,Round,1,1,0,17.53,777.0,681.58,765.0,-56.0,1258.3276,18.0,18.0,Super Ideal,E,VS2,1.14,IGI,2345.0
2348,Marlowe & Co,2,Round,1,1,0,10.65,756.0,663.16,745.0,-58.0,1290.0022,18.0,18.0,Super Ideal,E,VS2,1.14,IGI,2345.0
2348,Michelle Kennedy,2,Round,1,1,0,13.81,763.0,669.3,752.0,-55.0,1215.6854,18.0,18.0,Super Ideal,E,VS2,1.14,IGI,2345.0
2348,Temperley,2,Round,1,1,0,13.98,761.0,667.54,750.0,-59.0,1314.7689,18.0,18.0,Super Ideal,E,VS2,1.14,IGI,2345.0
2348,White Lily,2,Round,1,1,0,17.53,777.0,681.58,765.0,-58.0,1317.2725,18.0,18.0,Super Ideal,E,VS2,1.14,IGI,2345.0
2352,Clermont Diamonds,2,Princess,1,1,0,20.93,2236.0,1101.48,2202.0,-63.0,3871.1196,15.0,15.0,Super Ideal,E,VS2,2.03,IGI,6980.0
2352,Jane Brear,2,Princess,1,1,0,21.49,2308.0,1136.95,2273.0,-62.0,3866.0149,15.0,15.0,Super Ideal,E,VS2,2.03,IGI,6980.0
2352,La Marquise,2,Princess,1,1,0,22.84,2433.14,1198.59,2397.0,-60.0,3862.5403,15.0,15.0,Super Ideal,E,VS2,2.03,IGI,6980.0
2352,Mei & Co,2,Princess,2,2,0,18.65,2227.0,1097.04,2194.0,-63.0,3862.8257,15.0,15.0,Super Ideal,E,VS2,2.03,IGI,6980.0
2352,Michelle Kennedy,2,Princess,1,1,0,18.97,2308.0,1136.95,2273.0,-63.0,3964.8149,15.0,15.0,Super Ideal,E,VS2,2.03,IGI,6980.0
2352,Rosella,2,Princess,1,1,0,14.19,2166.0,1067.0,2134.0,-65.0,3939.8704,15.0,15.0,Super Ideal,E,VS2,2.03,IGI,6980.0
2352,Temperley,2,Princess,1,1,0,21.28,2308.0,1136.95,2273.0,-63.0,3939.6824,15.0,15.0,Super Ideal,E,VS2,2.03,IGI,6980.0
2352,Vega Diamonds,2,Princess,1,1,0,14.29,2180.0,1073.89,2147.0,-65.0,3903.8906,15.0,15.0,Super Ideal,E,VS2,2.03,IGI,6980.0
2352,White Lily,2,Princess,1,1,0,17.15,2856.0,1406.9,2813.0,-53.0,3871.1196,15.0,15.0,Super Ideal,E,VS2,2.03,IGI,6980.0
2359,Century Stones,2,Round,1,1,0,19.24,1528.0,985.81,1505.0,-55.0,2406.4961,18.0,18.0,Ideal,G,VS1,1.55,IGI,4168.33
2359,Clermont Diamonds,2,Round,1,1,0,13.39,1315.0,848.39,1295.0,-61.0,2425.3359,18.0,18.0,Ideal,G,VS1,1.55,IGI,4168.33
2359,Ember Star,2,Round,1,1,0,11.66,1311.0,845.81,1291.0,-60.0,2328.9031,18.0,18.0,Ideal,G,VS1,1.55,IGI,4168.33
2359,Jane Brear,2,Round,1,1,0,23.76,1377.0,888.39,1356.0,-59.0,2405.3179,18.0,18.0,Ideal,G,VS1,1.55,IGI,4168.33
2359,Marlowe & Co,2,Round,1,1,0,14.94,1325.0,854.84,1305.0,-61.0,2422.0171,18.0,18.0,Ideal,G,VS1,1.55,IGI,4168.33
2359,Michelle Kennedy,2,Round,1,1,0,13.82,1340.0,864.52,1320.0,-59.0,2335.6665,18.0,18.0,Ideal,G,VS1,1.55,IGI,4168.33
2359,Nova Stars,2,Round,1,1,0,11.28,1300.0,838.71,1280.0,-61.0,2385.9363,18.0,18.0,Ideal,G,VS1,1.55,IGI,4168.33
2359,Rosella,2,Round,1,1,0,13.45,1279.0,825.16,1260.0,-62.0,2405.0315,18.0,18.0,Ideal,G,VS1,1.55,IGI,4168.33
2359,Serene Peaks Diamonds,2,Round,1,1,0,13.26,1333.0,860.0,1313.0,-60.0,2385.1284,18.0,18.0,Ideal,G,VS1,1.55,IGI,4168.33
2359,Temperley,2,Round,1,1,0,17.65,1345.0,867.74,1325.0,-60.0,2390.7781,18.0,18.0,Ideal,G,VS1,1.55,IGI,4168.33
2359,White Lily,2,Round,1,1,0,12.21,1333.0,860.0,1313.0,-61.0,2418.3882,18.0,18.0,Ideal,G,VS1,1.55,IGI,4168.33
2360,Avignon Diamonds,2,Round,1,1,0,10.74,716.0,688.46,705.0,-67.0,1574.8551,18.0,18.0,Super Ideal,D,VS2,1.04,IGI,2300.0
2360,Camden Gems,2,Round,1,1,0,12.29,688.0,661.54,678.0,-68.0,1542.5338,18.0,18.0,Super Ideal,D,VS2,1.04,IGI,2300.0
2360,Emilia Sterling,2,Round,1,1,0,12.62,685.0,658.65,675.0,-69.0,1584.7601,18.0,18.0,Super Ideal,D,VS2,1.04,IGI,2300.0
2360,Hoseki,2,Round,1,1,0,12.19,714.41,686.93,704.0,-68.0,1598.1354,18.0,18.0,Super Ideal,D,VS2,1.04,IGI,2300.0
2360,Jane Brear,2,Round,1,1,0,13.75,713.0,685.58,702.0,-67.0,1524.5562,18.0,18.0,Super Ideal,D,VS2,1.04,IGI,2300.0
2360,Knox Diamonds,2,Round,1,1,0,10.92,683.0,656.73,673.0,-68.0,1537.9768,18.0,18.0,Super Ideal,D,VS2,1.04,IGI,2300.0
2360,Magnolia,2,Round,2,1,0,11.17,691.52,664.92,681.0,-67.0,1508.9572,18.0,18.0,Super Ideal,D,VS2,1.04,IGI,2300.0
2360,Marlowe & Co,2,Round,1,1,0,12.98,704.0,676.92,693.0,-68.0,1550.8577,18.0,18.0,Super Ideal,D,VS2,1.04,IGI,2300.0
2360,Michelle Kennedy,2,Round,1,1,0,14.4,708.0,680.77,697.0,-68.0,1567.4891,18.0,18.0,Super Ideal,D,VS2,1.04,IGI,2300.0
2360,Roma Diamonds,2,Round,1,1,0,53.33,691.0,664.42,681.0,-67.0,1503.917,18.0,18.0,Super Ideal,D,VS2,1.04,IGI,2300.0
2360,Taiga Gems,2,Round,1,1,0,14.73,712.0,684.62,701.0,-66.0,1511.4534,18.0,18.0,Super Ideal,D,VS2,1.04,IGI,2300.0
2360,Temperley,2,Round,1,1,0,15.12,710.0,682.69,699.0,-67.0,1558.1655,18.0,18.0,Super Ideal,D,VS2,1.04,IGI,2300.0
2360,Thalassa Gems,2,Round,1,1,0,13.12,694.51,667.8,684.0,-68.0,1554.0138,18.0,18.0,Super Ideal,D,VS2,1.04,IGI,2300.0
2360,White Lily,2,Round,1,1,0,92.85,709.0,681.73,698.0,-67.0,1539.5923,18.0,18.0,Super Ideal,D,VS2,1.04,IGI,2300.0
2364,Avignon Diamonds,2,Oval,1,1,0,17.11,4398.0,1759.2,4332.0,-62.0,7840.9429,15.0,15.0,Super Ideal,E,VVS1,2.5,IGI,13480.0
2364,Temperley,2,Oval,1,1,0,13.11,4532.0,1812.8,4464.0,-61.0,7873.0503,15.0,15.0,Super Ideal,E,VVS1,2.5,IGI,13480.0
2371,Albert's Creations,2,Round,1,1,0,11.87,1085.0,803.7,1069.0,-60.0,1923.5115,18.0,18.0,Super Ideal,D,VS1,1.35,IGI,4180.0
2371,Bayside Gems,2,Round,1,1,0,19.48,1102.46,816.64,1086.0,-59.0,1908.6265,18.0,18.0,Super Ideal,D,VS1,1.35,IGI,4180.0
2371,Camden Gems,2,Round,1,1,0,20.13,1077.0,797.78,1061.0,-60.0,1908.5654,18.0,18.0,Super Ideal,D,VS1,1.35,IGI,4180.0
2371,Cornerstone,2,Round,1,1,0,21.61,1123.43,832.17,1107.0,-59.0,1942.3295,18.0,18.0,Super Ideal,D,VS1,1.35,IGI,4180.0
2371,Ember Star,2,Round,1,1,0,23.13,1081.0,800.74,1065.0,-60.0,1913.9116,18.0,18.0,Super Ideal,D,VS1,1.35,IGI,4180.0
2371,Emilia Sterling,2,Round,1,1,0,13.72,1057.0,782.96,1041.0,-60.0,1902.5286,18.0,18.0,Super Ideal,D,VS1,1.35,IGI,4180.0
2371,Eternity Fine Jewelers,2,Round,1,1,0,21.59,1093.0,809.63,1077.0,-59.0,1929.4344,18.0,18.0,Super Ideal,D,VS1,1.35,IGI,4180.0
2371,Jane Brear,2,Round,1,1,0,21.35,1150.0,851.85,1133.0,-58.0,1980.7231,18.0,18.0,Super Ideal,D,VS1,1.35,IGI,4180.0
2371,Marlowe & Co,2,Round,1,1,0,21.59,1146.24,849.07,1129.0,-57.0,1901.6266,18.0,18.0,Super Ideal,D,VS1,1.35,IGI,4180.0
2371,Meridian Crafts,2,Round,1,1,0,11.28,1094.0,810.37,1078.0,-59.0,1933.0262,18.0,18.0,Super Ideal,D,VS1,1.35,IGI,4180.0
2371,Michelle Kennedy,2,Round,1,1,0,21.93,1150.0,851.85,1133.0,-57.0,1923.8723,18.0,18.0,Super Ideal,D,VS1,1.35,IGI,4180.0
2371,Promenade Jewelry,2,Round,1,1,0,22.44,1073.25,795.0,1057.0,-60.0,1930.4904,18.0,18.0,Super Ideal,D,VS1,1.35,IGI,4180.0
2371,Riviera Jewels,2,Round,1,1,0,14.74,1085.0,803.7,1069.0,-59.0,1903.3452,18.0,18.0,Super Ideal,D,VS1,1.35,IGI,4180.0
2371,Roma Diamonds,2,Round,1,1,0,50.73,1075.0,796.3,1059.0,-59.0,1866.5455,18.0,18.0,Super Ideal,D,VS1,1.35,IGI,4180.0
2371,Sigma Diamonds,2,Round,1,1,0,19.95,1071.62,793.79,1056.0,-60.0,1908.1537,18.0,18.0,Super Ideal,D,VS1,1.35,IGI,4180.0
2371,Silva Diamonds,2,Round,1,1,0,14.24,1078.0,798.52,1062.0,-59.0,1904.0988,18.0,18.0,Super Ideal,D,VS1,1.35,IGI,4180.0
2371,Simetría,2,Round,1,1,0,12.31,1095.5,811.48,1079.0,-59.0,1916.9791,18.0,18.0,Super Ideal,D,VS1,1.35,IGI,4180.0
2371,Starlight Crafts,2,Round,1,1,0,10.24,1072.0,794.07,1056.0,-60.0,1905.5679,18.0,18.0,Super Ideal,D,VS1,1.35,IGI,4180.0
2371,Taiga Gems,2,Round,1,1,0,14.63,1099.0,814.07,1083.0,-58.0,1853.785,18.0,18.0,Super Ideal,D,VS1,1.35,IGI,4180.0
2371,Tamara,2,Round,1,1,0,12.15,1105.0,818.52,1088.0,-58.0,1889.8671,18.0,18.0,Super Ideal,D,VS1,1.35,IGI,4180.0
2371,Temperley,2,Round,1,1,0,14.44,1129.0,836.3,1112.0,-58.0,1923.6343,18.0,18.0,Super Ideal,D,VS1,1.35,IGI,4180.0
2371,Tilia Diamonds,2,Round,1,1,0,20.85,1091.0,808.15,1075.0,-59.0,1899.3792,18.0,18.0,Super Ideal,D,VS1,1.35,IGI,4180.0
2371,Vega Diamonds,2,Round,1,1,0,14.0,1052.0,779.26,1036.0,-61.0,1930.5126,18.0,18.0,Super Ideal,D,VS1,1.35,IGI,4180.0
2371,White Lily,2,Round,1,1,0,22.88,1080.0,800.0,1064.0,-60.0,1924.6494,18.0,18.0,Super Ideal,D,VS1,1.35,IGI,4180.0
2371,Zimmerman Diamonds,2,Round,1,1,0,20.46,1093.5,810.0,1077.0,-59.0,1915.9474,18.0,18.0,Super Ideal,D,VS1,1.35,IGI,4180.0
2372,Equinox Jewels,2,Round,1,1,0,10.1,676.0,656.31,666.0,-64.0,1357.0325,18.0,18.0,Super Ideal,D,SI1,1.03,IGI,2116.0
2372,Jane Brear,2,Round,1,1,0,11.2,700.0,679.61,690.0,-63.0,1339.443,18.0,18.0,Super Ideal,D,SI1,1.03,IGI,2116.0
2372,Marlowe & Co,2,Round,1,1,0,17.28,686.0,666.02,676.0,-63.0,1325.8163,18.0,18.0,Super Ideal,D,SI1,1.03,IGI,2116.0
2372,Michelle Kennedy,2,Round,1,1,0,15.59,726.0,704.85,715.0,-62.0,1356.2369,18.0,18.0,Super Ideal,D,SI1,1.03,IGI,2116.0
2372,Roma Diamonds,2,Round,1,1,0,12.68,684.0,664.08,674.0,-64.0,1349.8375,18.0,18.0,Super Ideal,D,SI1,1.03,IGI,2116.0
2372,Taiga Gems,2,Round,1,1,0,13.9,695.0,674.76,685.0,-63.0,1330.5782,18.0,18.0,Super Ideal,D,SI1,1.03,IGI,2116.0
2372,Temperley,2,Round,1,1,0,14.57,701.48,681.05,691.0,-63.0,1351.8569,18.0,18.0,Super Ideal,D,SI1,1.03,IGI,2116.0
2372,Thalassa Gems,2,Round,1,1,0,14.27,689.0,668.93,679.0,-62.0,1303.6289,18.0,18.0,Super Ideal,D,SI1,1.03,IGI,2116.0
2372,Tilia Diamonds,2,Round,1,1,0,16.8,700.0,679.61,690.0,-62.0,1326.7797,18.0,18.0,Super Ideal,D,SI1,1.03,IGI,2116.0
2372,White Lily,2,Round,1,1,0,14.71,721.0,700.0,710.0,-61.0,1330.5947,18.0,18.0,Super Ideal,D,SI1,1.03,IGI,2116.0
2375,Albert's Creations,2,Heart,1,1,0,12.65,1777.0,1176.82,1750.0,-64.0,2986.7119,15.0,15.0,Super Ideal,D,VS1,1.51,IGI,5100.0
2375,Bayside Gems,2,Heart,1,1,0,15.35,1778.0,1177.48,1751.0,-64.0,2964.3877,15.0,15.0,Super Ideal,D,VS1,1.51,IGI,5100.0
2375,CV Diamonds,2,Heart,1,1,0,17.68,1784.04,1181.48,1757.0,-64.0,3024.323,15.0,15.0,Super Ideal,D,VS1,1.51,IGI,5100.0
2375,Cornerstone,2,Heart,1,1,0,20.33,1820.27,1205.48,1793.0,-64.0,3024.323,15.0,15.0,Super Ideal,D,VS1,1.51,IGI,5100.0
2375,Ember Star,2,Heart,1,1,0,13.44,1797.0,1190.07,1770.0,-64.0,2999.4824,15.0,15.0,Super Ideal,D,VS1,1.51,IGI,5100.0
2375,Equinox Jewels,2,Heart,1,1,0,14.92,1769.0,1171.52,1742.0,-64.0,2936.4348,15.0,15.0,Super Ideal,D,VS1,1.51,IGI,5100.0
2375,Genesis Stones,2,Heart,1,1,0,17.19,1916.0,1268.87,1887.0,-61.0,2978.1333,15.0,15.0,Super Ideal,D,VS1,1.51,IGI,5100.0
2375,Grace Brooks,2,Heart,1,1,0,18.32,1770.0,1172.19,1743.0,-64.0,2986.7119,15.0,15.0,Super Ideal,D,VS1,1.51,IGI,5100.0
2375,Hill & Holland,2,Heart,1,1,0,18.54,1814.0,1201.32,1787.0,-64.0,3054.9568,15.0,15.0,Super Ideal,D,VS1,1.51,IGI,5100.0
2375,Hoseki,2,Heart,1,1,0,14.75,1800.95,1192.68,1774.0,-64.0,2996.4685,15.0,15.0,Super Ideal,D,VS1,1.51,IGI,5100.0
2375,Infinity Diamonds,2,Heart,1,1,0,21.51,1764.0,1168.21,1738.0,-64.0,2939.3186,15.0,15.0,Super Ideal,D,VS1,1.51,IGI,5100.0
2375,Jane Brear,2,Heart,1,1,0,16.12,1783.0,1180.79,1756.0,-65.0,3055.8242,15.0,15.0,Super Ideal,D,VS1,1.51,IGI,5100.0
2375,Joan Cooper,2,Heart,1,1,0,15.44,1777.07,1176.87,1750.0,-64.0,2962.3225,15.0,15.0,Super Ideal,D,VS1,1.51,IGI,5100.0
2375,Marlene Crafts,2,Heart,1,1,0,17.09,1759.0,1164.9,1733.0,-65.0,3080.0701,15.0,15.0,Super Ideal,D,VS1,1.51,IGI,5100.0
2375,Marlowe & Co,2,Heart,1,1,0,14.61,1794.0,1188.08,1767.0,-65.0,3056.8223,15.0,15.0,Super Ideal,D,VS1,1.51,IGI,5100.0
2375,Michelle Kennedy,2,Heart,1,1,0,14.26,1784.04,1181.48,1757.0,-64.0,2990.7844,15.0,15.0,Super Ideal,D,VS1,1.51,IGI,5100.0
2375,Periwinkle Stones,2,Heart,1,1,0,17.4,1849.7,1224.97,1822.0,-63.0,2990.8472,15.0,15.0,Super Ideal,D,VS1,1.51,IGI,5100.0
2375,Starlight Crafts,2,Heart,1,1,0,11.21,1755.0,1162.25,1729.0,-65.0,2998.7246,15.0,15.0,Super Ideal,D,VS1,1.51,IGI,5100.0
2375,Taiga Gems,2,Heart,1,1,0,14.66,1736.0,1149.67,1710.0,-64.0,2913.3855,15.0,15.0,Super Ideal,D,VS1,1.51,IGI,5100.0
2375,Tamara,2,Heart,1,1,0,10.52,1799.0,1191.39,1772.0,-63.0,2917.238,15.0,15.0,Super Ideal,D,VS1,1.51,IGI,5100.0
2375,Temperley,2,Heart,1,1,0,14.53,1789.0,1184.77,1762.0,-64.0,2993.4163,15.0,15.0,Super Ideal,D,VS1,1.51,IGI,5100.0
2375,Vega Diamonds,2,Heart,1,1,0,17.2,1730.51,1146.03,1705.0,-65.0,2957.8752,15.0,15.0,Super Ideal,D,VS1,1.51,IGI,5100.0
2375,Vespera Gems,2,Heart,1,1,0,18.82,1780.7,1179.27,1754.0,-63.0,2917.238,15.0,15.0,Super Ideal,D,VS1,1.51,IGI,5100.0
2375,White Lily,2,Heart,1,1,0,18.74,1780.0,1178.81,1753.0,-64.0,2990.8472,15.0,15.0,Super Ideal,D,VS1,1.51,IGI,5100.0
2389,Roma Diamonds,2,Round,1,1,1,39.72,912.0,844.44,898.0,-46.0,1200.5665,18.0,18.0,Ideal,I,VVS2,1.08,IGI,1810.0
2393,Michelle Kennedy,2,Emerald,1,1,0,11.78,1316.0,865.79,1296.0,-59.0,2051.6692,15.0,15.0,Super Ideal,G,SI1,1.52,IGI,3190.0
2393,White Lily,2,Emerald,1,1,0,17.59,1293.0,850.66,1274.0,-60.0,2061.1167,15.0,15.0,Super Ideal,G,SI1,1.52,IGI,3190.0
2394,Cirrus Gems,2,Round,2,2,0,16.56,900.48,756.71,887.0,-55.0,1420.4818,15.0,18.0,Very Good,E,VVS2,1.19,IGI,3390.0
2397,Cirrus Gems,2,Oval,1,1,0,13.7,715.0,668.22,704.0,-65.0,1386.266,15.0,15.0,Super Ideal,F,VS1,1.07,IGI,2310.0
2397,Diamonds by Zoya,2,Oval,1,1,0,11.43,713.0,666.36,702.0,-66.0,1423.5403,15.0,15.0,Super Ideal,F,VS1,1.07,IGI,2310.0
2397,Eternity Fine Jewelers,2,Oval,1,1,0,11.41,729.0,681.31,718.0,-65.0,1408.4994,15.0,15.0,Super Ideal,F,VS1,1.07,IGI,2310.0
2397,Marlowe & Co,2,Oval,1,1,0,11.73,749.24,700.22,738.0,-65.0,1429.6265,15.0,15.0,Super Ideal,F,VS1,1.07,IGI,2310.0
2397,Michelle Kennedy,2,Oval,1,1,0,16.68,740.0,691.59,729.0,-64.0,1398.3975,15.0,15.0,Super Ideal,F,VS1,1.07,IGI,2310.0
2397,Periwinkle Stones,2,Oval,1,1,0,15.67,730.0,682.24,719.0,-65.0,1416.1257,15.0,15.0,Super Ideal,F,VS1,1.07,IGI,2310.0
2397,Rosella,2,Oval,1,1,0,11.05,698.0,652.34,688.0,-67.0,1425.1859,15.0,15.0,Super Ideal,F,VS1,1.07,IGI,2310.0
2397,Serenade Diamonds,2,Oval,1,1,0,13.89,716.0,669.16,705.0,-68.0,1504.413,15.0,15.0,Super Ideal,F,VS1,1.07,IGI,2310.0
2397,Serene Peaks Diamonds,2,Oval,1,1,0,12.92,723.0,675.7,712.0,-66.0,1431.7549,15.0,15.0,Super Ideal,F,VS1,1.07,IGI,2310.0
2397,Taiga Gems,2,Oval,1,1,0,11.35,717.0,670.09,706.0,-66.0,1431.6273,15.0,15.0,Super Ideal,F,VS1,1.07,IGI,2310.0
2397,Temperley,2,Oval,1,1,0,14.01,718.0,671.03,707.0,-67.0,1452.8583,15.0,15.0,Super Ideal,F,VS1,1.07,IGI,2310.0
2397,Vega Diamonds,2,Oval,1,1,0,16.52,700.7,654.86,690.0,-68.0,1453.8014,15.0,15.0,Super Ideal,F,VS1,1.07,IGI,2310.0
2397,Vespera Gems,2,Oval,1,1,0,15.35,713.25,666.59,703.0,-67.0,1437.6151,15.0,15.0,Super Ideal,F,VS1,1.07,IGI,2310.0
2397,Westport Jewelry,2,Oval,1,1,0,14.26,707.0,660.75,696.0,-67.0,1431.7549,15.0,15.0,Super Ideal,F,VS1,1.07,IGI,2310.0
2397,White Lily,2,Oval,1,1,0,13.09,746.25,697.43,735.0,-64.0,1413.4563,15.0,15.0,Super Ideal,F,VS1,1.07,IGI,2310.0
2405,Jane Brear,2,Round,1,1,0,12.79,3314.34,1434.78,3265.0,-9.0,2598.1287,18.0,18.0,Super Ideal,J,VS2,2.31,IGI,4650.0
2413,Cirrus Gems,2,Round,1,1,0,21.72,1935.0,860.0,1906.0,-63.0,3698.9243,18.0,18.0,Super Ideal,H,VS1,2.25,IGI,6760.0
2416,Taiga Gems,2,Round,1,1,0,23.69,857.0,607.8,844.0,-52.0,1290.0092,18.0,18.0,Ideal,I,VS2,1.41,IGI,2450.0
2417,Cirrus Gems,2,Princess,1,1,0,13.44,1614.0,795.07,1590.0,-62.0,2692.8503,14.0,15.0,Very Good,I,VS1,2.03,IGI,4020.0
2425,Jane Brear,2,Round,1,1,0,13.52,317.0,598.11,312.0,-58.0,545.6854,18.0,18.0,Ideal,E,VVS2,0.53,IGI,868.75
2425,La Marquise,2,Round,1,1,0,15.19,320.0,603.77,315.0,-56.0,521.7882,18.0,18.0,Ideal,E,VVS2,0.53,IGI,868.75
2425,Marlowe & Co,2,Round,1,1,0,23.44,304.0,573.58,299.0,-61.0,552.2547,18.0,18.0,Ideal,E,VVS2,0.53,IGI,868.75
2425,Meadow & Co,2,Round,1,1,0,13.63,300.0,566.04,296.0,-61.0,547.5636,18.0,18.0,Ideal,E,VVS2,0.53,IGI,868.75
2425,Michelle Kennedy,2,Round,1,1,0,11.04,317.0,598.11,312.0,-58.0,543.8455,18.0,18.0,Ideal,E,VVS2,0.53,IGI,868.75
2425,Temperley,2,Round,1,1,0,11.74,316.0,596.23,311.0,-59.0,545.4619,18.0,18.0,Ideal,E,VVS2,0.53,IGI,868.75
2425,White Lily,2,Round,1,1,0,13.84,317.0,598.11,312.0,-62.0,596.8015,18.0,18.0,Ideal,E,VVS2,0.53,IGI,868.75
2429,Hoseki,2,Pear,2,2,0,14.55,320.0,640.0,315.0,-54.0,453.547,13.0,15.0,Very Good,G,VS1,0.5,IGI,562.5
2429,White Lily,2,Pear,2,2,0,14.09,353.22,706.44,348.0,-36.0,356.1367,14.0,15.0,Very Good,G,VS1,0.5,IGI,562.5
2439,Jane Brear,2,Round,1,1,0,19.2,1761.0,815.28,1735.0,-57.0,2935.8745,18.0,18.0,Super Ideal,I,VS1,2.16,IGI,5310.0
2439,Oasis Diamonds,2,Round,1,1,0,10.16,1640.76,759.61,1616.0,-60.0,2940.5593,18.0,18.0,Super Ideal,I,VS1,2.16,IGI,5310.0
2446,Cirrus Gems,2,Round,1,1,0,13.89,839.68,656.0,827.0,-63.0,1612.947,18.0,18.0,Super Ideal,G,VS1,1.28,IGI,2960.0
2446,Temperley,2,Round,1,1,0,13.76,868.0,678.12,855.0,-62.0,1621.1993,18.0,18.0,Super Ideal,G,VS1,1.28,IGI,2960.0
2447,Jane Brear,2,Round,1,1,0,19.57,759.0,677.68,748.0,-57.0,1262.3916,18.0,18.0,Super Ideal,F,VS2,1.12,IGI,2264.0
2447,Serenade Diamonds,2,Round,1,1,0,20.46,723.0,645.54,712.0,-60.0,1288.9752,18.0,18.0,Super Ideal,F,VS2,1.12,IGI,2264.0
2447,Temperley,2,Round,1,1,0,14.7,769.0,686.61,757.0,-58.0,1299.8018,18.0,18.0,Super Ideal,F,VS2,1.12,IGI,2264.0
2447,White Lily,2,Round,1,1,0,12.82,1008.0,900.0,993.0,-44.0,1279.1702,18.0,18.0,Super Ideal,F,VS2,1.12,IGI,2264.0
2455,Albert's Creations,2,Oval,1,1,0,16.35,867.0,858.42,854.0,-59.0,1434.6979,15.0,15.0,Very Good,D,VS2,1.01,IGI,2443.33
2455,Avignon Diamonds,2,Oval,1,2,0,15.93,851.0,842.57,838.0,-62.0,1490.6395,14.0,15.0,Very Good,D,VS2,1.01,IGI,2443.33
2455,Infinity Diamonds,2,Oval,1,1,0,19.54,871.53,862.9,858.0,-60.0,1468.3329,14.0,15.0,Very Good,D,VS2,1.01,IGI,2443.33
2455,Jane Brear,2,Oval,1,1,0,15.32,885.55,876.78,872.0,-60.0,1483.5988,14.0,15.0,Very Good,D,VS2,1.01,IGI,2443.33
2455,Knox Diamonds,2,Oval,1,2,0,11.39,865.0,856.44,852.0,-61.0,1501.5494,14.0,15.0,Very Good,D,VS2,1.01,IGI,2443.33
2455,Mei & Co,2,Oval,1,2,0,15.59,867.0,858.42,854.0,-58.0,1397.3174,15.0,15.0,Very Good,D,VS2,1.01,IGI,2443.33
2455,Roma Diamonds,2,Oval,1,1,0,47.96,864.0,855.45,851.0,-60.0,1439.6713,15.0,15.0,Very Good,D,VS2,1.01,IGI,2443.33
2455,Rosella,2,Oval,1,1,0,11.41,841.0,832.67,828.0,-61.0,1470.2358,15.0,15.0,Very Good,D,VS2,1.01,IGI,2443.33
2455,Taiga Gems,2,Oval,1,1,0,14.31,865.0,856.44,852.0,-60.0,1470.6353,13.0,15.0,Very Good,D,VS2,1.01,IGI,2443.33
2455,Temperley,2,Oval,2,3,0,16.92,889.53,880.72,876.0,-59.0,1477.019,14.0,15.0,Very Good,D,VS2,1.01,IGI,2443.33
2455,Thalassa Gems,2,Oval,1,2,0,14.23,867.0,858.42,854.0,-60.0,1467.4969,15.0,15.0,Very Good,D,VS2,1.01,IGI,2443.33
2455,Vega Diamonds,2,Oval,1,1,0,21.45,841.0,832.67,828.0,-60.0,1408.4739,15.0,15.0,Very Good,D,VS2,1.01,IGI,2443.33
2456,White Lily,2,Pear,1,1,0,15.74,5329.0,1605.12,5249.0,-61.0,8923.3428,15.0,15.0,Super Ideal,F,VS1,3.32,IGI,16880.0
2460,Roma Diamonds,2,Asscher,1,1,0,10.37,3389.0,1645.15,3338.0,-59.0,5192.2017,15.0,15.0,Very Good,F,VVS1,2.06,IGI,8190.0
2461,Jane Brear,2,Round,2,1,0,15.67,670.63,620.95,661.0,-61.0,1220.2692,18.0,18.0,Super Ideal,G,VS2,1.08,IGI,2035.0
2461,Michelle Kennedy,2,Round,1,1,0,13.49,727.34,673.46,716.0,-56.0,1196.8868,18.0,18.0,Super Ideal,G,VS2,1.08,IGI,2035.0
2461,Temperley,2,Round,1,1,0,17.9,692.0,640.74,682.0,-60.0,1238.1135,18.0,18.0,Super Ideal,G,VS2,1.08,IGI,2035.0
2462,Jane Brear,2,Oval,1,1,0,11.5,306.92,697.55,302.0,-32.0,305.0824,15.0,15.0,Super Ideal,D,VS2,0.44,IGI,460.0
2462,Michelle Kennedy,2,Oval,2,2,0,13.14,306.92,697.55,302.0,-40.0,346.5999,15.0,15.0,Super Ideal,D,VS2,0.44,IGI,460.0
2462,White Lily,2,Oval,1,1,0,17.67,306.92,697.55,302.0,-40.0,343.4337,15.0,15.0,Super Ideal,D,VS2,0.44,IGI,460.0
2465,Adalyn Jewelry,2,Pear,1,1,0,17.98,370.0,528.57,364.0,-54.0,521.4223,15.0,15.0,Super Ideal,E,VS1,0.7,IGI,1175.0
2465,Diamonds by Zoya,2,Pear,1,2,0,14.59,347.0,495.71,342.0,-60.0,559.5984,15.0,15.0,Super Ideal,E,VS1,0.7,IGI,1175.0
2465,Eternal Flame,2,Pear,1,2,0,17.13,354.22,506.03,349.0,-57.0,528.6309,15.0,15.0,Super Ideal,E,VS1,0.7,IGI,1175.0
2465,Hoseki,2,Pear,1,2,0,12.14,359.0,512.86,354.0,-56.0,533.3021,15.0,15.0,Super Ideal,E,VS1,0.7,IGI,1175.0
2465,Lotus Creation,2,Pear,1,1,0,21.04,351.0,501.43,346.0,-54.0,493.2523,15.0,15.0,Super Ideal,E,VS1,0.7,IGI,1175.0
2465,Marlowe & Co,2,Pear,1,2,0,17.73,366.0,522.86,361.0,-55.0,533.3587,15.0,15.0,Super Ideal,E,VS1,0.7,IGI,1175.0
2465,Nebula Stones,2,Pear,1,1,0,17.37,353.22,504.6,348.0,-59.0,562.1406,15.0,15.0,Super Ideal,E,VS1,0.7,IGI,1175.0
2465,Temperley,2,Pear,1,1,0,10.84,364.0,520.0,359.0,-53.0,503.6449,15.0,15.0,Super Ideal,E,VS1,0.7,IGI,1175.0
2465,White Lily,2,Pear,2,2,0,16.75,366.16,523.09,361.0,-48.0,457.0319,15.0,15.0,Super Ideal,E,VS1,0.7,IGI,1175.0
2466,The Diamond Source,2,Radiant,1,1,0,14.37,669.64,735.87,660.0,-59.0,1067.9554,14.0,15.0,Very Good,E,VS2,0.91,IGI,1530.0
2467,Cirrus Gems,2,Pear,2,2,0,18.28,383.0,524.66,377.0,-55.0,550.342,15.0,15.0,Super Ideal,G,VVS2,0.73,IGI,1130.0
2467,Marble Arch,2,Pear,1,1,0,14.86,407.0,557.53,401.0,-50.0,524.5536,15.0,15.0,Super Ideal,G,VVS2,0.73,IGI,1130.0
2467,Marlowe & Co,2,Pear,1,1,0,14.66,405.0,554.79,399.0,-47.0,497.6074,15.0,15.0,Super Ideal,G,VVS2,0.73,IGI,1130.0
2467,Temperley,2,Pear,2,2,0,15.75,384.0,526.03,378.0,-54.0,537.8826,15.0,15.0,Super Ideal,G,VVS2,0.73,IGI,1130.0
2468,Jane Brear,2,Round,1,1,0,22.69,335.0,465.28,330.0,-47.0,455.6415,18.0,18.0,Ideal,E,SI1,0.72,IGI,1050.0
2468,Michelle Kennedy,2,Round,1,1,0,21.86,357.0,495.83,352.0,-46.0,470.4325,18.0,18.0,Ideal,E,SI1,0.72,IGI,1050.0
2468,Temperley,2,Round,1,1,0,20.92,357.0,495.83,352.0,-45.0,464.8109,18.0,18.0,Ideal,E,SI1,0.72,IGI,1050.0
2468,White Lily,2,Round,1,1,0,24.28,357.0,495.83,352.0,-47.0,477.8575,18.0,18.0,Ideal,E,SI1,0.72,IGI,1050.0
2474,Jane Brear,2,Princess,1,1,0,6.63,2284.0,1052.53,2250.0,-37.0,2293.625,15.0,15.0,Super Ideal,J,VS2,2.17,IGI,3930.0
2475,Temperley,2,Cushion,1,1,0,22.31,701.66,681.22,691.0,-72.0,1556.3092,15.0,15.0,Super Ideal,G,SI1,1.03,IGI,1650.0
2480,Michelle Kennedy,2,Round,1,2,0,18.61,457.0,672.06,450.0,-23.0,422.5845,16.0,18.0,Very Good,E,SI1,0.68,IGI,800.0
2483,CV Diamonds,2,Round,1,1,0,53.28,749.0,680.91,738.0,-58.0,1285.0817,18.0,18.0,Super Ideal,E,VS2,1.1,IGI,2272.5
2483,Cirrus Gems,2,Round,1,1,0,19.43,739.3,672.09,728.0,-60.0,1333.8475,18.0,18.0,Super Ideal,E,VS2,1.1,IGI,2272.5
2483,Clermont Diamonds,2,Round,1,1,0,11.26,734.0,667.27,723.0,-59.0,1266.3909,18.0,18.0,Super Ideal,E,VS2,1.1,IGI,2272.5
2483,Hoseki,2,Round,1,1,0,15.3,753.22,684.75,742.0,-59.0,1300.5085,18.0,18.0,Super Ideal,E,VS2,1.1,IGI,2272.5
2483,Jane Brear,2,Round,1,1,0,15.71,754.0,685.45,743.0,-60.0,1340.6658,18.0,18.0,Super Ideal,E,VS2,1.1,IGI,2272.5
2483,Lotus Creation,2,Round,1,1,0,18.61,735.0,668.18,724.0,-59.0,1284.7368,18.0,18.0,Super Ideal,E,VS2,1.1,IGI,2272.5
2483,Michelle Kennedy,2,Round,1,1,0,13.48,756.0,687.27,745.0,-58.0,1274.4816,18.0,18.0,Super Ideal,E,VS2,1.1,IGI,2272.5
2483,Montmartre Gems,2,Round,1,1,0,11.06,734.0,667.27,723.0,-59.0,1267.8706,18.0,18.0,Super Ideal,E,VS2,1.1,IGI,2272.5
2483,Nebula Stones,2,Round,1,1,0,17.36,745.26,677.51,734.0,-60.0,1317.8567,18.0,18.0,Super Ideal,E,VS2,1.1,IGI,2272.5
2483,Roma Diamonds,2,Round,1,1,0,54.63,739.0,671.82,728.0,-59.0,1291.9399,18.0,18.0,Super Ideal,E,VS2,1.1,IGI,2272.5
2483,Silva Diamonds,2,Round,1,1,0,13.84,734.0,667.27,723.0,-59.0,1284.1421,18.0,18.0,Super Ideal,E,VS2,1.1,IGI,2272.5
2483,Starlight Crafts,2,Round,1,1,0,11.65,740.0,672.73,729.0,-59.0,1282.1733,18.0,18.0,Super Ideal,E,VS2,1.1,IGI,2272.5
2483,Taiga Gems,2,Round,1,1,0,17.61,740.27,672.97,729.0,-59.0,1300.9454,18.0,18.0,Super Ideal,E,VS2,1.1,IGI,2272.5
2483,Tamara,2,Round,1,1,0,16.82,752.22,683.84,741.0,-58.0,1297.5111,18.0,18.0,Super Ideal,E,VS2,1.1,IGI,2272.5
2483,Temperley,2,Round,1,1,0,17.79,744.0,676.36,733.0,-60.0,1317.1844,18.0,18.0,Super Ideal,E,VS2,1.1,IGI,2272.5
2483,Thalassa Gems,2,Round,1,1,0,14.25,737.0,670.0,726.0,-59.0,1291.3384,18.0,18.0,Super Ideal,E,VS2,1.1,IGI,2272.5
2483,Vega Diamonds,2,Round,1,1,0,11.59,720.0,654.55,709.0,-61.0,1327.2335,18.0,18.0,Super Ideal,E,VS2,1.1,IGI,2272.5
2483,White Lily,2,Round,1,1,0,11.95,758.0,689.09,747.0,-58.0,1294.4669,18.0,18.0,Super Ideal,E,VS2,1.1,IGI,2272.5
2484,Diamonds by Zoya,2,Pear,2,2,0,19.87,332.01,592.88,327.0,-39.0,354.894,15.0,15.0,Very Good,F,VS1,0.56,IGI,670.0
2487,White Lily,2,Round,1,2,0,12.73,2900.42,966.81,2857.0,-62.0,5421.168,18.0,18.0,Ideal,J,VS1,3.0,IGI,8135.0
2491,Albert's Creations,2,Oval,1,1,0,13.25,2605.0,1289.6,2566.0,-62.0,4608.543,15.0,15.0,Super Ideal,E,VS1,2.02,IGI,8070.0
2491,CV Diamonds,2,Oval,1,1,0,92.89,2607.0,1290.59,2568.0,-63.0,4695.6548,15.0,15.0,Super Ideal,E,VS1,2.02,IGI,8070.0
2491,Fuji Diamonds,2,Oval,1,1,0,16.29,2587.0,1280.69,2548.0,-61.0,4503.397,15.0,15.0,Super Ideal,E,VS1,2.02,IGI,8070.0
2491,Infinity Diamonds,2,Oval,1,1,0,19.7,2593.0,1283.66,2554.0,-61.0,4499.1084,15.0,15.0,Super Ideal,E,VS1,2.02,IGI,8070.0
2491,Jane Brear,2,Oval,1,1,0,14.0,2584.0,1279.21,2545.0,-62.0,4588.2432,15.0,15.0,Super Ideal,E,VS1,2.02,IGI,8070.0
2491,Kaylin Crafts,2,Oval,1,1,0,13.41,2567.0,1270.79,2528.0,-63.0,4729.9072,15.0,15.0,Super Ideal,E,VS1,2.02,IGI,8070.0
2491,Michelle Kennedy,2,Oval,1,1,0,15.73,2584.0,1279.21,2545.0,-62.0,4563.8047,15.0,15.0,Super Ideal,E,VS1,2.02,IGI,8070.0
2491,Orlov's,2,Oval,1,1,0,12.53,2603.0,1288.61,2564.0,-61.0,4466.4512,15.0,15.0,Super Ideal,E,VS1,2.02,IGI,8070.0
2491,Serenade Diamonds,2,Oval,1,1,0,12.08,2522.0,1248.51,2484.0,-63.0,4646.2231,15.0,15.0,Super Ideal,E,VS1,2.02,IGI,8070.0
2491,Taiga Gems,2,Oval,1,1,0,13.33,2603.0,1288.61,2564.0,-63.0,4718.4087,15.0,15.0,Super Ideal,E,VS1,2.02,IGI,8070.0
2491,Temperley,2,Oval,1,1,0,13.34,2607.0,1290.59,2568.0,-61.0,4467.4263,15.0,15.0,Super Ideal,E,VS1,2.02,IGI,8070.0
2491,Vega Diamonds,2,Oval,1,1,0,10.42,2527.0,1250.99,2489.0,-63.0,4612.0737,15.0,15.0,Super Ideal,E,VS1,2.02,IGI,8070.0
2491,Verve Jewels,2,Oval,1,1,0,17.02,2550.0,1262.38,2512.0,-62.0,4568.0835,15.0,15.0,Super Ideal,E,VS1,2.02,IGI,8070.0
2491,Vespera Gems,2,Oval,1,1,0,10.65,2547.0,1260.89,2509.0,-62.0,4564.3027,15.0,15.0,Super Ideal,E,VS1,2.02,IGI,8070.0
2491,White Lily,2,Oval,2,2,0,12.0,2607.0,1290.59,2568.0,-62.0,4634.8105,15.0,15.0,Super Ideal,E,VS1,2.02,IGI,8070.0
2495,Avignon Diamonds,2,Cushion,1,1,0,11.06,929.0,910.78,915.0,-67.0,1776.2463,15.0,15.0,Very Good,E,VVS2,1.02,IGI,2590.0
2495,Diamonds by Zoya,2,Cushion,1,1,0,12.05,932.32,914.04,918.0,-61.0,1509.6952,15.0,15.0,Very Good,E,VVS2,1.02,IGI,2590.0
2495,Hazel Diamonds,2,Cushion,1,1,0,13.53,921.72,903.65,908.0,-67.0,1785.6558,15.0,15.0,Very Good,E,VVS2,1.02,IGI,2590.0
2495,Jane Brear,2,Cushion,1,1,0,11.42,948.24,929.65,934.0,-59.0,1457.3033,14.0,15.0,Very Good,E,VVS2,1.02,IGI,2590.0
2495,Michelle Kennedy,2,Cushion,1,1,0,14.89,971.0,951.96,956.0,-66.0,1782.7721,15.0,15.0,Very Good,E,VVS2,1.02,IGI,2590.0
2495,Periwinkle Stones,2,Cushion,1,1,0,14.2,962.16,943.29,948.0,-66.0,1782.7721,15.0,15.0,Very Good,E,VVS2,1.02,IGI,2590.0
2495,Rosella,2,Cushion,1,1,0,13.2,903.38,885.67,890.0,-64.0,1589.7886,15.0,15.0,Very Good,E,VVS2,1.02,IGI,2590.0
2495,Temperley,2,Cushion,1,1,0,11.87,977.0,957.84,962.0,-66.0,1836.806,14.0,15.0,Very Good,E,VVS2,1.02,IGI,2590.0
2495,White Lily,2,Cushion,1,1,0,13.02,955.2,936.47,941.0,-65.0,1738.5492,15.0,15.0,Very Good,E,VVS2,1.02,IGI,2590.0
2498,Jane Brear,2,Pear,1,1,0,10.5,369.0,723.53,363.0,-52.0,502.1145,15.0,15.0,Super Ideal,G,VVS1,0.51,IGI,650.0
